attempt,collected_frames,rew/flipper_penalty,rew/pitch_penalty,rew/contact_penalty,rew/terminal_bonus,rew/total_reward
0,131072,-0.0020552168426917206,-7.146439398515725e-05,-0.001100154816867871,0.003875732421875,0.0006492267123121565
0,262144,-0.0023474296467611566,-0.00017232018092272483,-0.0013250346446511685,0.0035247802734375,-0.0003183579033247952
0,393216,-0.002243592204649758,-0.00011586655244855137,-0.0012295045899008983,-0.0046539306640625,-0.00824191682977471
0,524288,-0.002276903056554147,-0.00010593667246894256,-0.0012388759523673798,0.0009613037109375,-0.0026591431933411513
0,655360,-0.002269190728839021,-0.00010358466667526045,-0.0013144291870048619,-0.0010833740234375,-0.004769730885072931
0,786432,-0.0022798643713031197,-0.00012455773548936122,-0.001275154497307085,-4.57763671875e-05,-0.0037244237159939075
0,917504,-0.002278169389683171,-0.000131655015763954,-0.00133925027330406,0.0008697509765625,-0.0028784022078980342
0,1048576,-0.0022498496382468147,-0.00013099770472990713,-0.0013055726140009938,-0.00067138671875,-0.004356735637884412
0,1179648,-0.0023117444161471212,-0.00010762986255485885,-0.0013052994718236732,0.0001068115234375,-0.003616921471348178
0,1310720,-0.0042158342512266245,-7.763475261413078e-05,-0.0013657560593856033,-0.002655029296875,-0.008308577846946719
0,1441792,-0.0032454629454150563,-3.9149256664927634e-05,-0.001203456454732077,-0.00103759765625,-0.005524180777683796
0,1572864,-0.00259076212932996,-6.745044193223748e-05,-0.0011796355706792383,-0.00164794921875,-0.005485373006649752
0,1703936,-0.002271651201226632,-0.00010244992824937071,-0.0012676253409154015,-0.0015411376953125,-0.005182090374091786
0,1835008,-0.002246208165161079,-0.00011352753364235468,-0.001345278175904241,0.00048828125,-0.00321551541583176
0,1966080,-0.0022419667166104773,-0.00012364705361278538,-0.001341695683549915,0.0004730224609375,-0.0032333757781088934
0,2097152,-0.0022379184774763416,-0.00013552515974879498,-0.001327099060290493,3.0517578125e-05,-0.0036691537784463435
0,2228224,-0.0022551841066160705,-0.0001052795612963564,-0.0012221856513860985,-0.0003662109375,-0.003947873969536886
0,2359296,-0.002913329066359438,-2.852453373947128e-05,-0.0010344765414629364,0.000457763671875,-0.0035183870909349935
0,2490368,-0.0026773654117278056,-6.761773241237279e-05,-0.0011579569118111976,0.00067138671875,-0.0032314048444277432
0,2621440,-0.00238379682014056,-0.00011325487912472454,-0.0012158424233348342,0.0001983642578125,-0.0035139937690473744
0,2752512,-0.0022967123513808474,-0.0001147188128243215,-0.001215355781823746,0.0003204345703125,-0.003305570979591721
0,2883584,-0.00225520844469429,-0.00012315162757658982,-0.001250000093023118,-0.0010833740234375,-0.004710407657512405
0,3014656,-0.0022381830622180132,-0.0001124871535012062,-0.0012058013107889565,-0.00030517578125,-0.0038610471856372897
0,3145728,-0.002294301706569968,-0.00011924135549179482,-0.0011910535276911105,0.000396728515625,-0.0032070933430077275
0,3276800,-0.002313865899850498,-0.0001005657517794134,-0.001219432073412463,-0.0003662109375,-0.003999433870376379
0,3407872,-0.004042604714413756,-9.372460922918435e-05,-0.0012278393833184964,-0.002899169921875,-0.00825786431096276
0,3538944,-0.0032158883750526,-3.5960332581908006e-05,-0.0012174596276963712,-0.0010528564453125,-0.005520925051769154
0,3670016,-0.0026067445760418195,-6.98945489716607e-05,-0.0011272936308159842,-0.001312255859375,-0.005115764548008883
0,3801088,-0.002281627104821382,-0.00011494018048097132,-0.001221153768710792,-0.00054931640625,-0.004166160427303112
0,3932160,-0.002257549027490313,-0.00010607571442733388,-0.0012651951310544973,0.000579833984375,-0.0030481827730000077
0,4063232,-0.0022843360420665704,-0.00010389374881469848,-0.0012251914622538607,-0.00079345703125,-0.004406244936944859
0,4194304,-0.002293357933012885,-0.00012364969541067694,-0.0012394018167469767,-1.52587890625e-05,-0.0036707466520056187
0,4325376,-0.0022824801453680266,-0.00011877768872636807,-0.001231493552950269,-0.0005340576171875,-0.004165921357071056
0,4456448,-0.0031714096267023706,-4.3624533176966906e-05,-0.0010609270066197496,-4.57763671875e-05,-0.0043216648705310945
0,4587520,-0.0028429054200387327,-4.485102262208329e-05,-0.0010694848378989263,-0.000152587890625,-0.004109560895813047
0,4718592,-0.0024303967356900102,-7.435992043269835e-05,-0.001100666469483258,-0.0030517578125,-0.0066567693938850425
0,4849664,-0.002275483626362984,-9.283166167506351e-05,-0.0011589156711124815,-1.52587890625e-05,-0.003541647941347037
0,4980736,-0.0022488555350719253,-0.00011522615875492193,-0.0011944279185627238,-0.0016632080078125,-0.005220790601015324
0,5111808,-0.0023403022496495396,-0.00010211095735712661,-0.00112454306872678,3.0517578125e-05,-0.0035358090108275064
0,5242880,-0.0024112429782690015,-0.00010393427027111102,-0.0010897800402744906,0.0003814697265625,-0.0032229928810920683
1,5373952,-0.0022140823642473606,-5.4936295115506906e-05,-0.0010275284921590355,0.0037078857421875,0.0004114783762361185
1,5505024,-0.003392880822502775,-2.767084538390918e-05,-0.0009469458445892087,-0.000274658203125,-0.004641863833512616
1,5636096,-0.0029432907340378733,-3.145956466710231e-05,-0.0009245067403753637,-0.0005340576171875,-0.004432933887528634
1,5767168,-0.0025055871137737995,-4.8946763541835026e-05,-0.0009802520839912177,-0.0031890869140625,-0.00672348438138215
1,5898240,-0.002371140039031161,-8.86096200360953e-05,-0.001157749924914242,-7.62939453125e-05,-0.0036933586939085217
1,6029312,-0.002387946389717399,-9.076302163180117e-05,-0.0012040674773743376,-0.0017242431640625,-0.005406221826888213
1,6160384,-0.0023896848015283467,-6.0092624863727906e-05,-0.0010868265635508578,0.0001678466796875,-0.003368569909980579
1,6291456,-0.002446901187795447,-7.169774593762668e-05,-0.0011032128350052517,-0.0002593994140625,-0.0038805776543995307
1,6422528,-0.002406428300673724,-8.775114963555097e-05,-0.001085650049844844,-0.000274658203125,-0.0038538900362254935
1,6553600,-0.004017191155071487,-3.8014625886262365e-05,-0.001442615570340422,-0.0024871826171875,-0.007981396253398998
1,6684672,-0.0033349591794831213,-3.19498822989317e-05,-0.001233252155543596,-0.0006103515625,-0.005209972313878097
1,6815744,-0.002769148166407831,-6.920197296267361e-05,-0.0011464074868854368,-0.00323486328125,-0.007219174304736953
1,6946816,-0.002486899269570131,-0.0001002220476493676,-0.0011065066219089204,-0.0008087158203125,-0.004501526331296191
1,7077888,-0.002595732257759664,-8.348534794322404e-05,-0.0010328948706046504,-0.0005950927734375,-0.0043068341942671395
1,7208960,-0.002625114275360829,-7.375375929541406e-05,-0.001019906460896891,-0.0011749267578125,-0.004893390444976831
1,7340032,-0.002608982740639476,-5.9233914683431976e-05,-0.0010285970524819277,-0.0002899169921875,-0.003986308217463375
1,7471104,-0.0026039338881673757,-6.755437559036181e-05,-0.001033178049056005,-0.001190185546875,-0.0048944238433250575
1,7602176,-0.003547396956491866,-1.6808434651238713e-05,-0.0009104537607527163,-0.000946044921875,-0.005420704116659181
1,7733248,-0.003031090787771973,-2.6810975882085586e-05,-0.0010141515836039616,0.0,-0.0040719919379625935
1,7864320,-0.002655774709637626,-7.012008194351438e-05,-0.0010411016678517626,-0.0030059814453125,-0.00677258959512983
1,7995392,-0.0025622156445024302,-9.688789612027904e-05,-0.0010471499099367065,-0.0009918212890625,-0.00469748211935439
1,8126464,-0.0025117163404502207,-9.553433548603607e-05,-0.0010175088550568034,-0.001678466796875,-0.0053026373898319434
1,8257536,-0.0025769771600607783,-7.761025656805032e-05,-0.0010681429266696796,-0.0008544921875,-0.00457659349331152
1,8388608,-0.0026469615077076014,-7.925330214675341e-05,-0.001022521200866322,0.000213623046875,-0.00353457040637295
1,8519680,-0.0024658504116814584,-8.249321322750802e-05,-0.0010492284313841083,-0.00189208984375,-0.005489414049861807
1,8650752,-0.0013469665482261917,-3.006290646112575e-05,-0.0009382467151226592,0.001312255859375,-0.001002964940653328
1,8781824,-0.0021170381469346466,-4.157626791823077e-05,-0.001021081448016048,0.00140380859375,-0.0017756338284016238
1,8912896,-0.002665093263203744,-6.03570219084304e-05,-0.000976934477876057,0.0003204345703125,-0.003381693678420561
1,9043968,-0.0026987535838998156,-6.53348400305731e-05,-0.0009634556904529745,-0.0009002685546875,-0.004627307238479261
1,9175040,-0.0025816515772021376,-7.921074424643848e-05,-0.000981322270945384,-0.000640869140625,-0.004282802377474582
1,9306112,-0.002581417391411378,-8.62860085533157e-05,-0.000989516673143953,-0.00152587890625,-0.005182595786209276
1,9437184,-0.002708319692828809,-0.0001101247888755097,-0.0009871817092061974,-0.0008544921875,-0.004659624091345904
1,9568256,-0.002687273388801259,-0.00010480664633405468,-0.0009661786693868635,-0.0018768310546875,-0.005634687595374999
1,9699328,-0.003972290469391737,-3.4278393286513165e-05,-0.001230731039413513,-0.0014801025390625,-0.006716162732573139
1,9830400,-0.0032556093683524523,-2.2731850222612593e-05,-0.0010841139028343605,-0.0008087158203125,-0.005170652500964934
1,9961472,-0.002844716031177086,-5.845030389650674e-05,-0.0010030039547928027,-0.0040283203125,-0.007934162927995203
1,10092544,-0.002790045573419775,-8.578921020330199e-05,-0.0009924086311912106,-0.001190185546875,-0.005057922488049371
1,10223616,-0.0027509318533702753,-7.736466133678732e-05,-0.0009817128434406186,-0.0016021728515625,-0.005411743199147168
1,10354688,-0.002593148612504592,-8.520451018512176e-05,-0.0010117282040482678,-0.0014495849609375,-0.00513913974418756
1,10485760,-0.0027306872289045714,-6.983846756725143e-05,-0.0009450132697566005,0.000244140625,-0.0035012559533242893
1,10616832,-0.002784650956527912,-7.854796044171053e-05,-0.001046839850005199,-0.001312255859375,-0.0052219653962310986
1,10747904,-0.0032371161632909207,-4.834397414299474e-05,-0.0008504508891746809,-0.00054931640625,-0.004685042526034522
1,10878976,-0.002898318889492657,-4.2822327387170844e-05,-0.0007902853944870003,-0.0001068115234375,-0.0038378986141651694
1,11010048,-0.00266678566003975,-6.230556327579961e-05,-0.0009122436117650068,-0.0026702880859375,-0.006311484351044783
1,11141120,-0.002588363586255582,-0.00018248861670144834,-0.0011664589696920302,-0.00128173828125,-0.005217900037223444
1,11272192,-0.0026184961880062474,-0.0001652573875503549,-0.0012195543149573496,-0.002349853515625,-0.006352180379053607
1,11403264,-0.002632640542287845,-8.480219560169644e-05,-0.001097738067528553,-0.0014495849609375,-0.005264297557005193
1,11534336,-0.0027243444201303646,-7.215598432708248e-05,-0.0009598422980161558,-0.0004119873046875,-0.004168073318851384
1,11665408,-0.002799865711494931,-6.406746717857459e-05,-0.0009411710743734147,-0.00177001953125,-0.005574775121658604
1,11796480,-0.003165665818414709,-1.7856460971188426e-05,-0.0007524434279275738,-0.0007171630859375,-0.004652774256101111
1,11927552,-0.002917672607509303,-2.258311938874158e-05,-0.0007693903316976503,-0.00030517578125,-0.004014623227703851
1,12058624,-0.002738848788794712,-3.257072903295466e-05,-0.000856281596043118,-0.0025787353515625,-0.006206294688581693
1,12189696,-0.0029123767217242857,-3.9430150820862764e-05,-0.0009342573580397584,-0.001434326171875,-0.005320241910339973
1,12320768,-0.0028744533119606785,-3.9080421259996e-05,-0.0009160759445876465,-0.0023193359375,-0.0061488882356570684
1,12451840,-0.0026734786388260545,-3.615786818045308e-05,-0.0009292573081438604,-0.001068115234375,-0.004706869068741071
1,12582912,-0.002750600964645855,-3.934583145337456e-05,-0.0009844930764302262,7.62939453125e-05,-0.0036978618313696643
1,12713984,-0.0028427319612092106,-3.959012050813726e-05,-0.0009797065590646525,-0.0017852783203125,-0.005647097073051555
1,12845056,-0.0032355526309402194,-1.9299693150287567e-05,-0.0006850150407444744,-0.00018310546875,-0.004122915648622438
1,12976128,-0.0030282601564977085,-2.8821354490560225e-05,-0.0008995849343591544,-0.0003509521484375,-0.004307436880480964
1,13107200,-0.0029046710587863345,-3.16964191426905e-05,-0.0009134877836913802,-0.0032806396484375,-0.007130235351723968
1,13238272,-0.002965151557873469,-3.2302797194461164e-05,-0.0009823290079111757,-0.0017852783203125,-0.005764722626281582
1,13369344,-0.00303248519776389,-3.526483175164685e-05,-0.0009549692031214363,-0.002716064453125,-0.0067384768103693204
1,13500416,-0.002858355672287871,-3.267299813103364e-05,-0.000924125405617815,-0.001739501953125,-0.005554599551487627
1,13631488,-0.0027773679630627157,-6.182235695462168e-05,-0.0009752723258316109,-0.0010223388671875,-0.004836628188513714
1,13762560,-0.0029184887589508435,-5.246970430050624e-05,-0.0009517802764094085,-0.0021209716796875,-0.006043504664376087
1,13893632,-0.0034298926748306258,-4.09941177821338e-05,-0.001126725652738969,-0.000946044921875,-0.00554163004971997
1,14024704,-0.003032776554391603,-2.5235835039438825e-05,-0.0008463743924949085,-0.0012664794921875,-0.0051698127081181156
1,14155776,-0.0029402660929918056,-2.3246428227707838e-05,-0.0009068932022273657,-0.0034637451171875,-0.007333881152590038
1,14286848,-0.0030106206322670914,-3.3566574558108186e-05,-0.0008960382338045747,-0.00189208984375,-0.005832132172145066
1,14417920,-0.0030061420511628967,-5.0222361949181504e-05,-0.0009573565607752244,-0.002410888671875,-0.006424209614579013
1,14548992,-0.0030293378640635638,-4.3058958908659406e-05,-0.0010009603770413378,-0.0019073486328125,-0.005980304099011846
1,14680064,-0.0030099848027020926,-5.522791781231717e-05,-0.000915694737159356,-0.0012359619140625,-0.005216807869146578
1,14811136,-0.002921196661191061,-3.7983520030593354e-05,-0.000951966404045379,-0.0030364990234375,-0.0069474617439482245
1,14942208,-0.0031490646688325796,-2.2327044426617704e-05,-0.000992883896742569,-0.000823974609375,-0.004987281402009103
1,15073280,-0.0030723947365913773,-2.2333693763698648e-05,-0.0008816769950499292,-0.0002899169921875,-0.004266047361397796
1,15204352,-0.0028332219262665603,-2.653179606681988e-05,-0.0008683788196321984,-0.003448486328125,-0.007176445640652673
1,15335424,-0.0029184449595049955,-4.3207598622529986e-05,-0.0008684566696501861,-0.0016021728515625,-0.005432104389910819
1,15466496,-0.002951615244455752,-3.363815416435045e-05,-0.0008820324414955394,-0.002532958984375,-0.006399923302979005
1,15597568,-0.0029606597399833845,-3.0224833864167522e-05,-0.0008457942731183721,-0.001739501953125,-0.005576005291004549
1,15728640,-0.00316399570874637,-4.141735026053084e-05,-0.000916561228223145,-0.001312255859375,-0.005434042600427347
1,15859712,-0.003286643641331466,-3.535550467859139e-05,-0.0009937896029441617,-0.003173828125,-0.007489353075470717
1,15990784,-0.00346394093685376,-2.3483875949636968e-05,-0.0011399913300920161,-0.0009613037109375,-0.0055877778927424515
1,16121856,-0.0033722571479302133,-2.27330868227682e-05,-0.0010933722578556626,-0.001617431640625,-0.006104568128193932
1,16252928,-0.003203756887160125,-2.055797628486289e-05,-0.0010495246365280764,-0.004058837890625,-0.008332258514201385
1,16384000,-0.0030769124732614728,-2.6357382452601996e-05,-0.0009265098683499673,-0.002288818359375,-0.006318446201930783
1,16515072,-0.0029715002674493007,-4.002789252410821e-05,-0.0008822029321891023,-0.00262451171875,-0.00651800623836607
1,16646144,-0.0030483613973046886,-5.396510167088309e-05,-0.0009207046791743778,-0.0022125244140625,-0.006235098954675777
1,16777216,-0.003143793946946971,-3.062990590763093e-05,-0.0009733970232446154,-0.001068115234375,-0.005215457966187387
1,16908288,-0.0031212856265483424,-2.5272560890243767e-05,-0.0008751300024414377,-0.0027923583984375,-0.006813862540639093
1,17039360,-0.0033396508188161533,-1.535597768054231e-05,-0.0008441843056061771,1.52587890625e-05,-0.004183580166682077
1,17170432,-0.0030574197553505655,-2.2819607792712304e-05,-0.0008379103451261471,-0.00054931640625,-0.004467406552521425
1,17301504,-0.003008913499797927,-2.593797690053634e-05,-0.0009011409033519158,-0.0028533935546875,-0.006789238033434231
1,17432576,-0.0030402132906601764,-3.8241460046606335e-05,-0.000980725974386587,-0.0021209716796875,-0.0061798178871868
1,17563648,-0.003006130647918326,-4.1316773746302715e-05,-0.0008162106469171704,-0.0032501220703125,-0.007113692215625633
1,17694720,-0.0030297048288048245,-3.962465932261239e-05,-0.0008297007666442369,-0.0020751953125,-0.0059740218134720635
1,17825792,-0.0031951189157553017,-3.103014441308005e-05,-0.0008997358031592739,-0.0011138916015625,-0.005239426446223661
1,17956864,-0.0029554680331784766,-2.0359769763445e-05,-0.0008753399802117201,-0.003173828125,-0.007024909473784646
1,18087936,-0.003565435305063147,-2.141515047071607e-05,-0.001307894258388842,-0.0013275146484375,-0.006220939696049754
1,18219008,-0.0031119366558414185,-2.2487356339695452e-05,-0.0009415610006726638,-0.001190185546875,-0.005265454990421858
1,18350080,-0.003048254804525641,-2.9470196452052733e-05,-0.0010067844418699678,-0.004180908203125,-0.00826491312136568
1,18481152,-0.0030840355339023517,-2.3738184282251495e-05,-0.0009602952895875205,-0.001617431640625,-0.005685095162334619
1,18612224,-0.0031172515809885226,-3.5589057517881884e-05,-0.001044189807089424,-0.0029754638671875,-0.007172073232140974
1,18743296,-0.0032868124944798183,-2.980501376725897e-05,-0.0010528974521548662,-0.0021514892578125,-0.006520366772292618
1,18874368,-0.0034239732012792956,-2.6758451582509224e-05,-0.001046422035415162,-0.0019683837890625,-0.006464843167577783
1,19005440,-0.0031041035581438337,-2.741726279964496e-05,-0.0009162833584923646,-0.00347900390625,-0.007526349069848948
1,19136512,-0.0036728796403622255,-3.8133198287937375e-05,-0.0012844252350987517,-0.002532958984375,-0.007524629738327349
1,19267584,-0.0033994642762991134,-2.4824262737865865e-05,-0.0010496948148102092,-0.002532958984375,-0.007005132860285812
1,19398656,-0.0033052838443836663,-2.5154279072125973e-05,-0.0009759742520145664,-0.0038604736328125,-0.008166135529791063
1,19529728,-0.0031994826549635036,-3.0600266128999465e-05,-0.0009697341884020716,-0.0019683837890625,-0.006167534727865132
1,19660800,-0.002996916902702651,-3.133066164195952e-05,-0.0009591985144652426,-0.002288818359375,-0.006275834906773525
1,19791872,-0.0030123502892820397,-6.105605388029289e-05,-0.0009038573512043513,-0.002593994140625,-0.006570253786776448
1,19922944,-0.0030872078132233582,-3.21983176405638e-05,-0.00096470610014876,-0.0013580322265625,-0.005441956951017346
1,20054016,-0.0032581725463387556,-2.5606710849501724e-05,-0.0009549527057970408,-0.0022125244140625,-0.006450487145684747
1,20185088,-0.0038643789775960613,-9.663980904406344e-05,-0.0012444946391951817,-0.0030059814453125,-0.008206867863918887
1,20316160,-0.0035468923742882907,-3.352098110553925e-05,-0.0012904558752779849,-0.0012359619140625,-0.006105204065079306
1,20447232,-0.0034056763051921735,-2.1797258909828088e-05,-0.0011085030805588758,-0.003143310546875,-0.007678699952066381
1,20578304,-0.003155769722070545,-2.1444149453486716e-05,-0.0009516725272078475,-0.002838134765625,-0.006966766804453073
1,20709376,-0.0032492046939296415,-1.898593930604875e-05,-0.0009228478511431604,-0.0022125244140625,-0.0064032191376099945
1,20840448,-0.0028240829651622334,-2.3198935608093052e-05,-0.000841613767988747,-0.0026702880859375,-0.006358959451063129
1,20971520,-0.0030714833410456777,-2.6614403424218835e-05,-0.0009800957100196683,-0.001556396484375,-0.005634183778056467
1,21102592,-0.003168980332702631,-2.0773196482082312e-05,-0.0009815921152949159,-0.0024871826171875,-0.006658397748196876
1,21233664,-0.0035224968414695468,-3.081820376849009e-05,-0.0012862976691394579,-0.001800537109375,-0.006637604366915184
1,21364736,-0.0033580717572476715,-2.2714216299846157e-05,-0.0010063464960694546,-0.00262451171875,-0.007009544237462251
1,21495808,-0.003158783294566092,-2.1773446874817637e-05,-0.0009663285686656309,-0.0045166015625,-0.008662855901548028
1,21626880,-0.0032348091699532233,-2.249416213828681e-05,-0.000935285688683507,-0.0018157958984375,-0.0060080622747591406
1,21757952,-0.003147972644001129,-1.946094072025062e-05,-0.0008432071776951489,-0.0028839111328125,-0.006894340419876244
1,21889024,-0.003288186753707123,-2.6506738009857145e-05,-0.0009791303514248284,-0.0024871826171875,-0.0067806142587869545
1,22020096,-0.003289647103883908,-2.015306324665289e-05,-0.0009732321559567936,-0.0018157958984375,-0.006098373442000593
1,22151168,-0.0031500152817898197,-2.213620778945824e-05,-0.0009285194309995859,-0.0031280517578125,-0.007228629773180728
1,22282240,-0.0027040313216275536,-1.947178811434469e-05,-0.0010792123121063923,-0.000244140625,-0.004045768785545079
1,22413312,-0.0031443459920410533,-2.2598800200057667e-05,-0.0009652285025367746,-0.002044677734375,-0.006175287314363231
1,22544384,-0.003338854279718362,-2.134094786043761e-05,-0.0009699272350189858,-0.00396728515625,-0.008297040905745234
1,22675456,-0.002954452220365056,-2.3192879368139074e-05,-0.000915633899239765,-0.0021820068359375,-0.006074997420000727
1,22806528,-0.003148695117488387,-2.088148180234839e-05,-0.000961799810283992,-0.0027923583984375,-0.006923573546373518
1,22937600,-0.003101406749919988,-2.4404438178748933e-05,-0.0009220425126841292,-0.0026397705078125,-0.00668731573068726
1,23068672,-0.0031902326463750796,-2.8672405377960786e-05,-0.0009612309345357062,-0.0010833740234375,-0.005262812599994504
1,23199744,-0.0034942840175062884,-2.9628115214563877e-05,-0.0011842480421364598,-0.002960205078125,-0.007667541206046735
1,23330816,-0.004099688781934674,-8.161912344917255e-05,-0.0012379114668874536,-0.0028839111328125,-0.008298965523408697
1,23461888,-0.0036400409717316506,-3.7415885870473176e-05,-0.001159351647402218,-0.000946044921875,-0.005781707407095382
1,23592960,-0.0032562433098064503,-3.210516995011403e-05,-0.0010391633595645544,-0.002960205078125,-0.0072873883541433315
1,23724032,-0.0032811926412250614,-3.841699989948211e-05,-0.0010514120021980489,-0.0031585693359375,-0.007529092641561874
1,23855104,-0.003313109678856563,-2.732841404906594e-05,-0.0009409906542714452,-0.0026092529296875,-0.006890420516356244
1,23986176,-0.0028851011047663633,-2.162542979533555e-05,-0.0008828372565403697,-0.00299072265625,-0.006780114939374471
1,24117248,-0.002949695168354083,-2.3476938636690647e-05,-0.0008721740778128151,-0.001800537109375,-0.005645621436997317
2,24248320,-0.0032204006175859945,-2.632804407259881e-05,-0.001239451736182673,0.002105712890625,-0.0023793221212145
2,24379392,-0.00357743419954204,-2.5271250926550692e-05,-0.0012210889003654302,-0.0022430419921875,-0.007064473423270101
2,24510464,-0.0036963319616916124,-2.1799041434178434e-05,-0.001274800472856441,-0.0013427734375,-0.006334369627893466
2,24641536,-0.003473118576948764,-2.2994872750814466e-05,-0.001166003235084645,-0.0045013427734375,-0.009162843253761821
2,24772608,-0.0032354096128983656,-2.254547698044007e-05,-0.0011291148134660034,-0.0022735595703125,-0.006660160720912245
2,24903680,-0.0031592562572768657,-2.3318899138757843e-05,-0.0010616279250825755,-0.0029449462890625,-0.0071885405104694655
2,25034752,-0.003123104750557104,-4.326848834068642e-05,-0.0009017595730256289,-0.001739501953125,-0.00580676324216256
2,25165824,-0.002898105458370992,-4.259598236444617e-05,-0.0009088733299904561,-0.0003662109375,-0.0042153726421929605
2,25296896,-0.0028370266936690314,-2.2868128979780522e-05,-0.0009011432912302553,-0.002838134765625,-0.006599026886760839
2,25427968,-0.00363790653864271,-7.292904962241664e-05,-0.0011183446613358683,-0.002044677734375,-0.006871392989978631
2,25559040,-0.003343021466207574,-3.519271699303772e-05,-0.001118515241159912,-0.0009307861328125,-0.00542643956896427
2,25690112,-0.003442049022851279,-2.1231276619460004e-05,-0.0011029126330868166,-0.0030517578125,-0.007617601474976254
2,25821184,-0.0033603277206566418,-2.3131570969781023e-05,-0.0010586763487481221,-0.0022735595703125,-0.006715120615353953
2,25952256,-0.0034255909886269365,-1.8443812102475476e-05,-0.0010794737090691342,-0.0029144287109375,-0.007437492904045939
2,26083328,-0.00340826725550869,-2.3560766450714254e-05,-0.0010617341640681843,-0.00384521484375,-0.008338333874689852
2,26214400,-0.0034762021005008137,-2.6301354694169277e-05,-0.0011206063491044915,-0.001800537109375,-0.006423014129723015
2,26345472,-0.0034830073454941157,-2.981098177201602e-05,-0.0011523831917656935,-0.004180908203125,-0.008845328994539159
2,26476544,-0.003745783498743549,-6.685811685258614e-05,-0.0011542472661858483,-0.0016937255859375,-0.006659129570380173
2,26607616,-0.0033779591030906886,-4.072535193699878e-05,-0.001159034708962281,-0.00140380859375,-0.005980551846732851
2,26738688,-0.0033602746934775496,-2.6636511385902395e-05,-0.0010459663481015014,-0.0047760009765625,-0.009207993242398516
2,26869760,-0.0034641849997569807,-2.556359848426837e-05,-0.001161692591267638,-0.0029296875,-0.007580661790143495
2,27000832,-0.003296991668321425,-2.8220415671853516e-05,-0.0010119352368747059,-0.003448486328125,-0.007784938012719067
2,27131904,-0.003356084074766841,-2.5445736739015956e-05,-0.0009496477791799407,-0.0022125244140625,-0.006543275551848637
2,27262976,-0.003208868594811065,-2.4671665741493598e-05,-0.0009107915034292091,-0.0005035400390625,-0.004647205254059372
2,27394048,-0.003169074851030018,-2.1904844558662262e-05,-0.0009352020078949863,-0.0032806396484375,-0.0074061898699255835
2,27525120,-0.002374578559283691,-2.4600031238719566e-05,-0.0010202015191680402,0.00103759765625,-0.0023815370177544537
2,27656192,-0.0029437511730066035,-2.7069398129242472e-05,-0.0010535302521930134,-0.0003814697265625,-0.00440501671482707
2,27787264,-0.0035604625027190195,-2.951869190326306e-05,-0.00119295594504365,-0.0032196044921875,-0.008000491573966428
2,27918336,-0.0033608682206249796,-2.2484532877342644e-05,-0.0010277327251060342,-0.0020599365234375,-0.006470638060363854
2,28049408,-0.003101753503869986,-2.1286711984203066e-05,-0.0009582939737811103,-0.001190185546875,-0.005270864483918558
2,28180480,-0.003019841627974529,-2.424460677730167e-05,-0.0008712307972018607,-0.00250244140625,-0.006417279565084755
2,28311552,-0.002706233366552624,-2.4628733996223673e-05,-0.0009279045648327156,-0.0006103515625,-0.004268894598681072
2,28442624,-0.002659561188920634,-2.9535348105014236e-05,-0.000907195794297877,-0.000335693359375,-0.003931601639123983
2,28573696,-0.0030444889152931864,-7.136512391525685e-05,-0.0011908420733561798,-0.00238037109375,-0.006684486063932127
2,28704768,-0.0030884030329616508,-3.534771612123677e-05,-0.0009826106906984933,-0.00140380859375,-0.005509317427367932
2,28835840,-0.003148783473079675,-3.0504760616167914e-05,-0.0010006733250520483,-0.00390625,-0.00808476560860072
2,28966912,-0.003089789654040942,-3.062396991992955e-05,-0.0009183412093989318,-0.00152587890625,-0.005564327404044889
2,29097984,-0.0026737380048871273,-2.7495933849763787e-05,-0.0008913452011256595,-0.0019378662109375,-0.005529979745915625
2,29229056,-0.002571012817497831,-2.880804277083371e-05,-0.0008564116583329451,-0.0019073486328125,-0.005363234350170387
2,29360128,-0.0031766703741595848,-3.0060462023584478e-05,-0.001012009124224278,-0.0013885498046875,-0.005606610320228356
2,29491200,-0.0034365651226835325,-2.6033681180592794e-05,-0.0012009127285637078,-0.0040435791015625,-0.008705878655746346
2,29622272,-0.002956480840111908,-6.513281066133914e-05,-0.0010672609846551495,-0.001312255859375,-0.005399596620918601
2,29753344,-0.003165507043377147,-4.057116009903439e-05,-0.0011042377263947856,-0.0009307861328125,-0.005240381837666064
2,29884416,-0.003089726891630562,-2.7464076552519145e-05,-0.0010104548127856106,-0.00384521484375,-0.007972166873514652
2,30015488,-0.0028178134562040213,-2.3464887291879677e-05,-0.0009175175118798506,-0.002838134765625,-0.006596737495328853
2,30146560,-0.003052653122722404,-2.1677784843632253e-05,-0.0010062073615699774,-0.0030059814453125,-0.007086204612733127
2,30277632,-0.003118350578006357,-1.971835533254307e-05,-0.0009721618457660952,-0.0029144287109375,-0.007024386025022977
2,30408704,-0.0026384059219708433,-2.0996122103156267e-05,-0.0008938154924180708,-0.001922607421875,-0.005475395952089457
2,30539776,-0.002697920055652503,-2.131739925914644e-05,-0.000894914038326533,-0.00286865234375,-0.006482557173967507
2,30670848,-0.003447707316809101,-1.7473494850150928e-05,-0.0012350638662610436,-0.000946044921875,-0.005645955039653927
2,30801920,-0.0032903422106755897,-2.2520334738374004e-05,-0.0011044225893783732,-0.001617431640625,-0.006033270447005634
2,30932992,-0.003241847523895558,-2.0546360971707145e-05,-0.001073687562438863,-0.00531005859375,-0.009645477386129642
2,31064064,-0.003523832356222556,-3.0381115905697698e-05,-0.0011343566479808942,-0.00213623046875,-0.006824104098996031
2,31195136,-0.0032930990018940065,-2.7698710525214665e-05,-0.0011093033554061549,-0.0037689208984375,-0.008198766402983892
2,31326208,-0.0032786171141196974,-2.4455437568349225e-05,-0.00096633989323891,-0.0003204345703125,-0.004589518631291867
2,31457280,-0.0033028915713657625,-2.7630252773747088e-05,-0.0009069940069821314,-0.001068115234375,-0.005304858594627149
3,31588352,-0.0034016901488058693,-3.644824593652257e-05,-0.0013275677013098175,0.00140380859375,-0.0033596653552194766
3,31719424,-0.004119497856663656,-8.952136582252024e-05,-0.0013573442192864604,-0.003265380859375,-0.008826000434055459
3,31850496,-0.0039023081972118234,-3.42922850791183e-05,-0.0012116547186451498,-0.00128173828125,-0.0064276538355443336
3,31981568,-0.0038178294089448173,-2.133519276981133e-05,-0.0011308186089991068,-0.002960205078125,-0.007929237845019088
3,32112640,-0.002893833130656276,-2.459798425036297e-05,-0.0009479833324803622,-0.003143310546875,-0.007009592234226147
3,32243712,-0.0028915864550072,-3.1751184081940664e-05,-0.0009986123704948113,-0.0017547607421875,-0.005676100877280987
3,32374784,-0.0035574278408603277,-2.7350413930093964e-05,-0.0011260512856097193,-0.002960205078125,-0.007670428527490003
3,32505856,-0.003365919948919327,-2.4526072039066094e-05,-0.001075581277746096,-0.0020294189453125,-0.006495024642845237
3,32636928,-0.003125795223240857,-2.3553053580371852e-05,-0.0008365352214241284,-0.0018157958984375,-0.005801439331207803
3,32768000,-0.003360967968546902,-2.1987468301176705e-05,-0.0009856246201707108,6.103515625e-05,-0.0043068144354947435
3,32899072,-0.0033250436463276856,-2.3612816548279625e-05,-0.001065778424617747,-0.00189208984375,-0.006305075299223972
3,33030144,-0.0033819377513282234,-2.0167978050267266e-05,-0.0009839232802733022,-0.004119873046875,-0.008505567716838414
3,33161216,-0.003671679543913342,-2.524539627302147e-05,-0.0012526314226306567,-0.00286865234375,-0.007817041698217508
3,33292288,-0.0032164697477128357,-2.79914960970018e-05,-0.001062105082837661,-0.0028533935546875,-0.007159262341701833
3,33423360,-0.0033235785467695678,-3.3991566056101874e-05,-0.001003460268748313,-0.002288818359375,-0.006649512467902241
3,33554432,-0.0028660989100899315,-2.813567111559223e-05,-0.0009317358494627115,-0.000518798828125,-0.004344157757714129
3,33685504,-0.003530580743245082,-2.1723189092881512e-05,-0.0011580377131394926,-0.0026092529296875,-0.007319091491353902
3,33816576,-0.0038548821921722265,-3.781899569332836e-05,-0.001229509445693111,-0.003875732421875,-0.008992954086352256
3,33947648,-0.0032822187204146758,-2.3682901954202862e-05,-0.0010560195087236934,-0.0003204345703125,-0.004681908533711976
3,34078720,-0.003302164899650961,-2.1426436674687466e-05,-0.0010324618033337174,-0.0032806396484375,-0.0076361627684491395
3,34209792,-0.003155116970447125,-2.2496401427929413e-05,-0.0008124218270495476,-0.0010986328125,-0.005088638981305849
3,34340864,-0.0026377635476819705,-3.566359526985252e-05,-0.0008495312254126475,-0.00164794921875,-0.0051706111398743815
3,34471936,-0.0032447913035866804,-2.6484618615540967e-05,-0.0009524708420940442,-0.00164794921875,-0.0058710899425022944
3,34603008,-0.002961816506285686,-2.1581566770123572e-05,-0.0008537980515939125,-0.001434326171875,-0.005271210492992395
3,34734080,-0.0031260579235095065,-2.560156778486089e-05,-0.000920150147521781,-0.0029296875,-0.007001123460213421
3,34865152,-0.0027715734931916813,-3.104162526312848e-05,-0.0006005617885875836,0.0001678466796875,-0.003235258124732354
3,34996224,-0.0023534304291388253,-2.4134653216378865e-05,-0.0007471584012819221,-0.0009765625,-0.0041012348779077
3,35127296,-0.0024227080448326888,-2.247950020262124e-05,-0.0008163191914718482,-0.0030364990234375,-0.006297805196027184
3,35258368,-0.002979985289130127,-2.7756987520888288e-05,-0.0008282304229396686,-0.0014495849609375,-0.005285288827053591
3,35389440,-0.0031082794612302678,-2.8081255024403617e-05,-0.0006019142401783029,-0.001861572265625,-0.00559965081856717
3,35520512,-0.0029884739124099724,-2.640719912960776e-05,-0.0007698712643104955,-0.00262451171875,-0.006408967760762607
3,35651584,-0.0034863762084569316,-2.2704935986439523e-05,-0.0010218762663498637,-0.001739501953125,-0.0062699805989723245
3,35782656,-0.003583788331525284,-2.0576465587396342e-05,-0.0009139784624494496,-0.0025787353515625,-0.007096489561718045
3,35913728,-0.0031617878121323884,-1.98902605177409e-05,-0.0010158837585549918,-0.0005035400390625,-0.00469917734108094
3,36044800,-0.0031157109260675497,-2.426781628628305e-05,-0.001062756517512753,-0.0031585693359375,-0.007358871053838811
3,36175872,-0.003067072047997499,-2.5558740716746797e-05,-0.0010457958760525798,-0.0041656494140625,-0.008302868669943564
3,36306944,-0.002783232184810913,-2.286746810398199e-05,-0.0008142055612552213,-0.0025787353515625,-0.006198715520895348
3,36438016,-0.003204959595677792,-3.0193611536333265e-05,-0.0007547666518803453,-0.00177001953125,-0.005759784261044842
3,36569088,-0.0030364020785782486,-2.0728458110852443e-05,-0.0009801842970773578,-0.001556396484375,-0.005593584086454939
3,36700160,-0.0034429667502990924,-1.9331334925709598e-05,-0.000997067742900981,-0.0024871826171875,-0.006946099539618444
3,36831232,-0.0031460536556551233,-3.972146899400286e-05,-0.0009006574491650099,-0.0020751953125,-0.006161256979794416
3,36962304,-0.004020502859930275,-6.498204174931743e-05,-0.0014539182557200547,-0.00177001953125,-0.007306174232326157
3,37093376,-0.003615574898503837,-3.21198458834715e-05,-0.0011458477210908313,-0.0030670166015625,-0.007857494353174843
3,37224448,-0.003473978040346992,-2.998092823247589e-05,-0.0011610333162934694,-0.004425048828125,-0.009088367513868434
3,37355520,-0.0032851481482794043,-2.7047498861065833e-05,-0.000924720357033948,-0.00262451171875,-0.006861089620997518
3,37486592,-0.0025599959517421667,-2.4808773531503903e-05,-0.0007300663201021962,-0.00164794921875,-0.004962769100984588
3,37617664,-0.002668054723471869,-2.3363887933669503e-05,-0.0007831712623556086,-0.00189208984375,-0.005366622202473081
3,37748736,-0.003541279003911768,-2.226796766535699e-05,-0.0010428109567328647,-0.002105712890625,-0.00671178590027921
3,37879808,-0.003455008243690827,-2.2824128578236014e-05,-0.0010834296517714392,-0.003204345703125,-0.007765052012928209
3,38010880,-0.0029271948587847874,-3.0282004090054215e-05,-0.0007947872045406257,0.0006256103515625,-0.0031263636205949297
3,38141952,-0.00250470331775432,-2.7445556753491474e-05,-0.0007107291080501454,-0.000823974609375,-0.004066449506808567
3,38273024,-0.0029713378826272674,-5.449530597445573e-05,-0.0006870753165912902,-0.0029144287109375,-0.006627289291827765
3,38404096,-0.002874080966648762,-3.0704372647960554e-05,-0.0006227973733530234,-0.00152587890625,-0.005053408792718983
3,38535168,-0.0027314256021782057,-2.1697199841241854e-05,-0.0006667150150860834,-0.00335693359375,-0.006776666480618587
3,38666240,-0.002225444677605992,-3.324073284716178e-05,-0.0008574825733376201,-0.00091552734375,-0.004031646190014726
3,38797312,-0.002713631778533454,-2.9732131409332396e-05,-0.0006967211320443312,0.000274658203125,-0.003165400464695267
3,38928384,-0.0026833336723939283,-2.5802911196137757e-05,-0.0006722640773659805,-0.001556396484375,-0.004937797091315588
3,39059456,-0.003654934116639197,-8.935908488183486e-05,-0.001249669603566872,-0.0020294189453125,-0.007021369553058321
3,39190528,-0.0035419692922005197,-5.3735077628402905e-05,-0.0009533639040455455,-0.0011138916015625,-0.005662311681135179
3,39321600,-0.0030597947024944006,-3.226688124868815e-05,-0.0008839063307277684,-0.0035400390625,-0.0075154879232286476
3,39452672,-0.003306062701085466,-2.9788004738406926e-05,-0.0008464082811769913,-0.002166748046875,-0.006348810548388428
3,39583744,-0.0030518836920236936,-5.7437740949239924e-05,-0.0007963676175677392,-0.001495361328125,-0.005400991953138146
3,39714816,-0.00274242853083706,-4.733643275756094e-05,-0.000651837322038773,-0.001251220703125,-0.004692720741786616
3,39845888,-0.003338282800541492,-2.710024246255216e-05,-0.0008285792500828393,-0.0021514892578125,-0.006344936231016618
3,39976960,-0.0023401772377837915,-2.511586495757001e-05,-0.0007313582818824216,-0.0034942626953125,-0.0065907306989174685
3,40108032,-0.003183492544849287,-2.1427268407592237e-05,-0.0008259490869022557,0.0010986328125,-0.0029321078272914747
3,40239104,-0.0025500179235677933,-3.051164230782888e-05,-0.0008841187150210317,-0.00048828125,-0.003951935831992159
3,40370176,-0.003205921035259962,-3.145084315292479e-05,-0.0010984835071212729,-0.0031890869140625,-0.007523703553943051
3,40501248,-0.0034987616618309403,-2.869268077176912e-05,-0.0009780471095837129,-0.0027008056640625,-0.007205472156329051
3,40632320,-0.002997254876390798,-2.4931475266498637e-05,-0.0007532464051109855,-0.002288818359375,-0.006064079429052072
3,40763392,-0.002353851448788191,-2.4803703112752373e-05,-0.0007709496571806085,-0.002197265625,-0.005346719329281768
3,40894464,-0.0029042142323305598,-5.33814587413417e-05,-0.000820920988189755,-6.103515625e-05,-0.0038393801928577886
3,41025536,-0.003063035603190656,-3.3646501535145035e-05,-0.0008261127500190923,-0.0004425048828125,-0.004365117699762777
3,41156608,-0.0032574473598288023,-1.7929169707997517e-05,-0.000620536777887537,-0.0002593994140625,-0.00415531270300562
3,41287680,-0.003293206083981204,-2.1220948710265475e-05,-0.0008125175481836777,-0.0003204345703125,-0.004447251515102835
3,41418752,-0.003456436554188258,-2.7352262861768395e-05,-0.0009381297445543169,-0.0037841796875,-0.008205477678984607
3,41549824,-0.002894602022934123,-3.42983576615552e-05,-0.0009001567896120832,-0.002227783203125,-0.006056485973203962
3,41680896,-0.002886230970034376,-3.2610015452405605e-05,-0.0008764263475313783,-0.0028228759765625,-0.006617820691189991
3,41811968,-0.002597888684249483,-3.090148784679059e-05,-0.0007787985719005519,-0.0011138916015625,-0.004521351471339585
3,41943040,-0.003005930420840741,-2.895305753725097e-05,-0.0008930494545893453,-0.000732421875,-0.004660055336444202
3,42074112,-0.0032287657813867554,-3.2108657876506186e-05,-0.0008423136905548745,-0.0037994384765625,-0.007902311089765135
3,42205184,-0.002508960610612121,-2.7920652769353183e-05,-0.0007947539997985587,0.0003814697265625,-0.0029501655949388805
3,42336256,-0.002486374100044486,-2.825892892133197e-05,-0.0006562042019595538,-0.000335693359375,-0.0035065305760326737
3,42467328,-0.0026082376825797837,-2.6561770354760483e-05,-0.0006984381147958629,-0.002349853515625,-0.005683065311586688
3,42598400,-0.0023781832915119594,-2.9738926500044727e-05,-0.0007145805529944482,-0.0015716552734375,-0.004694109051797568
3,42729472,-0.0025113721985690063,-3.1604848956590104e-05,-0.0007672561850995407,-0.0019683837890625,-0.00527859136400366
3,42860544,-0.0023299675831367495,-3.368790264346444e-05,-0.0009360122330690501,-0.0012054443359375,-0.004505112052356708
3,42991616,-0.0028807535109081073,-3.490415770102118e-05,-0.0007925937784420967,-0.00018310546875,-0.003890921135280223
3,43122688,-0.0031360717857751297,-2.43005189872747e-05,-0.0007230827759485692,-0.0023040771484375,-0.006187294182836922
3,43253760,-0.0024766277438175166,-2.320002826650125e-05,-0.0006785201794627937,4.57763671875e-05,-0.003132571604965051
3,43384832,-0.0022459649699158035,-2.7671331196188476e-05,-0.0006254577433537634,0.0001373291015625,-0.0027617649725470983
3,43515904,-0.0022756417602067813,-2.7350040738838288e-05,-0.000730476353510312,-0.0023956298828125,-0.0054290982429847645
3,43646976,-0.002485335257006227,-2.853908344491174e-05,-0.0007077179002408229,-0.0013885498046875,-0.0046100685285637155
3,43778048,-0.0028375183337630006,-5.542606837138919e-05,-0.0007607650495629059,-0.00213623046875,-0.0057899396201719355
3,43909120,-0.0021737136294177617,-2.9345789727130978e-05,-0.0007772449889671407,-0.0022125244140625,-0.0051926947071478935
3,44040192,-0.0026439840421517147,-2.510787388132485e-05,-0.0008866272337400005,-0.0023956298828125,-0.00595097543191514
3,44171264,-0.003150013179038069,-2.8530652215863483e-05,-0.0007685029895583284,-0.003753662109375,-0.007700347125137341
3,44302336,-0.002568918452197977,-3.2992090325478785e-05,-0.0008030700355448062,0.0007781982421875,-0.0026267823022863013
3,44433408,-0.0025326880258944584,-4.247692635317435e-05,-0.0009831664169723808,-0.0004730224609375,-0.004030510317534208
3,44564480,-0.0028150919679319486,-3.608749229044861e-05,-0.0008604839949839516,-0.0022430419921875,-0.005954228679911466
3,44695552,-0.002808017383358674,-7.79912901833768e-05,-0.001168267138837109,-0.002197265625,-0.006251480821902078
3,44826624,-0.002825482466505491,-3.058120609011894e-05,-0.0011798095283666044,-0.002105712890625,-0.0061415860814122425
3,44957696,-0.0026635949507181067,-2.7737691226548122e-05,-0.0008305420515171136,-0.00115966796875,-0.004681516176333389
3,45088768,-0.0025076423517020885,-2.7740554628508107e-05,-0.0007569675058221037,-0.002044677734375,-0.005336952940979245
3,45219840,-0.0026316913772461703,-2.723044303820643e-05,-0.0007222844114949112,-0.0023040771484375,-0.005685233944404899
3,45350912,-0.0027691497180057922,-0.00024611372373328777,-0.0013374709624258685,-0.0004425048828125,-0.004795239235590998
3,45481984,-0.002893528864660766,-0.0001230950415447296,-0.0009864108733381727,0.00079345703125,-0.0032095482283693855
3,45613056,-0.002817699338265811,-4.610614530520252e-05,-0.0009911949000525055,-0.0027923583984375,-0.006647271024576185
3,45744128,-0.00278623267513467,-7.167464289636882e-05,-0.0010020681625064753,-0.0013580322265625,-0.005217919251208514
3,45875200,-0.003023964585736394,-3.011564470511985e-05,-0.0010444668059790274,-0.0018768310546875,-0.005975058001240541
3,46006272,-0.003610948897403432,-2.8976810838798883e-05,-0.0010207324871771561,-0.002105712890625,-0.006765191197246168
3,46137344,-0.003352603871462634,-4.6618469113468564e-05,-0.0009686496327958594,-0.0022430419921875,-0.00661081459156776
3,46268416,-0.0029790796106681228,-6.643278717888279e-05,-0.001145983394508221,-0.00189208984375,-0.00608326426390704
3,46399488,-0.0017343463287033956,-4.2026658803706596e-05,-0.0010487365261724335,0.0009307861328125,-0.001894323373107909
3,46530560,-0.0027733170090868953,-6.406986375395718e-05,-0.0010415243723400636,0.0004119873046875,-0.0034666473861761915
3,46661632,-0.0030184981114871334,-0.0003775177778493344,-0.0015264893554558512,-0.002410888671875,-0.0073332597826265555
3,46792704,-0.003010847398400074,-0.0005542037313261972,-0.0015748977129987907,-0.00390625,-0.009046198895703128
3,46923776,-0.0027198521802347386,-0.0003361262398584586,-0.0015222930396703305,-0.004669189453125,-0.00924746089231121
3,47054848,-0.0028525226734927855,-0.00041564165144336584,-0.0015582681917294394,-0.004486083984375,-0.009307209322741983
3,47185920,-0.003169197238094057,-0.00038214593041629996,-0.0017445107450839714,-0.0028533935546875,-0.00814469348097191
4,47316992,-0.003274317175964825,-0.00015006135887576932,-0.0012438361477506987,0.0020751953125,-0.002589166586403735
4,47448064,-0.002778791447781259,-0.000385592551310765,-0.0021743841225543292,-0.00238037109375,-0.007713878507274785
4,47579136,-0.0030783085258008214,-0.0002794034490989361,-0.0021292583742251736,-0.000732421875,-0.006217795655629743
4,47710208,-0.002985012060889858,-0.00023051296852827363,-0.0019268923933850601,-0.002716064453125,-0.007854783369111829
4,47841280,-0.0031446980883629294,-0.00035158005698576744,-0.0019722656379599357,-0.00299072265625,-0.008454963361145929
4,47972352,-0.0030988975286163623,-0.00026353239422860497,-0.002049737006018404,-0.0018157958984375,-0.00722618332838465
4,48103424,-0.0035119921012665145,-0.0001884526483308946,-0.001807531769372872,-0.00262451171875,-0.008128540018333297
4,48234496,-0.002883281003960292,-0.0001868690760602476,-0.001555456969072111,-0.0001983642578125,-0.0048231323221443745
4,48365568,-0.0028836296678491635,-0.0002508161667265085,-0.0016183132083824603,-0.001617431640625,-0.006367883226175763
4,48496640,-0.0027995603732051677,-7.785443489183308e-05,-0.001671667779191921,0.0001373291015625,-0.0044112616947131755
4,48627712,-0.0033504729326523375,-0.00014788224515882575,-0.0018918785581263364,-0.0010986328125,-0.006485808567958884
4,48758784,-0.0034315216635150136,-0.0001015814256959402,-0.0018128420215361984,-0.0027008056640625,-0.008043820097100252
4,48889856,-0.0030400649884541053,-0.00020912360764668847,-0.001915474721499777,-0.0009002685546875,-0.0060642818348242145
5,48365568,-0.002353782318152753,-5.070627834499741e-05,-0.0012665357569403568,0.003387451171875,-0.00028312638210081786
5,48496640,-0.0031583564705215394,-0.00037469439484993927,-0.002226091349257331,-0.001434326171875,-0.007191431188857678
5,48627712,-0.0024994306186272297,-0.0002428138175218919,-0.00212848392129672,-0.000213623046875,-0.00508108760959658
5,48758784,-0.0026594861710691475,-9.45261109563944e-05,-0.001788184602446563,0.00018310546875,-0.004357148384315224
5,48889856,-0.0026424499319546157,-0.00016231750441875192,-0.0021525650745388702,-0.0021209716796875,-0.0070731378482378204
5,49020928,-0.0029391409589152317,-0.00011297218020445143,-0.0023067388265189948,-0.0004119873046875,-0.005770425793798495
5,49152000,-0.0027761165092670126,-0.00021441317471726506,-0.0024127819797286065,-0.0026397705078125,-0.008042175371429039
5,49283072,-0.0027087846592621645,-0.0002213003900806143,-0.002429519885481568,-0.00140380859375,-0.006762962269021955
5,49414144,-0.0025750864933797857,-0.000372294859403155,-0.002386080204814789,-0.0036773681640625,-0.009004817819459277
5,49545216,-0.004035718799059396,-1.673085618136838e-05,-0.0010039519870588265,-0.0002288818359375,-0.005285283525154227
5,49676288,-0.002785824708553264,-0.0002553074666238331,-0.0024008327836781973,-0.0008087158203125,-0.006249740349176136
5,49807360,-0.0027512092328834115,-0.00018721333600524304,-0.0024029925152717624,-0.003570556640625,-0.008908532780878886
5,49938432,-0.0030302156737889163,-0.00012413426458124377,-0.0022607678447457147,-0.0028533935546875,-0.008262310138434259
5,50069504,-0.002747442411418888,-0.00018655801954992057,-0.002339307393413037,-0.000457763671875,-0.00572956854784934
5,50200576,-0.003079623758821981,-0.0001074734834105584,-0.0018807247151926276,-0.00262451171875,-0.007691903696922964
5,50331648,-0.0025916741524270037,-6.77503048507333e-05,-0.0017609725309739588,-3.0517578125e-05,-0.004450376586646598
5,50462720,-0.002521505286495085,-0.00013221240050143024,-0.00204374121130968,-0.0012054443359375,-0.005900745376038685
5,50593792,-0.002892693541070912,-7.634595689864909e-05,-0.0022777519343435415,0.0006256103515625,-0.004621105362275557
5,50724864,-0.003268819858931238,-6.790670298073564e-05,-0.0021076330867799697,-0.0006103515625,-0.00605199662004452
5,50855936,-0.0027803230714198435,-0.0001841142105263316,-0.002334664832233102,-0.00286865234375,-0.008162998014086043
5,50987008,-0.003182151293003699,-0.00018745900905514645,-0.0022069803226258955,-0.001434326171875,-0.007008827358731651
5,51118080,-0.0032186330936383456,-9.13647362779102e-05,-0.00193477748780424,-0.002777099609375,-0.008018592144253489
5,51249152,-0.0021215697825027746,-2.683502572153884e-05,-0.001173909937733697,-0.0018768310546875,-0.005198129703785526
5,51380224,-0.0029425936545521836,-3.511221336793824e-05,-0.0012091964931641996,-0.0004119873046875,-0.004597956204179354
5,51511296,-0.0024562835151300533,-2.5406515305803623e-05,-0.0019043496704398422,-0.0005645751953125,-0.0049505819383739436
5,51642368,-0.0028377351136441575,-6.080979031253264e-05,-0.0017230110315722413,0.000885009765625,-0.003735455093647033
5,51773440,-0.0028547132460516877,-4.069059106370787e-05,-0.0019730687699848204,0.0007781982421875,-0.004089719520834478
5,51904512,-0.002370591235376196,-7.749881697804994e-05,-0.0017891448696900625,-0.0009918212890625,-0.005227872165505687
5,52035584,-0.0022707254602210014,-0.00015331856536704436,-0.0017673897273198236,-0.0012969970703125,-0.005487438145792112
5,52166656,-0.003107435308265849,-7.822577742899739e-05,-0.002028866122600448,-0.000762939453125,-0.005977067814910697
5,52297728,-0.0032809293497848557,-6.799028858495149e-05,-0.0017363042070428492,-0.0019073486328125,-0.006992108469148661
5,52428800,-0.003057762522075791,-6.165670814084478e-05,-0.0015606555134581868,-0.001800537109375,-0.006480538125288149
5,52559872,-0.0030810225143795833,-7.076125459093419e-05,-0.001788795510037744,-0.001617431640625,-0.006557781052833889
5,52690944,-0.002771227822449873,-2.5044242377703085e-05,-0.0018864440207835287,0.0025787353515625,-0.002103980756146484
5,52822016,-0.0032293291806126945,-4.470945194157139e-05,-0.0019499216068652458,0.0023651123046875,-0.002858642826140567
5,52953088,-0.0030146773478918476,-0.0001208671374683945,-0.0022554336001121555,-0.0001220703125,-0.005512885126336187
5,53084160,-0.0026784325345943216,-5.457045725165699e-05,-0.0023024367346806685,-0.0031585693359375,-0.008194009058570373
5,53215232,-0.003094585759754409,-5.690879845587915e-05,-0.001963269083717023,-0.001251220703125,-0.006365511388139566
5,53346304,-0.002937606011983007,-6.915679090013782e-05,-0.001892735791443556,-0.002044677734375,-0.006943990976196801
5,53477376,-0.003107652033577324,-7.298451933479555e-05,-0.00174097331273515,-0.0016021728515625,-0.006523068492242601
5,53608448,-0.002640459986650967,-5.8885724385504545e-05,-0.0014797456369706197,-0.001556396484375,-0.005734605504130741
5,53739520,-0.002960926105515682,-5.795157689192365e-05,-0.0015518388099735603,0.0005645751953125,-0.004005406298801972
5,53870592,-0.0027865044048667187,-0.00013681800851372827,-0.0022044110082788393,0.00018310546875,-0.004943564620134566
5,54001664,-0.002746776350250002,-0.00022532498735472473,-0.002187692363804672,-0.000885009765625,-0.006044105375167419
5,54132736,-0.0026138498506043106,-6.667121742509607e-05,-0.0020442130244191503,0.0008087158203125,-0.0039159445500445145
5,54263808,-0.0030494055081362603,-0.00015729934835917447,-0.0019605085772127495,-0.0009765625,-0.006141267922430416
5,54394880,-0.002983071066410048,-0.0002666855860979922,-0.002175001224713924,-0.0034637451171875,-0.008881610665412154
5,54525952,-0.003177311502440716,-0.00019204410034490138,-0.0020087475277250633,-0.00128173828125,-0.006656292720435886
5,54657024,-0.0031169166049949126,-3.843565424688222e-05,-0.0017157749516627518,-0.001190185546875,-0.006060645986508462
5,54788096,-0.0032954786674963543,-8.077206572920659e-05,-0.0017972685855056625,-0.0008697509765625,-0.006040934144493804
5,54919168,-0.0036290017542341957,-7.444368065989693e-05,-0.0015649359447706956,-0.0003509521484375,-0.005619100023068313
5,55050240,-0.003634615000919439,-6.0758314816666825e-05,-0.0013392482778726844,-0.0025482177734375,-0.007581853813462658
5,55181312,-0.003038794422536739,-0.00014751090949971513,-0.0019142841956636403,-0.0034637451171875,-0.008558628253922507
5,55312384,-0.003066104145545978,-9.697762990867886e-05,-0.001984200644074008,-0.0004425048828125,-0.005588587710462889
5,55443456,-0.003474759412711137,-3.2295201577881016e-05,-0.001481878762206179,-0.0016326904296875,-0.006621049280056468
5,55574528,-0.0037702096851717215,-6.662913894217581e-05,-0.0012751591157211806,-0.002044677734375,-0.007153737665248627
5,55705600,-0.0034726586327451514,-7.150666527877547e-05,-0.0014486103600575007,-0.0013580322265625,-0.006349169318582426
5,55836672,-0.0025093899112107465,-5.1250285537207674e-05,-0.0009727667984407162,-0.000152587890625,-0.0036849309099125094
5,55967744,-0.0029942489109089365,-5.569140826366947e-05,-0.0014552977172570536,0.0005035400390625,-0.004001169200819277
5,56098816,-0.003262376050770399,-4.669437782922614e-05,-0.0014947015506550088,-0.0008697509765625,-0.005672558994319843
5,56229888,-0.003486474632154568,-4.899654260270836e-05,-0.0014345057725222432,-0.0005950927734375,-0.005564840159422602
5,56360960,-0.0032493914095539367,-2.331313082493125e-05,-0.0013790130160487024,-0.0009918212890625,-0.00564353883601143
5,56492032,-0.002095907902912586,-2.4049443226203948e-05,-0.0010332107135582191,0.0017242431640625,-0.0014289249402281712
5,56623104,-0.0024173507172235986,-0.00012007546374093181,-0.0014696945022478758,0.00177001953125,-0.0022366654152392584
5,56754176,-0.0031392804867209634,-8.967826714467719e-05,-0.001716525679512415,-0.000579833984375,-0.005525242964267818
5,56885248,-0.003740221007319633,-1.5822978937762855e-05,-0.0010726928253461665,0.00213623046875,-0.00269250629526141
5,57016320,-0.0028322572561592096,-5.2849575268965054e-05,-0.0022429656146414345,0.0014190673828125,-0.0037090050564074772
5,57147392,-0.0024263060695375316,-8.993523809408543e-05,-0.0027210110711166635,0.0007476806640625,-0.0044894493812535075
5,57278464,-0.0026907580922852503,-7.808151681842901e-05,-0.002450362255331129,-0.0005645751953125,-0.005783330870599457
5,57409536,-0.0032567714351898758,-0.00013458948592415254,-0.0018219806615888956,-0.0009918212890625,-0.006204403130141145
5,57540608,-0.0035821354067593347,-9.004251052147083e-05,-0.0014241773205867503,-0.001312255859375,-0.006408337760149152
5,57671680,-0.0026517066908127163,-0.00023607711946738164,-0.0025661359813966556,-0.0020599365234375,-0.007512836277783208
5,57802752,-0.0028438190565793775,-0.0002784981955983312,-0.002540605421017972,-0.0024566650390625,-0.008115648147850152
5,57933824,-0.003602386934289825,-4.147183400959875e-05,-0.0010503387029530131,-0.00030517578125,-0.00499937329777822
5,58064896,-0.0028043758484272985,-7.739040981391554e-05,-0.0014430857308980194,-0.0006256103515625,-0.004949483554355538
5,58195968,-0.002967960417663562,-5.493575153536767e-05,-0.0014944719387131045,-0.0008392333984375,-0.005355126998892956
5,58327040,-0.0022445052163675427,-3.223616788261552e-05,-0.00146847664109373,0.0016021728515625,-0.0021429093626466056
5,58458112,-0.003240512478441815,-3.6636869339190525e-05,-0.0011214564042347774,0.002471923828125,-0.001926482863837009
5,58589184,-0.003343837059219368,-7.211836721410236e-05,-0.0013700922845600871,-0.000762939453125,-0.005546900011268008
5,58720256,-0.0034495423060434405,-4.023085470805654e-05,-0.0013961112399556441,-0.0016937255859375,-0.0065794581282716535
5,58851328,-0.0031685442463640356,-2.515934909297357e-05,-0.0012957763301528757,-0.0005645751953125,-0.005054055203345342
