collected_frames,clearance/height,clearance/height_max,clearance/height_min
131072,0.057798095935140736,0.8737682281062007,-0.3988230121321976
262144,0.0984736611135304,1.5531738474965096,-0.5130648098420352
393216,0.10755640652496368,1.5506398854777217,-0.7643622481264174
524288,0.110180021263659,1.5446116793900728,-0.7827159436419606
655360,0.09274685119453352,1.1691761827096343,-0.5835191973019391
786432,0.08109796352800913,0.4699166885111481,-0.2982901087962091
917504,0.10869944596197456,0.4617170998826623,-0.7864637887105346
1048576,0.12850421509938315,0.4299972334410995,-0.8025499596260488
1179648,0.13219416746869683,0.43995298352092505,-0.7978976522572339
1310720,0.09509173728292808,0.4499031479936093,-0.4189129467122257
1441792,0.1083803822984919,0.43785583204589784,-0.19555062684230506
1572864,0.12309408583678305,0.45287737459875643,-0.3723500908818096
1703936,0.12205625168280676,0.4565966194495559,-0.18555357167497277
1835008,0.12413348560221493,0.4653768178541213,-0.1979634736198932
1966080,0.1028232139069587,0.4538602961692959,-0.1644571302458644
2097152,0.11894692527130246,0.42536057089455426,-0.2737079260405153
2228224,0.11850774806225672,0.45608901721425354,-0.16195271094329655
2359296,0.11829914810368791,0.5000535200815648,-0.19844906916841865
2490368,0.10984316852409393,0.6415658164769411,-0.27711953525431454
2621440,0.11660630389815196,0.5510952961631119,-0.26941151660867035
2752512,0.12186856218613684,0.4421424884349108,-0.22644317941740155
2883584,0.11495755548821762,0.4837459297850728,-0.17357784998603165
3014656,0.1280662910430692,0.5196153167635202,-0.175086508737877
3145728,0.13576419930905104,0.4472208390943706,-0.1256489243824035
3276800,0.13731201877817512,0.43529862025752664,-0.19733336218632758
3407872,0.12864282785449177,0.5599525000434369,-0.17705351067706943
3538944,0.12801508407574147,0.454712828155607,-0.12501086643896997
3670016,0.13092652562772855,0.5973192045930773,-0.12501065875403583
3801088,0.13403661386109889,0.4478000255767256,-0.12501015909947455
3932160,0.13343871681718156,0.45664472482167184,-0.1250036982819438
4063232,0.12746264704037458,0.6056018376257271,-0.14234050665982068
4194304,0.13306800357531756,0.46439420338720083,-0.12500848853960633
4325376,0.13259598123840988,0.4542636051774025,-0.12500525452196598
4456448,0.13267507357522845,0.6678385674022138,-0.1250023813918233
4587520,0.1314162447815761,0.5862350228708237,-0.12500309781171381
4718592,0.12796623830217868,0.4650875369552523,-0.12501082406379282
4849664,0.12618787377141416,0.5451711404602975,-0.12500895839184523
4980736,0.12524527218192816,0.4725036465097219,-0.12500745570287108
5111808,0.12826784932985902,0.4743864154443145,-0.12500504357740283
5242880,0.126877227332443,0.5716983443126082,-0.1250105258077383
5373952,0.12709342740708962,0.5651451838202775,-0.12500245729461312
5505024,0.11643886647652835,0.6323751739691943,-0.125017951708287
5636096,0.12791172158904374,0.46498895436525345,-0.12501465762034059
5767168,0.13152597093721852,0.5613691569305956,-0.12500528432428837
5898240,0.13772773067466915,0.7035160786472261,-0.12499771546572447
6029312,0.13580092426855117,0.5687680058181286,-0.12500214134342968
6160384,0.13639201840851456,0.6249532136134803,-0.12500331667251885
6291456,0.13562287506647408,0.5038780907634646,-0.12499823560938239
6422528,0.13781557243783027,0.7339952765032649,-0.1731798080727458
6553600,0.13784317928366363,0.514700275612995,-0.12500470923259854
6684672,0.1332957313861698,0.589822324924171,-0.12499768729321659
6815744,0.13725779170636088,0.46644411887973547,-0.12499430193565786
6946816,0.13643750466872007,0.5536301801912487,-0.12505793594755232
7077888,0.13737416290678084,0.49217765615321696,-0.1250026491470635
7208960,0.13548614806495607,0.5383068679366261,-0.12499834620393813
7340032,0.13567234249785542,0.5072470190934837,-0.12510412139818072
7471104,0.13509365497156978,0.5840793249662966,-0.12500559771433473
7602176,0.13398620183579624,0.5716242091730237,-0.12500656326301396
7733248,0.12710887601133436,0.47761410498060286,-0.18189723347313702
7864320,0.1271982575999573,0.46687211422249675,-0.12500377767719328
7995392,0.12983375962357968,0.4698389198165387,-0.12568311509676278
8126464,0.12044188362779096,0.49610794289037585,-0.1250114303547889
8257536,0.12503148755058646,0.563026936724782,-0.12499680300243199
8388608,0.12879621901083738,0.5103806981351227,-0.12499577319249511
8519680,0.13271910278126597,0.47102623246610165,-0.1250053506810218
8650752,0.1343570181634277,0.5262083329726011,-0.12499650055542588
8781824,0.1385985022643581,0.52421471523121,-0.12500031967647374
8912896,0.13645417639054358,0.48364634229801595,-0.1381609954405576
9043968,0.138451793580316,0.5457236540969461,-0.13138688495382667
9175040,0.13584690436255187,0.5504827455151826,-0.12499616504646838
9306112,0.1353211278328672,0.6882880358025432,-0.12499676714651287
9437184,0.132345758844167,0.5752261797897518,-0.15094590443186462
9568256,0.13474158267490566,0.5452283776830882,-0.12500280025415123
9699328,0.1324116812320426,0.5815143140498549,-0.12499475758522749
9830400,0.1332928241463378,0.4768134471960366,-0.12499107839539647
9961472,0.13442632905207574,0.5536977243609726,-0.12500458885915577
10092544,0.13593048171605915,0.7519820344168693,-0.12499938509427011
10223616,0.13692758791148663,0.601353713311255,-0.12499255151487887
10354688,0.13454016030300409,0.546072950353846,-0.12499498296529055
10485760,0.1347975297830999,0.5035387042444199,-0.12499959603883326
10616832,0.13258263387251645,0.5684974503237754,-0.13999908813275397
10747904,0.1325833072187379,0.5621730440761894,-0.12499789521098137
10878976,0.13051665195962414,0.646757681388408,-0.1249969492200762
11010048,0.1307565644965507,0.7662264867685735,-0.12499944935552776
11141120,0.12973831198178232,0.6757178145926446,-0.12499458040110767
11272192,0.13208361144643277,0.584978591883555,-0.12499304069206119
11403264,0.13057920598657802,0.6398520031943917,-0.1250027408823371
11534336,0.13215918082278222,0.6644648376386613,-0.12499844329431653
11665408,0.12751715775812045,0.5071893411222845,-0.1249975289683789
11796480,0.12782095646252856,0.656330982921645,-0.12499866681173444
11927552,0.1269189928425476,0.7550541488453746,-0.12499232217669487
12058624,0.12461771152447909,0.7911058601457626,-0.1249944397713989
12189696,0.12501718039857224,0.7427999733481556,-0.12499642372131348
12320768,0.12703742849407718,0.9695187376346439,-0.12499061110429466
12451840,0.12926925101783127,0.9830293918494135,-0.12500327290035784
12582912,0.130656776658725,0.6973680432420224,-0.12499658763408661
12713984,0.13235928874928504,0.6573388846591115,-0.12499639228917658
12845056,0.13348560384474695,0.6719142773654312,-0.12499846424907446
12976128,0.1291050991276279,0.6784867865499109,-0.1250076862052083
13107200,0.1300753684481606,0.7672976369503886,-0.12500332877971232
13238272,0.13043353171087801,0.821727781323716,-0.12500029196962714
13369344,0.12106399174081162,0.549130080267787,-0.12499585701152682
13500416,0.1265801097615622,0.5856237332336605,-0.12499941908754408
13631488,0.12893234111834317,0.4937929310835898,-0.12499899254180491
13762560,0.128732014039997,0.695624043000862,-0.12499926309101284
13893632,0.12278231693198904,0.8674320322461426,-0.12501126620918512
14024704,0.1240528971538879,0.8116302143316716,-0.1250009755603969
14155776,0.12145075591979548,0.9256130119320005,-0.12500381912104785
14286848,0.12176882830681279,0.6475910968147218,-0.12500950112007558
14417920,0.12268627597950399,0.7094001290388405,-0.1250054349657148
14548992,0.12538583407877013,0.6520042465999722,-0.12500867433845997
14680064,0.12452867202227935,0.7682442518416792,-0.1250070242676884
14811136,0.12233629554975778,0.8218888570554554,-0.1250062568578869
14942208,0.12448015372501686,0.6566810701042414,-0.12500976747833192
15073280,0.11747667944291607,0.7771326280198991,-0.1250107977539301
15204352,0.11571140994783491,0.6901165333110839,-0.12500551994889975
15335424,0.11725577944889665,0.8070114734582603,-0.1250106692314148
15466496,0.1178475387278013,0.8011346489656717,-0.12500563147477806
15597568,0.11493549222359434,0.7346680338960141,-0.12500763009302318
15728640,0.11607158812694252,0.8664591945707798,-0.125003193737939
15859712,0.11758024262962863,0.4969302050303668,-0.12500898633152246
15990784,0.12529748800443485,0.8474121321924031,-0.1250054189004004
16121856,0.13103697687620297,0.7261187662370503,-0.12499877344816923
16252928,0.13081952842185274,0.6905305786058307,-0.12500938004814088
16384000,0.13362319383304566,0.7694115347694606,-0.1250122394412756
16515072,0.13198464177548885,0.7473496715538204,-0.125009975861758
16646144,0.12948965054238215,0.7812198037281632,-0.12501339870505035
16777216,0.12677438830723986,0.8658300137612969,-0.12501186970621347
16908288,0.12187489267671481,0.8342429455369711,-0.12501088762655854
17039360,0.1223801607848145,0.7949224202893674,-0.12501359824091196
17170432,0.12422953342320397,0.7534707623999566,-0.12501241825520992
17301504,0.12479273794451728,0.6978828457649797,-0.12501479033380747
17432576,0.12316797790117562,0.7918386778328568,-0.12500819051638246
17563648,0.12254154391121119,1.0252659055404365,-0.12502762931399047
17694720,0.12174979032715783,0.7039250216912478,-0.12501293257810175
17825792,0.12242473999504,0.803125434089452,-0.1250045031774789
17956864,0.12253619497641921,0.8218427107203752,-0.12501391302794218
18087936,0.11972682672785595,0.7080085817724466,-0.12500439770519733
18219008,0.12019292771583423,0.5903616680298001,-0.12501007318496704
18350080,0.12051006651017815,0.6606802127789706,-0.12500982778146863
18481152,0.12020989996381104,0.7138981495518237,-0.12500929948873818
18612224,0.10873802984133363,0.5304455377627164,-0.12501953588798642
18743296,0.11254817037843168,0.680570486234501,-0.125004380941391
18874368,0.11287357966648415,0.7274987022392452,-0.1250153153669089
19005440,0.11594592040637508,0.8264382474590093,-0.12500902614556253
19136512,0.11565610708203167,0.7547583575360477,-0.12501419917680323
19267584,0.1180967214750126,0.6761498716659844,-0.12500213109888136
19398656,0.11766722722677514,0.6799182731192559,-0.1250055234413594
19529728,0.12235077237710357,0.8877335728611797,-0.12500350386835635
19660800,0.12376044399570674,0.8206167640164495,-0.12500179838389158
19791872,0.12347796000540257,0.9429729355033487,-0.1250114592257887
19922944,0.12471067893784493,0.89494698215276,-0.12500502704642713
20054016,0.13014870294136927,0.9913858093786985,-0.12499918695539236
20185088,0.1256608373951167,0.57922577788122,-0.12500678980723023
20316160,0.12900736834853888,0.6660804045386612,-0.1250017664860934
20447232,0.1315181225654669,0.9636877544689924,-0.12499736784957349
20578304,0.12662625341909006,0.7871327912434936,-0.12500517815351486
20709376,0.1258455963106826,1.041165723465383,-0.12500994931906462
20840448,0.12447378021897748,0.847070288611576,-0.1250090915709734
20971520,0.1241837278357707,0.7084329323843122,-0.12500888062641025
21102592,0.12836115941172466,1.038074723444879,-0.12501319940201938
21233664,0.12038249196484685,0.8219630911480635,-0.12500931322574615
21364736,0.12366545124677941,0.7818385504651815,-0.12500699306838214
21495808,0.12257641984615475,0.778866219567135,-0.12500701774843037
21626880,0.12163797399261966,0.9172325902618468,-0.12500125565566123
21757952,0.12053525273222476,0.8544672247953713,-0.12500663264654577
21889024,0.11603888199897483,0.9315147432498634,-0.12500702613033354
22020096,0.11559111718088388,0.5112034101039171,-0.12501043314114213
22151168,0.11377044301480055,0.9340390295255929,-0.12500204425305128
22282240,0.11543956625973806,0.6999337133020163,-0.12500380887649953
22413312,0.11717307154322043,0.6728425070177764,-0.12500103493221104
22544384,0.11709277390036732,0.903287909924984,-0.125005783746019
22675456,0.11720551282633096,0.6120938640087843,-0.12501056864857674
22806528,0.11763580056140199,0.9751579051371664,-0.12500979308970273
22937600,0.11454628640785813,0.6317500728182495,-0.12500608409754932
23068672,0.1178016058402136,0.8602708431426436,-0.1250176050234586
23199744,0.11962198000401258,0.8858260111883283,-0.12500668386928737
23330816,0.11964212619932368,0.7757522996980697,-0.12501471349969506
23461888,0.12249741761479527,0.8789955431129783,-0.12501485622487962
23592960,0.12107030220795423,0.9079644798766822,-0.1250071874819696
23724032,0.1202852571150288,0.8475721993017942,-0.12500567617826164
23855104,0.1186020314344205,0.7200922446791083,-0.12500948482193053
23986176,0.12623558094492182,0.6946493822615594,-0.1250085684005171
24117248,0.12628330203006044,0.8689027274958789,-0.12501069880090654
24248320,0.12234943482326344,0.7319775570649654,-0.12500489014200866
24379392,0.1203568049822934,0.771395027404651,-0.12501454423181713
24510464,0.1209758113254793,0.8204147582873702,-0.1250070002861321
24641536,0.12145218113437295,1.0672531938180327,-0.12500601052306592
24772608,0.1175400487263687,0.9419824993237853,-0.12501097773201764
24903680,0.11522429349133745,0.8489182663615793,-0.1250056887511164
25034752,0.11647577135590836,0.8385373689234257,-0.12500203168019652
25165824,0.11398608546005562,0.7621039347723126,-0.12500246660783887
25296896,0.11460604757303372,0.811769753228873,-0.12500224192626774
25427968,0.11560064606601372,0.7573805453721434,-0.12500483659096062
25559040,0.11519218550529331,0.7988238241523504,-0.12500463286414742
25690112,0.117199877044186,0.7655832339078188,-0.12500264775007963
25821184,0.11758904490852728,1.0031833455432206,-0.12500943639315665
25952256,0.11663544387556612,0.7991732589434832,-0.1250028375070542
26083328,0.11518341314513236,0.6539931653533131,-0.12501014536246657
26214400,0.11581366858445108,0.9516473554540426,-0.1250050631351769
26345472,0.11513073387322947,0.9646684799809009,-0.12500722822733223
26476544,0.10904718603705987,1.0756636906880885,-0.1250096713192761
26607616,0.11047108698403463,0.9903338863514364,-0.12500920868478715
26738688,0.11054495704593137,0.9017142918892205,-0.12500946805812418
26869760,0.11308526137145236,0.7706865810323507,-0.12501115794293582
27000832,0.11603165045380592,0.7242894368246198,-0.1250094110146165
27131904,0.11593712097965181,0.8749781767837703,-0.12501974077895284
27262976,0.11865446687443182,0.6101088505238295,-0.12501596426591277
27394048,0.11914269032422453,0.9151621942874044,-0.1250100452452898
27525120,0.1198054063715972,0.7071420080028474,-0.1250083721242845
27656192,0.11699946993030608,0.8118955779355019,-0.12501924252137542
27787264,0.11360909463837743,0.739638562547043,-0.1250147419050336
27918336,0.1127960886224173,0.7003200883045793,-0.12501144548878074
28049408,0.11335399496601894,0.7999608421232551,-0.12501653307117522
28180480,0.11238691315520555,0.8029168739449233,-0.12501245457679033
28311552,0.11281900020549074,0.872730900067836,-0.12500683963298798
28442624,0.11174079426564276,0.9307407638989389,-0.12500872113741934
28573696,0.11485519184498116,0.7364974359516054,-0.12501209252513945
28704768,0.11515538487583399,0.7292426167987287,-0.12500870251096785
28835840,0.11545109271537513,0.8296102636959404,-0.12500977306626737
28966912,0.11623215168947354,0.9404593841172755,-0.1250073006376624
29097984,0.11322124081198126,0.6084175631403923,-0.12501444411464036
29229056,0.11887892079539597,0.8897834606468678,-0.12500717607326806
29360128,0.11971480760257691,0.7570878297556192,-0.12501199473626912
29491200,0.11738040170166641,0.7201011965516955,-0.12501982715912163
29622272,0.11664432031102479,0.9239725989755243,-0.1250048119109124
29753344,0.11629306385293603,0.9419808916281909,-0.12501185783185065
29884416,0.11423309153178707,0.6638345860410482,-0.1250099076423794
30015488,0.11539119348162785,0.867806670255959,-0.12500975001603365
30146560,0.1169708437519148,0.767057002754882,-0.15580832003615797
30277632,0.11500792810693383,0.9305645811837167,-0.12501288438215852
30408704,0.11392096959752962,0.7384815849363804,-0.12500622938387096
30539776,0.11596532387193292,0.5765529512427747,-0.12500373017974198
30670848,0.11844710347941145,0.8378909493330866,-0.1250105951912701
30801920,0.11699161084834486,0.829724112059921,-0.1250108894892037
30932992,0.11732612730702385,0.757953439373523,-0.12501445482484996
31064064,0.11744147579884157,0.9540073806419969,-0.12500675325281918
31195136,0.11559186805970967,0.9633898898027837,-0.12500517768785357
31326208,0.11385095433797687,0.8186993580311537,-0.1250102820340544
31457280,0.11244859814178199,0.765892778057605,-0.12500800006091595
31588352,0.112195894587785,0.7377725504338741,-0.12500760494731367
31719424,0.11083995713852346,0.6405627769418061,-0.1250118890311569
31850496,0.11479486199095845,0.8704528894741088,-0.12500509712845087
31981568,0.11491523199947551,0.7914290071930736,-0.12501637125387788
32112640,0.11490518896607682,0.862366902641952,-0.1250023425091058
32243712,0.11546893045306206,0.871238767169416,-0.12501109391450882
32374784,0.1144433919689618,0.9034640030004084,-0.12500739004462957
32505856,0.11536268657073379,0.8202836406417191,-0.12500670668669045
32636928,0.11571387300500646,0.9676812188699841,-0.12499765446409583
32768000,0.11497914721257985,0.9036802204791456,-0.12499931105412543
32899072,0.11677169759059325,1.037614622619003,-0.12500098394230008
33030144,0.11714602500433102,1.0468418328091502,-0.12500700959935784
33161216,0.11703351803589612,0.8799273991025984,-0.12500861356966197
33292288,0.11988488089991733,1.0551424729637802,-0.1250094478018582
33423360,0.11708559113321826,0.83526228251867,-0.1250056973658502
33554432,0.12069074955070391,0.7044735671952367,-0.12500757537782192
33685504,0.12012223078636453,0.9985173575114459,-0.1250012379605323
33816576,0.11980325629701838,0.9353418154641986,-0.12500815512612462
33947648,0.11738089995924383,0.8870497345924377,-0.12500796234235168
34078720,0.11671248223865405,0.7150774723850191,-0.12501527648419142
