attempt,collected_frames,explosions/rate,explosions/dirty_envs,explosions/skipped_updates,explosions/skipped_updates_frac
1,131072,0.0,0,0,0.0
1,262144,0.0,0,0,0.0
1,393216,0.0,0,0,0.0
1,524288,0.0,0,0,0.0
1,655360,0.0,0,0,0.0
1,786432,0.0,0,0,0.0
1,917504,0.0,0,0,0.0
1,1048576,0.0,0,0,0.0
1,1179648,0.0,0,0,0.0
1,1310720,0.0,0,0,0.0
1,1441792,0.0,0,0,0.0
1,1572864,0.0,0,0,0.0
1,1703936,0.0,0,0,0.0
1,1835008,0.0,0,0,0.0
1,1966080,0.0,0,0,0.0
1,2097152,0.0,0,0,0.0
1,2228224,0.0,0,0,0.0
1,2359296,0.0,0,0,0.0
1,2490368,0.0,0,0,0.0
1,2621440,0.0,0,0,0.0
1,2752512,0.0,0,0,0.0
1,2883584,0.0,0,0,0.0
1,3014656,0.0,0,0,0.0
1,3145728,0.0,0,0,0.0
1,3276800,0.0,0,0,0.0
1,3407872,0.0,0,0,0.0
1,3538944,0.0,0,0,0.0
1,3670016,0.0,0,0,0.0
1,3801088,0.0,0,0,0.0
1,3932160,0.0,0,0,0.0
1,4063232,0.0,0,0,0.0
1,4194304,0.0,0,0,0.0
1,4325376,0.0,0,0,0.0
1,4456448,0.0,0,0,0.0
1,4587520,0.0,0,0,0.0
1,4718592,0.0,0,0,0.0
1,4849664,0.0,0,0,0.0
1,4980736,0.0,0,0,0.0
1,5111808,0.0,0,0,0.0
1,5242880,0.0,0,0,0.0
1,5373952,0.0,0,0,0.0
1,5505024,0.0,0,0,0.0
1,5636096,0.0,0,0,0.0
1,5767168,0.0,0,0,0.0
1,5898240,0.0,0,0,0.0
1,6029312,0.0,0,0,0.0
1,6160384,0.0,0,0,0.0
1,6291456,0.0,0,0,0.0
1,6422528,0.0,0,0,0.0
1,6553600,0.0,0,0,0.0
1,6684672,0.0,0,0,0.0
1,6815744,0.0,0,0,0.0
1,6946816,0.0,0,0,0.0
1,7077888,0.0,0,0,0.0
1,7208960,0.0,0,0,0.0
1,7340032,0.0,0,0,0.0
1,7471104,0.0,0,0,0.0
1,7602176,0.0,0,0,0.0
1,7733248,0.0,0,0,0.0
1,7864320,0.0,0,0,0.0
1,7995392,0.0,0,0,0.0
1,8126464,0.0,0,0,0.0
1,8257536,0.0,0,0,0.0
1,8388608,0.0,0,0,0.0
1,8519680,0.0,0,0,0.0
1,8650752,0.0,0,0,0.0
1,8781824,0.0,0,0,0.0
1,8912896,0.0,0,0,0.0
1,9043968,0.0,0,0,0.0
1,9175040,0.0,0,0,0.0
1,9306112,0.0,0,0,0.0
1,9437184,0.0,0,0,0.0
1,9568256,0.0,0,0,0.0
1,9699328,0.0,0,0,0.0
1,9830400,0.0,0,0,0.0
1,9961472,0.0,0,0,0.0
1,10092544,0.0,0,0,0.0
1,10223616,0.0,0,0,0.0
1,10354688,0.0,0,0,0.0
1,10485760,0.0,0,0,0.0
1,10616832,0.0,0,0,0.0
1,10747904,0.0,0,0,0.0
1,10878976,0.0,0,0,0.0
1,11010048,0.0,0,0,0.0
1,11141120,0.0,0,0,0.0
1,11272192,0.0,0,0,0.0
1,11403264,0.0,0,0,0.0
1,11534336,0.0,0,0,0.0
1,11665408,0.0,0,0,0.0
1,11796480,0.0,0,0,0.0
1,11927552,0.0,0,0,0.0
1,12058624,0.0,0,0,0.0
1,12189696,0.0,0,0,0.0
1,12320768,0.0,0,0,0.0
1,12451840,0.0,0,0,0.0
1,12582912,0.0,0,0,0.0
1,12713984,0.0,0,0,0.0
1,12845056,0.0,0,0,0.0
1,12976128,0.0,0,0,0.0
1,13107200,0.0,0,0,0.0
1,13238272,0.0,0,0,0.0
1,13369344,0.0,0,0,0.0
1,13500416,0.0,0,0,0.0
1,13631488,0.0,0,0,0.0
1,13762560,0.0,0,0,0.0
1,13893632,0.0,0,0,0.0
1,14024704,0.0,0,0,0.0
1,14155776,0.0,0,0,0.0
1,14286848,0.0,0,0,0.0
1,14417920,0.0,0,0,0.0
1,14548992,0.0,0,0,0.0
1,14680064,0.0,0,0,0.0
1,14811136,0.0,0,0,0.0
1,14942208,0.0,0,0,0.0
1,15073280,0.0,0,0,0.0
1,15204352,0.0,0,0,0.0
1,15335424,0.0,0,0,0.0
1,15466496,0.0,0,0,0.0
1,15597568,0.0,0,0,0.0
1,15728640,0.0,0,0,0.0
1,15859712,0.0,0,0,0.0
1,15990784,0.0,0,0,0.0
1,16121856,0.0,0,0,0.0
1,16252928,0.0,0,0,0.0
1,16384000,0.0,0,0,0.0
1,16515072,0.0,0,0,0.0
1,16646144,0.0,0,0,0.0
1,16777216,0.0,0,0,0.0
1,16908288,0.0,0,0,0.0
1,17039360,0.0,0,0,0.0
1,17170432,0.0,0,0,0.0
1,17301504,0.0,0,0,0.0
1,17432576,0.0,0,0,0.0
1,17563648,0.0,0,0,0.0
1,17694720,0.0,0,0,0.0
1,17825792,0.0,0,0,0.0
1,17956864,0.0,0,0,0.0
1,18087936,0.0,0,0,0.0
1,18219008,0.0,0,0,0.0
1,18350080,0.0,0,0,0.0
1,18481152,0.0,0,0,0.0
1,18612224,0.0,0,0,0.0
1,18743296,0.0,0,0,0.0
1,18874368,0.0,0,0,0.0
1,19005440,0.0,0,0,0.0
1,19136512,0.0,0,0,0.0
1,19267584,0.0,0,0,0.0
1,19398656,0.0,0,0,0.0
1,19529728,0.0,0,0,0.0
1,19660800,0.0,0,0,0.0
1,19791872,0.0,0,0,0.0
1,19922944,0.0,0,0,0.0
1,20054016,0.0,0,0,0.0
1,20185088,0.0,0,0,0.0
1,20316160,0.0,0,0,0.0
1,20447232,0.0,0,0,0.0
1,20578304,0.0,0,0,0.0
1,20709376,0.0,0,0,0.0
1,20840448,0.0,0,0,0.0
1,20971520,0.0,0,0,0.0
