attempt,collected_frames,observations/heightmap_mean,observations/heightmap_std,observations/heightmap_min,observations/heightmap_max,observations/roll_mean,observations/roll_std,observations/roll_min,observations/roll_max,observations/pitch_mean,observations/pitch_std,observations/pitch_min,observations/pitch_max,observations/lin_vel_x_mean,observations/lin_vel_x_std,observations/lin_vel_x_min,observations/lin_vel_x_max,observations/lin_vel_y_mean,observations/lin_vel_y_std,observations/lin_vel_y_min,observations/lin_vel_y_max,observations/lin_vel_z_mean,observations/lin_vel_z_std,observations/lin_vel_z_min,observations/lin_vel_z_max,observations/ang_vel_x_mean,observations/ang_vel_x_std,observations/ang_vel_x_min,observations/ang_vel_x_max,observations/ang_vel_y_mean,observations/ang_vel_y_std,observations/ang_vel_y_min,observations/ang_vel_y_max,observations/ang_vel_z_mean,observations/ang_vel_z_std,observations/ang_vel_z_min,observations/ang_vel_z_max,observations/flipper_fl_mean,observations/flipper_fl_std,observations/flipper_fl_min,observations/flipper_fl_max,observations/flipper_fr_mean,observations/flipper_fr_std,observations/flipper_fr_min,observations/flipper_fr_max,observations/flipper_rl_mean,observations/flipper_rl_std,observations/flipper_rl_min,observations/flipper_rl_max,observations/flipper_rr_mean,observations/flipper_rr_std,observations/flipper_rr_min,observations/flipper_rr_max,observations/goal_x_mean,observations/goal_x_std,observations/goal_x_min,observations/goal_x_max,observations/goal_y_mean,observations/goal_y_std,observations/goal_y_min,observations/goal_y_max,observations/goal_z_mean,observations/goal_z_std,observations/goal_z_min,observations/goal_z_max
0,1179648,-0.04606852866709232,0.9962219297885895,-18.11069965362549,6.839178800582886,-0.17293741554021835,0.9916880130767822,-11.737185716629028,16.498239517211914,0.04864502977579832,0.995945155620575,-5.206207036972046,9.893908500671387,-0.017520513385534286,0.989799827337265,-3.513756275177002,9.911985397338867,0.003139432519674301,1.0006865859031677,-5.766947507858276,9.947173595428467,0.007773266173899174,0.9957952499389648,-9.206491947174072,12.499931335449219,-0.007083699572831392,0.9971611499786377,-10.794785022735596,9.552259922027588,-0.0020073975902050734,0.9884047210216522,-10.650762557983398,21.12705707550049,0.0003007451305165887,1.002677321434021,-9.17073369026184,11.189959049224854,0.1500566527247429,0.9320988059043884,-3.679243564605713,3.3977484703063965,-0.33237864077091217,0.8171205818653107,-4.943149089813232,3.737842321395874,-0.06394615396857262,0.9941429793834686,-3.626331925392151,3.5600976943969727,-0.3050643801689148,0.9408819675445557,-3.3164860010147095,3.305970072746277,-0.020304884761571884,0.899570494890213,-38.22488975524902,34.70446014404297,0.010726760374382138,0.8850509226322174,-35.839704513549805,41.099876403808594,-0.032445975579321384,1.0013183057308197,-4.557507753372192,6.882704496383667
0,2228224,-0.0018755379860522225,1.0019155144691467,-16.069031238555908,6.557374000549316,-0.010507161146961153,0.9933399856090546,-14.388572216033936,6.22127628326416,0.003194399061612785,0.9945438504219055,-5.326382398605347,8.366297006607056,-0.001091026424546726,1.0002647042274475,-3.1274523735046387,8.203035593032837,0.00011022161925211549,0.9979761838912964,-7.606194972991943,8.762866258621216,0.0017493460327386856,0.9958310127258301,-9.984085083007812,8.585787773132324,-0.0010211777116637677,0.9921077489852905,-13.994098663330078,12.206694602966309,0.000231035883189179,0.991928368806839,-12.874051570892334,16.035290241241455,-0.00016608729043809944,0.9991746246814728,-9.4541335105896,12.32877779006958,0.05159772280603647,0.982960969209671,-3.661273241043091,2.658440947532654,0.07991934381425381,0.9561614990234375,-5.254992723464966,4.7234046459198,-0.004930348659399897,1.0010004341602325,-4.347249507904053,4.026307225227356,-0.0098879209253937,1.0091235935688019,-3.1880568265914917,3.936594605445862,-0.026279160752892494,0.9367892146110535,-35.08139228820801,34.04195785522461,0.0009221310610882938,0.9116110801696777,-40.80117225646973,40.22679901123047,-0.006102509913034737,1.0094175338745117,-4.220303297042847,4.508665084838867
0,3276800,-0.02376077976077795,0.9951958358287811,-18.131132125854492,6.403876304626465,-0.10619735345244408,1.0002646148204803,-8.871145009994507,14.306921482086182,0.03232903964817524,0.9771433472633362,-5.440840721130371,12.526917934417725,-0.019481509923934937,0.991711437702179,-3.772853136062622,11.50814151763916,0.0019092467846348882,1.000760555267334,-8.001755714416504,8.345845222473145,0.002622077357955277,0.995292603969574,-9.723416328430176,7.638688325881958,-0.007966730743646622,0.998986691236496,-9.939779281616211,12.590507984161377,-0.0026854086900129914,0.9853452146053314,-12.458193302154541,18.686015129089355,-0.0006839469351689331,1.001637876033783,-9.31295394897461,6.797826528549194,0.060571991838514805,0.9759598970413208,-3.7921292781829834,2.236465811729431,-0.24816280603408813,0.954777717590332,-3.962986707687378,4.857630491256714,-0.014118596911430359,1.01204451918602,-3.935966968536377,3.685937285423279,-0.09746338427066803,1.0160999298095703,-2.8666568994522095,3.6045666933059692,-0.013928310479968786,0.9150385558605194,-36.39520072937012,35.402780532836914,0.026815314777195454,0.8944642841815948,-37.4022102355957,40.390607833862305,-0.010947937378659844,0.9944344758987427,-4.626331329345703,5.9178876876831055
0,4325376,-0.007877818774431944,1.0014940798282623,-17.43691062927246,7.257110834121704,-0.002380975929554552,0.9916070103645325,-13.498322010040283,22.726143836975098,0.0368654765188694,0.9893684685230255,-5.278061866760254,10.894933700561523,-0.001950776670128107,1.0001547634601593,-3.0546740293502808,11.108662605285645,-0.00048775473260320723,0.9987586736679077,-9.815928936004639,7.872110366821289,0.006002118461765349,0.9979557693004608,-8.178862571716309,8.861839294433594,-0.0014616845874115825,0.9936361610889435,-12.231875896453857,15.240411758422852,0.0011694315471686423,0.995306134223938,-12.038361072540283,15.9472017288208,0.00028849192312918603,0.9997507929801941,-7.582282781600952,8.033368349075317,0.03110948344692588,0.9935859143733978,-3.9849181175231934,2.8181869983673096,0.11153154075145721,0.9546314477920532,-3.750459671020508,5.0550196170806885,-0.018682725727558136,1.0151484608650208,-3.448636531829834,2.8752716779708862,-0.0384591119363904,1.0257325768470764,-3.1431331634521484,3.9313520193099976,-0.019890708848834038,0.9413501620292664,-34.078948974609375,30.23183536529541,0.0026977264788001776,0.9268754422664642,-38.30922508239746,39.330257415771484,-0.006432047768612392,1.0015101432800293,-4.5037455558776855,6.014967918395996
0,5373952,-0.017374302726238966,1.0045665204524994,-17.603389739990234,7.636764764785767,-0.029697516903979704,0.9988659024238586,-10.553833961486816,22.242466926574707,0.012574255000799894,1.0082454681396484,-4.716756343841553,10.585920333862305,-9.339256212115288e-05,0.9995574355125427,-3.5501441955566406,12.541723728179932,-0.00029267706850077957,0.9983440935611725,-9.794764518737793,14.747472763061523,0.0071610057493671775,0.996854692697525,-9.153679847717285,14.10293197631836,-0.0035366604570299387,0.9944059550762177,-17.270190715789795,12.460744857788086,-0.0012007822515442967,0.9954900145530701,-11.99260425567627,18.60402774810791,0.00040837956476025283,1.000108927488327,-28.607203006744385,8.46402883529663,0.055512087885290384,0.9827610552310944,-3.6393167972564697,3.3825513124465942,-0.023809971986338496,0.976654589176178,-3.8647838830947876,4.95650315284729,-0.004268999211490154,1.0221682786941528,-3.2138627767562866,2.099496066570282,-0.06899300590157509,1.02245032787323,-2.6082496643066406,3.971199870109558,-0.024725573137402534,0.9403816163539886,-32.38572311401367,31.120718002319336,-0.0040190203581005335,0.9260847270488739,-37.01805114746094,44.390512466430664,-0.01998775778338313,1.0046002566814423,-4.387708902359009,7.121405363082886
0,6422528,-0.005333220004104078,0.9996186196804047,-17.172914505004883,6.57741904258728,-0.002008685260079801,0.99262735247612,-11.615700244903564,10.122920513153076,0.026564406231045723,0.9849940240383148,-6.016978979110718,13.699453353881836,0.002762638730928302,1.0003407001495361,-3.6083935499191284,9.759526252746582,-0.0005632134052575566,0.9995380938053131,-11.326152324676514,8.010966777801514,0.002607263159006834,0.9983189404010773,-9.072662353515625,6.538317680358887,5.647307261824608e-06,0.9969949126243591,-12.259406566619873,15.752237796783447,0.0008235748682636768,0.9965455234050751,-12.07559871673584,16.504260063171387,-0.0003627408223110251,0.9993046224117279,-8.285411596298218,8.68734073638916,0.047807514667510986,0.994502067565918,-4.249676942825317,2.25650417804718,0.0036517931148409843,1.0033450722694397,-3.371378779411316,5.149777173995972,-0.019836175837554038,1.010080635547638,-3.3563249111175537,2.599997639656067,-0.01278397161513567,1.0146745443344116,-3.0262221097946167,3.4499940872192383,-0.02140950784087181,0.9427551031112671,-32.94357490539551,30.708495140075684,0.0014954202924855053,0.916380375623703,-40.23698043823242,39.41939735412598,-0.0018083201139234006,1.0037932097911835,-4.325958013534546,5.743435382843018
0,7471104,-0.017989853397011757,1.0044261813163757,-16.7308988571167,6.708878040313721,-0.011949233943596482,0.9990451335906982,-15.031773090362549,17.991403579711914,0.018476865254342556,1.0008830726146698,-5.415863752365112,12.8771071434021,0.004987617954611778,1.0013893842697144,-3.7635910511016846,10.902401447296143,-0.0001483711148466682,1.0010150074958801,-8.520099639892578,6.99137806892395,0.005922246025875211,0.9992696940898895,-9.263566017150879,9.761731624603271,-0.0030194410355761647,1.0009825527668,-11.75236701965332,11.497406005859375,-0.00023385226813843474,0.996253103017807,-12.475587368011475,16.269421577453613,0.0019065343076363206,1.0000562965869904,-8.456180095672607,8.277771711349487,-0.012536522350274026,1.0175392031669617,-2.7757548093795776,2.882864475250244,-0.039447588846087456,0.9867890179157257,-3.7220468521118164,4.81287693977356,-0.009140725363977253,1.0164600610733032,-3.2941927909851074,2.403229594230652,-0.062407614663243294,1.0115222334861755,-3.6340731382369995,3.59488308429718,-0.028903200291097164,0.9467946588993073,-33.768680572509766,31.389376640319824,-0.008323491550981998,0.9205950498580933,-38.67662811279297,37.3965950012207,-0.01756615797057748,1.0098633766174316,-4.99138879776001,6.0873191356658936
0,8519680,-0.019896747544407845,1.0023508667945862,-14.207201957702637,5.912188768386841,-0.00464949689921923,0.9962613880634308,-7.4982826709747314,13.744563102722168,0.04786146339029074,0.9991993010044098,-4.30880880355835,6.008491277694702,-0.002926536137238145,1.0002582669258118,-3.601459264755249,4.377129793167114,0.00015931646157696377,1.0002009868621826,-9.526185512542725,7.374292850494385,0.012406594352796674,0.9998793005943298,-8.174630641937256,7.305010557174683,-0.0023258919827640057,0.9979990422725677,-13.15116548538208,13.295135498046875,0.000346543500199914,0.9949444234371185,-11.71221923828125,11.874430656433105,0.0006278165092226118,1.00017648935318,-8.967242956161499,7.989509105682373,0.05212274007499218,0.9917000532150269,-4.50123143196106,2.2845489978790283,0.022657870315015316,0.9933825731277466,-4.088329076766968,4.710783958435059,-0.04860063921660185,1.0149659514427185,-2.8609530925750732,2.6831735372543335,-0.06882205232977867,1.0237083435058594,-2.9455478191375732,3.831275224685669,-0.024896503426134586,0.9494597911834717,-32.59766960144043,30.578279495239258,-0.0010130696464329958,0.9291643798351288,-39.07857322692871,41.87472915649414,-0.01929133851081133,1.0076363682746887,-4.171735644340515,5.337563753128052
0,9568256,-0.0005388283170759678,1.002310425043106,-17.381105422973633,7.638635158538818,0.0064730162266641855,0.9847724735736847,-19.378867626190186,16.917316913604736,0.017250920180231333,0.9890474379062653,-5.055401563644409,11.694066524505615,-0.0040007923962548375,1.001420795917511,-3.191402792930603,11.213610172271729,-0.0002351216389797628,0.9989061653614044,-10.05497932434082,8.434253454208374,0.00041738763684406877,0.9961835443973541,-10.152431964874268,10.356278419494629,0.0001129424199461937,0.9956619739532471,-12.105021953582764,12.328526973724365,-0.0009800803672987968,0.9915168285369873,-13.705819606781006,16.080233573913574,0.0008089656184893101,0.9993054270744324,-8.817785263061523,7.538884162902832,0.03822544403374195,1.0033353567123413,-3.912999987602234,2.97693133354187,-0.05374891310930252,0.9829805493354797,-4.83496618270874,5.212249994277954,-0.014486677828244865,1.0195927619934082,-3.008408308029175,2.196839928627014,0.006143897771835327,1.028348445892334,-2.739365816116333,3.814168095588684,-0.021571910940110683,0.9603161513805389,-32.47078895568848,30.096308708190918,0.002672608243301511,0.9396377205848694,-38.64389419555664,39.219587326049805,0.0005498914979398251,1.0063363909721375,-4.610435247421265,5.670596599578857
0,10616832,-0.013654020614922047,0.9999469518661499,-17.42067527770996,7.2296648025512695,-0.018235346768051386,1.0162574648857117,-19.819083213806152,14.76109266281128,0.028425258584320545,0.9837997853755951,-4.902456521987915,11.897351741790771,-0.020900449715554714,0.9980599582195282,-3.1090253591537476,10.081042766571045,-0.0007223215652629733,1.0007866024971008,-9.674948692321777,11.922427654266357,-0.00027851550839841366,0.995848149061203,-8.915720462799072,11.939435958862305,-0.0009567108936607838,0.9997967183589935,-12.772332191467285,11.778331756591797,-0.0025006639771163464,0.9876238405704498,-12.43393611907959,18.345608711242676,0.0014059498498681933,1.0004838109016418,-7.672003984451294,6.874362468719482,-0.014058197848498821,1.0181516408920288,-3.678806185722351,3.2412614822387695,-0.10350749641656876,1.005984365940094,-4.555625915527344,4.997072458267212,-0.037984322756528854,1.0114706158638,-2.954805374145508,2.379575490951538,-0.027045887894928455,1.0319977402687073,-3.0846023559570312,4.23412024974823,-0.015193843515589833,0.9398620426654816,-33.399614334106445,30.1090669631958,-0.0028085800586268306,0.9190429449081421,-38.48991775512695,38.375450134277344,-0.0038310940144583583,1.005503535270691,-4.700583219528198,5.814981698989868
0,11665408,-0.0054998574778437614,1.0025758147239685,-17.933494567871094,7.666355133056641,0.023080309387296438,0.977541983127594,-17.690024614334106,23.903554916381836,0.032018241006881,0.9914592206478119,-5.388616561889648,12.44321346282959,0.008196212351322174,1.0010460317134857,-3.335137128829956,11.001127243041992,-0.0005141501314938068,0.9978681802749634,-10.77055549621582,7.104933023452759,0.009149555931799114,0.9970897734165192,-9.290067672729492,10.75934362411499,0.0017865763511508703,0.9941783845424652,-13.192495346069336,12.037678718566895,0.0017017506179399788,0.9974890053272247,-12.388733386993408,16.45639181137085,0.0008970751259766985,0.9995707273483276,-7.394383907318115,10.814562797546387,-0.007440018933266401,1.0086479783058167,-3.297107696533203,3.748388648033142,0.21931059658527374,0.9648642838001251,-3.9240041971206665,5.38320517539978,-0.05104278866201639,1.0085639357566833,-3.430328607559204,3.410823345184326,0.007352042011916637,1.0191358625888824,-3.449676513671875,3.74028480052948,-0.02986955363303423,0.9484585821628571,-33.13292694091797,29.815566062927246,-0.007955552311614156,0.9204818606376648,-43.671390533447266,46.5423469543457,-0.010318777989596128,1.008510172367096,-4.507140874862671,7.475490570068359
0,12713984,-0.029941988177597523,0.9999935925006866,-16.821887016296387,7.3831517696380615,-0.008230940671637654,0.9915841817855835,-26.315987586975098,28.412041664123535,-0.009358642259030603,0.9819884598255157,-5.299014568328857,11.796845436096191,-0.029218746349215508,0.9924798607826233,-3.120306611061096,10.659203052520752,1.3814453268423676e-05,1.0015441179275513,-9.1591477394104,15.057392120361328,-0.007036279537715018,0.9955621957778931,-10.474628448486328,12.73162031173706,-0.001878114475402981,1.001609355211258,-14.792938709259033,12.975432395935059,-0.0024609429528936744,0.9873155355453491,-13.225107669830322,19.45370864868164,0.0018794165807776153,0.9999717175960541,-12.360455513000488,9.472806453704834,-0.09680474549531937,1.0115667581558228,-4.02876341342926,4.420530557632446,-0.07734347134828568,1.0100050568580627,-4.356837511062622,3.6390955448150635,-0.04475586675107479,1.0192938148975372,-2.800352454185486,2.2042808532714844,-0.05937678553164005,1.0127912759780884,-2.840442657470703,4.8476691246032715,-0.01671917364001274,0.9187031090259552,-32.992149353027344,30.599984169006348,-0.020541146397590637,0.9236150681972504,-40.261470794677734,43.158124923706055,-0.022099646739661694,1.0010740756988525,-4.207524299621582,6.8409130573272705
0,13762560,-0.007703427196247503,0.9986854493618011,-14.443656921386719,5.874458312988281,0.03358956705778837,1.0061393976211548,-13.535892963409424,13.190877914428711,0.030095909722149372,0.9877568483352661,-5.444900274276733,6.358021020889282,-0.015304611530154943,0.9986057579517365,-3.2249921560287476,4.549076080322266,-0.0004957501114404295,0.9987436532974243,-10.256243705749512,10.765582084655762,0.0018145792710129172,0.9970475137233734,-8.480138778686523,8.230099201202393,0.0020380321657285094,0.9955867826938629,-13.67279052734375,12.464846134185791,-0.0004638220416381955,0.9915566444396973,-12.269114017486572,11.968595027923584,0.0008937258098740131,1.000355303287506,-9.01986837387085,8.471509456634521,0.022524663247168064,1.0095483660697937,-5.149903059005737,3.5511677265167236,0.08236059360206127,0.9927409291267395,-5.984228849411011,2.5983307361602783,-0.07566525135189295,0.9960548281669617,-2.8187925815582275,2.9133188724517822,0.014303266420029104,1.02078577876091,-3.0776097774505615,3.7773799896240234,-0.015197527594864368,0.9394015073776245,-33.006046295166016,31.715075492858887,0.005345222307369113,0.9313396513462067,-42.145729064941406,39.24492073059082,-0.005355613771826029,0.9986463785171509,-4.499238014221191,5.476463079452515
0,14811136,-0.010190965374931693,1.0013218522071838,-15.818120956420898,6.453193664550781,0.02484550839290023,0.9819458723068237,-22.470402717590332,21.52313995361328,0.01640893775038421,0.9869058728218079,-4.567057132720947,9.47165060043335,-0.0017399969510734081,0.9997099936008453,-3.5595110654830933,8.262551307678223,-0.0009313689515693113,1.0005041360855103,-10.737948417663574,12.999638557434082,0.0006734480848535895,0.9981394112110138,-10.149697303771973,10.4512357711792,0.0027023809670936316,1.000957190990448,-13.49952220916748,11.406739234924316,-0.000223427421587985,0.9905283153057098,-12.090280055999756,14.371661186218262,0.000791139027569443,1.0001366138458252,-8.081782341003418,8.016541957855225,-0.07017307169735432,1.0129514336585999,-4.196628212928772,3.5233083963394165,-0.04839900694787502,1.008836030960083,-4.143694519996643,2.7969517707824707,-0.07080539129674435,0.9924702346324921,-2.889686942100525,2.9516892433166504,0.0036212674458511174,1.022939920425415,-3.0750032663345337,4.183000206947327,-0.018927201628684998,0.9519738256931305,-30.85060977935791,29.251371383666992,-0.006401391001418233,0.92922443151474,-40.215810775756836,37.07195281982422,-0.008934049517847598,0.9968784749507904,-4.50769567489624,6.090313911437988
0,15859712,-0.0034786954056471586,1.0001425743103027,-16.991202354431152,6.014169216156006,0.005794763215817511,0.9944078028202057,-10.681711435317993,26.56465721130371,0.019614013377577066,0.9891016185283661,-4.183733940124512,11.173792362213135,0.0032545640133321285,1.0008740425109863,-3.770310878753662,9.194593906402588,-0.0006557651213370264,0.9992539882659912,-9.806318759918213,8.846272468566895,0.005442005640361458,0.9992057681083679,-8.698767185211182,9.360864639282227,0.0006545252972500748,0.9956799149513245,-13.472887992858887,12.349542140960693,0.0003177850658175885,0.9980134069919586,-11.831181049346924,15.97382116317749,-0.000971825033047935,0.9996562004089355,-12.04088306427002,7.619560956954956,0.052880159579217434,1.0009352564811707,-4.800948619842529,3.1929988861083984,0.01249645883217454,1.0099186301231384,-4.713744640350342,2.7021270990371704,-0.008206075057387352,1.0123406946659088,-3.1526705026626587,1.8589406609535217,-0.019252539612352848,1.017549753189087,-3.216851234436035,4.533312082290649,-0.017456504050642252,0.959776371717453,-30.685964584350586,28.5560302734375,0.004912247881293297,0.9487269222736359,-34.804616928100586,35.456708908081055,-0.0011855393313453533,1.0063117146492004,-3.98081374168396,5.133214235305786
0,16908288,-0.00711508234962821,1.0024877190589905,-14.311145305633545,5.8828887939453125,0.01999528077431023,0.9822134077548981,-14.595857620239258,14.49506425857544,0.01576670352369547,0.9929077625274658,-4.096426010131836,5.537080526351929,0.004350903909653425,1.0003053545951843,-3.8045501708984375,4.5932297706604,-0.0007880224147811532,1.0005704164505005,-10.030315399169922,12.83834981918335,0.002621836494654417,0.9994392096996307,-10.221405506134033,7.903173446655273,0.0014879581576678902,0.9991759359836578,-12.882993221282959,13.134607315063477,-0.000739164330298081,0.9948563277721405,-12.628806591033936,11.719027996063232,-0.00018027410260401666,0.9993349015712738,-7.986128807067871,7.783176898956299,-0.047763239592313766,1.0157729983329773,-4.602154016494751,3.0899208784103394,-0.04145033657550812,1.0128756165504456,-4.257510185241699,2.99061918258667,-0.061306754127144814,0.9952996671199799,-2.889398455619812,2.5969204902648926,-0.003152400837279856,1.021834671497345,-2.6463345289230347,4.246636867523193,-0.020147415809333324,0.9591129422187805,-30.543323516845703,27.775291442871094,0.0003857864940073341,0.9504458606243134,-34.73657417297363,36.119768142700195,-0.005597104434855282,1.001675695180893,-4.116989612579346,4.7803168296813965
0,17956864,0.001875910187663976,1.0012349784374237,-16.749125480651855,6.711035251617432,0.01605036063119769,0.9778142273426056,-20.040213584899902,26.488600730895996,-0.007712604245170951,0.9899117052555084,-4.40144944190979,10.8981294631958,0.007472665747627616,1.0004677772521973,-3.8977402448654175,9.278287410736084,0.0003428682830417529,0.9989893734455109,-9.580280780792236,11.05692195892334,-0.003552726120688021,0.9978934824466705,-9.755143642425537,11.629674911499023,0.0015444748860318214,0.9971549212932587,-13.389164924621582,14.192405223846436,-0.000740759409382008,0.9970358908176422,-11.483349800109863,16.64464569091797,6.139501056168228e-05,0.9989407658576965,-9.056064128875732,7.816735029220581,-0.03353073261678219,1.0172690153121948,-4.455219030380249,3.5144076347351074,-0.017696961760520935,1.0095678567886353,-4.206110000610352,3.150222063064575,-0.0057845041155815125,1.0084528923034668,-3.1710336208343506,1.930585503578186,0.02834592806175351,1.0169431567192078,-2.9845389127731323,4.420187473297119,-0.01918556820601225,0.9685999155044556,-30.291006088256836,27.782265663146973,-0.0009841804610459803,0.960665762424469,-34.53650665283203,35.84744644165039,-2.5245535653084517e-05,1.0002847015857697,-4.0587852001190186,5.355059862136841
0,19005440,-0.00866027269512415,0.9980713427066803,-16.78015422821045,7.858317613601685,0.03345771599560976,0.990350604057312,-11.786166667938232,19.915908336639404,0.03550154250115156,0.9935705661773682,-3.896588444709778,11.422576904296875,-0.019432656932622194,0.9994537532329559,-3.314879894256592,10.892675399780273,-0.0012263612588867545,1.0003707706928253,-8.020768404006958,8.511364936828613,-0.00036282697692513466,0.996736466884613,-9.860924243927002,9.907217025756836,0.0019658210803754628,0.9981904923915863,-11.531545639038086,11.079416275024414,-0.0019180321251042187,0.9880897402763367,-12.712663650512695,18.056331634521484,0.00017478455265518278,0.999573290348053,-7.965470314025879,9.428319454193115,-0.06647939048707485,1.018068015575409,-4.140455484390259,3.34907603263855,-0.05969413183629513,1.007205218076706,-3.7072867155075073,3.4665955305099487,-0.08300187066197395,0.9831804931163788,-2.8837562799453735,2.8848496675491333,-0.012916637817397714,1.0087528228759766,-3.1510053873062134,4.074780225753784,-0.013307235087268054,0.9513651132583618,-31.40040874481201,30.004931449890137,-0.003574544156435877,0.938195526599884,-37.21428680419922,46.10836410522461,0.00016208121087402105,0.9982890784740448,-4.532599210739136,5.77627968788147
0,20054016,-0.001280004338696017,1.0011483132839203,-16.810338973999023,6.171794652938843,0.016077170614153147,0.99968221783638,-15.02973985671997,20.729966640472412,0.007380921975709498,0.9902067482471466,-4.24568510055542,11.363834381103516,0.005285923834890127,1.0005722641944885,-3.6374382972717285,9.694998741149902,-0.0003413761151023209,0.998590350151062,-8.818967342376709,9.186629295349121,0.0013704411685466766,0.9979100525379181,-8.851978302001953,8.883143663406372,0.0019963078666478395,0.9962607324123383,-13.440468788146973,11.455349922180176,-0.0006148840038804337,0.9971325397491455,-11.125184059143066,15.613160133361816,0.0001237662072526291,0.9993893504142761,-8.664706230163574,8.528228998184204,0.02380960900336504,1.0053035914897919,-4.25412917137146,3.4160863161087036,-0.0024233540752902627,1.0055066347122192,-4.06005072593689,3.135101795196533,-0.028955192305147648,1.0068540275096893,-2.7960994243621826,2.1393041610717773,0.01136906212195754,1.0205875635147095,-3.154091715812683,4.151893377304077,-0.019144498743116856,0.9644325971603394,-30.410568237304688,29.063993453979492,0.0012288258367334493,0.9550912082195282,-36.801218032836914,35.48907470703125,-0.001613630127394572,1.0038180947303772,-4.0322370529174805,4.752630233764648
0,21102592,-0.012830689083784819,1.0041508972644806,-14.597176551818848,6.790653228759766,0.03504527825862169,0.9918429553508759,-15.33981990814209,20.42832040786743,-0.0254813265055418,0.9859296381473541,-4.309728026390076,8.604109525680542,-0.015193915693089366,1.0006250143051147,-3.8692638874053955,8.53345251083374,-0.0010381090905866586,1.0005361139774323,-8.692199230194092,12.8201584815979,-0.011500445660203695,0.995940089225769,-10.067845344543457,8.471930503845215,0.0018357877852395177,0.9983071386814117,-12.825441360473633,11.61338186264038,-0.001973900478333235,0.9878216683864594,-12.137716293334961,14.887721061706543,0.0002265857983729802,0.9993468225002289,-8.873063087463379,13.704697608947754,-0.09078741073608398,1.0319508910179138,-3.8649046421051025,3.070074200630188,-0.08371137455105782,1.0268908143043518,-3.3485881090164185,3.6069377660751343,-0.044571347534656525,1.0035814940929413,-2.6816749572753906,2.1495012044906616,0.026549364905804396,1.0180200040340424,-2.7201257944107056,4.206138849258423,-0.01871671061962843,0.946558266878128,-32.52208995819092,30.260689735412598,-0.0011578888806980103,0.9373084604740143,-36.44718551635742,36.357303619384766,-0.009291140362620354,1.0028502345085144,-4.383074760437012,5.503448009490967
0,22151168,0.0035602326097432524,1.0001323521137238,-16.61840057373047,5.923861503601074,0.026531638577580452,0.99140664935112,-6.493631839752197,14.773353576660156,0.0018814002978615463,0.9951977431774139,-4.076239228248596,7.720401048660278,0.003845630679279566,1.0004341006278992,-4.065948724746704,5.826943874359131,-0.0005951625353191048,0.9987039864063263,-8.369166374206543,6.644192934036255,-0.002874232130125165,0.9970332384109497,-9.544695854187012,6.756186246871948,0.001551563327666372,0.9953509867191315,-11.16097640991211,11.405506610870361,0.00030900062120053917,0.9960571229457855,-11.730640888214111,12.83838415145874,-0.0005265660001896322,0.999041736125946,-9.467697143554688,7.398512840270996,-0.02391528431326151,1.01248300075531,-4.419207334518433,3.9141769409179688,0.04448309913277626,0.9920921921730042,-4.015440940856934,3.310044765472412,-0.036443157121539116,0.9890850484371185,-2.898284077644348,2.7974679470062256,0.033071717247366905,1.0199233889579773,-2.878361701965332,4.193139553070068,-0.017785044386982918,0.968002200126648,-29.539628982543945,27.760939598083496,0.0016931411810219288,0.9574154913425446,-34.67804718017578,35.80073547363281,0.0030948962667025626,1.0034899711608887,-4.0608824491500854,4.829408884048462
0,23199744,-0.004154528025537729,1.0021749138832092,-16.267619609832764,6.113058090209961,0.0182672212831676,0.9842960238456726,-7.403967618942261,14.653225898742676,0.0053558992221951485,0.9949683248996735,-4.249933242797852,8.037874221801758,-0.0005580629222095013,1.001863420009613,-3.5186188220977783,6.2554497718811035,-0.0006060419109417126,0.9999555945396423,-7.8054516315460205,8.905209064483643,0.00023439666256308556,0.9982685446739197,-9.092118263244629,6.899834156036377,0.0026023671962320805,0.9987236261367798,-12.115597248077393,10.929079055786133,-0.0007808162772562355,0.9950454831123352,-11.735719203948975,13.119405746459961,0.0005333449807949364,0.9992124736309052,-9.57367467880249,6.8359973430633545,-0.03301617223769426,1.018340289592743,-4.366995215415955,3.6237971782684326,-0.05529927276074886,0.9943576753139496,-3.9682631492614746,4.36155366897583,-0.034479277208447456,1.0090960562229156,-2.938827157020569,1.9111160039901733,0.0068875119322910905,1.0192766189575195,-3.065042734146118,4.740268707275391,-0.018941136077046394,0.9653942584991455,-30.530264854431152,28.1585054397583,-0.002863581059500575,0.9488993585109711,-35.0372257232666,40.29445838928223,-0.003182957269018516,1.0000856518745422,-4.163846254348755,5.750203609466553
0,24248320,-0.0006876395782455802,1.0008313059806824,-17.089688301086426,8.082727432250977,0.01538056752178818,0.9875766932964325,-8.362214088439941,27.92122745513916,0.006715362309478223,0.9900867342948914,-3.997496724128723,11.30906629562378,0.005266956752166152,1.0008476972579956,-3.4977294206619263,9.783008575439453,-0.0003496855715638958,0.9990557730197906,-7.639376640319824,8.586808681488037,0.00010492047294974327,0.9977562427520752,-9.356200695037842,11.095996856689453,0.0028536282770801336,0.9978675544261932,-12.318411827087402,11.358821392059326,-0.0003618198315962218,0.9968996644020081,-11.261832237243652,15.695486068725586,0.00044781999895349145,0.9996081590652466,-8.906094074249268,9.547053575515747,0.007791919895680621,1.0115137994289398,-4.962848901748657,3.4127352237701416,-0.02699482161551714,1.0082866549491882,-4.921996355056763,3.944950819015503,-0.029900855384767056,1.0041706562042236,-2.75446879863739,2.043725311756134,0.013122790958732367,1.0169539749622345,-3.154277801513672,4.7817699909210205,-0.020600122399628162,0.9685265123844147,-29.910927772521973,27.330082893371582,-0.001071093138307333,0.9568601548671722,-36.889230728149414,35.5350399017334,5.590459477389231e-05,1.0016947388648987,-4.262317895889282,5.756404161453247
0,25296896,-0.0009096348658204079,1.001933991909027,-17.013643264770508,6.153853416442871,0.022112427279353142,0.9850171208381653,-7.5506675243377686,29.048489570617676,0.0031663718982599676,0.9912628531455994,-4.547975301742554,10.900969505310059,0.009572858456522226,1.0006310939788818,-3.3654088973999023,8.51047396659851,-0.0004236060776747763,1.0000922083854675,-12.421911716461182,7.326218128204346,-0.0004326626658439636,0.9991559386253357,-9.093363285064697,10.055066108703613,0.001450868760002777,0.999400407075882,-12.075764179229736,14.088638305664062,-0.001143307628808543,0.9981579482555389,-11.720019817352295,16.50380229949951,0.0006095899443607777,0.9989049136638641,-9.551178932189941,8.622548341751099,-0.04858485609292984,1.0184712409973145,-4.26757550239563,3.2812896966934204,-0.026270564645528793,1.0069239437580109,-4.4232177734375,3.695806384086609,-0.028175661340355873,1.0042381584644318,-3.0495532751083374,1.9225054383277893,0.018982984125614166,1.018098771572113,-3.173746943473816,3.761364221572876,-0.021834248676896095,0.9656801223754883,-30.358823776245117,28.053154945373535,-0.0008272487029898912,0.9583338499069214,-37.65391731262207,38.58691215515137,-0.002460000803694129,1.003592610359192,-4.41831111907959,5.851879835128784
1,1179648,-0.018559377640485764,0.9977129697799683,-16.2349910736084,7.229581594467163,0.005876817740499973,1.019794225692749,-8.911012887954712,13.7414231300354,-0.04686160106211901,0.9775542914867401,-4.079782843589783,11.773695468902588,-0.0319700138643384,0.9959895312786102,-3.5888168811798096,11.191937446594238,-0.0009688819445727859,1.0004644393920898,-7.995248317718506,8.542351245880127,-0.012589353136718273,0.993695467710495,-10.325366497039795,9.512583255767822,0.0009196762111969292,0.9957891702651978,-12.75054931640625,11.907634735107422,-0.0033895039232447743,0.9837616086006165,-12.834340572357178,16.229132652282715,0.0002577078694230295,1.000484049320221,-7.726714134216309,8.68802261352539,-0.09504333883523941,1.024257481098175,-3.7122191190719604,3.728330135345459,-0.14400546997785568,0.9993628859519958,-3.4243746995925903,4.561208486557007,-0.01967126689851284,1.0087297856807709,-2.8914361000061035,1.8895294666290283,0.018119319691322744,0.993805855512619,-3.21294105052948,4.277929782867432,-0.00799708521606135,0.9332181513309479,-33.55870246887207,31.240172386169434,-0.00396441260818392,0.913231760263443,-39.89923667907715,40.62268257141113,-0.004241630318574607,0.9956047236919403,-4.424580097198486,5.763140439987183
1,2228224,0.007926126476377249,1.0020630359649658,-17.539835929870605,7.153795957565308,0.04696646938100457,0.98101806640625,-11.800302028656006,23.402697563171387,-0.0004936454351991415,0.9875107109546661,-4.173856854438782,10.452779293060303,0.01076498907059431,1.0009787380695343,-3.533869981765747,10.255791187286377,-0.0005560205099754967,0.9960221350193024,-9.508186340332031,14.26852798461914,-0.003670642734505236,0.9953871965408325,-9.767673969268799,9.227563381195068,0.002967470500152558,0.9913682639598846,-12.82275915145874,10.702428340911865,0.0003257497592130676,0.9965228140354156,-12.018699645996094,15.839994430541992,-0.0001051644649123773,0.9985461533069611,-9.555298328399658,6.8531012535095215,-0.015002100728452206,1.0094675719738007,-3.3747429847717285,3.5594260692596436,0.06788741238415241,0.9742976725101471,-4.605494976043701,4.69662618637085,-0.03146677790209651,0.998201459646225,-2.6027164459228516,2.1980559825897217,0.04764336068183184,1.0176600217819214,-2.8444814682006836,4.724381685256958,-0.01907414197921753,0.9632054567337036,-29.491755485534668,27.572617530822754,-0.0010830374667420983,0.9506214559078217,-41.31429862976074,35.09219551086426,0.007019236451014876,1.0025456249713898,-4.458564519882202,5.009528636932373
1,3276800,0.001285635276872199,1.0006446540355682,-17.37991428375244,6.84298849105835,0.019135699287289754,0.9830338060855865,-6.529402494430542,21.060863494873047,-0.008907858515158296,0.9885220229625702,-5.148508548736572,10.269467830657959,0.004133143462240696,1.0011692643165588,-4.37539279460907,8.462267637252808,-0.00020830123662562983,0.9985369145870209,-8.347269535064697,7.532421588897705,-0.0032555244397372007,0.9968661665916443,-9.206984519958496,8.303248882293701,0.000863491150084883,0.9956265389919281,-11.428647994995117,11.573564529418945,-0.000360330828698352,0.9960877299308777,-11.441010475158691,15.833699226379395,0.0003212111914763227,0.9989480972290039,-8.20327353477478,8.106976985931396,-0.014865073375403881,1.0151444375514984,-3.933679223060608,3.144544243812561,0.06553595792502165,0.9883092045783997,-4.676178932189941,2.4599708318710327,-0.012638477142900229,1.0078006982803345,-2.5949023962020874,2.281700611114502,0.01917719468474388,1.0162700414657593,-2.7152199745178223,4.10697340965271,-0.020533883944153786,0.9587689936161041,-30.568023681640625,28.99929428100586,0.0027720083307940513,0.9490628838539124,-37.522491455078125,33.93403434753418,0.0007012603600742295,1.0017519891262054,-4.113555431365967,6.291851282119751
1,4325376,-0.0014786140527576208,1.0017040371894836,-17.26537799835205,6.8173487186431885,0.013679257303010672,0.9915931224822998,-6.591517210006714,27.524154663085938,-0.003806610560786794,0.9921739399433136,-4.104064702987671,10.327529907226562,0.004061988875037059,1.0008002817630768,-3.7506431341171265,8.617857933044434,-6.047169154044241e-05,0.9998815655708313,-8.805211067199707,6.857028007507324,-0.0012759323872160167,0.9986625015735626,-9.020021915435791,10.441075325012207,0.0009665898542152718,0.9985976815223694,-11.833776950836182,14.344395160675049,-0.0011007562279701233,0.9978168606758118,-11.652250289916992,17.17239475250244,0.0005537473552976735,0.9997127652168274,-10.663199663162231,8.748482704162598,-0.029053712263703346,1.0179672837257385,-3.7814972400665283,3.090824604034424,0.026760478504002094,0.9893957674503326,-3.7439002990722656,2.3528859615325928,-0.00842888792976737,1.0149005651474,-2.6771748065948486,1.955315887928009,0.009395563509315252,1.015543133020401,-2.9259918928146362,4.035415172576904,-0.020995664410293102,0.9598098695278168,-30.52199935913086,28.07266616821289,-0.0005385615513660014,0.9502341449260712,-40.85478591918945,34.46421813964844,-0.002240596426418051,0.9999299347400665,-4.263513565063477,5.318265676498413
1,5373952,-0.001797893040929921,1.000031441450119,-16.920560836791992,6.936969995498657,0.02207434270530939,0.9921416342258453,-7.111522197723389,19.303056240081787,-0.0010433409624965861,0.9929896891117096,-4.372721910476685,10.471481800079346,-0.000606702989898622,1.0007940232753754,-3.3762539625167847,8.420679569244385,-0.0002507964200049173,0.9990916848182678,-8.387233972549438,6.907368421554565,-0.0024312135064974427,0.9966857433319092,-9.324606895446777,9.802620887756348,0.0018016322937910445,0.996460497379303,-10.347410678863525,13.279973030090332,8.007853466551751e-05,0.9948992431163788,-12.407351970672607,16.213928699493408,0.0001598730741534382,0.9995315074920654,-8.717870712280273,9.885522365570068,-0.020927228033542633,1.0151930451393127,-3.8536012172698975,3.3165537118911743,0.02510564774274826,0.9939033687114716,-3.871539831161499,2.346120834350586,-0.035573100205510855,0.9988608956336975,-2.7170796394348145,2.132979393005371,0.026513020507991314,1.0168604850769043,-3.6400800943374634,4.126811385154724,-0.01786479353904724,0.9641549289226532,-30.526095390319824,28.514843940734863,0.0021200712071731687,0.94376540184021,-35.7822265625,33.78377914428711,-0.002595638216007501,1.0029812455177307,-4.118435621261597,4.892992734909058
1,6422528,-0.005999870365485549,1.005539059638977,-17.468178749084473,7.092022180557251,0.014042081427760422,0.9922315180301666,-12.170671939849854,27.86484718322754,0.012017613742500544,0.9940054416656494,-4.889609098434448,10.902914047241211,-0.0019435407593846321,1.000840663909912,-3.1703789234161377,9.540489196777344,-0.0010051726712845266,1.0019563436508179,-7.800576448440552,13.223956823348999,0.0006223121308721602,0.9989248216152191,-10.323386669158936,11.029670715332031,0.0005009989254176617,1.003341794013977,-13.593717098236084,11.829670429229736,-0.0008938538376241922,0.9944722056388855,-11.705353736877441,17.51666259765625,0.0006846900723758154,1.0006253719329834,-11.079538345336914,13.031217575073242,-0.058693652972579,1.0255888104438782,-3.6987388134002686,3.5900598764419556,-0.029083619825541973,0.9967818260192871,-4.257200002670288,2.652730941772461,-0.012731635011732578,1.0123368501663208,-2.8458399772644043,1.77742600440979,-0.0006186645478010178,1.0140842199325562,-3.5159382820129395,4.2413647174835205,-0.020272444933652878,0.9593376815319061,-30.266335487365723,28.732653617858887,-0.011307908222079277,0.945317417383194,-39.52793502807617,35.91114044189453,-0.0007005754159763455,1.0070350170135498,-4.41218900680542,4.8157501220703125
1,7471104,0.0005293229478411376,1.0024402141571045,-16.593273162841797,6.824055194854736,0.011957791168242693,0.9959564805030823,-10.651703834533691,22.6546688079834,0.0006685312837362289,0.9945818185806274,-4.650135517120361,9.556809902191162,0.006803805939853191,1.000091016292572,-3.743311047554016,9.97053337097168,-0.0011511888587847352,0.9996937811374664,-9.467958927154541,9.900574922561646,-0.0028534201555885375,0.9985166788101196,-9.776209354400635,11.387127876281738,0.0018420797246108123,0.9990358650684357,-13.84935998916626,13.971138954162598,-0.0007827243243809789,0.9967454075813293,-11.660943984985352,16.19700813293457,0.0002383906248724088,0.999118447303772,-9.048864364624023,8.791680812835693,-0.02109449659474194,1.013990581035614,-4.299180269241333,3.6010329723358154,-0.05226689949631691,1.0077579021453857,-4.233848929405212,3.2497235536575317,-0.010400736704468727,1.010652333498001,-2.8868592977523804,1.6351316571235657,0.024254740215837955,1.0121580958366394,-3.5377062559127808,4.404465198516846,-0.02115518506616354,0.966173529624939,-29.73292636871338,26.972793579101562,-0.001054557564202696,0.9562505483627319,-34.33555221557617,36.933834075927734,-0.0006250295045902021,1.0019070506095886,-4.592902660369873,5.010163307189941
1,8519680,-0.001656188687775284,1.002691626548767,-16.824557304382324,6.7758073806762695,0.021798167028464377,0.9949826598167419,-7.042348623275757,25.315567016601562,-0.009690529201179743,0.9971932470798492,-4.599685907363892,10.477679252624512,0.006143216043710709,1.0008289217948914,-3.694048762321472,10.391817092895508,-0.0008892008190741763,0.9998114705085754,-9.845423221588135,7.479263782501221,-0.004197900532744825,0.9977518916130066,-9.691198348999023,11.513864994049072,0.0015782253576617222,0.9995028674602509,-13.439857959747314,13.641697406768799,-0.001593555585714057,0.9956742525100708,-11.450077533721924,16.69208335876465,0.0008724870713194832,0.9996820688247681,-7.929281711578369,7.5840535163879395,-0.056111814454197884,1.0172314643859863,-4.172983646392822,3.651389956474304,-0.052020493894815445,1.00410795211792,-4.298462629318237,3.170910596847534,-0.027970744762569666,1.005674123764038,-2.9042216539382935,1.8937907814979553,0.029038733802735806,1.0121705532073975,-3.582198739051819,4.331871867179871,-0.019608489703387022,0.963379442691803,-30.191887855529785,27.999588012695312,-0.0012174858684375067,0.9621074497699738,-37.43075180053711,35.52837371826172,-0.0017637710989220068,1.0036695003509521,-4.606383562088013,5.922184944152832
1,9568256,-0.007241280749440193,1.0012163817882538,-15.784709453582764,6.327915906906128,0.017480181762948632,0.9953338503837585,-10.73305058479309,19.50645637512207,0.03512698505073786,1.0022914409637451,-4.103954553604126,7.440184116363525,0.001854360569268465,1.0013297200202942,-3.4998373985290527,7.2665488719940186,-0.0006767775266780518,0.9987824857234955,-8.227674007415771,10.891202926635742,0.008564817893784493,0.9983867108821869,-8.70123815536499,8.339139699935913,0.0016754167809267528,0.9968037903308868,-13.869878768920898,11.518125534057617,0.0003978435997851193,0.994499146938324,-11.691523551940918,14.611391544342041,0.0006112660414601123,0.9998435080051422,-8.489865779876709,9.916364192962646,-0.0008759160991758108,1.0190762877464294,-4.061415791511536,3.130155563354492,-0.004636996425688267,1.0002467930316925,-3.804878354072571,3.762620210647583,-0.0459018824622035,1.0038124024868011,-2.7017462253570557,2.268820285797119,-0.027504985220730305,1.0072236359119415,-3.587732195854187,4.447606325149536,-0.02192137949168682,0.9673519730567932,-30.162487983703613,28.019702911376953,-0.0001440253690816462,0.9507683217525482,-38.940744400024414,34.76644706726074,-0.004545463714748621,0.9998155534267426,-4.235879182815552,6.304254770278931
1,10616832,-0.005651147570461035,1.0004630088806152,-16.592522621154785,6.488937139511108,0.017058075201930478,0.9956605434417725,-6.304969072341919,17.53919219970703,0.01810192409902811,1.0000472366809845,-4.2609570026397705,7.925607204437256,0.005504535511136055,1.0007350444793701,-3.287926435470581,7.5077033042907715,-0.00043230537994531915,0.9999449849128723,-9.43504524230957,6.801637649536133,0.004776491201482713,0.9987690448760986,-9.45788288116455,9.931299448013306,0.00122144038323313,0.999078243970871,-11.935903549194336,11.091495037078857,-0.00037879983392485883,0.9963820576667786,-12.456768989562988,13.008800506591797,0.0005494111101143062,0.999279797077179,-10.281900405883789,8.144679546356201,-0.018477993784472346,1.017313301563263,-3.6397284269332886,3.1504369974136353,-0.021416171453893185,1.006880521774292,-3.610612630844116,3.1774966716766357,-0.04899046756327152,0.9986507296562195,-2.6898274421691895,2.504392623901367,-0.010614162310957909,1.008726567029953,-3.731741428375244,4.6951165199279785,-0.02199044730514288,0.9674849212169647,-29.882959365844727,27.488232612609863,-0.0016516983159817755,0.9521651864051819,-37.734697341918945,36.718889236450195,-0.0037594840541714802,1.0014766454696655,-4.1414954662323,6.424806833267212
2,1179648,-0.0062353722751140594,1.0003902912139893,-16.80851936340332,5.908300161361694,0.015652132220566273,1.0040494799613953,-10.016666412353516,14.388907432556152,0.006121535319834948,0.9865691661834717,-4.1413414478302,7.730466365814209,-0.011745131574571133,1.0002761483192444,-3.4650681018829346,5.583090782165527,-5.8877070841845125e-05,0.9989959299564362,-9.246589183807373,11.216389179229736,-0.004159776144661009,0.9953994750976562,-10.428575038909912,6.613565921783447,0.002037755330093205,0.9942983090877533,-13.347362041473389,10.945260524749756,-0.0006268906290642917,0.9890733659267426,-13.85390043258667,14.942200660705566,-0.0005254741263343021,0.998818963766098,-8.513428449630737,7.889971733093262,-0.006085556698963046,1.0221331119537354,-3.4082945585250854,3.7238831520080566,-0.06508020684123039,1.0136711597442627,-3.5581248998641968,3.5965487957000732,-0.06127222441136837,0.9913332462310791,-2.9344191551208496,2.3377422094345093,0.004950457252562046,1.0095093846321106,-3.5693249702453613,4.1570916175842285,-0.017220400273799896,0.9561077952384949,-30.876267433166504,28.771218299865723,0.003317548311315477,0.9420691132545471,-40.5233154296875,38.36365509033203,-0.0026627536281012,0.998563826084137,-4.306410789489746,4.873246431350708
2,2228224,-0.001970354816876352,0.9997267723083496,-17.380599975585938,5.981706857681274,0.03774871211498976,1.0000186562538147,-9.123410701751709,15.15739917755127,0.006121521582826972,0.9978465437889099,-4.5564353466033936,9.419002056121826,-0.014789713080972433,1.0001871883869171,-3.810551166534424,8.381757736206055,-0.0012303792755119503,0.9999914467334747,-8.299074649810791,8.45820951461792,-0.005436304025352001,0.9956920146942139,-9.662230968475342,6.3249993324279785,0.00292540923692286,0.9987281560897827,-11.705389022827148,10.853808879852295,-0.001954335777554661,0.9892913699150085,-11.493834495544434,15.744789123535156,0.0008254092244897038,1.0000556409358978,-9.45356798171997,6.331198215484619,-0.058072992600500584,1.012608140707016,-3.270927309989929,3.4804054498672485,-0.0025844285264611244,1.008182942867279,-3.783636689186096,2.5464189052581787,-0.03998400550335646,0.9933370649814606,-2.9641623497009277,2.811519145965576,0.015414797700941563,1.0024825036525726,-3.8286545276641846,4.282267808914185,-0.015617427416145802,0.9521571397781372,-31.23706340789795,28.7349853515625,-0.010494225192815065,0.9332031905651093,-47.58832550048828,33.21163749694824,0.003057898487895727,1.0013128817081451,-4.212037563323975,5.969820737838745
2,3276800,-0.0099786426872015,1.0017068684101105,-16.246801376342773,6.876127481460571,0.007074738387018442,1.0106186270713806,-10.917388916015625,18.401465892791748,0.01846294477581978,1.004686176776886,-4.497491359710693,7.504770994186401,-0.0018652151338756084,1.0005863308906555,-3.583616018295288,7.154835939407349,1.3930359273217618e-05,1.0008635520935059,-8.098583459854126,11.918303966522217,0.0033893692307174206,0.9990825951099396,-10.398481845855713,9.48755407333374,0.0009620533819543198,1.000991553068161,-14.637557983398438,13.10079288482666,-0.0015751096070744097,0.9928169548511505,-12.364396572113037,13.936853885650635,0.0007033796864561737,0.999905526638031,-8.704149723052979,7.136735200881958,0.008509212173521519,1.0230060815811157,-3.9638025760650635,2.934640407562256,-0.04433891549706459,1.0209888815879822,-3.839535713195801,3.0855754613876343,-0.05724405683577061,0.9986795485019684,-2.9151028394699097,2.4274070262908936,-0.02387001598253846,1.0104044675827026,-3.4338423013687134,3.9423989057540894,-0.019901874475181103,0.9645854830741882,-30.50004482269287,28.163037300109863,0.001965136034414172,0.9448867440223694,-34.75573539733887,36.1827335357666,-0.006100825499743223,1.0040780901908875,-4.342109441757202,4.900709390640259
2,4325376,-0.0020414960163179785,1.0030391216278076,-17.60154151916504,6.518700122833252,0.017620342387090204,0.9948316514492035,-10.549296140670776,28.791172981262207,-0.016143877524882555,0.9974638223648071,-4.590400457382202,9.654653549194336,0.0008535373490303755,1.0006256699562073,-3.583914875984192,8.55543565750122,-3.395146632101387e-05,0.9995631575584412,-12.111284255981445,11.582155704498291,-0.004375112941488624,0.9969803988933563,-9.433106899261475,11.763014793395996,0.0010230852494714782,0.9981586039066315,-13.970599174499512,12.381987571716309,-0.0006890638178447261,0.99623703956604,-11.576252460479736,18.135042190551758,-0.0005944354925304651,0.9996560215950012,-10.032377481460571,8.398337602615356,-0.03726628376170993,1.018299400806427,-3.7888845205307007,3.578809976577759,-0.007677300600335002,1.0048369765281677,-4.20777702331543,2.8648431301116943,-0.014732777461176738,1.0093958675861359,-3.323698878288269,1.8568599820137024,0.032226020470261574,1.0143393874168396,-3.547694683074951,4.055317401885986,-0.020846455357968807,0.9658227562904358,-30.995073318481445,28.36131477355957,0.0006309303716989234,0.9509550333023071,-38.41180419921875,37.83940315246582,-0.004269608165486716,1.004335880279541,-4.073087692260742,6.1257030963897705
2,5373952,-0.006613995763473213,1.0063918232917786,-17.99577236175537,7.43806266784668,0.0007184352725744247,1.0018817484378815,-19.682822227478027,22.579028606414795,0.00126379998982884,1.003222942352295,-4.543045520782471,9.836745262145996,-0.0014028409495949745,1.0010307431221008,-4.651239395141602,9.131714105606079,-0.0005654885608237237,1.0015960335731506,-8.997820377349854,16.315390586853027,0.00025805330369621515,0.9988462328910828,-10.069887638092041,9.859612941741943,5.600805161520839e-05,1.0037171244621277,-16.13051986694336,11.963220119476318,-0.001101871341234073,0.9957708716392517,-11.760025024414062,16.55003833770752,0.0008073239005170763,1.000598430633545,-11.589513778686523,7.400587797164917,-0.04975039977580309,1.0185810029506683,-3.7627214193344116,3.8791812658309937,-0.016784696839749813,1.0023831129074097,-4.4931724071502686,2.4007407426834106,-0.00045429449528455734,1.015076756477356,-3.2351291179656982,1.659009873867035,-0.0052357257809489965,1.0024084150791168,-3.771845817565918,3.8901935815811157,-0.018861109856516123,0.9627605080604553,-30.55474090576172,27.250405311584473,-0.013229749631136656,0.9557760059833527,-37.807607650756836,34.63899230957031,-0.004156873794272542,1.0092490911483765,-4.554141998291016,5.740654468536377
2,6422528,-0.006416838965378702,1.0022125244140625,-16.721346855163574,6.229523420333862,0.010280238464474678,0.9978477358818054,-12.458202362060547,19.714486122131348,-0.0018635255983099341,0.9980890452861786,-4.183279752731323,10.079933643341064,0.008229302475228906,1.000296950340271,-4.54437255859375,9.763453006744385,-0.0006354721481329761,1.0004368424415588,-8.118106365203857,11.708126068115234,-0.0004204045981168747,0.9986596703529358,-9.890000343322754,9.24605393409729,0.0005167534982319921,0.998870849609375,-13.754603862762451,16.912527084350586,-0.0012685916444752365,0.9960362315177917,-11.77738332748413,14.818083763122559,0.00013568403664976358,0.9994884729385376,-9.478521347045898,8.56933856010437,-0.02371812704950571,1.0222228169441223,-4.008616089820862,3.8030147552490234,-0.05477900244295597,1.0151904225349426,-3.7658175230026245,2.722130060195923,-0.026600866112858057,1.0089867115020752,-3.003083825111389,1.7551343441009521,0.005160648957826197,1.009549081325531,-3.6032086610794067,4.095178842544556,-0.02057662606239319,0.9705339968204498,-29.931571006774902,28.716357231140137,0.0003322897246107459,0.9570733904838562,-33.15237998962402,38.37815856933594,-0.005715199746191502,1.0048234164714813,-4.4745683670043945,5.790125370025635
2,7471104,-0.015023442916572094,1.0036631226539612,-17.100300788879395,5.788995742797852,0.00674666790291667,1.0039807260036469,-8.934777975082397,13.09926700592041,0.018152327626012266,1.0015253126621246,-4.3520636558532715,11.471125602722168,0.009323912439867854,1.0007169842720032,-4.240657567977905,8.187290668487549,-0.00011531606935477612,1.0017545819282532,-7.233833074569702,11.982170581817627,0.008710704452823848,1.0003786087036133,-10.133420467376709,6.250126123428345,2.6602589059621096e-05,1.002264380455017,-14.859199523925781,12.025800704956055,-0.0008837425266392529,0.9956831336021423,-13.060736656188965,15.938820838928223,0.0011854467520606704,0.9996545612812042,-7.168577194213867,8.571195125579834,-0.021462113596498966,1.0300747752189636,-4.017044901847839,3.53343403339386,-0.0428813174366951,1.011737048625946,-3.8105311393737793,2.7771190404891968,-0.040835230611264706,1.0107755064964294,-2.7882851362228394,2.1321396827697754,-0.039651041850447655,1.0127815008163452,-3.6514168977737427,4.341238975524902,-0.021619683131575584,0.9678125083446503,-30.362509727478027,27.97248649597168,-0.0013663633144460618,0.9611430168151855,-35.53880310058594,35.373497009277344,-0.014510068576782942,1.0036404132843018,-4.5401434898376465,5.325044393539429
2,8519680,-0.009880308294668794,1.002377986907959,-16.861385345458984,7.536351680755615,0.011105795623734593,0.9988588690757751,-8.478079795837402,28.83494472503662,0.01822137087583542,0.9930004179477692,-4.483006715774536,10.225290298461914,0.00547582539729774,1.0015937089920044,-3.42181134223938,9.479708194732666,-0.00020019590738229454,1.0000858902931213,-8.884811162948608,11.684462070465088,0.005286541068926454,0.9990191757678986,-10.376529216766357,10.784066200256348,0.0008348088013008237,0.9984446465969086,-14.914933204650879,11.796880722045898,-0.0007156666106311604,0.9962225258350372,-11.952916145324707,16.48897361755371,0.00010441358608659357,1.0000473260879517,-8.164196968078613,8.316778182983398,0.010487689170986414,1.016482174396515,-3.676787853240967,3.6508525609970093,-0.02659672312438488,1.0113511085510254,-3.605015993118286,2.9189339876174927,-0.051196916960179806,1.0008043944835663,-2.646661400794983,2.343525767326355,-0.026475519873201847,1.020359069108963,-3.6005585193634033,3.9937225580215454,-0.0204103859141469,0.9686907231807709,-30.323427200317383,27.676361083984375,-0.0003610308631323278,0.9559100568294525,-35.315399169921875,36.09021186828613,-0.00893086614087224,1.0040112733840942,-4.259248733520508,5.448933124542236
2,9568256,-0.01335365790873766,1.0021740794181824,-15.685344696044922,6.443948268890381,-0.0005397065542638302,0.9916109144687653,-11.464506149291992,17.095401763916016,-0.0013406079378910363,1.0007492899894714,-4.453951358795166,8.253264427185059,-0.0010910979472100735,1.0013183951377869,-3.9008861780166626,6.430630207061768,0.00020203020358167123,1.001729667186737,-7.697939872741699,10.61740493774414,0.0033427138114348054,0.9996141791343689,-8.912304878234863,7.981655120849609,-0.001510371861513704,1.0022313296794891,-11.416473865509033,10.428778648376465,-0.0010806909704115242,0.9960558414459229,-11.751157760620117,14.643419742584229,0.0007136954518500715,0.9999068677425385,-8.574350357055664,8.903438091278076,-0.04608731344342232,1.0181363224983215,-3.688937187194824,3.5972944498062134,-0.019675920717418194,1.0059258341789246,-4.227957010269165,2.673676609992981,-0.008223024487961084,1.0185208320617676,-2.7681268453598022,2.0287314653396606,-0.035092899575829506,1.0038554966449738,-3.2764192819595337,4.0403947830200195,-0.019128688611090183,0.9638174176216125,-29.98728370666504,28.48250961303711,-0.004329384071752429,0.9448565244674683,-34.43832969665527,34.979583740234375,-0.012466764776036143,1.0045357942581177,-4.241159915924072,5.361875772476196
2,10616832,-0.010444706538692117,0.9987891018390656,-14.493860721588135,6.02257776260376,0.021933760726824403,0.9886664748191833,-14.144148349761963,13.724420547485352,0.052590254694223404,0.9961250722408295,-3.611360192298889,5.976438760757446,-0.011225472204387188,0.9993451535701752,-3.5041991472244263,4.320143461227417,-0.0005095453234389424,0.9997114837169647,-8.132416248321533,10.730343341827393,0.007324899721425027,0.9985681474208832,-9.566903591156006,7.476553678512573,0.0024214331388066057,0.9966663718223572,-14.197473526000977,11.114514350891113,-0.0006493453402072191,0.9917422533035278,-12.798432350158691,11.728612899780273,0.00030323583632707596,1.000169813632965,-7.17467474937439,8.308858394622803,0.03210870735347271,1.0069248676300049,-4.136749982833862,2.691514730453491,0.007395582739263773,1.0028735101222992,-3.6521118879318237,3.263442277908325,-0.09214036166667938,0.9893409609794617,-2.6598308086395264,2.4851142168045044,-0.03397672064602375,1.0182763934135437,-3.235614776611328,4.086517810821533,-0.01633209828287363,0.9510326981544495,-31.553224563598633,30.06644058227539,0.000991016044281423,0.9377991259098053,-39.650028228759766,37.249732971191406,-0.007588681299239397,0.9982900321483612,-4.185918569564819,5.526868104934692
2,11665408,-0.009493802208453417,1.0030397772789001,-14.674662590026855,6.155457258224487,0.003992645302787423,0.9969174861907959,-13.975016117095947,14.254563331604004,0.015023586805909872,0.9990250170230865,-4.249029874801636,6.393477916717529,0.004839135333895683,1.002189815044403,-3.563498377799988,4.429485082626343,0.00041943215364881326,0.9999870359897614,-8.825226306915283,10.773977279663086,0.00322760664857924,0.9988197684288025,-9.412122249603271,8.415246725082397,-0.0011935514630749822,0.9987606406211853,-13.88450574874878,11.514039516448975,-0.001021517309709452,0.9955542683601379,-11.706092834472656,11.92856216430664,0.00011589040514081717,0.9997106492519379,-8.879801273345947,9.26848840713501,-0.024085604585707188,1.0239025950431824,-3.8289196491241455,3.3704289197921753,-0.022397664259187877,1.0179755091667175,-3.596441626548767,3.291186809539795,-0.02831667277496308,1.0075299143791199,-2.6338069438934326,2.5791385173797607,-0.02972353622317314,1.0145891606807709,-3.0968514680862427,3.6874608993530273,-0.021575317718088627,0.961085855960846,-30.624095916748047,28.797866821289062,-0.0005074725777376443,0.9516451954841614,-34.59500312805176,36.07563781738281,-0.008939901017583907,1.004158854484558,-4.302657842636108,5.958133220672607
2,12713984,-0.004863862995989621,1.0014809966087341,-16.66191005706787,5.871981143951416,0.011840921477414668,0.995393306016922,-16.439839363098145,21.513635635375977,0.01036935392767191,0.9901949465274811,-4.5782129764556885,9.249089002609253,0.012784943741280586,0.9991475343704224,-4.303540945053101,6.522500514984131,-7.194267527665943e-05,0.9993670284748077,-8.084575653076172,10.984578132629395,0.0041879903874360025,0.999260663986206,-8.890384674072266,8.756904125213623,0.0003617363254306838,0.9979205131530762,-12.794824600219727,11.351485252380371,-0.00036963282036595047,0.9989011287689209,-11.205202102661133,13.508785247802734,0.0004213039355818182,0.9996254742145538,-8.851353645324707,8.468458414077759,-0.012919616186991334,1.0125444829463959,-4.155407905578613,3.8636690378189087,0.005728832446038723,1.0076592564582825,-3.915322780609131,3.2580299377441406,-0.028987986035645008,1.004630208015442,-2.778891444206238,2.361319899559021,-0.004788810387253761,1.022590309381485,-3.0467206239700317,3.797828435897827,-0.021378652192652225,0.9747360050678253,-29.7376070022583,27.34767723083496,0.00040405198524240404,0.9630386829376221,-33.323055267333984,33.480743408203125,-0.004647634457796812,1.0037859678268433,-4.018563270568848,4.989187002182007
2,13762560,-0.005644586635753512,1.0022549033164978,-16.602009773254395,6.0228095054626465,0.008838402573019266,0.9907881915569305,-18.697702407836914,23.008081436157227,0.008383878332097083,0.994915246963501,-4.698885202407837,11.857405185699463,0.012192600290291011,0.9992328882217407,-3.706629157066345,9.80274486541748,-0.0005071980485809036,0.9995133876800537,-8.435258865356445,10.285235404968262,0.0035008815466426313,0.999862551689148,-8.715520858764648,9.619693279266357,-0.00027797105758509133,0.9990177154541016,-13.929441452026367,11.73233938217163,-0.0003791461385844741,0.9985008835792542,-12.138447284698486,16.915547370910645,0.0002427340514259413,0.9994873106479645,-7.92174506187439,10.206974029541016,-0.014857206959277391,1.0149197578430176,-4.2796854972839355,3.6021488904953003,-0.01706035528331995,1.0100234746932983,-3.818755865097046,3.1921215057373047,-0.0012764185667037964,1.0175271034240723,-2.9440062046051025,1.9085682034492493,-0.01261185685871169,1.0146373808383942,-3.2557085752487183,3.7367993593215942,-0.021010079421103,0.9702501595020294,-29.3217830657959,26.9085693359375,-0.0018800550606101751,0.9624054431915283,-35.44584274291992,37.89752769470215,-0.0061989231035113335,1.0015673339366913,-3.9529207944869995,5.451429605484009
2,14811136,-0.009087224956601858,1.0021378099918365,-17.222484588623047,6.237646818161011,-0.004730659537017345,0.9922608435153961,-10.69332480430603,30.341134071350098,0.002421477809548378,0.9937845170497894,-4.7343316078186035,11.663969039916992,0.0005185566842556,1.0009765625,-3.60081148147583,9.103898048400879,-0.0007386308570858091,1.0013507008552551,-8.816070079803467,9.304008960723877,0.00033550942316651344,0.998780220746994,-9.359500408172607,10.65936279296875,-0.00023419823264703155,1.0018490850925446,-13.035048961639404,11.926458358764648,-0.0010622772970236838,0.9953905344009399,-12.193328380584717,16.738075256347656,0.0007583955302834511,0.9999565482139587,-8.491946458816528,7.7004265785217285,-0.03960311971604824,1.014961063861847,-3.907267928123474,3.637330651283264,-0.03487280383706093,1.0130876898765564,-3.5932117700576782,3.234686255455017,-0.007775603095069528,1.0222824215888977,-3.0841379165649414,1.613067865371704,-0.01998595241457224,1.0041090548038483,-3.1799702644348145,4.0066012144088745,-0.01934436894953251,0.9683448672294617,-29.669058799743652,27.259406089782715,-0.004465436562895775,0.9599407315254211,-32.828993797302246,32.50790023803711,-0.008569064317271113,1.0016671419143677,-4.00883936882019,5.8957226276397705
2,15859712,-0.0027895809325855225,1.001292884349823,-16.947989463806152,7.202656269073486,0.01465643779374659,0.98569655418396,-7.027223587036133,29.768814086914062,0.011559140169993043,0.9887314140796661,-5.490277290344238,10.452465534210205,0.01218621851876378,0.9996269047260284,-4.191764712333679,8.794256210327148,0.00012367978342808783,0.9996707141399384,-7.445713758468628,10.800429821014404,0.004360483348136768,0.9991825819015503,-10.705305099487305,11.684597969055176,0.0006151018314994872,0.9982428848743439,-13.78766918182373,12.321751594543457,2.8658903829636984e-05,0.9990164637565613,-11.434969902038574,17.287376403808594,0.0003604210214689374,0.9998133182525635,-8.085414171218872,8.438963174819946,0.006734240043442696,1.012979805469513,-4.289772987365723,3.4881234169006348,-0.0102031328715384,1.005760669708252,-3.803898572921753,3.214951515197754,-0.009812093892833218,1.0179456770420074,-3.1926441192626953,1.4110069274902344,-0.007619215059094131,1.0114408135414124,-3.2758448123931885,3.930411696434021,-0.019275805912911892,0.9708640575408936,-29.418002128601074,26.637035369873047,0.001282460012816955,0.9597106575965881,-33.03195762634277,33.095184326171875,-0.004254103536368348,1.0005528032779694,-3.886693239212036,5.903144598007202
2,16908288,-0.007992496670340188,0.9990245401859283,-16.454760551452637,5.891350984573364,-0.01859651505947113,0.9903607666492462,-7.676854848861694,13.476096630096436,-0.005037423223257065,0.9977045357227325,-4.983125686645508,8.051111936569214,-0.022187776397913694,1.000465989112854,-3.858498215675354,6.055538177490234,-5.682497476300341e-05,1.0001437962055206,-10.464695453643799,10.308980941772461,-0.004911577329039574,0.9959664940834045,-11.607748031616211,6.433639049530029,-0.0015359469289251138,0.9997466206550598,-12.502768516540527,12.04028034210205,-0.002562736568506807,0.9877468347549438,-12.229782104492188,15.034016609191895,0.0003863500605802983,1.0010488033294678,-12.580328226089478,7.3114399909973145,-0.05119044613093138,1.0130442082881927,-3.572420120239258,4.043692111968994,-0.08958365768194199,1.0088064074516296,-3.355558395385742,3.4366108179092407,-0.010117012774571776,1.0114262998104095,-2.8926981687545776,1.851126492023468,-0.011729406425729394,1.009073555469513,-3.708661913871765,4.31175422668457,-0.014601310715079308,0.9536031782627106,-31.50804042816162,29.790761947631836,-0.007105432916432619,0.9432517290115356,-34.63215446472168,35.92203140258789,-0.00030109286308288574,1.0019648373126984,-4.34818959236145,5.326910018920898
2,17956864,-0.005729042808525264,1.0027697682380676,-16.683140754699707,5.71465539932251,0.02226080046966672,1.0002529919147491,-7.779177665710449,15.352602481842041,0.004224461270496249,0.9991622865200043,-4.877673149108887,5.48799204826355,0.004915446043014526,1.0002604722976685,-3.407816171646118,4.150460839271545,-7.569414447061718e-05,0.9994211494922638,-8.353200435638428,9.733585834503174,0.0021135244169272482,0.9975206553936005,-10.150116920471191,6.603050947189331,0.0009964372366084717,0.9977612793445587,-13.71587085723877,11.374773502349854,-0.0004939219070365652,0.9963949918746948,-11.451038360595703,11.27633810043335,9.033762034960091e-05,0.9993029832839966,-11.772010326385498,6.574993133544922,-0.02736945590004325,1.013650894165039,-3.670141577720642,3.8568817377090454,-0.0013300711289048195,1.0028923749923706,-4.474538326263428,3.1483898162841797,-0.039910878986120224,0.9999319016933441,-2.828717589378357,2.331310510635376,0.006459852680563927,1.009531855583191,-3.567636013031006,3.9027799367904663,-0.019805164076387882,0.9697059988975525,-29.62813663482666,28.607120513916016,-0.0014483453123830259,0.9520329833030701,-36.0683708190918,34.15446662902832,-0.00556646753102541,1.004382073879242,-3.937475085258484,5.08544921875
2,19005440,-0.011887262808158994,1.0034572780132294,-17.173830032348633,7.130590200424194,-0.0001950846053659916,0.9964984953403473,-11.92478895187378,27.62772560119629,-0.01971869682893157,1.0045294165611267,-4.682933807373047,10.432311058044434,-0.003953513689339161,1.0017247796058655,-3.482274055480957,9.398272514343262,-0.0002630013768794015,1.000386118888855,-9.347525596618652,8.50896954536438,-0.0033407065784558654,0.9982716143131256,-10.285931587219238,11.285501480102539,-0.0009055213304236531,1.001068890094757,-12.550701141357422,10.868879318237305,-0.0014377968036569655,0.9931799173355103,-12.417079448699951,16.508341312408447,0.000582789089094149,0.999650239944458,-8.138794183731079,8.308457851409912,-0.07685400173068047,1.0159679651260376,-3.4559797048568726,3.735769748687744,-0.06904524937272072,1.0087151527404785,-4.013749003410339,3.3986804485321045,0.009742932947119698,1.0181317925453186,-2.7955392599105835,2.1196181178092957,-0.014748610090464354,1.00692480802536,-3.871712327003479,4.717917203903198,-0.01938077574595809,0.9621079862117767,-30.17594623565674,27.66033172607422,-0.007290009176358581,0.9529963135719299,-39.78724479675293,35.45359420776367,-0.012443774496205151,1.00359708070755,-4.031630754470825,5.562973499298096
2,20054016,-0.0033986764028668404,1.000401347875595,-16.92731761932373,6.020332098007202,0.012963637593202293,0.991302877664566,-7.12474513053894,25.940704345703125,0.013171723192499485,0.9904292523860931,-4.742690086364746,9.95412826538086,0.011664796969853342,0.9988566935062408,-4.133084297180176,9.388570785522461,-0.0003873057721648365,0.9991197884082794,-7.9490721225738525,6.593534231185913,0.006481262855231762,0.9992510974407196,-9.372220039367676,10.610712766647339,0.0007472483266610652,0.9972355663776398,-12.619728565216064,11.538424491882324,0.0005276815500110388,0.9988498985767365,-11.704337120056152,16.081353187561035,0.00011022489343304187,0.9999010264873505,-9.370051860809326,8.10836935043335,0.004221614042762667,1.0081693232059479,-4.139298319816589,3.285921335220337,-0.018707771319895983,1.0051769614219666,-4.7334020137786865,3.2786213159561157,-0.005183589833904989,1.0165973901748657,-3.0535736083984375,1.3489118814468384,-0.012518283911049366,1.008439540863037,-3.305916428565979,3.908477306365967,-0.017543038353323936,0.9692941904067993,-29.021367073059082,27.365922927856445,0.001605154509888962,0.9538106620311737,-32.88843536376953,33.60635566711426,-0.0030664210207760334,1.0003072619438171,-3.8339160680770874,6.593463659286499
2,21102592,-0.010471068322658539,1.0018684566020966,-16.995887756347656,7.568784475326538,0.01464082021266222,1.0061463713645935,-10.817278385162354,20.6220760345459,0.0013236736849648878,0.9959871470928192,-4.693256139755249,9.803525447845459,-0.02934776176698506,0.9990976452827454,-3.8277065753936768,7.958352088928223,-0.0018583553610369563,1.0020554065704346,-10.537405490875244,18.74537944793701,-0.00632248813053593,0.9960174858570099,-11.028827667236328,8.167472839355469,0.0008059021783992648,1.0022088885307312,-14.945627212524414,12.298274993896484,-0.0020205731270834804,0.9878720343112946,-12.981595993041992,17.14536762237549,0.0014472677139565349,1.0006490349769592,-12.219691514968872,9.716333389282227,-0.09532207995653152,1.0125638544559479,-3.564180612564087,4.019581198692322,-0.03363393433392048,1.020373284816742,-4.123692631721497,3.1628326177597046,-0.018266272731125355,1.018301010131836,-2.856161117553711,1.5071091651916504,-0.0007749935612082481,1.0131263136863708,-3.6869006156921387,4.239811420440674,-0.014329608995467424,0.945579320192337,-31.68161106109619,28.639443397521973,-0.023730318527668715,0.9466645419597626,-36.751251220703125,35.172048568725586,-0.00010268297046422958,1.0042352080345154,-3.9867061376571655,5.971087217330933
3,1179648,-0.010256483685225248,1.0032489597797394,-16.54099178314209,7.112448215484619,0.006323161534965038,0.9993262887001038,-7.1076836585998535,26.549196243286133,0.009008916560560465,0.9989308714866638,-4.611563682556152,10.763588428497314,0.009219897328875959,0.9999769926071167,-3.817214846611023,9.672167301177979,-0.0007412929771817289,1.0009891390800476,-9.330338954925537,10.279529571533203,0.004070525756105781,1.0000801086425781,-10.66224718093872,11.41856336593628,2.1423038560897112e-05,1.0021007657051086,-14.236112594604492,12.202413558959961,-0.0013776677078567445,0.9964298605918884,-12.445877075195312,16.593796730041504,0.0008166869811248034,0.9997394382953644,-9.149818420410156,8.369331359863281,-0.053131770342588425,1.0173819661140442,-4.532120704650879,3.7952295541763306,-0.026733950711786747,1.0156573057174683,-3.5175397396087646,3.5816304683685303,-0.008267561090178788,1.017783522605896,-2.645576596260071,1.5944679975509644,-0.023079533129930496,1.0108540058135986,-3.3926591873168945,4.335560083389282,-0.020539872348308563,0.9686389863491058,-29.94113540649414,27.6532564163208,-0.0018006057944148779,0.9600619375705719,-35.37507629394531,36.92471122741699,-0.00978343264432624,1.003215491771698,-3.9652379751205444,5.646410942077637
3,2228224,-0.009552795207127929,1.0027310848236084,-13.659105777740479,5.603943347930908,0.006595340091735125,1.0020989179611206,-13.960248947143555,14.091624736785889,0.0027632605051621795,0.9962663948535919,-4.639126539230347,5.8907976150512695,-7.145199924707413e-05,1.0015650391578674,-3.9108115434646606,4.3384010791778564,-0.0006400860147550702,1.0002653896808624,-9.10703420639038,11.340901851654053,0.0020790809066966176,0.9987479746341705,-10.169235706329346,7.830782413482666,9.934564877767116e-05,0.9996578991413116,-12.636198997497559,11.886927127838135,-0.000804273207904771,0.9946747720241547,-13.597765922546387,11.020774364471436,0.0005651844257954508,0.9998627603054047,-7.920971155166626,7.963375568389893,-0.03520355373620987,1.023862063884735,-4.017422795295715,4.147486686706543,-0.026053903624415398,1.0144482254981995,-3.7787407636642456,3.797706961631775,-0.005732775025535375,1.0159744024276733,-2.503470301628113,1.658172369003296,-0.023379662074148655,1.0080624222755432,-3.4058847427368164,3.775753140449524,-0.018818292766809464,0.9646340608596802,-29.832688331604004,28.21901035308838,-0.0031564823584631085,0.9525230824947357,-37.3297233581543,35.33688163757324,-0.008845351985655725,1.0069202780723572,-3.991307258605957,5.4819395542144775
3,3276800,-0.008330738637596369,1.0035723447799683,-16.4404239654541,6.624799013137817,0.013298161036800593,1.0064391493797302,-7.01673698425293,24.249881744384766,0.008077012840658426,0.9972236454486847,-4.852468252182007,10.620163917541504,0.013779293512925506,0.9997581541538239,-4.70150089263916,9.569707870483398,-0.00011424271360738203,1.0004291832447052,-9.74503469467163,9.207773208618164,0.005990230769384652,1.000458300113678,-10.072590351104736,11.381016731262207,-0.00013616133946925402,1.0002630650997162,-13.28539514541626,12.384214401245117,-0.0005601098091574386,0.9992891252040863,-11.800775527954102,16.74478530883789,0.0006265166666707955,1.0000900328159332,-8.256340265274048,7.390889644622803,-0.05024612694978714,1.0208768248558044,-4.465371251106262,3.7220118045806885,-0.001816734904423356,1.0096991062164307,-3.840597152709961,3.169291138648987,-0.008344889618456364,1.0157113671302795,-2.5456446409225464,1.890151560306549,-0.02172260661609471,1.0131597220897675,-3.459030866622925,4.3162522315979,-0.020757701247930527,0.9697972536087036,-29.232123374938965,27.637537002563477,-0.0020526020671240985,0.9593362510204315,-33.24526786804199,33.72524547576904,-0.008955405675806105,1.0032699704170227,-3.831624746322632,5.548299312591553
3,4325376,-0.009825343266129494,1.002091884613037,-17.076570510864258,6.0327818393707275,0.017251103650778532,0.9992016553878784,-6.984444618225098,18.230908393859863,0.013876959681510925,1.001303791999817,-4.65317177772522,8.69167184829712,-0.004361046012490988,1.0019919276237488,-3.40826678276062,7.223944902420044,-0.00048811812303029,1.0003308057785034,-9.221931457519531,9.193183898925781,0.001779833110049367,0.9977659285068512,-10.675958156585693,8.390405893325806,-4.974367038812488e-05,0.999483734369278,-12.488834381103516,11.584909439086914,-0.001292271597776562,0.9931038320064545,-12.23973798751831,12.858844757080078,0.0008390306320507079,1.0004088580608368,-8.217759370803833,7.237456798553467,-0.06630592048168182,1.01400026679039,-3.9731314182281494,4.116845607757568,-0.012500049080699682,1.0114573240280151,-3.6193214654922485,3.336310386657715,-0.03138069808483124,1.007161557674408,-2.6280282735824585,2.1418633460998535,-0.02756823692470789,1.0126622021198273,-3.4820704460144043,4.158544301986694,-0.017752370331436396,0.9645636677742004,-30.180195808410645,28.746012687683105,-0.007905176840722561,0.9522103071212769,-37.8212890625,33.92498207092285,-0.005267297849059105,1.005482167005539,-3.876766562461853,4.899591445922852
3,5373952,-0.011607258813455701,1.0030971765518188,-16.457616806030273,6.192066431045532,0.00695830475888215,0.9929931461811066,-9.887778759002686,27.89259147644043,0.014852928463369608,1.0027798116207123,-4.864816427230835,9.894139766693115,0.011108295992016792,0.9999554455280304,-3.8129676580429077,9.20128870010376,-0.0003816818498307839,1.0001169443130493,-8.654006004333496,7.335189342498779,0.009332707792054862,1.0008777379989624,-9.32293701171875,11.523969173431396,-0.0006225041870493442,0.999623715877533,-13.605417728424072,11.276278972625732,-0.0002790105063468218,0.9994503557682037,-11.222460746765137,15.788918495178223,0.0010191748442593962,0.9997721016407013,-8.135204553604126,9.137654542922974,-0.022128585958853364,1.0228804349899292,-4.370189428329468,3.4388166666030884,0.013345540966838598,1.0037654638290405,-4.594587564468384,3.0845580101013184,-0.012918847845867276,1.0181405544281006,-2.7369567155838013,2.0237515568733215,-0.0394992888905108,1.0143868923187256,-3.146264433860779,4.263915777206421,-0.019320770166814327,0.9658400118350983,-29.896238327026367,27.695990562438965,-0.00044150884423288517,0.9594042897224426,-35.55080604553223,35.241519927978516,-0.010360711952671409,1.0039945542812347,-3.844513177871704,5.509007692337036
3,6422528,-0.008261885057436302,1.0022748708724976,-16.498347282409668,5.845765829086304,0.011632241308689117,0.9971520006656647,-11.09375524520874,16.140867233276367,0.014933946542441845,1.000721663236618,-4.825482606887817,5.992931842803955,0.005565984873101115,1.000810831785202,-4.007821202278137,4.321218490600586,-0.0006779668765375391,1.0003402829170227,-9.32767105102539,13.018468379974365,0.005891037057153881,0.9989866018295288,-9.369287490844727,7.523910999298096,0.0005239636702754069,1.000588834285736,-12.826657772064209,11.756180763244629,-0.00040449644438922405,0.9967877566814423,-11.304108619689941,11.474693298339844,0.000546784809557721,0.9998967349529266,-9.971024990081787,8.39634656906128,-0.03718069940805435,1.019830197095871,-4.400254607200623,3.8848044872283936,-0.007117940629541408,1.0076330304145813,-4.522404670715332,2.6713236570358276,-0.03209280641749501,1.0102157592773438,-2.7028937339782715,1.9308542013168335,-0.030354692600667477,1.011801302433014,-3.319781541824341,4.296517848968506,-0.019341865554451942,0.9670957624912262,-29.458550453186035,28.09165668487549,-0.005403968854807317,0.9635346531867981,-34.97146987915039,34.45183753967285,-0.005925468751229346,1.002781242132187,-3.9147499799728394,5.598950386047363
3,7471104,-0.007520014522015117,1.002735823392868,-16.71536159515381,6.313065052032471,0.021405890118330717,1.0081480145454407,-7.324319839477539,15.37236499786377,0.006689097150228918,0.9982748031616211,-4.70536208152771,10.88796091079712,0.006062962114810944,1.000996172428131,-3.8277363777160645,9.437575817108154,-0.00020950124599039555,1.0002999305725098,-9.56496000289917,8.845006465911865,0.0024646754609420896,0.9987119436264038,-10.02104139328003,7.532977819442749,0.0011083674617111683,0.9992159307003021,-12.32194995880127,11.064212322235107,-0.0006724132545059547,0.9967567920684814,-11.415083885192871,15.226537227630615,0.0007815966382622719,0.9996019899845123,-10.16438627243042,6.856209754943848,-0.04174453765153885,1.0166249871253967,-3.7148863077163696,3.722146511077881,0.0006983429193496704,1.0012187063694,-4.913019895553589,2.8428584337234497,-0.03371447417885065,1.0082559287548065,-2.776344656944275,1.9271178245544434,-0.009639045543735847,1.0139496624469757,-3.454915404319763,4.1015520095825195,-0.018840061500668526,0.9682304859161377,-29.387481689453125,27.512261390686035,-0.004247771576046944,0.9608186781406403,-33.022735595703125,33.869754791259766,-0.00646908454655204,1.0055117905139923,-3.8038604259490967,5.326861143112183
4,1179648,-0.008427777560427785,1.0033766627311707,-16.42589282989502,5.910611867904663,0.016116773011162877,0.9985599517822266,-7.744856357574463,21.506556034088135,-0.0011367256520316005,1.001804769039154,-4.885667085647583,11.181531429290771,0.004032883094623685,1.0014910697937012,-3.784819722175598,8.929869174957275,-0.0005253873241599649,0.9999184906482697,-10.313152313232422,8.29286527633667,0.0006130142137408257,0.9988573491573334,-10.304756164550781,8.48408055305481,0.00042641477193683386,0.9996457099914551,-11.025137901306152,12.013447284698486,-0.001188716312753968,0.9959071278572083,-12.209235191345215,15.54712963104248,-3.983057104051113e-05,0.9993496835231781,-7.9286088943481445,8.371838092803955,-0.050379058346152306,1.0209705531597137,-3.7478935718536377,3.517707347869873,-0.02747209556400776,1.0087281167507172,-4.001059055328369,3.110101342201233,-0.02047019125893712,1.0120632648468018,-2.8711493015289307,1.9729769229888916,-0.013045150553807616,1.011069267988205,-3.5363701581954956,4.083433508872986,-0.018602306954562664,0.9708124399185181,-29.62199115753174,27.17186450958252,-0.0026646758196875453,0.9650631546974182,-31.951459884643555,33.886863708496094,-0.0072458573267795146,1.0049306750297546,-4.030692100524902,5.281261920928955
4,2228224,-0.010259510716423392,1.0037986636161804,-15.020334243774414,5.629427194595337,0.013133440748788416,0.9946953058242798,-15.28901720046997,15.460265159606934,0.0027608720120042562,0.9996099472045898,-4.918118476867676,8.386428117752075,0.0023366273380815983,1.0010826587677002,-3.419512987136841,6.326870918273926,-0.0007310291694011539,0.9997001886367798,-9.06873893737793,10.481374740600586,0.0016083520604297519,0.998175859451294,-9.321429252624512,7.52693247795105,0.0007032063890619611,0.9989796578884125,-12.829193592071533,12.3107328414917,-0.000803645612904802,0.9951831102371216,-11.649708271026611,13.46026086807251,0.0009318252850789577,0.9989189505577087,-8.754173755645752,8.168720245361328,-0.040711790323257446,1.021012544631958,-3.8827041387557983,3.5923478603363037,-0.03757108747959137,1.0132432579994202,-3.923965811729431,3.1883493661880493,-0.029565677512437105,1.0082518458366394,-2.7680100202560425,2.22402286529541,-0.018917310517281294,1.018130362033844,-3.505765676498413,3.724366545677185,-0.017549450509250164,0.9698313474655151,-29.450539588928223,27.260546684265137,-0.0007394852145807818,0.9552997350692749,-35.09849548339844,36.72408485412598,-0.007960410322993994,1.0043652653694153,-4.001168727874756,5.103701114654541
4,3276800,-0.005370172904804349,1.0027400851249695,-14.057828903198242,5.562395811080933,0.01506013737525791,0.991423487663269,-8.137975454330444,15.099689960479736,0.005437953397631645,0.9967987835407257,-5.096400499343872,6.114184856414795,0.008925923611968756,0.9995240569114685,-4.903019905090332,4.226535081863403,-0.0004496952169574797,0.9992495179176331,-8.769589900970459,7.9996607303619385,0.003672788276162464,0.9987260401248932,-9.34026288986206,7.116596937179565,0.0010991305025527254,0.9973630607128143,-13.99772310256958,12.583711624145508,-0.00029884120885981247,0.9980461895465851,-11.26392936706543,11.838157176971436,-0.0005997778789605945,0.9992853105068207,-8.068669557571411,7.55597448348999,-0.01578488713130355,1.0171379446983337,-4.402022361755371,3.601515293121338,0.0026838593184947968,1.0066815614700317,-4.506593942642212,2.986069083213806,-0.034757128451019526,1.0067046582698822,-2.8545210361480713,2.1095125675201416,-0.007633542118128389,1.0139302611351013,-3.19401752948761,3.6056219339370728,-0.018781634978950024,0.9725248217582703,-29.427976608276367,27.070314407348633,0.0004171796354057733,0.9563834369182587,-34.82106399536133,34.27452278137207,-0.005814842996187508,1.0027441382408142,-3.897520065307617,4.9155662059783936
4,4325376,-0.009148736484348774,1.0031716525554657,-16.16292428970337,6.184209823608398,0.004918308695778251,0.9927635192871094,-15.80767822265625,22.13892936706543,0.005661062547005713,0.9955345392227173,-5.08995246887207,11.556309700012207,-0.0015565641224384308,1.0022227764129639,-3.6039533615112305,9.272309303283691,-8.743698708713055e-05,1.000432550907135,-9.176773071289062,10.361627101898193,0.0006358553655445576,0.9976026713848114,-9.779876708984375,8.478114128112793,-2.736342139542103e-06,0.99912890791893,-12.64435863494873,11.51928186416626,-0.0006766901060473174,0.9941886365413666,-12.31671667098999,16.767608642578125,0.00023244944168254733,0.9996348917484283,-8.523659944534302,7.623788595199585,-0.03403308987617493,1.0217076539993286,-4.337904453277588,3.7363182306289673,-0.03819339536130428,1.0181418657302856,-3.4691848754882812,3.153999090194702,-0.02688080631196499,1.0091010928153992,-2.755306124687195,2.0831971168518066,-0.01646433863788843,1.0135447680950165,-3.113162040710449,3.6577638387680054,-0.016160483472049236,0.969415694475174,-30.512056350708008,29.291542053222656,-0.0006704993138555437,0.955482006072998,-35.25699424743652,33.55095291137695,-0.0074825596529990435,1.0043014883995056,-4.131950616836548,4.658642768859863
5,1179648,-0.010065119713544846,1.0003213286399841,-14.341609954833984,5.7537007331848145,0.006406710017472506,0.9919847846031189,-11.937378883361816,16.76608657836914,0.030284589156508446,0.9847340285778046,-5.27063250541687,6.198222398757935,-0.01454679184826091,1.002041071653366,-3.672053575515747,4.48206353187561,0.00030370891181519255,1.0005234479904175,-9.027480840682983,10.224458694458008,0.0013867215311620384,0.9969063699245453,-10.517038345336914,7.076569318771362,0.0007244544685818255,0.9992629289627075,-13.299864768981934,11.551291465759277,-0.0006288788135861978,0.9879437386989594,-11.57425832748413,10.873636722564697,2.4293491151183844e-05,0.9996002912521362,-11.678034782409668,9.582103252410889,0.00938249402679503,1.020039141178131,-4.456434726715088,3.6190420389175415,-0.04917951487004757,1.020336091518402,-3.4696362018585205,3.1932902336120605,-0.06400565803050995,0.9922939538955688,-2.7806670665740967,2.4286980628967285,-0.01834020158275962,1.0126991868019104,-3.2062125205993652,3.886187195777893,-0.012451612623408437,0.9615229666233063,-30.55441188812256,28.571319580078125,0.0017094154172809795,0.94278684258461,-34.360713958740234,34.581417083740234,-0.0032506179995834827,1.0047678351402283,-4.284087896347046,5.302899122238159
5,2228224,-0.007067241123877466,1.0029160380363464,-15.354860305786133,5.84413480758667,0.010304486844688654,0.9971312880516052,-11.488985538482666,16.130449295043945,0.0097288575489074,0.9990850389003754,-5.1660096645355225,8.683339357376099,0.008907736861146986,1.0004127323627472,-3.5733026266098022,6.852124929428101,-0.00011744415678549558,0.9999940693378448,-9.344868183135986,9.456547260284424,0.005294844857417047,0.9996434450149536,-9.367030143737793,7.048518180847168,0.0005101473834656645,0.9993356168270111,-13.999098777770996,12.32065200805664,-0.00047223648743965896,0.9972801804542542,-11.046305179595947,14.013279438018799,0.00040729403553996235,0.9996416866779327,-7.275294542312622,7.854330539703369,-0.03055207710713148,1.0208160877227783,-4.747458457946777,3.745582103729248,-0.012686585541814566,1.0101645588874817,-4.337401628494263,2.7375314235687256,-0.032074213959276676,1.004012793302536,-2.746585488319397,2.5032984018325806,-0.01885663904249668,1.0151069164276123,-3.17629075050354,4.0043089389801025,-0.019619042985141277,0.9659620821475983,-29.15614128112793,26.84372901916504,-0.0009581325284671038,0.9643838107585907,-33.1607666015625,35.430931091308594,-0.007290383975487202,1.0015785694122314,-4.062514424324036,5.419016122817993
