collected_frames,var_decomp/shaping,var_decomp/roll_penalty,var_decomp/roll_rate_penalty,var_decomp/pitch_penalty,var_decomp/pitch_rate_penalty,var_decomp/shock_penalty,var_decomp/action_bonus,var_decomp/flipper_action_bonus,var_decomp/terminal_bonus
262144,0.4053194522857666,0.31144917011260986,-0.03819651156663895,0.3679364025592804,0.10719138383865356,-0.3988971710205078,1.267421007156372,0.04828362539410591,0.01853061094880104
393216,0.6043055653572083,0.28415992856025696,-0.0014614012325182557,0.31044119596481323,0.06628987193107605,-0.2003439962863922,1.627446174621582,0.028758198022842407,0.005746771115809679
524288,0.8961835503578186,0.20233780145645142,-0.10437256097793579,0.3286636173725128,-0.0009374581859447062,-0.16371792554855347,2.201880693435669,0.03402886539697647,-0.005136383697390556
655360,0.6767277121543884,0.1334342658519745,-0.0248060654848814,0.34266912937164307,0.03377945348620415,-0.12936283648014069,2.531649351119995,0.045831337571144104,0.028308091685175896
786432,0.3761453628540039,0.0036801560781896114,-0.010094222612679005,0.2279643416404724,0.008187811821699142,0.007397900335490704,2.8873801231384277,0.06758064776659012,0.1148713007569313
917504,0.23739781975746155,-0.1317073106765747,-0.04745577275753021,0.13153481483459473,-0.028681397438049316,0.14949893951416016,2.8270206451416016,0.0020875022746622562,0.09601961076259613
1048576,0.11569628864526749,0.008564288727939129,0.003174872836098075,0.011665552854537964,-0.0006718587246723473,0.055069293826818466,3.1689698696136475,0.10443494468927383,0.10522186756134033
1179648,0.19599899649620056,-0.03469398245215416,-0.05122129246592522,0.09589016437530518,-0.04926067963242531,-0.022022351622581482,2.15492844581604,0.11367858201265335,0.22622862458229065
1310720,0.9374083876609802,0.20594806969165802,0.07573472708463669,0.4015677571296692,0.0871911272406578,-0.03244779631495476,3.0582714080810547,-0.09574808925390244,0.0029645117465406656
1441792,1.295892596244812,0.12888103723526,-0.08384672552347183,0.04158472642302513,-0.24884380400180817,-0.13581985235214233,4.6845221519470215,-0.0631895363330841,-0.0014456677017733455
1572864,0.4029075503349304,0.02265932410955429,0.10748431831598282,0.14218105375766754,0.1010502353310585,0.0472385473549366,1.2445796728134155,-0.05331844836473465,-0.011939442716538906
1703936,0.9081865549087524,0.10748253762722015,0.02651980333030224,-0.1267123520374298,-0.009552868083119392,-0.011785573326051235,4.837725639343262,0.07945846021175385,0.29775843024253845
1835008,0.11732608079910278,-0.0038132118061184883,0.008989444933831692,0.0011138126719743013,0.0236391332000494,0.1227889433503151,3.167935848236084,0.08997099846601486,0.539850652217865
1966080,0.15135733783245087,-0.004542951937764883,0.0023532547056674957,0.021699052304029465,-0.022108443081378937,0.08409027010202408,3.1044318675994873,0.11306605488061905,0.9605318307876587
2097152,0.15541622042655945,-0.011344993487000465,0.0020636075641959906,-0.017099371179938316,0.04157554358243942,0.06879939138889313,3.6406638622283936,-0.0036268471740186214,0.6106272339820862
2228224,0.20286183059215546,0.010577905923128128,-0.043382205069065094,-0.04081342741847038,-0.033703554421663284,0.09395355731248856,2.993424415588379,0.1257607638835907,0.8567532896995544
2359296,0.13501094281673431,0.0014928866876289248,0.0074056461453437805,-0.01959002949297428,0.017193781211972237,0.08485548943281174,3.0315585136413574,0.03896072506904602,0.8151219487190247
2490368,0.060769107192754745,0.0017769618425518274,0.0022306537721306086,-0.003471899311989546,0.027392111718654633,0.022132501006126404,2.8251943588256836,0.11151088029146194,1.1660568714141846
2621440,0.12192407995462418,0.012375470250844955,0.006779063493013382,0.018772108480334282,0.020283831283450127,0.08813518285751343,2.207841634750366,0.10638391226530075,1.2128616571426392
2752512,0.9602736234664917,0.03898780420422554,0.09374337643384933,0.15048140287399292,0.0717291310429573,-0.012911008670926094,3.7184643745422363,-0.09545315057039261,0.01196345780044794
2883584,0.4295034110546112,0.02152528055012226,0.0989660993218422,0.1296171396970749,0.08730865269899368,0.04619002342224121,1.334816813468933,-0.08965739607810974,0.009767038747668266
3014656,0.9918424487113953,-0.010111803188920021,-0.1463080197572708,0.04193134605884552,0.002156012924388051,-0.006892725359648466,4.989973068237305,0.08566811680793762,0.1828502118587494
3145728,0.2322663813829422,-0.07578671723604202,0.04055573418736458,0.0952688455581665,-0.008011200465261936,0.006462705787271261,3.187937021255493,-0.02978505752980709,0.54486483335495
3276800,-0.003073289291933179,-0.09413782507181168,0.04416479170322418,0.16691823303699493,0.0075440797954797745,0.04565993323922157,1.9878175258636475,-0.009456099942326546,0.8172031044960022
3407872,0.25586971640586853,-0.03946315124630928,0.03864496946334839,0.018874898552894592,0.06599061191082001,0.057180799543857574,3.2549147605895996,0.04262842983007431,1.258461594581604
3538944,0.20541897416114807,0.07828570902347565,0.05413639545440674,0.04710742086172104,0.0188886858522892,0.015051513910293579,3.108363151550293,-0.0539233535528183,1.4025092124938965
3670016,0.26862648129463196,0.004101126454770565,0.0776989534497261,0.1553373634815216,0.056513819843530655,0.036189112812280655,3.38195538520813,0.02138761430978775,0.9916763305664062
3801088,0.28383317589759827,0.02787141501903534,0.004005060996860266,0.04989331215620041,0.04162588715553284,0.015876969322562218,2.8307719230651855,0.0071350326761603355,1.3923345804214478
3932160,0.1155320331454277,-0.005842524114996195,0.02940092608332634,0.021505003795027733,-0.014547993429005146,0.03600868210196495,2.4296422004699707,0.060866281390190125,2.0807673931121826
4063232,0.9670753479003906,0.07285713404417038,0.08763907104730606,0.1937478482723236,0.054504796862602234,-0.0062989601865410805,4.010595798492432,-0.1330326646566391,0.07868446409702301
4194304,0.42334529757499695,0.03741946443915367,0.1131751537322998,0.10797981917858124,0.06336644291877747,0.03427267074584961,1.6454144716262817,-0.08519779145717621,-0.023361526429653168
4325376,1.0300238132476807,0.16646163165569305,-0.01645541936159134,0.0904330238699913,0.015355213545262814,0.013646810315549374,3.70595121383667,-0.009491045027971268,0.7416420578956604
4456448,-0.09917759150266647,-0.01991112157702446,-0.05299045890569687,0.04508928582072258,-0.04761136323213577,0.08943134546279907,2.478821039199829,0.027278926223516464,1.128875494003296
4587520,0.3580564856529236,0.04225330799818039,0.06150101125240326,0.11266012489795685,0.004378455691039562,-0.024576697498559952,3.514871835708618,-0.0076466575264930725,1.08547043800354
4718592,0.08152086287736893,-0.07165269553661346,-0.047817982733249664,-0.005510321352630854,-0.038100339472293854,0.017673632130026817,1.7256401777267456,0.10808562487363815,2.307063102722168
4849664,0.20798039436340332,-0.041674837470054626,-0.03975025564432144,0.028590338304638863,0.018411442637443542,0.008566530421376228,2.206434726715088,0.1198771595954895,2.5142738819122314
4980736,0.2019706815481186,0.03411872684955597,0.030754493549466133,-0.06733548641204834,0.010311966761946678,0.014186437241733074,3.0729563236236572,0.008028055541217327,2.0717813968658447
5111808,0.10173386335372925,0.02688254415988922,0.007004458922892809,-0.04973510652780533,-0.06801033765077591,-0.009126758202910423,3.1177420616149902,-0.031370729207992554,2.2032761573791504
5242880,0.06575040519237518,0.05385078117251396,0.036203499883413315,0.05387890711426735,0.0843697339296341,0.041322022676467896,2.68668794631958,0.0043788994662463665,2.262096643447876
5373952,1.1516062021255493,0.047469597309827805,0.08334436267614365,0.18541869521141052,0.06656967848539352,0.032589543610811234,4.597194194793701,-0.18356361985206604,0.1025596633553505
5505024,0.4681500196456909,0.01696951314806938,0.09576112031936646,0.04744172841310501,0.08646340668201447,0.028275683522224426,2.1522011756896973,-0.11363722383975983,0.01724914088845253
5636096,0.3127359449863434,-0.04976176097989082,-0.0183664970099926,0.11087729781866074,0.019151721149683,0.12175117433071136,3.6280946731567383,0.04177773371338844,0.9390051960945129
5767168,0.6503041386604309,0.03826160356402397,0.0960545688867569,-0.09314946085214615,-0.08117637783288956,-0.0513324961066246,4.694604396820068,-0.12047145515680313,1.1900416612625122
5898240,0.3682720959186554,0.14510303735733032,0.08732467889785767,0.008794600144028664,-0.0303945429623127,0.009407253935933113,2.469541072845459,-0.0762554481625557,1.628319501876831
6029312,0.08766461163759232,0.019748108461499214,0.06102632358670235,-0.00731139350682497,0.03462546691298485,0.03313293308019638,2.5346877574920654,0.04422023892402649,2.616900682449341
6160384,0.12288759648799896,0.032122306525707245,0.041438132524490356,-0.013218022882938385,0.025574853643774986,0.018599610775709152,2.1761562824249268,0.025870421901345253,2.3529722690582275
6291456,0.16452480852603912,0.023409442976117134,-0.01898079738020897,-0.05679139122366905,0.044863589107990265,0.04996396601200104,2.9174795150756836,0.14167560636997223,2.3384172916412354
6422528,0.07577609270811081,-0.005872053559869528,-0.009868592955172062,-0.009483818896114826,0.04292159155011177,0.042443644255399704,2.47220516204834,0.07340609282255173,2.392108201980591
6553600,0.0636419951915741,-0.05083021894097328,0.034448135644197464,0.07291481643915176,0.030616290867328644,0.021435094997286797,3.0644888877868652,0.07268739491701126,2.5256574153900146
6684672,0.9566844701766968,0.029575226828455925,0.10192926228046417,0.19977006316184998,0.05898924544453621,0.012547822669148445,4.518266201019287,-0.15715806186199188,0.07207056134939194
6815744,0.5052279829978943,0.026266390457749367,0.12642404437065125,0.24042212963104248,0.07585889101028442,0.03302951157093048,2.167529344558716,-0.1829587072134018,0.020563995465636253
6946816,0.2403096705675125,0.0009177853935398161,0.012880472466349602,0.04024853557348251,0.020093156024813652,0.10659493505954742,2.6972625255584717,0.1225314512848854,1.7129851579666138
7077888,0.2541445791721344,0.0425955206155777,0.012400519102811813,0.20787674188613892,0.0025413664989173412,-0.05841675028204918,3.3625478744506836,-0.08923198282718658,1.2952369451522827
7208960,0.08781342953443527,0.048042695969343185,-0.1218869611620903,0.0743408203125,-0.01012867409735918,-0.0004392844275571406,2.4692041873931885,-0.06003207713365555,2.2836389541625977
7340032,0.5878638625144958,0.14188514649868011,0.017367783933877945,0.3924225866794586,0.030456652864813805,0.036607105284929276,3.377617359161377,-0.11270179599523544,1.961808443069458
7471104,-0.051875270903110504,-0.027917416766285896,-0.024216333404183388,0.11240724474191666,-0.047111690044403076,0.04783041402697563,2.0388364791870117,0.05867794156074524,2.0262537002563477
7602176,0.021982958540320396,-0.014527318999171257,0.03865041211247444,0.03336069732904434,-0.028310485184192657,0.0706544741988182,2.4483392238616943,0.004285058937966824,2.6204380989074707
7733248,0.07058391720056534,0.018527930602431297,0.05167539417743683,0.02910970151424408,0.03050457499921322,0.06904982775449753,2.049982786178589,0.1468212902545929,2.7563085556030273
7864320,0.172396719455719,-0.02747989259660244,0.11071713268756866,0.2592041790485382,0.11968531459569931,0.05358708277344704,2.045192241668701,-0.05418526753783226,2.116102457046509
7995392,0.9617764949798584,0.06592622399330139,0.09117988497018814,0.2729957699775696,0.033841896802186966,0.0046652527526021,4.4765119552612305,-0.08186610788106918,0.1499013453722
8126464,0.5867504477500916,0.04029179364442825,0.08987890928983688,0.23157727718353271,0.06763508170843124,0.020920410752296448,2.9812803268432617,-0.12903961539268494,0.00850000325590372
8257536,-0.034437209367752075,0.060382578521966934,0.03692947328090668,0.01773403212428093,0.07705823332071304,0.02854650840163231,3.0171351432800293,-0.07411213219165802,1.1961122751235962
8388608,0.3846769332885742,-0.0658491775393486,0.009731411933898926,0.2828589975833893,0.02547391504049301,-0.04287693277001381,3.8969802856445312,0.03552188724279404,2.0504047870635986
8519680,0.28914758563041687,-0.02453984133899212,-0.021842360496520996,-0.11317399144172668,-0.0254357997328043,0.06153295934200287,2.1356232166290283,0.08644786477088928,3.09047269821167
8650752,0.11611101776361465,-0.003576429560780525,-0.0013621702091768384,0.021578263491392136,-0.02868535742163658,-0.01951582543551922,2.158799171447754,0.06833190470933914,2.9205329418182373
8781824,0.2381596565246582,0.016827203333377838,0.05152745544910431,0.06777586787939072,-0.0532250702381134,0.06188522279262543,3.105975866317749,0.008517060428857803,2.778062105178833
8912896,0.021557442843914032,0.004198222421109676,-0.022611405700445175,-0.010915319435298443,0.07001827657222748,0.11994819343090057,2.5436038970947266,0.077680803835392,3.2516283988952637
9043968,0.25408127903938293,0.03952913358807564,0.08109055459499359,0.04574151337146759,-0.02983723394572735,0.06157856062054634,3.039710283279419,0.01396404393017292,2.810136318206787
9175040,0.20732951164245605,-0.01078569795936346,-0.041620999574661255,0.035269852727651596,0.03158199042081833,0.07817432284355164,2.4246561527252197,-0.11293045431375504,3.172308921813965
9306112,0.9096981287002563,0.019494427368044853,0.06862615048885345,0.2554308772087097,0.0338548943400383,-0.04049387946724892,4.711191654205322,-0.08226695656776428,0.31173989176750183
9437184,0.5602093935012817,0.02588844485580921,0.11406444758176804,0.27964308857917786,0.09477457404136658,0.021511001512408257,2.91267728805542,-0.1264866441488266,0.01152877975255251
9568256,0.1756199449300766,0.0047272564843297005,-0.030919017270207405,-0.11175991594791412,0.04638443887233734,0.06647585332393646,3.142825126647949,0.02164001390337944,1.266098976135254
9699328,0.6586652994155884,0.08555050194263458,0.06464186310768127,0.23165014386177063,-0.01414723601192236,-0.05854163318872452,4.793538570404053,-0.04578433930873871,1.3653627634048462
9830400,0.06812307983636856,0.012913265265524387,0.0035387424286454916,0.08546396344900131,0.05175052955746651,0.033681876957416534,2.5092999935150146,0.0278056301176548,2.7833189964294434
9961472,0.01582753285765648,0.044910166412591934,0.060724809765815735,-0.006523702293634415,0.04047815874218941,0.11296290159225464,3.100126028060913,0.015371075831353664,2.282625913619995
10092544,0.08328134566545486,0.02191782183945179,-0.051372673362493515,0.00652838172391057,-0.07293552905321121,0.013899325393140316,2.271427631378174,0.0036874928046017885,3.7352867126464844
10223616,0.24336789548397064,0.08907020092010498,0.0032749457750469446,0.04701237007975578,-0.010393721982836723,0.0562857985496521,3.8895790576934814,-0.11207394301891327,2.1899707317352295
10354688,0.2020210474729538,0.0575517863035202,0.08698562532663345,-0.01756550371646881,0.0654522106051445,0.12981952726840973,1.9260004758834839,-0.03335513547062874,2.2388436794281006
10485760,0.3983475863933563,-0.009860191494226456,0.040945183485746384,0.15374132990837097,0.017571859061717987,-0.008893842808902264,3.724226474761963,-0.06587126106023788,1.8459359407424927
10616832,1.025078535079956,0.010595346800982952,0.09669168293476105,0.27323225140571594,0.07375349849462509,0.013171875849366188,4.697263240814209,-0.08459620922803879,0.41504400968551636
10747904,0.6427291631698608,0.05537494644522667,0.12105831503868103,0.21423859894275665,0.077901192009449,0.013110633939504623,3.311760425567627,-0.11604418605566025,0.029476940631866455
10878976,-0.007214521989226341,0.0499759241938591,-0.04458726570010185,-0.2011578530073166,-0.012581122107803822,0.031516678631305695,3.3751232624053955,-0.13591498136520386,0.8427501916885376
11010048,0.44193682074546814,-0.010713594034314156,-0.0369655080139637,0.1619950830936432,-0.05513487756252289,0.005627098027616739,4.137105464935303,0.04007326066493988,3.0656044483184814
11141120,0.18365545570850372,0.002934226766228676,0.022469695657491684,-0.1980063021183014,-0.008580682799220085,-0.03250763192772865,3.7424352169036865,0.01626810058951378,2.6126227378845215
11272192,0.16642136871814728,0.028392748907208443,0.03882547467947006,0.05793044716119766,-0.006773688364773989,0.09980188310146332,2.619797945022583,0.08093088865280151,3.376230478286743
11403264,0.345630407333374,0.06557612121105194,-0.012769998982548714,0.06263433396816254,-0.05003681406378746,0.028618240728974342,3.1925649642944336,-0.062378883361816406,3.4341795444488525
11534336,0.1724717766046524,-0.0017287115333601832,0.007610695902258158,-0.029799452051520348,0.041610535234212875,0.02697334624826908,2.6308302879333496,-0.04637984558939934,3.769472360610962
11665408,0.07511667162179947,0.023227524012327194,-0.00038070432492531836,0.034185294061899185,0.045844972133636475,0.10377092659473419,2.418855667114258,-0.008631814271211624,2.987579345703125
11796480,0.06496594846248627,-0.020806845277547836,0.03909510001540184,0.03427349776029587,-0.06155792251229286,0.012261328287422657,3.097560405731201,0.08747310191392899,3.5498881340026855
11927552,0.8645381927490234,0.07305549085140228,0.11697901040315628,0.22362153232097626,0.06526990979909897,0.003867402672767639,4.9065985679626465,-0.05616462230682373,0.39191627502441406
12058624,0.6469296216964722,0.0507001094520092,0.1612250953912735,0.24233859777450562,0.1331341415643692,0.03306402638554573,3.542966365814209,-0.07821011543273926,0.05934382602572441
12189696,-0.1271805763244629,-0.002840840257704258,0.07337179034948349,0.03926270082592964,0.009566698223352432,0.14476589858531952,2.0005767345428467,0.008456441573798656,3.3099710941314697
12320768,0.5753565430641174,0.03958776965737343,-0.010741706937551498,0.02875307761132717,-0.1079995259642601,0.03470516949892044,3.850375175476074,-0.004101422615349293,2.9533116817474365
12451840,0.3036808669567108,0.07269316911697388,0.09544955939054489,0.1128917783498764,0.015040122903883457,0.03488124534487724,2.95646071434021,-0.06857557594776154,2.6490328311920166
12582912,0.0013978842180222273,0.019125645980238914,0.07416583597660065,0.038356963545084,0.03891659155488014,0.029519949108362198,2.5186309814453125,0.02115090750157833,3.4975645542144775
12713984,0.12171181291341782,0.03318574279546738,0.015188377350568771,0.016447512432932854,0.019999327138066292,0.025579217821359634,2.6338162422180176,-0.006434584967792034,3.6303963661193848
12845056,0.21075470745563507,0.008503315970301628,-0.041196733713150024,-0.02447090856730938,-0.012485289014875889,0.029727235436439514,2.8476083278656006,0.10263436287641525,3.5485079288482666
12976128,0.205779030919075,0.011955710127949715,-0.026401551440358162,0.03675871714949608,0.00833345390856266,0.10397109389305115,2.8498237133026123,-0.005925324745476246,3.359304428100586
13107200,0.17765100300312042,-0.05917840451002121,-0.031813450157642365,-0.09032665193080902,-0.021299686282873154,-0.028434963896870613,2.283736228942871,0.03632398694753647,3.135671854019165
13238272,0.7356087565422058,0.07508029788732529,-0.0021582364570349455,0.07813774049282074,0.008456714451313019,0.002051641931757331,4.909862041473389,0.01696152053773403,0.809184193611145
13369344,0.43873581290245056,0.08304218202829361,0.11876551806926727,0.16527509689331055,0.061516065150499344,0.03127366304397583,2.315565824508667,-0.0347241535782814,0.003713928861543536
13500416,0.265787273645401,0.014537938870489597,0.04626602306962013,0.0683862492442131,0.08036279678344727,0.0744766891002655,3.53853178024292,0.17190095782279968,0.7291945219039917
13631488,0.3937813937664032,0.010982993990182877,0.08485011756420135,0.08783001452684402,-0.05789708346128464,-0.0188192930072546,3.9943573474884033,0.09166261553764343,1.1836183071136475
13762560,0.33356812596321106,0.15525059401988983,-0.07980244606733322,-0.07550318539142609,-0.04245166853070259,0.05341729149222374,3.6809427738189697,-0.08970730006694794,1.0955820083618164
13893632,-0.05000270903110504,0.1017620787024498,0.07180222868919373,0.0961458757519722,0.06013745442032814,0.0929938554763794,2.636547565460205,-0.03591616451740265,1.510974407196045
14024704,0.07281129062175751,0.04166179522871971,0.04970255866646767,0.03489796817302704,0.026506347581744194,0.0873565599322319,3.095404863357544,0.12318328022956848,2.023209571838379
14155776,0.14191392064094543,-0.012484611012041569,-0.016141211614012718,0.06290511041879654,-0.007804111577570438,0.08507908135652542,2.998751401901245,0.07870955020189285,2.1138064861297607
14286848,0.10154667496681213,0.19385947287082672,0.0564398467540741,0.10778813809156418,0.036689694970846176,0.014153031632304192,3.789815902709961,0.045808110386133194,1.5877031087875366
14417920,0.2638319730758667,-0.05185709148645401,0.03369253873825073,0.23313063383102417,0.11381051689386368,0.07871714234352112,1.8126400709152222,-0.056730497628450394,2.0751941204071045
14548992,1.0816093683242798,0.18017704784870148,0.09927325695753098,0.22209985554218292,0.07422783970832825,0.016512727364897728,4.700723171234131,-0.13866379857063293,0.24883697926998138
14680064,0.6171955466270447,0.01831774227321148,0.12239747494459152,0.17409001290798187,0.12854333221912384,0.036292463541030884,3.254854440689087,-0.03109290823340416,0.03263550624251366
14811136,-0.16284936666488647,0.04289494827389717,0.05374868959188461,-0.1549883484840393,0.03996378183364868,0.07534323632717133,2.3619890213012695,-0.24993488192558289,1.1135331392288208
14942208,0.6047457456588745,0.11568044126033783,0.05449998378753662,0.04178851097822189,0.01371349673718214,-0.02707897126674652,4.037528038024902,-0.023644983768463135,1.5120681524276733
15073280,0.2594180703163147,0.015813317149877548,0.0699763149023056,0.029009493067860603,-0.020167987793684006,0.058594170957803726,4.247303485870361,-0.02326919697225094,2.0021090507507324
15204352,-0.009668458253145218,-0.00030267611145973206,0.03686501458287239,0.08242945373058319,0.06888164579868317,0.07363944500684738,3.0478062629699707,-0.13942107558250427,2.2579879760742188
15335424,0.07670985907316208,-0.006197576876729727,0.005071732681244612,0.001245621358975768,0.07915858179330826,0.1178932934999466,2.3896656036376953,-0.08146249502897263,3.2787046432495117
15466496,0.09237471222877502,0.013508242554962635,0.02012641355395317,0.06085452064871788,0.009313425049185753,0.09019369632005692,2.851447105407715,0.0619070790708065,2.5915582180023193
15597568,0.21514593064785004,0.006136904004961252,0.03662366792559624,0.07998821139335632,-0.015389046631753445,0.10108457505702972,2.809366464614868,0.1038333997130394,2.546125888824463
15728640,0.11672269552946091,0.01719047501683235,0.027015885338187218,0.016959896311163902,0.038005027920007706,0.08511798083782196,2.883227825164795,-0.07725564390420914,2.8348915576934814
15859712,0.870384156703949,0.016803855076432228,0.10931982845067978,0.22151818871498108,0.12656299769878387,0.01134099718183279,4.4920973777771,0.0018311351304873824,0.26165473461151123
15990784,0.5070279836654663,0.031594544649124146,0.1111464649438858,0.13469097018241882,0.09941594302654266,0.023752329871058464,2.8744635581970215,-0.017513347789645195,0.022421302273869514
16121856,-0.5140274167060852,0.09458290785551071,0.25808289647102356,-0.06997500360012054,0.13334977626800537,0.11782270669937134,2.1319804191589355,-0.39570486545562744,0.9699075818061829
16252928,0.773547351360321,0.04725298658013344,0.040343113243579865,-0.065264493227005,-0.08167572319507599,-0.06197734922170639,4.746415615081787,0.051196493208408356,1.6463041305541992
16384000,0.3751884698867798,-0.01743125729262829,0.023410256952047348,0.19224202632904053,0.010666899383068085,-0.009255871176719666,4.30172061920166,-0.048036325722932816,1.6654690504074097
16515072,-0.0007160469540394843,0.009717948734760284,0.07267028838396072,0.0013585684355348349,0.018033446744084358,0.11647551506757736,2.5492093563079834,0.07201144099235535,3.1877100467681885
16646144,0.18636541068553925,-0.020812751725316048,-0.005223563406616449,0.10840418189764023,0.0939486175775528,0.13617520034313202,2.6168057918548584,0.08550672233104706,2.9167068004608154
16777216,0.040659207850694656,-0.021504459902644157,0.04646727442741394,-0.11239885538816452,-0.02511018142104149,0.07482023537158966,3.0460894107818604,-0.0072735147550702095,3.00508189201355
16908288,0.06282500922679901,0.018610520288348198,0.014013119973242283,-0.09589973837137222,-0.00865419302135706,0.057064734399318695,2.984779119491577,0.0849270299077034,2.9437618255615234
17039360,0.02883071079850197,0.027423996478319168,0.03520522639155388,-7.772890239721164e-05,0.02039901725947857,0.15454187989234924,2.21577525138855,0.060813404619693756,3.6218807697296143
17170432,0.9016647338867188,-0.01792745478451252,0.06243986636400223,0.10453037917613983,0.020461099222302437,0.009370916523039341,5.1320953369140625,-0.04412303492426872,0.530180811882019
17301504,0.4637620747089386,0.02959253452718258,0.10426198691129684,0.24338333308696747,0.06757684051990509,0.013092577457427979,2.8742172718048096,-0.08859805762767792,0.012835868634283543
17432576,-0.3794059753417969,0.10816732048988342,-0.004093883093446493,0.06451420485973358,0.01996537670493126,0.1482830047607422,2.236339569091797,-0.12449023127555847,0.6625769734382629
17563648,0.5684944987297058,0.041347671300172806,0.039299629628658295,0.09502822160720825,-0.048204027116298676,-0.06391981244087219,4.011740684509277,-0.044812560081481934,1.1580493450164795
17694720,0.19836632907390594,-0.1096045970916748,-0.008753648959100246,0.04527543857693672,-0.030028626322746277,0.030980471521615982,3.3833162784576416,0.014537392184138298,1.8461582660675049
17825792,0.04295596107840538,0.08851952105760574,0.09293705224990845,-0.08484980463981628,0.060215432196855545,0.09116949141025543,3.3617048263549805,-0.06564417481422424,1.2182852029800415
17956864,0.11607851833105087,0.04467841237783432,0.014717956073582172,0.045968636870384216,-0.0022556826006621122,0.03568345308303833,2.443748712539673,0.15954644978046417,2.739882707595825
18087936,0.0515730194747448,-0.024330994114279747,-0.04332328960299492,0.018526513129472733,0.07361926883459091,0.013128596358001232,3.0658466815948486,0.08190092444419861,2.248594284057617
18219008,0.18844783306121826,0.014820244163274765,0.10555706173181534,0.19847005605697632,0.11804289370775223,0.07576098293066025,2.99885892868042,0.057771094143390656,2.055107593536377
18350080,0.037007540464401245,0.0727839469909668,0.09549075365066528,-0.038847509771585464,0.06834401190280914,0.05479491129517555,2.659860134124756,0.0683695524930954,2.5448756217956543
18481152,0.9333022236824036,0.12762591242790222,0.09834107011556625,0.26084569096565247,0.07945696264505386,-0.007732509169727564,5.042530536651611,-0.1714990884065628,0.11073154956102371
18612224,0.6253370046615601,0.01377339567989111,0.14538589119911194,0.22194871306419373,0.096146360039711,0.016061732545495033,3.9365243911743164,-0.05238027125597,0.0024724905379116535
18743296,-0.02379784546792507,-0.017800791189074516,-0.05319603532552719,0.07123923301696777,0.08586201071739197,-0.0012273868778720498,3.0559182167053223,0.09195466339588165,2.172851800918579
18874368,0.7447583079338074,0.10739395022392273,0.04486801102757454,0.02047821693122387,-0.003672756953164935,-0.05230386182665825,4.729936599731445,0.02080794982612133,1.6737384796142578
19005440,0.21793563663959503,0.046473558992147446,-0.03006036952137947,0.034454405307769775,0.025990519672632217,0.05097486078739166,2.592238426208496,0.09745367616415024,3.329714775085449
19136512,0.11947859078645706,-0.021416615694761276,0.012715336866676807,0.0160659272223711,0.0540081262588501,0.11225663125514984,3.0701942443847656,0.08357343077659607,2.837740421295166
19267584,0.025011591613292694,0.0008865034906193614,-0.007909954525530338,0.05140736699104309,-0.0018687673145905137,0.14215779304504395,2.930673122406006,0.05238235741853714,2.9765655994415283
19398656,0.07625456899404526,-0.04213366657495499,0.07925038784742355,0.04685401916503906,0.016300959512591362,0.04323066398501396,2.123401403427124,0.1674833446741104,3.7295079231262207
19529728,0.2682207524776459,0.015202881768345833,0.03691735863685608,-0.0036814608611166477,0.038023900240659714,0.08520092070102692,3.64483380317688,0.06091922149062157,2.32930588722229
19660800,0.1856982260942459,0.02132406458258629,-0.026400011032819748,0.020140022039413452,0.01760542206466198,-0.01344267651438713,3.2837419509887695,0.0207272469997406,2.6740331649780273
19791872,0.8964858651161194,0.09963733702898026,0.11353223770856857,0.0564371757209301,0.12656164169311523,0.044350747019052505,4.825465202331543,-0.024716930463910103,0.5154629945755005
19922944,0.6622496247291565,0.031402818858623505,0.13881637156009674,0.25521594285964966,0.10549262166023254,0.02763420343399048,4.1388468742370605,-0.07105140388011932,0.009703553281724453
20054016,-0.02847954072058201,-0.023905837908387184,0.006360884290188551,-0.017313411459326744,0.0630275160074234,0.10987173765897751,2.8829140663146973,-0.007044391706585884,2.5056040287017822
20185088,0.5287180542945862,0.10527002066373825,0.0887848362326622,0.24768684804439545,-0.060424089431762695,-0.0883762538433075,4.232165813446045,-0.04337179288268089,2.132237672805786
20316160,0.3376007378101349,0.03300243616104126,-0.010264831595122814,-0.008031217381358147,0.00858377106487751,-0.04101090505719185,3.9293675422668457,-0.11473242938518524,2.5376529693603516
20447232,0.005522542633116245,-0.0333205983042717,-0.01093146950006485,-0.1311652660369873,0.005184745416045189,0.12955261766910553,3.7413089275360107,-0.1713249385356903,2.142345666885376
20578304,0.051120370626449585,-0.0018603010103106499,-0.010278541594743729,-0.008908813819289207,0.003194240154698491,0.1253150850534439,2.312497854232788,0.025009850040078163,3.6831753253936768
20709376,0.15470118820667267,-0.005695926025509834,0.07324307411909103,0.08101391047239304,0.036630772054195404,-0.016225816681981087,3.57415509223938,-0.06223815307021141,3.278515577316284
20840448,0.37847551703453064,0.08882968872785568,0.11330512166023254,0.2962726652622223,0.015850868076086044,0.013980302028357983,3.8267195224761963,-0.15299466252326965,1.9060554504394531
20971520,0.319588303565979,0.038338806480169296,-0.004093946889042854,-0.07837110757827759,-0.05385826900601387,0.028096411377191544,3.7217111587524414,0.030749524012207985,2.4502170085906982
21102592,0.9432950019836426,0.02314280904829502,-0.02149212919175625,0.12249451875686646,-0.005276896990835667,-0.06808014214038849,4.777665615081787,-0.05217398703098297,0.8679319024085999
21233664,0.6254099607467651,0.0014481728430837393,0.11488757282495499,0.28838396072387695,0.08583024144172668,0.002882544184103608,4.104961395263672,-0.0813688263297081,-0.00613753404468298
21364736,-0.140782430768013,-0.016766319051384926,-0.06438756734132767,0.0012197421165183187,-0.03393293172121048,0.06026879698038101,2.8193225860595703,-0.11561256647109985,1.6897757053375244
21495808,0.48073533177375793,0.09085363149642944,0.05243252217769623,0.0415317565202713,-0.07330591231584549,-0.014906990341842175,3.5016870498657227,0.0019984387326985598,2.689478635787964
21626880,0.4711352288722992,0.004247347358614206,-0.07548017799854279,-0.018633993342518806,0.09258120507001877,0.08980362117290497,3.6587109565734863,-0.09161700308322906,2.389826536178589
21757952,0.12780115008354187,0.02235386148095131,0.017336489632725716,0.2479141652584076,-0.024116193875670433,0.10931656509637833,3.0840444564819336,0.09856414049863815,2.354388952255249
21889024,0.10007766634225845,-0.008742633275687695,0.060947779566049576,0.003223969368264079,0.05401909723877907,0.04579852893948555,2.429447650909424,0.09311524033546448,3.5470447540283203
22020096,0.04013291373848915,0.028288695961236954,0.016505977138876915,0.03026519902050495,-0.043549858033657074,-0.01962587609887123,2.784137010574341,0.021789710968732834,3.5081586837768555
22151168,0.1992410123348236,0.009880580008029938,-0.02774466760456562,0.01742464303970337,0.06108005717396736,0.12607276439666748,3.2948222160339355,-0.12252137809991837,2.896000385284424
22282240,0.17517274618148804,0.02979726344347,0.09567788243293762,0.005245702341198921,0.06443629413843155,0.09474636614322662,2.6957502365112305,0.13456687331199646,3.3475661277770996
22413312,0.9509693384170532,0.028579020872712135,0.0941048189997673,0.29229679703712463,0.04012086242437363,-0.0170515738427639,5.250433921813965,-0.05714155361056328,0.554330050945282
22544384,0.7321014404296875,0.0299297533929348,0.14927449822425842,0.19121907651424408,0.08901173621416092,0.012368300929665565,4.131147384643555,-0.04883477836847305,0.07901179790496826
22675456,0.07801686227321625,0.06238469481468201,0.003340807044878602,-0.10517831146717072,-0.011713442392647266,0.09534729272127151,3.567157745361328,-0.0003364522126503289,2.066270112991333
22806528,0.533873438835144,0.07216920703649521,0.008870956487953663,0.16952422261238098,0.0076545230112969875,0.016986073926091194,4.3571391105651855,-0.04592904448509216,2.1905269622802734
22937600,0.2427128255367279,0.051263872534036636,-0.003996007610112429,0.07844918221235275,0.051147494465112686,0.03265751153230667,3.9238758087158203,-0.05005243048071861,2.165390729904175
23068672,0.12978830933570862,0.02307286113500595,0.04829086363315582,0.03674324229359627,0.08559774607419968,0.09881027787923813,2.8898277282714844,-0.07936518639326096,2.822887897491455
23199744,0.10963897407054901,0.041165053844451904,0.05193355679512024,0.027546146884560585,0.0019162336830049753,0.01166982389986515,2.5190556049346924,0.04039567708969116,3.664785623550415
23330816,0.23543274402618408,0.027896864339709282,0.012608145363628864,0.08884159475564957,0.07670200616121292,0.07022222876548767,3.319904088973999,0.03646500036120415,2.551934242248535
23461888,0.05576629564166069,0.018093638122081757,-0.019188856706023216,-0.037510599941015244,-0.03363947570323944,0.13303311169147491,2.5490834712982178,-0.0497453473508358,3.704241991043091
23592960,0.2870140075683594,-0.005266102030873299,-0.028884023427963257,0.006767707411199808,0.005367559380829334,0.04630337655544281,3.6682028770446777,-0.05263972282409668,2.4889185428619385
23724032,0.8544241189956665,0.06532404571771622,0.14494186639785767,0.2254524827003479,0.026744158938527107,0.025000616908073425,4.726712703704834,-0.08013367652893066,1.0075509548187256
23855104,0.6321703791618347,0.04631444439291954,0.17779627442359924,0.20566055178642273,0.11875990778207779,0.023348182439804077,3.893101215362549,-0.04984689876437187,0.07607461512088776
23986176,0.05921803414821625,-0.03590065985918045,0.03263110667467117,-0.015588097274303436,0.008298988454043865,0.11197205632925034,2.3252601623535156,0.04231773689389229,3.072136402130127
24117248,0.6745927333831787,0.002014225348830223,-0.01824846863746643,0.10394242405891418,-0.09606465697288513,-0.03326074033975601,4.692773342132568,0.016611138358712196,1.4237251281738281
24248320,0.3777097165584564,0.0912158265709877,0.09375032782554626,0.1238817572593689,0.05092458054423332,0.023121913895010948,2.563326120376587,-0.058433547616004944,2.3642287254333496
24379392,0.014806272462010384,0.029452497139573097,-0.0018806136213243008,-0.02862391620874405,-0.03623456507921219,0.08815658092498779,3.0767199993133545,0.02437407150864601,3.3003690242767334
24510464,0.20509466528892517,-0.01517599169164896,-0.0008756711613386869,0.04260730743408203,0.03875405713915825,-0.004804571159183979,3.0810372829437256,0.06334099918603897,3.009535551071167
24641536,0.13689114153385162,0.060650624334812164,0.10714888572692871,0.03152630478143692,0.05721171572804451,0.027162928134202957,3.04461669921875,0.031869154423475266,2.7724688053131104
24772608,0.14448311924934387,-0.010808592662215233,-0.003543544327840209,0.06651357561349869,0.015515841543674469,0.059596940875053406,2.8900740146636963,0.028828345239162445,3.237678050994873
24903680,-0.0007514628814533353,0.0359075665473938,-0.0021889209747314453,-0.022375192493200302,0.05328475311398506,0.12806746363639832,2.5900309085845947,0.09239976108074188,3.4796268939971924
25034752,1.0521517992019653,0.044886622577905655,0.07320568710565567,0.14509151875972748,0.0016928305849432945,0.0275324247777462,5.756406307220459,-0.11383936554193497,0.39269834756851196
25165824,0.633066713809967,0.04929422214627266,0.14868496358394623,0.29383212327957153,0.0712512955069542,0.02327040024101734,3.650878667831421,-0.040877219289541245,0.07668828964233398
25296896,0.16843675076961517,0.049560077488422394,-0.012864707969129086,0.06788286566734314,0.0790923461318016,0.010591023601591587,3.294300079345703,-0.040693558752536774,1.7214184999465942
25427968,0.5101299285888672,0.08805255591869354,0.027577687054872513,0.07764735817909241,-0.0811372697353363,-0.045697472989559174,4.751215934753418,-0.09904849529266357,1.8657937049865723
25559040,0.09825875610113144,-0.012193839997053146,-0.04650416597723961,-0.023142341524362564,0.028571538627147675,0.020974868908524513,2.127747058868408,0.14031238853931427,3.4612765312194824
25690112,0.09437752515077591,0.02197745069861412,0.01238586287945509,0.06055358424782753,0.07005755603313446,0.07877188175916672,2.856635093688965,0.16990338265895844,3.1837663650512695
25821184,0.11239107698202133,-0.015561621636152267,-0.01934465579688549,-0.011172069236636162,-0.0038673458620905876,0.10290824621915817,2.546689510345459,-0.017390180379152298,3.7776849269866943
25952256,0.1051877811551094,-0.00018408171308692545,0.010585786774754524,0.0023412625305354595,0.05364669859409332,0.052698083221912384,2.8751649856567383,0.09167017042636871,3.3825254440307617
26083328,0.0971645936369896,-0.025164354592561722,0.01723984256386757,0.027634689584374428,0.021399207413196564,0.07416039705276489,2.8034825325012207,-0.011364104226231575,3.5580644607543945
26214400,0.2915605902671814,0.04785708710551262,-0.035245031118392944,-0.06678834557533264,0.01007766928523779,0.06754378229379654,3.1529042720794678,-0.08523906022310257,3.2138607501983643
26345472,0.8642188906669617,0.015155809000134468,0.046562664210796356,0.23580899834632874,0.1112111434340477,0.004002921283245087,4.785318851470947,0.02495924010872841,1.1077957153320312
26476544,0.6116142868995667,0.03690645471215248,0.16169650852680206,0.20951969921588898,0.10089761018753052,0.0169399231672287,3.8165736198425293,-0.015653375536203384,0.08353359997272491
26607616,-0.16895435750484467,-0.00843061599880457,0.06251690536737442,-0.13842633366584778,0.06856149435043335,0.08546967804431915,1.9698125123977661,0.22890959680080414,2.916862964630127
26738688,0.48563599586486816,0.044589344412088394,0.03064061887562275,0.014792964793741703,-0.057466961443424225,-0.027034273371100426,3.3032703399658203,0.09284249693155289,3.226444959640503
26869760,0.41958728432655334,0.004163854755461216,0.003396706422790885,0.11633212119340897,0.015413880348205566,0.034649889916181564,3.812995433807373,-0.0353463776409626,2.1464266777038574
27000832,0.22378449141979218,0.014870529063045979,0.009172769263386726,0.044142380356788635,-0.015477821230888367,0.026348235085606575,3.6364917755126953,0.033501509577035904,1.9663362503051758
27131904,0.08495193719863892,0.0015221061185002327,0.06803994625806808,0.08213192969560623,0.0014625295298174024,0.10032883286476135,2.996929407119751,-0.011863159015774727,2.956434488296509
27262976,0.13973355293273926,0.022876759991049767,0.043723322451114655,0.09235451370477676,-0.03638579323887825,0.08370653539896011,2.562983751296997,0.05320354551076889,3.2730863094329834
27394048,0.23091557621955872,0.01735580340027809,0.06460476666688919,0.20608022809028625,0.08046556264162064,0.11520187556743622,3.0013206005096436,-0.10021255165338516,2.740546464920044
27525120,0.12813062965869904,-0.024155832827091217,0.04098691791296005,0.06572292745113373,0.10713427513837814,0.07790149748325348,3.064703941345215,0.02962627075612545,2.8151397705078125
27656192,0.6660561561584473,0.023642292246222496,0.08139686286449432,0.2708757817745209,0.15386933088302612,0.011146650649607182,4.58737325668335,0.018339792266488075,0.8690553903579712
27787264,0.5703206062316895,0.023273522034287453,0.15647828578948975,0.12421012669801712,0.11975446343421936,0.020048171281814575,3.2579891681671143,-0.045010391622781754,-0.0009241873049177229
27918336,-0.30200690031051636,0.03986148163676262,0.10072484612464905,0.002515694359317422,0.13332624733448029,0.1740104705095291,2.7132110595703125,-0.1495135873556137,1.9965572357177734
28049408,0.6704893708229065,0.015056248754262924,0.08222975581884384,0.09494747221469879,-0.056077517569065094,-0.07796037942171097,4.185022354125977,0.07083724439144135,2.416472911834717
28180480,0.1930723339319229,0.06584997475147247,0.05403994023799896,-0.014262436889111996,-0.0003643446252681315,0.011665034107863903,3.8941688537597656,0.04687032848596573,2.4765169620513916
28311552,0.22880518436431885,-0.01725509762763977,0.02836981602013111,-0.07085750997066498,-0.006821881514042616,0.028743283823132515,3.6910855770111084,0.012878499925136566,1.9743503332138062
28442624,0.04089972749352455,0.008673633448779583,-0.09060583263635635,-0.004027326591312885,0.0019928570836782455,0.03243924304842949,2.4592957496643066,0.1033906638622284,3.8124024868011475
28573696,0.256234735250473,0.09062846004962921,0.10278072208166122,-0.0420059934258461,0.046226561069488525,0.06615062803030014,3.372791290283203,-0.08399152755737305,2.8659756183624268
28704768,0.1806836724281311,0.008870699442923069,0.04843108355998993,0.14128316938877106,0.03543350473046303,0.10170658677816391,2.6433095932006836,0.014993731863796711,3.151261329650879
28835840,0.15190674364566803,0.06645924597978592,0.02662668377161026,-0.0018532820977270603,0.04873889684677124,0.07055111974477768,3.6650922298431396,0.01835528016090393,2.4106104373931885
28966912,0.8396252393722534,0.0342475026845932,0.06248801201581955,0.16370666027069092,0.11069688200950623,-0.0070345597341656685,4.614135265350342,0.10988593846559525,0.7836955189704895
29097984,0.6412175297737122,0.06014908477663994,0.1664416790008545,0.2636786997318268,0.08409571647644043,-0.00873869564384222,4.569985866546631,-0.06108545884490013,0.22543421387672424
29229056,0.285427451133728,-0.018740756437182426,-0.05331359803676605,0.051026973873376846,0.08417972922325134,0.002693922258913517,3.9108550548553467,0.03734708949923515,2.37263822555542
29360128,0.6227096319198608,0.075407475233078,0.017103254795074463,0.12133245170116425,-0.00682816794142127,-0.03871169313788414,5.121734619140625,-0.05659802258014679,1.317937970161438
29491200,0.14905357360839844,0.058742620050907135,0.0146589120849967,-0.09081742912530899,0.05560021847486496,-0.040052883327007294,2.6133763790130615,0.0665128231048584,3.7614591121673584
29622272,0.3102427124977112,0.051615651696920395,-0.03238458186388016,0.13873979449272156,0.06001191586256027,0.03372587263584137,3.9737725257873535,-0.051400505006313324,2.7626826763153076
29753344,0.1038258746266365,0.019552314653992653,0.00984340999275446,0.006764084100723267,0.01565093733370304,0.027080940082669258,3.187908172607422,0.016744934022426605,3.067253828048706
29884416,0.08103567361831665,-0.003580370917916298,0.03179381415247917,0.012360571883618832,0.05154108256101608,0.07150056213140488,2.5127828121185303,0.08349043875932693,3.5885844230651855
30015488,0.1670336127281189,-0.006430014967918396,0.02058403752744198,-0.033276066184043884,0.03438884764909744,0.04132772237062454,3.1934823989868164,0.03250851854681969,3.1012790203094482
30146560,0.1112789511680603,0.0108694052323699,0.042021095752716064,0.018287798389792442,0.023599885404109955,0.02080022729933262,3.0154478549957275,0.09014623612165451,3.096780776977539
30277632,0.6734907031059265,0.031698308885097504,0.06276919692754745,0.1021764948964119,0.05531374737620354,0.017336666584014893,4.675582408905029,-0.05841789394617081,1.233293890953064
30408704,0.5181381702423096,0.02024366520345211,0.13644276559352875,0.2116442620754242,0.12320713698863983,0.02472878247499466,3.0375490188598633,-0.06682322919368744,-0.027713686227798462
30539776,0.7676651477813721,-0.03872479870915413,-0.04216776415705681,0.18825408816337585,0.05389770492911339,0.03187887743115425,4.371018409729004,0.13105414807796478,1.4453951120376587
30670848,0.6251497268676758,0.07357270270586014,0.01190935168415308,0.0274189505726099,-0.04091641679406166,-0.008291536010801792,4.912085056304932,-0.11300934851169586,1.7342400550842285
30801920,0.2245045304298401,0.06654735654592514,0.026954876258969307,0.23038432002067566,0.055735792964696884,0.024791624397039413,3.66705584526062,-0.1298636794090271,2.270847797393799
30932992,-0.08496156334877014,-0.009753688238561153,-0.04447018355131149,-0.04110117629170418,-0.019814694300293922,0.08609206229448318,3.188732385635376,0.1683155596256256,2.997912645339966
31064064,0.19494719803333282,0.0066054328344762325,0.02523517608642578,-0.10073897987604141,-0.03652893006801605,0.11318900436162949,3.0631706714630127,0.06788529455661774,3.457512617111206
31195136,0.2266850471496582,0.023493362590670586,0.008487481623888016,0.009793129749596119,0.0785793662071228,-0.012042329646646976,2.9320433139801025,0.11920635402202606,3.3464484214782715
31326208,0.09023645520210266,0.027956156060099602,0.05943447723984718,0.08125828206539154,0.03539401665329933,0.09654422849416733,3.033538818359375,0.0766669362783432,3.1920599937438965
31457280,0.17426295578479767,0.0019107593689113855,0.03069506213068962,0.0004127039574086666,0.07642509043216705,0.038280125707387924,3.199772834777832,0.042574405670166016,3.0874462127685547
31588352,0.9587451815605164,0.03359425067901611,0.10272471606731415,0.21511533856391907,0.1021580845117569,0.02668949030339718,5.073981285095215,-0.03828130662441254,0.5516207814216614
31719424,0.6741325855255127,0.036585599184036255,0.18491230905056,0.4121142029762268,0.09565148502588272,-0.001970413140952587,4.544547080993652,0.00790427066385746,0.31481868028640747
31850496,0.0290057435631752,-0.012163580395281315,0.012677446007728577,-0.0375325009226799,0.0556081160902977,0.12189524620771408,2.3989779949188232,0.03515375033020973,3.7081611156463623
31981568,0.34811660647392273,-0.005508581642061472,-0.036824412643909454,0.2236112803220749,-0.04591923952102661,-0.06698040664196014,3.867137908935547,-0.040660593658685684,2.3743464946746826
32112640,0.13454824686050415,0.04906178638339043,0.048646923154592514,0.11652249097824097,0.00012215410242788494,0.07665959000587463,2.929643392562866,0.01675373688340187,3.2731900215148926
32243712,0.15595872700214386,0.023952873423695564,0.0451655276119709,0.04623541980981827,-0.013817189261317253,0.08093881607055664,2.9698567390441895,0.042459871619939804,3.6957852840423584
32374784,0.2684478461742401,0.03874911740422249,0.03654083237051964,-0.08475606888532639,0.019691351801156998,0.12232004106044769,3.551393985748291,0.051586054265499115,2.264408826828003
32505856,0.30257031321525574,0.018558921292424202,-0.07513578981161118,0.20097950100898743,0.009527887217700481,0.12651419639587402,3.693040609359741,-0.02274535782635212,2.2673981189727783
32636928,0.23595884442329407,0.12227432429790497,-0.045045405626297,0.20760421454906464,-0.017411870881915092,0.0943998247385025,2.475551128387451,0.04696262255311012,3.407402753829956
32768000,0.17719712853431702,0.06278873980045319,0.01710447296500206,0.11214987188577652,0.04580319672822952,0.05988556146621704,3.320859432220459,-0.10122659802436829,2.6828036308288574
32899072,0.7749269604682922,0.06954683363437653,0.1311126947402954,0.3056686520576477,0.01970677636563778,0.051567453891038895,5.0028395652771,-0.02794484607875347,0.9213808178901672
33030144,0.6528469920158386,0.05013405159115791,0.15941588580608368,0.45058637857437134,0.10481071472167969,-0.011223452165722847,4.978936672210693,-0.10639265179634094,0.10788188129663467
33161216,-0.13521750271320343,0.06202659010887146,-0.004169486928731203,-0.005881697870790958,-0.02669636532664299,0.049722377210855484,2.2849316596984863,-0.03137374669313431,2.8327536582946777
33292288,0.1887909173965454,-0.008407853543758392,0.05683472380042076,-0.003997025080025196,0.029725005850195885,0.091214120388031,3.1296355724334717,0.024560557678341866,2.9966671466827393
33423360,0.19179567694664001,0.0023144071456044912,-0.02897963672876358,-0.006074117496609688,0.04242946207523346,0.07076776772737503,3.753798484802246,0.08203109353780746,2.474378824234009
33554432,0.19636888802051544,0.016122961416840553,-0.022892078384757042,0.06503083556890488,-0.049298904836177826,0.05802729353308678,2.817068099975586,0.024733027443289757,3.4928128719329834
33685504,0.18888822197914124,0.0022628933656960726,-0.008918984793126583,0.1534821093082428,0.03385913372039795,0.04261786490678787,4.317178726196289,-0.31905630230903625,2.186523675918579
33816576,0.0746203139424324,0.038050808012485504,-0.010511882603168488,0.03386237099766731,0.03763531893491745,0.04971332103013992,2.8540546894073486,0.1764039695262909,3.3875069618225098
33947648,0.3612004518508911,0.004080434329807758,0.01928379386663437,0.04890807718038559,0.026089677587151527,0.024274421855807304,4.432476997375488,-0.11358972638845444,1.985906720161438
34078720,0.12620827555656433,0.021345138549804688,0.041367530822753906,0.039341602474451065,0.036132533103227615,0.07556695491075516,2.622762441635132,0.0812184065580368,3.7020347118377686
34209792,0.3969477415084839,0.01911131665110588,0.04309483617544174,0.11639069020748138,0.05215945094823837,-0.02926243655383587,3.757510185241699,-0.13710245490074158,2.315589427947998
34340864,0.6137561202049255,0.02306394651532173,0.13818588852882385,0.3354121446609497,0.091319240629673,0.0172585342079401,4.103419780731201,-0.08624687045812607,-0.008664503693580627
34471936,0.023953357711434364,-0.01932157203555107,0.02078789286315441,0.06102332845330238,0.014847410842776299,0.06447609513998032,2.7583980560302734,-0.017564063891768456,3.4269328117370605
34603008,0.548373281955719,-0.01818210445344448,0.04142460972070694,0.2853418290615082,-0.015843041241168976,-0.015790365636348724,4.570472240447998,-0.1562196910381317,2.3498425483703613
34734080,0.25584688782691956,0.021694594994187355,-0.06717495620250702,0.022715924307703972,-0.03637629374861717,0.03160196170210838,3.061518669128418,-0.034212928265333176,2.51426100730896
34865152,0.29131177067756653,0.007410420570522547,0.014875560067594051,0.016270583495497704,0.05522448197007179,0.06367557495832443,3.29902982711792,0.05102521926164627,3.5714025497436523
34996224,0.38072797656059265,0.05676348879933357,0.06130673363804817,-0.01970360428094864,0.04351571947336197,-0.05042647942900658,4.364287853240967,-0.04096519947052002,2.2418367862701416
35127296,0.16906824707984924,0.046674009412527084,0.09088283032178879,0.08068792521953583,0.12103359401226044,0.1931062936782837,2.7011051177978516,0.03792745992541313,3.518024206161499
35258368,0.36698925495147705,0.02087610587477684,0.08935841172933578,0.07397142797708511,-0.014200378209352493,0.016698487102985382,4.452769756317139,-0.01698700711131096,2.7035090923309326
35389440,-0.09648795425891876,-0.03550095483660698,-0.06756323575973511,-0.1009826511144638,-0.011472390964627266,0.054892610758543015,3.3823351860046387,0.11232271790504456,3.2346270084381104
35520512,0.819882869720459,-0.02208494022488594,0.18673624098300934,0.2895922064781189,0.12602463364601135,0.01903531141579151,4.021294593811035,-0.04375973716378212,1.7234935760498047
35651584,0.6952986121177673,0.08110803365707397,0.16979366540908813,0.24787329137325287,0.09128767997026443,0.0072106849402189255,5.199918746948242,-0.061603762209415436,0.27391317486763
35782656,-0.024148834869265556,-0.009711265563964844,0.0597032830119133,-0.018646322190761566,0.07336704432964325,0.12147363275289536,2.536264419555664,0.0873645693063736,3.4167709350585938
35913728,0.3068987727165222,0.1760905236005783,0.23811769485473633,-0.01733272895216942,0.11304450035095215,0.14360497891902924,4.048741817474365,-0.07221654802560806,2.220428705215454
36044800,0.22683486342430115,-0.007870538160204887,0.03807903081178665,0.09576209634542465,0.06751145422458649,0.1382092386484146,3.23616886138916,-0.06761564314365387,2.6933159828186035
36175872,0.18777155876159668,0.0016298117116093636,0.04250417277216911,0.0018149191746488214,0.09667547047138214,-0.016606472432613373,3.0610814094543457,0.06862141191959381,3.4234607219696045
36306944,0.05729633942246437,0.015045292675495148,-0.027925336733460426,0.028634676709771156,0.006583825219422579,0.09066659957170486,2.7636921405792236,-0.09782490879297256,4.070358753204346
36438016,0.12157157063484192,0.04154306277632713,0.039075274020433426,-0.08481092005968094,0.014930246397852898,0.11079176515340805,2.9092719554901123,0.04603362828493118,3.622504472732544
36569088,0.3732684254646301,0.09611234813928604,0.07944273203611374,-0.09866650402545929,0.09556322544813156,0.018349988386034966,3.2174954414367676,0.041184693574905396,3.0190484523773193
36700160,0.19905130565166473,-0.041970036923885345,-0.06263477355241776,-0.0016607362776994705,0.017224691808223724,-0.012763997539877892,3.5474796295166016,0.20753411948680878,3.207674741744995
36831232,0.8733571171760559,9.242736268788576e-05,0.06601572036743164,0.4883652329444885,0.0655428096652031,0.06253431737422943,5.3166422843933105,-0.18844929337501526,0.9279716610908508
36962304,0.81606125831604,0.09182418882846832,0.16089774668216705,0.3828728497028351,0.12942562997341156,-0.054551128298044205,5.909048557281494,-0.09836284071207047,0.6639182567596436
37093376,0.13127833604812622,0.06129278987646103,0.007629224099218845,-0.10377305746078491,0.041648365557193756,0.0415063351392746,2.7889790534973145,-0.12840424478054047,3.3864541053771973
37224448,0.1601046621799469,0.038238827139139175,0.08162707090377808,0.16441044211387634,0.0032647340558469296,0.059109266847372055,3.2016518115997314,-0.07419336587190628,2.92136549949646
37355520,0.10744772851467133,0.010227222926914692,0.02737080119550228,0.030653148889541626,0.04824458435177803,0.08098681271076202,2.8452863693237305,-0.037348855286836624,4.1762003898620605
37486592,0.19721795618534088,-0.004454766400158405,-0.026964930817484856,0.018395625054836273,0.01522713154554367,0.05767813324928284,3.133334159851074,-0.014457767829298973,3.468254327774048
37617664,0.17188537120819092,-0.017187733203172684,0.04907620698213577,0.055617257952690125,0.07302314043045044,0.10233794152736664,2.809523582458496,-0.04080513119697571,3.28314208984375
37748736,0.16302093863487244,-0.006883342284709215,-0.0022089346311986446,-0.04524270445108414,-0.04482122138142586,0.10461525619029999,3.1090619564056396,-0.032787907868623734,3.7871739864349365
37879808,0.08003374189138412,0.014867349527776241,-0.018532726913690567,0.002809475874528289,-0.015047866851091385,0.07507679611444473,2.5169780254364014,0.09873426705598831,4.333369731903076
38010880,0.14507171511650085,0.0385717898607254,-0.06059574335813522,-0.16984757781028748,-0.06617274135351181,0.07417746633291245,4.12905216217041,-0.05536242946982384,3.1236698627471924
38141952,0.5318506360054016,-0.05805690586566925,0.04900774732232094,0.07739241421222687,-0.03898099437355995,0.07329610735177994,4.132573127746582,-0.004463649354875088,2.9687905311584473
38273024,0.7319747805595398,0.02421770989894867,0.11955875158309937,0.37468236684799194,0.09220666438341141,0.014361069537699223,5.003600597381592,-0.025591319426894188,0.3719176650047302
38404096,0.27766042947769165,0.01337994821369648,0.0027119016740471125,0.2133444845676422,0.04477697238326073,0.1036469042301178,3.378953695297241,0.16821381449699402,3.6711697578430176
38535168,0.2835383117198944,0.04758414253592491,-0.05825667083263397,0.06141963601112366,-0.08562380820512772,0.01485163439065218,3.105264186859131,0.07647223025560379,3.5583114624023438
38666240,0.19162307679653168,-0.017311561852693558,0.013305026106536388,-0.013769304379820824,0.04213137552142143,0.07720686495304108,3.4588398933410645,0.06301838159561157,3.427205801010132
38797312,0.14360158145427704,0.028673231601715088,-0.01042413804680109,0.005748933646827936,0.08514192700386047,0.16711077094078064,2.802170753479004,0.055964089930057526,3.7607712745666504
38928384,0.13956518471240997,0.004704346414655447,-0.00819285400211811,-0.003823337610810995,0.026310812681913376,0.04692533239722252,2.4938299655914307,0.08933921903371811,4.288971424102783
39059456,0.15041984617710114,0.025335662066936493,0.07448413223028183,0.02623894438147545,0.07208891957998276,0.07604441791772842,3.2465732097625732,0.09084741771221161,3.6393840312957764
39190528,0.20529912412166595,-2.036543082795106e-05,-0.006947391666471958,0.04269002005457878,-0.01211745385080576,0.028136251494288445,3.514313220977783,0.010355315171182156,3.3750998973846436
39321600,0.13099968433380127,-0.020804597064852715,0.06847620755434036,0.0024862641002982855,0.07140354067087173,0.16342143714427948,2.399549722671509,0.13768792152404785,4.084539413452148
39452672,0.2923484444618225,0.005833521485328674,0.007195785641670227,0.10050227493047714,0.026356684044003487,0.07653693109750748,3.4149537086486816,0.03471653535962105,3.063326597213745
39583744,0.6723618507385254,0.08971499651670456,0.16524195671081543,0.3775179982185364,0.08660881221294403,0.01720024086534977,5.07692289352417,-0.13458265364170074,0.21747002005577087
39714816,-0.34582334756851196,0.05563684180378914,0.1490616798400879,-0.16823017597198486,0.06205269321799278,0.1302223652601242,1.7719945907592773,0.09718605130910873,2.536562919616699
39845888,0.3649851977825165,0.05354413017630577,0.1664705127477646,-0.1064482033252716,0.06552298367023468,-0.023489350453019142,2.794562816619873,-0.0024822496343404055,3.4137887954711914
39976960,0.062379807233810425,0.019441325217485428,-0.07508233189582825,-0.026671044528484344,0.03152705356478691,0.0702681839466095,2.6070971488952637,-0.01102964673191309,4.285383224487305
40108032,-0.023823587223887444,0.0487084724009037,0.013963649049401283,0.13412818312644958,0.04635803401470184,0.08315350115299225,2.939283609390259,-0.030178729444742203,3.1601216793060303
40239104,0.1651773601770401,0.027253389358520508,-0.015486504882574081,-0.0007787275244481862,0.03559982031583786,0.070173479616642,3.0639381408691406,-0.07294213026762009,3.364859104156494
40370176,0.26944682002067566,0.009556204080581665,0.06449750065803528,0.1554011106491089,0.14350587129592896,0.1093410775065422,2.6650631427764893,0.07274408638477325,3.08915114402771
40501248,0.14684197306632996,-0.01485958881676197,0.055256545543670654,0.010862876661121845,0.03152996674180031,0.07302339375019073,2.5740580558776855,0.0813593715429306,4.0535807609558105
40632320,-0.025028685107827187,-0.004218455869704485,-0.012483428232371807,0.11384996026754379,0.04553057998418808,0.11469944566488266,2.948375701904297,0.18026046454906464,3.8176751136779785
40763392,0.45385050773620605,-0.037560805678367615,0.034362148493528366,0.2984829246997833,0.030151475220918655,0.013309797272086143,4.341860771179199,-0.015833038836717606,1.814276099205017
40894464,0.7646867632865906,0.13474781811237335,0.13419270515441895,0.21100091934204102,0.05650491639971733,0.004527552518993616,5.554896354675293,0.0003929781960323453,0.6514744758605957
41025536,-0.03472204878926277,0.097939632833004,0.042927589267492294,0.1679839789867401,0.03914113715291023,0.058285124599933624,1.617408037185669,-0.004273419734090567,2.723966598510742
41156608,0.42908814549446106,0.006746260449290276,0.08823968470096588,0.08968999981880188,0.11634782701730728,-0.02435634285211563,4.446847915649414,-0.10966040939092636,2.108884811401367
41287680,0.15054760873317719,0.003870782209560275,0.10409541428089142,0.24504879117012024,0.04975777864456177,0.0783081203699112,3.7229223251342773,-0.03927024453878403,2.720331907272339
41418752,0.07863873988389969,-0.015923185274004936,0.053894124925136566,0.01898922398686409,-0.05934983864426613,0.10741465538740158,2.54963755607605,0.027884045615792274,4.209960460662842
41549824,0.06727243959903717,-0.021777529269456863,-0.034134235233068466,-0.013738084584474564,0.035708218812942505,0.13485439121723175,2.8119595050811768,0.11694049090147018,3.870556354522705
41680896,0.25778132677078247,-0.007841828279197216,-0.021235423162579536,-0.028573812916874886,0.04220384731888771,0.04577231779694557,3.701467514038086,-0.036949872970581055,2.9660730361938477
41811968,-0.08436355739831924,0.04360509663820267,0.142286479473114,0.19385084509849548,0.17891475558280945,0.07130157202482224,2.7642688751220703,0.0544784851372242,3.423511266708374
41943040,0.17616388201713562,0.05251450464129448,0.03835701569914818,0.001934421481564641,0.09800757467746735,0.1461997777223587,2.999070882797241,0.02465200610458851,3.8971316814422607
42074112,0.39344772696495056,-0.01563962921500206,0.0797952339053154,0.1758395880460739,0.049845654517412186,0.11446492373943329,3.1905155181884766,-0.041270434856414795,3.3682944774627686
42205184,0.5062798857688904,0.10644487291574478,0.25068220496177673,0.3322501480579376,0.1404518336057663,0.009719772264361382,4.998013019561768,-0.02883419580757618,1.6173299551010132
42336256,-0.0855972021818161,0.018471337854862213,-0.010633382946252823,-0.022394124418497086,0.08427494764328003,0.11836271733045578,1.7852256298065186,0.018444692716002464,3.6159582138061523
42467328,0.3628042936325073,-0.051153186708688736,-0.07578889280557632,-0.014011966064572334,-0.03602885082364082,-0.05059489607810974,4.539200782775879,-0.17931678891181946,3.232193946838379
42598400,0.19421254098415375,-0.014121945947408676,-0.01615206152200699,0.13503776490688324,-0.06398540735244751,0.06011522188782692,4.14772891998291,-0.029748648405075073,3.650559186935425
42729472,0.07886893302202225,-0.0076119001023471355,-0.035190436989068985,-0.11322452127933502,0.03535015136003494,0.12007807195186615,3.3178560733795166,-0.04424648731946945,3.3444197177886963
42860544,0.14644353091716766,0.021582234650850296,0.0038301744498312473,-0.027901403605937958,0.02406490407884121,0.08026781678199768,2.785602569580078,-0.006687271408736706,4.097156524658203
42991616,0.2430846095085144,0.012476705946028233,-0.048496346920728683,-0.030677655711770058,0.030865808948874474,0.05933379381895065,3.569161891937256,0.026052281260490417,3.4636781215667725
43122688,0.14229637384414673,0.035422176122665405,0.040902912616729736,0.0009048264473676682,0.013872101902961731,0.12372364848852158,2.5843546390533447,-0.041781600564718246,4.10495662689209
43253760,0.24554862082004547,0.048392511904239655,0.019977670162916183,-0.12479372322559357,0.012756920419633389,0.03408544883131981,2.849895715713501,-0.05665716901421547,3.9651317596435547
43384832,0.32371729612350464,0.03390955552458763,0.0799497589468956,0.2507980167865753,0.04073530063033104,0.10903177410364151,3.5915701389312744,-0.0853501707315445,3.1236014366149902
43515904,0.7296605110168457,0.04861254617571831,0.1716236025094986,0.4078429937362671,0.10696762055158615,-0.007522223051637411,5.704498291015625,0.04981707036495209,1.4102582931518555
43646976,0.14236930012702942,-0.0202084518969059,-0.024337733164429665,-0.005542191676795483,-0.005578616168349981,0.0009400440030731261,3.1918461322784424,0.02967233769595623,4.180403709411621
43778048,0.5401977896690369,0.010323451831936836,0.08529110997915268,0.06275450438261032,-0.02447258122265339,-0.031421829015016556,4.137152671813965,0.018819505348801613,2.76668643951416
43909120,0.4437577426433563,0.016883941367268562,-0.02016071416437626,0.04538624733686447,-0.03857503458857536,-0.03959217667579651,3.833230495452881,-0.026147926226258278,3.267566442489624
44040192,0.2549471855163574,0.018734600394964218,-0.06273868680000305,-0.12589623034000397,-0.03370940685272217,0.040878187865018845,2.8001596927642822,0.00365497637540102,3.96883487701416
44171264,0.45874762535095215,0.021182838827371597,0.0821344330906868,0.17963071167469025,0.028326816856861115,0.04107305034995079,3.4148383140563965,-0.12847885489463806,3.2321159839630127
44302336,0.21466214954853058,0.004191757179796696,0.05151528865098953,-0.08972199261188507,-0.0014132325304672122,0.0531822107732296,3.174772024154663,0.11141253262758255,3.5086824893951416
44433408,0.21160517632961273,-0.0026785582304000854,0.04085896536707878,0.10564518719911575,0.010394957847893238,0.06005151942372322,2.4313085079193115,0.021220996975898743,4.247895240783691
44564480,0.11986295878887177,-0.0031090062111616135,0.0169218722730875,0.05293083190917969,-0.033494360744953156,0.12416092306375504,2.600720167160034,-0.015096480026841164,4.313971519470215
44695552,0.5390340685844421,-0.02389073744416237,-0.015140635892748833,0.09283152222633362,-0.021990938112139702,0.04531489312648773,3.089411497116089,0.054780974984169006,3.648313045501709
44826624,0.6760459542274475,0.14489786326885223,0.2496958076953888,0.34739118814468384,0.10555698722600937,0.04038620740175247,5.421335220336914,-0.0567314438521862,0.8277053236961365
44957696,0.047178715467453,0.03338047116994858,0.012188428081572056,-0.06022028997540474,-0.0009633586159907281,0.10081931203603745,2.5158705711364746,-0.024501455947756767,2.9799718856811523
45088768,0.32434579730033875,0.012939367443323135,0.07658343762159348,-0.010623861104249954,-0.00657580466940999,0.005030754487961531,3.943415403366089,-0.0632152110338211,2.41438889503479
45219840,0.14817675948143005,0.014425813220441341,-0.0069206045009195805,0.02910717949271202,0.03266341611742973,0.0647364929318428,2.928433418273926,0.0759200006723404,3.516963481903076
45350912,0.16878938674926758,0.015754254534840584,0.031076917424798012,0.005108683370053768,0.04340888559818268,0.16382187604904175,2.7253613471984863,0.04215681925415993,3.5715291500091553
45481984,0.4355577826499939,0.0056340959854424,-0.028581684455275536,0.04948015138506889,-0.08556254953145981,-0.0018289480358362198,3.9977080821990967,0.024776099249720573,3.406808376312256
45613056,0.0747828334569931,0.047597210854291916,-0.0034909097012132406,-0.08867612481117249,-0.00043818337144330144,0.11358286440372467,1.9998137950897217,0.07735105603933334,4.4283270835876465
45744128,0.09296270459890366,0.017156437039375305,-0.0002702560741454363,0.090949647128582,0.05061839520931244,0.08585184067487717,2.244112730026245,-0.03919172286987305,4.616022109985352
45875200,0.04830944538116455,0.026959970593452454,-0.03178258612751961,0.20199136435985565,0.08951417356729507,0.08139549195766449,2.2896742820739746,0.04451622813940048,4.5139641761779785
46006272,0.5982979536056519,0.0018969587981700897,0.09693580120801926,0.1555231511592865,0.07216395437717438,0.05729498341679573,3.9605278968811035,-0.10357081890106201,2.652069091796875
46137344,0.5761778950691223,-0.008298133499920368,0.06794829666614532,0.33341020345687866,0.12206991761922836,0.01617393270134926,5.136151313781738,-0.018705379217863083,1.46512770652771
46268416,-0.11010441929101944,0.0053839427419006824,0.10665814578533173,-0.0677221268415451,0.015389052219688892,0.14086779952049255,2.0733449459075928,0.08298230171203613,4.151607513427734
46399488,0.10093970596790314,0.03126273304224014,-0.010967300273478031,0.04263432323932648,-0.04256751760840416,0.06250425428152084,3.1081016063690186,0.006044973153620958,4.05926513671875
46530560,0.24340227246284485,-0.018007289618253708,-0.019269486889243126,0.04596693068742752,-0.0002886932925321162,0.12839564681053162,3.121544599533081,-0.017680058255791664,3.8265066146850586
46661632,0.03179740905761719,0.03988076373934746,0.11055091768503189,0.05900779739022255,0.05446738749742508,0.06907567381858826,3.5794122219085693,0.007031841669231653,3.6584415435791016
46792704,-0.0018603825010359287,-0.008470917120575905,0.10156326740980148,-0.03465705364942551,-0.00691830413416028,0.03065110184252262,2.4858522415161133,0.0416230708360672,4.286190509796143
46923776,0.17458748817443848,0.021443258970975876,-0.017149627208709717,0.07686756551265717,-0.03336615860462189,0.04959653317928314,2.3829715251922607,0.04548845440149307,4.603632926940918
47054848,0.2823864221572876,0.003437567502260208,0.09864668548107147,0.2550172805786133,-0.02468200959265232,0.09216753393411636,4.205044269561768,0.010186606086790562,3.000530481338501
47185920,0.13487295806407928,-0.009014020673930645,0.005302111618220806,0.0809289962053299,0.05504149943590164,0.06794098764657974,2.324337959289551,0.05729128420352936,4.112688064575195
47316992,0.15526482462882996,-0.007449303288012743,0.034428417682647705,0.12870877981185913,0.03321491926908493,0.0873994529247284,3.1021244525909424,-0.09347350895404816,3.6666324138641357
47448064,0.6530457139015198,0.06347572803497314,0.13406214118003845,0.3742782473564148,0.08483064919710159,-0.023306524381041527,5.920436859130859,-0.013430170714855194,1.680639624595642
47579136,0.14251834154129028,0.009445217438042164,-0.028207169845700264,-0.1097729280591011,-0.027743961662054062,0.07231420278549194,3.853729724884033,-0.0280050877481699,3.4302687644958496
47710208,0.1468561738729477,0.008281259797513485,0.0017420632066205144,-0.05473160371184349,-0.024815037846565247,0.0934428796172142,2.4700560569763184,0.048334915190935135,4.443351745605469
47841280,0.06799688935279846,0.014360470697283745,-0.032125722616910934,0.042744118720293045,-0.01627499982714653,0.14646822214126587,2.471822500228882,-0.031570546329021454,4.665890693664551
47972352,0.14392973482608795,0.01798875816166401,0.017532048746943474,0.17152109742164612,0.05750734359025955,0.12633101642131805,2.647547483444214,-0.055451929569244385,4.480558395385742
48103424,0.1375022828578949,0.0013740642461925745,0.0005585983162745833,0.015389885753393173,-0.020747970789670944,0.033918242901563644,3.019692897796631,0.06507281959056854,4.006333351135254
48234496,0.13388021290302277,0.011339074932038784,0.016700854524970055,0.03114544413983822,-0.03866327181458473,0.01601324789226055,2.6488447189331055,-0.07224120944738388,4.432188034057617
48365568,0.1027114987373352,-0.019061578437685966,0.0370655357837677,0.09543022513389587,0.007932869717478752,0.11319217830896378,2.46551251411438,0.026757508516311646,4.455888748168945
48496640,0.09649685025215149,0.019861971959471703,0.020489301532506943,0.010070282965898514,0.08947687596082687,0.1759294718503952,1.9761050939559937,0.033157188445329666,4.9236016273498535
48627712,0.17061196267604828,0.052654728293418884,-0.03683815896511078,0.15505675971508026,-0.045211274176836014,0.04343409836292267,4.062038421630859,0.033102355897426605,3.08475661277771
48758784,0.7680706977844238,0.07145652920007706,0.05800926685333252,0.26974478363990784,0.10550902783870697,0.00208305730484426,5.724985122680664,-0.08164427429437637,0.8535258769989014
48889856,-0.1342238336801529,-0.0007715541287325323,-0.021565528586506844,-0.07134897261857986,-0.015253935940563679,0.05852847918868065,1.393397569656372,0.056378163397312164,4.669426918029785
49020928,0.49439355731010437,-0.008052777498960495,0.05075247213244438,0.28597989678382874,0.0495065338909626,-0.029549138620495796,3.88073468208313,-0.029073966667056084,2.157867431640625
49152000,0.0470251739025116,-0.010455484502017498,-0.06999272108078003,-0.1204129010438919,-0.12806332111358643,-0.011030428111553192,4.546348571777344,0.08285559713840485,3.332256555557251
49283072,0.2725828289985657,-0.01290059369057417,-0.06770430505275726,-0.11599067598581314,-0.06596378237009048,0.03605625778436661,3.6519858837127686,-0.017977183684706688,3.2391910552978516
49414144,0.2227327972650528,0.03939433395862579,0.002463199198246002,0.1309771090745926,0.005259011872112751,0.0703837051987648,2.8881993293762207,0.02967642992734909,4.579366207122803
49545216,0.22153784334659576,0.06148640438914299,0.055955562740564346,0.011894126422703266,0.06170301139354706,0.11057528108358383,3.076460838317871,-0.018562808632850647,3.791594982147217
49676288,0.3766036629676819,0.07185735553503036,-0.02322636917233467,-0.015103348530828953,0.019460489973425865,0.07297846674919128,3.1539535522460938,0.004406049847602844,3.5184459686279297
49807360,0.05148039758205414,-0.05218537524342537,-0.002424058271571994,-0.07792043685913086,-0.0005573091330006719,0.09713590145111084,2.1096835136413574,0.036368098109960556,5.140155792236328
49938432,0.15470688045024872,-0.013663703575730324,-0.0009625605307519436,0.005693469196557999,0.002716466085985303,0.0503244511783123,2.8461358547210693,0.055980999022722244,4.1292805671691895
50069504,0.6001002788543701,0.04989446699619293,0.19044847786426544,0.3687134385108948,0.0603831447660923,0.00962150376290083,3.4187052249908447,-0.11430606991052628,0.30449897050857544
50200576,-0.0987631306052208,-0.019656440243124962,0.0212451983243227,-0.07987000793218613,0.005744314286857843,0.03345935046672821,2.2042758464813232,-0.07154601067304611,2.6622025966644287
50331648,0.3801751732826233,0.002146621234714985,0.027350755408406258,0.22869233787059784,-0.04546411335468292,0.032254770398139954,3.1657626628875732,-0.079404316842556,1.0260765552520752
50462720,0.1927230805158615,-0.015359139069914818,-0.020675180479884148,0.0032070421148091555,0.009907994419336319,0.03380550816655159,2.178022623062134,0.03242931887507439,2.2472481727600098
50593792,0.08133453130722046,0.034459542483091354,0.02582698129117489,0.0577949658036232,0.006640279199928045,0.11431381851434708,2.726618766784668,0.14417444169521332,2.467228889465332
50724864,0.14204655587673187,0.03811949864029884,-0.02343403920531273,0.008279336616396904,-0.028595175594091415,-0.003596027148887515,3.14937686920166,0.030323965474963188,2.2281887531280518
50855936,0.2517353892326355,0.03543829172849655,0.011580455116927624,0.13313961029052734,-0.01766105741262436,0.12231719493865967,3.9992125034332275,0.0013545028632506728,2.6772780418395996
50987008,0.037178292870521545,-0.021194733679294586,0.06699966639280319,-0.008711925707757473,0.07576969265937805,0.041028816252946854,3.154081106185913,0.04221712052822113,2.5391993522644043
51118080,0.0674644336104393,-0.01593429036438465,-0.01747232861816883,-0.01025739312171936,0.005620224867016077,-0.009120514616370201,2.7989838123321533,0.06994253396987915,3.8357059955596924
51249152,0.5504422187805176,0.007198987528681755,0.10732283443212509,0.13567259907722473,0.05271276459097862,0.10686427354812622,3.958540916442871,-0.03452356159687042,2.124155282974243
51380224,0.6479312777519226,0.19428780674934387,0.12863276898860931,0.2936996519565582,0.14830157160758972,-0.006787566468119621,5.254738807678223,-0.028937673196196556,0.6706735491752625
51511296,-0.020530764013528824,0.06348077207803726,-0.0765206441283226,-0.12771117687225342,0.024516312405467033,-0.00572931207716465,2.968416690826416,0.05746569484472275,3.5194897651672363
51642368,0.4824647903442383,0.060169294476509094,0.03820807859301567,0.07863544672727585,-0.0713503435254097,0.011970246210694313,3.6474759578704834,-0.023029010742902756,2.3867924213409424
51773440,0.24560128152370453,0.0724608302116394,0.03693314269185066,-0.14917410910129547,0.03596054017543793,0.08889146894216537,3.106825351715088,0.043332427740097046,3.3375403881073
51904512,0.40772607922554016,0.11635559797286987,0.03776239603757858,0.14209672808647156,0.05743323266506195,0.10762125253677368,3.0494940280914307,-0.02214604988694191,2.920621871948242
52035584,0.17615999281406403,-0.01207051519304514,0.009328971616923809,0.06599853932857513,0.01902030222117901,0.10634186118841171,2.417368173599243,0.05390636995434761,3.8814284801483154
52166656,0.17895658314228058,0.024093065410852432,0.002726329257711768,-0.03171279653906822,-0.023400137200951576,0.16113398969173431,3.122518539428711,0.05603628233075142,3.9622538089752197
52297728,0.2570478320121765,0.08740639686584473,-0.04209914430975914,0.051959116011857986,0.03771347552537918,0.13371406495571136,3.3591012954711914,-0.019541867077350616,3.2380213737487793
52428800,0.25606563687324524,-0.02682560682296753,0.038324207067489624,0.030099082738161087,0.01908799633383751,0.09536200016736984,3.4914422035217285,0.13319121301174164,2.887291193008423
52559872,0.6673709154129028,0.12134070694446564,0.052052564918994904,0.0698210671544075,0.05565053969621658,0.023517288267612457,3.9576833248138428,-0.13001608848571777,2.203150749206543
52690944,0.8849630355834961,0.11576089262962341,0.13766872882843018,0.34430521726608276,0.12188521772623062,0.028155585750937462,5.9809041023254395,-0.09048325568437576,0.527843713760376
52822016,0.08883798122406006,-0.022070085629820824,0.04856947809457779,0.025549355894327164,0.09290655702352524,0.10526431351900101,3.113032341003418,-0.020453626289963722,4.490061283111572
52953088,0.2057051658630371,0.010444927960634232,0.05541778728365898,0.14323021471500397,0.03648507595062256,0.024116385728120804,3.954914093017578,-0.028249314054846764,2.48771071434021
53084160,0.1943196803331375,-0.005818589124828577,-0.05396547168493271,-0.004148387815803289,-0.07514975219964981,0.0576864629983902,2.9949088096618652,0.15690717101097107,3.6926839351654053
53215232,0.10079691559076309,-0.06685206294059753,0.03838544338941574,0.1246814951300621,0.09408599138259888,0.14320401847362518,2.706105947494507,-0.002806488424539566,3.3506534099578857
53346304,0.08757779002189636,-0.014489060267806053,-0.06573035567998886,-0.03253383934497833,-0.06683634221553802,0.06254642456769943,2.2177748680114746,0.1217462569475174,4.649242401123047
53477376,0.05193929001688957,0.01793135702610016,0.016186755150556564,0.023775679990649223,0.03605189919471741,0.11932244896888733,2.7645750045776367,-0.18844032287597656,4.123440265655518
53608448,0.19204337894916534,-0.010300850495696068,-0.010752151720225811,0.18844906985759735,0.02000439167022705,0.005223946180194616,3.1919162273406982,-0.005144603084772825,3.3727118968963623
53739520,0.25463950634002686,0.0648413822054863,0.032900370657444,-0.027536481618881226,0.1162753701210022,0.04971949756145477,3.1038289070129395,0.015525270253419876,3.460749387741089
53870592,0.41350463032722473,-0.1169259250164032,0.03125931695103645,0.18689922988414764,0.06558452546596527,0.0031955407466739416,3.2281360626220703,-0.16277673840522766,3.5049848556518555
54001664,0.850171685218811,0.1325857788324356,0.20667245984077454,0.24070602655410767,0.1489401012659073,0.038802359253168106,5.456681251525879,-0.1602410525083542,0.9515830278396606
54132736,0.0996013954281807,0.00883554108440876,0.10766338557004929,-0.10642124712467194,0.04229343682527542,0.12752199172973633,1.9474451541900635,-0.018780549988150597,3.37528657913208
54263808,0.5293079018592834,0.04113813862204552,0.04422939941287041,-0.03455601632595062,-0.022128796204924583,0.10489557683467865,3.8349978923797607,0.0060204630717635155,2.5311224460601807
54394880,0.5236978530883789,-0.04773440584540367,0.024838892742991447,0.009941782802343369,-0.01890012063086033,0.07474035024642944,4.2023234367370605,-0.027299419045448303,3.2703654766082764
54525952,-0.001882064389064908,-0.036599401384592056,0.015728214755654335,-0.12462632358074188,0.0175835769623518,0.15919388830661774,2.9600613117218018,0.1056755781173706,2.877570867538452
54657024,0.05294597148895264,0.08854029327630997,0.07438209652900696,0.16597792506217957,0.03990936279296875,-0.024110622704029083,2.139617443084717,-0.0009161387570202351,4.276352882385254
54788096,0.05461643636226654,0.025768864899873734,-0.054893843829631805,-0.048342932015657425,0.046475850045681,0.08112775534391403,2.9681427478790283,0.006341705564409494,3.6401450634002686
54919168,0.2676485776901245,-0.02101961150765419,0.004693819209933281,0.09578017890453339,-0.0037763123400509357,0.10107261687517166,3.0586278438568115,-0.020288486033678055,3.350597858428955
55050240,0.20064276456832886,-0.02093673311173916,0.0724603682756424,-0.016543816775083542,0.04730917513370514,0.022813253104686737,2.9670515060424805,0.10931279510259628,3.5841317176818848
55181312,0.2919992506504059,0.01194069255143404,-0.04601620137691498,-0.14120997488498688,-0.025499986484646797,0.047788433730602264,3.693725824356079,0.015971118584275246,3.2857847213745117
55312384,0.6694321036338806,0.01369304396212101,0.07296168804168701,0.21089982986450195,0.09784238040447235,-0.007688599172979593,5.502777576446533,-0.10973910987377167,0.4985116124153137
55443456,0.06309974193572998,-0.00015116370923351496,-0.013554633595049381,-0.006640632636845112,-0.013123596087098122,0.060128115117549896,2.7491517066955566,-0.010752679780125618,3.3428401947021484
55574528,0.20458565652370453,0.06459037214517593,0.027624787762761116,-0.01728721708059311,-0.053681764751672745,0.028249988332390785,2.6729073524475098,-0.01891169510781765,3.8361175060272217
55705600,0.14034193754196167,0.0225039292126894,0.014331274665892124,-0.04034863039851189,0.053206123411655426,0.06425026804208755,2.259143114089966,0.05371415242552757,4.815031051635742
55836672,0.005689804442226887,0.00968640111386776,0.020913049578666687,-0.019669009372591972,0.015157795511186123,0.09003588557243347,2.921844720840454,0.11430692672729492,3.909034490585327
55967744,0.36644113063812256,0.0027388902381062508,0.006263167597353458,0.029740143567323685,0.008754457347095013,0.036535508930683136,2.969939708709717,-0.05040833353996277,3.89850115776062
56098816,0.0999218001961708,-0.029357807710766792,0.028566904366016388,-0.06721267849206924,0.038119301199913025,0.13365986943244934,3.249495267868042,0.019366446882486343,3.608475685119629
56229888,0.10731014609336853,-0.0015996553702279925,0.03932635858654976,-0.022100992500782013,-0.02761426754295826,0.12089865654706955,2.304034948348999,0.1760413944721222,4.452030658721924
56360960,0.18995162844657898,0.0031990210991352797,-0.01562168262898922,0.031717222183942795,0.06310731917619705,0.12831611931324005,3.145761489868164,0.03244269639253616,3.6716654300689697
56492032,0.22387607395648956,-0.0038235820829868317,0.049882516264915466,0.12413401156663895,-0.001994821708649397,0.04405543953180313,3.014988422393799,-0.036651089787483215,3.8698651790618896
56623104,0.8531326651573181,0.24411818385124207,0.1210540160536766,0.35149744153022766,0.0338330939412117,-0.023006107658147812,6.844253063201904,-0.037681467831134796,1.7636375427246094
56754176,-0.05252262204885483,0.0023612328805029392,0.0003470953379292041,-0.11849509924650192,-0.06093483418226242,0.12202201783657074,2.15771222114563,-0.007366982288658619,3.5447981357574463
56885248,0.3454417586326599,0.016357505694031715,0.007589646149426699,0.05268741399049759,0.016277242451906204,0.14389297366142273,2.701467275619507,-0.01940223202109337,3.3602592945098877
57016320,0.05665259808301926,0.014293483458459377,-0.05740094929933548,-0.014288549311459064,-0.0005406881682574749,-0.004781759809702635,2.9553945064544678,0.008649400435388088,4.090119361877441
57147392,0.04431629925966263,-0.03448616340756416,0.1448928862810135,0.06765369325876236,0.06968135386705399,0.08183687925338745,2.896761894226074,-0.06583081185817719,3.3642523288726807
57278464,0.07276211678981781,0.00796435959637165,-0.002439277246594429,0.08720200508832932,0.050329338759183884,0.11470476537942886,2.8517332077026367,0.04004659876227379,3.466428756713867
57409536,0.14144490659236908,0.006227288395166397,0.02194947935640812,-0.05451491102576256,0.03863289952278137,0.10813309997320175,2.7410502433776855,-0.05093114450573921,3.9240334033966064
57540608,0.1729452759027481,0.030770691111683846,0.20548395812511444,0.18941059708595276,0.20632025599479675,0.11777862906455994,3.4346394538879395,-0.08621333539485931,2.896054267883301
57671680,0.0380060113966465,-0.012796957977116108,0.05980704724788666,0.09127359837293625,0.07453972101211548,0.08756916970014572,2.8641653060913086,0.1184365451335907,3.741312265396118
57802752,0.2413749247789383,0.047309644520282745,-0.006620654836297035,-0.06772557646036148,0.044558364897966385,0.07003218680620193,3.1899168491363525,-0.09687430411577225,3.826909303665161
57933824,0.9505746960639954,0.15842494368553162,0.17425589263439178,0.5648064017295837,0.19760149717330933,-0.028435947373509407,5.7043538093566895,-0.059333667159080505,1.1703191995620728
58064896,-0.04768902808427811,-0.0014211437664926052,0.11003262549638748,-0.052972108125686646,0.010693727992475033,0.13191992044448853,2.6780588626861572,-0.12050502002239227,3.150313138961792
58195968,0.2174384444952011,0.047984857112169266,-0.003821455640718341,0.013757226057350636,-0.049172140657901764,0.08649322390556335,3.0451385974884033,-0.11679654568433762,4.0620832443237305
58327040,0.08603101223707199,0.035204146057367325,-0.013968124985694885,0.0017807051772251725,-0.029314637184143066,0.06189083307981491,2.7625997066497803,-0.03300052508711815,4.601153373718262
58458112,0.10521417111158371,0.060826320201158524,-0.022983860224485397,0.10791589319705963,0.07543514668941498,0.0711216926574707,2.6282706260681152,-0.04040292650461197,4.257928371429443
58589184,0.3142199218273163,-0.039800453931093216,0.07190614938735962,0.08740177005529404,0.06903211027383804,0.030162924900650978,2.101123571395874,0.061479657888412476,4.580532550811768
58720256,0.1606571525335312,0.025266112759709358,0.08568477630615234,-0.039375726133584976,0.023928865790367126,0.10839288681745529,2.5097992420196533,0.016983050853013992,4.388844013214111
58851328,0.04878958314657211,0.04485446214675903,0.07736945152282715,0.05086110904812813,0.09811963140964508,0.1429378241300583,2.3426761627197266,0.0366961807012558,4.572090148925781
58982400,0.1698945164680481,0.005632003303617239,0.02109028398990631,-0.11116524040699005,0.02146233059465885,0.014326727017760277,2.005624294281006,-0.07736833393573761,4.918907642364502
59113472,0.11962799727916718,-0.009469366632401943,-0.05401161313056946,0.19035924971103668,-0.05668485537171364,0.010254786349833012,3.2144644260406494,0.09943999350070953,4.40370512008667
59244544,0.7607201933860779,0.17115096747875214,0.16701151430606842,0.48772889375686646,0.1063501387834549,-0.007211167365312576,6.41599702835083,-0.01177803985774517,1.3462680578231812
59375616,-0.04573073983192444,0.0844503715634346,0.010840016417205334,0.08699438720941544,0.10926101356744766,0.050796862691640854,1.71604585647583,-0.0490780770778656,3.2355148792266846
59506688,0.35706087946891785,0.0635116696357727,0.09059449285268784,0.16581787168979645,0.05104093998670578,0.08092635124921799,3.438261032104492,-0.15105916559696198,2.996337652206421
59637760,0.1320531964302063,0.011605439707636833,-0.0092049865052104,-0.04073118045926094,0.012429791502654552,0.01605590432882309,2.7695834636688232,0.12303363531827927,4.45256233215332
59768832,0.13705316185951233,0.00015927720232866704,0.024732282385230064,0.02795083448290825,0.022156426683068275,0.15056367218494415,2.6605238914489746,-0.06046336889266968,4.218310356140137
59899904,0.09998182207345963,-0.006843538023531437,-0.016054196283221245,-0.030725866556167603,-0.048233624547719955,0.0269778985530138,2.335397958755493,0.09440755099058151,4.762730121612549
60030976,0.21662335097789764,-0.032107364386320114,-0.01916833221912384,0.15107576549053192,-0.005543016828596592,0.06522169709205627,2.311267137527466,-0.05240079388022423,4.0485734939575195
60162048,0.08207216113805771,-0.020637650042772293,-0.04813142120838165,-0.02830745466053486,-0.04824459180235863,0.03804915398359299,2.669965982437134,0.11769936978816986,4.344472885131836
60293120,0.0805758535861969,-0.016362877562642097,-0.004811129532754421,0.044399019330739975,-0.07356452941894531,0.13808108866214752,3.1561763286590576,-0.1540476679801941,4.26281213760376
60424192,0.23881389200687408,0.05063408240675926,0.050173092633485794,0.046784497797489166,0.0063088759779930115,0.09947922080755234,2.9310617446899414,0.032016001641750336,3.9384641647338867
60555264,0.7823054790496826,0.10363717377185822,0.13791324198246002,0.17341682314872742,0.0649094432592392,-0.0027503352612257004,6.556328773498535,0.0662064254283905,1.9722274541854858
60686336,0.1848854124546051,0.12497227638959885,0.11628489196300507,-0.012316123582422733,-0.009388349950313568,0.19247488677501678,2.1919260025024414,-0.046292174607515335,3.140218734741211
60817408,0.3225899636745453,-0.017027322202920914,-0.01942315697669983,0.054651033133268356,0.026389366015791893,-0.03188035637140274,3.072819948196411,0.0016847305232658982,3.5674660205841064
60948480,0.08011357486248016,-0.03546706959605217,0.013548342511057854,-0.1164572685956955,-0.0013707757461816072,0.0388757698237896,3.01481556892395,0.094126395881176,4.190112590789795
61079552,0.044331274926662445,0.02547428011894226,-0.023590335622429848,-0.08407042175531387,-0.013267978094518185,0.021583357825875282,2.70670747756958,0.07471830397844315,4.582098484039307
61210624,0.18750420212745667,-0.01770736463367939,0.03524113446474075,0.11696986854076385,0.01228890847414732,0.11544988304376602,3.258655548095703,0.08498404920101166,3.6590170860290527
61341696,0.1014941856265068,0.02307998389005661,-0.016573067754507065,0.05499016121029854,0.018708020448684692,0.04875638708472252,3.0676000118255615,0.03894774243235588,3.6458775997161865
61472768,0.15674038231372833,0.006189506500959396,0.019613444805145264,0.013272694312036037,0.019074825569987297,0.0526064857840538,2.688385486602783,-0.055626280605793,4.167864799499512
61603840,0.026978662237524986,0.008010249584913254,0.05391208827495575,-0.01442013494670391,-0.04863560199737549,0.17601461708545685,2.792130708694458,0.05449599027633667,4.18743896484375
61734912,0.1676633059978485,0.06259587407112122,-0.02838176116347313,0.004151312168687582,-0.024938352406024933,0.07625170052051544,3.3202946186065674,-0.015707947313785553,3.6208090782165527
61865984,0.6959239840507507,0.15616929531097412,0.22538955509662628,0.28605562448501587,0.07026975601911545,0.11008060723543167,5.018581390380859,0.019427981227636337,2.497532844543457
61997056,0.1183965802192688,0.03820598125457764,0.014683523215353489,0.045115306973457336,0.049809522926807404,0.030507128685712814,2.6869049072265625,0.13895787298679352,4.606435298919678
62128128,0.34876400232315063,-0.030196376144886017,0.045457873493433,-0.11559455096721649,-0.05497615784406662,0.10494358837604523,3.4649248123168945,0.10695791244506836,3.2570931911468506
62259200,0.17084704339504242,-0.010112096555531025,0.0476839505136013,-0.021699421107769012,0.05680396035313606,0.13454248011112213,2.409560203552246,-0.07469603419303894,4.737597465515137
62390272,0.2272299826145172,-0.04395924508571625,0.006362974643707275,0.042884718626737595,0.00697206798940897,0.023228943347930908,3.0559873580932617,0.142999529838562,3.961838722229004
62521344,0.5120673179626465,0.04851819574832916,0.0034339784178882837,0.2970391511917114,0.07316482812166214,-0.028086354956030846,3.6900105476379395,-0.0895565003156662,2.899158000946045
62652416,0.2199191302061081,0.004393494222313166,0.08005240559577942,-0.036623772233724594,-0.06776740401983261,0.08366406708955765,3.0750372409820557,0.0711958259344101,3.78247332572937
62783488,0.2860743999481201,-0.024249494075775146,0.041364967823028564,0.11027991771697998,0.03665710240602493,0.08891744166612625,2.6751434803009033,0.02501341700553894,4.009832859039307
62914560,0.09719941765069962,0.019436104223132133,0.03869755566120148,0.10775113850831985,0.056425586342811584,0.1039537861943245,2.357632637023926,0.000501263712067157,4.374194622039795
