attempt,collected_frames,pan/theta_star_front,pan/theta_star_rear,pan/argmax_bin_front,pan/argmax_bin_rear,pan/pivot_half_base_m,pan/min_hinge_reach_m,pan/flipper_delta_front,pan/flipper_delta_rear,pan/contact_front,pan/contact_rear,pan/contact_bellied
0,131072,0.07751687406835117,0.16085376761839143,1.9840802941471338,12.13207422196865,0.25599891203455627,0.15000000619329512,-0.019838919270114275,-0.19541554234001524,0.8661506213247776,0.909068807028234,0.04486407499643974
0,262144,0.06301777048793156,0.22797936701681465,2.2097301483154297,12.203882247209549,0.2559989164583385,0.15000000689178705,-0.08930074537056498,-0.34244855702854693,0.8281567930243909,0.9202224053442478,0.09289835306117311
0,393216,0.07271884547662921,0.18410454376135021,2.1154576148837805,12.224976532161236,0.2559989152941853,0.1500000066589564,-0.05007762245440972,-0.29571265971753746,0.8467225404456258,0.9126243181526661,0.0835097897797823
0,524288,0.09572448098333552,0.19325082295108587,2.2216481752693653,12.226125188171864,0.25599891622550786,0.1500000065425411,0.026582043265079847,-0.3094509420916438,0.8417574698105454,0.9226004895754158,0.0792627552873455
0,655360,0.08211395528633147,0.199451471446082,2.187686363235116,12.232260890305042,0.25599891832098365,0.15000000642612576,-0.019004221816885547,-0.306818408658728,0.841133464127779,0.917029807344079,0.0887265867786482
0,786432,0.08427756480523385,0.19610791839659214,2.164503514766693,12.2383733689785,0.25599891575984657,0.15000000630971044,-0.02497516282653578,-0.29121893434785306,0.851411011070013,0.9138041199184954,0.09195711102802306
0,917504,0.08576318615814671,0.19975243811495602,2.2074133791029453,12.236168704926968,0.25599891413003206,0.15000000677537173,-0.05575992111698724,-0.322514402680099,0.8465106314979494,0.9181376029737294,0.09102668048581108
0,1048576,0.1107644647709094,0.17303866834845394,2.2157558109611273,12.28300303965807,0.25599891506135464,0.15000000630971044,0.022555485760676675,-0.3216210347600281,0.8539892849512398,0.9175197584554553,0.0849451050744392
0,1179648,-0.021056893840669395,0.24031463213890675,2.0580313012997307,12.041884430249532,0.25599891806642217,0.15000000805904468,-0.47879929188328485,0.07505034533751315,0.7974477462967238,0.875465315580368,0.082792131791745
0,1310720,-0.02093232569131942,0.24149400321766734,2.0653751380741596,12.028693087399006,0.2559989190194756,0.1500000081723556,-0.46274414588697255,0.10518715967373282,0.7919954410754144,0.874114390462637,0.08062511135358363
0,1441792,0.012855739968927082,0.251754718599841,2.1413034833967686,12.071552507579327,0.25599891715683043,0.15000000759027898,-0.21237452689092606,-0.15376291948996368,0.8158104419708252,0.9167106002569199,0.0825387891381979
0,1572864,0.08595040379441343,0.19609239441342652,2.2143322713673115,12.237006887793541,0.25599891575984657,0.15000000642612576,-0.09721007905318402,-0.3275016045663506,0.8486370383761823,0.9169702962972224,0.08293160574976355
0,1703936,0.11166706518270075,0.1615056813461706,2.150883449241519,12.268050506711006,0.25599891506135464,0.15000000630971044,0.026377300138847204,-0.29803061787970364,0.8571001901291311,0.9154927441850305,0.08695662074023858
0,1835008,0.09515511756762862,0.1811499345349148,2.165110168978572,12.245626583695412,0.25599891622550786,0.15000000630971044,0.016949746102909558,-0.310982886236161,0.8432582523673773,0.917541763279587,0.09443196648498997
0,1966080,0.06963813843321986,0.19826995907351375,2.147893523797393,12.261472776532173,0.25599891343154013,0.15000000630971044,-0.056223227926238906,-0.30077443877235055,0.8471938762813807,0.9121475638821721,0.10755504010012373
0,2097152,0.0839097962307278,0.18620135250966996,2.166394740343094,12.303876250982285,0.25599891622550786,0.15000000630971044,-0.035921226161008235,-0.33053576201200485,0.8468366176821291,0.9112005494534969,0.09683565818704665
0,2228224,0.5070627264341844,-0.19934800793067553,2.389663992325465,12.866032707691193,0.25599890982111295,0.15000000596046448,0.6308906991067245,-0.6126764136859371,0.945670006374518,0.8892972496151924,0.004820993770845234
0,2359296,0.5154879463370889,-0.19252769579179585,2.3757502753287554,12.851637803018093,0.25599890970624983,0.15000000596046448,0.6170017635449767,-0.6330233849585056,0.9458766947500408,0.8918983330950141,0.005287207699439023
0,2490368,0.3594222292304039,-0.0423479222736205,2.234116967767477,12.559501551091671,0.25599891087040305,0.15000000596046448,0.4732291700784117,-0.5314328782260418,0.9023084146901965,0.9043537862598896,0.02855856887617847
0,2621440,0.15651233779499307,0.13936689728870988,2.227263495326042,12.318512789905071,0.2559989131987095,0.15000000619329512,0.13151854050374823,-0.38088003592565656,0.8552787280641496,0.9193528760224581,0.07238410293939523
0,2752512,0.09200289397267625,0.19452293554786593,2.195505054667592,12.226688906550407,0.25599891785532236,0.1500000065425411,-0.02657323216635632,-0.3166620822157711,0.8376205982640386,0.9163527553901076,0.07951880613109097
0,2883584,0.11333042208570987,0.17855174094438553,2.192212814465165,12.260723106563091,0.25599891575984657,0.15000000642612576,0.004444887046702206,-0.33244105777703226,0.85427330667153,0.920897014439106,0.08215492498129606
0,3014656,0.1141219261335209,0.17389428440947086,2.1809311881661415,12.288820318877697,0.25599891459569335,0.15000000630971044,0.019916725063012564,-0.3311731347348541,0.8507216875441372,0.9209576584398746,0.0906794227194041
0,3145728,0.11188804713310674,0.17257195059210062,2.192127028480172,12.304099775850773,0.25599891459569335,0.15000000596046448,0.043734581384342164,-0.33106566965579987,0.8491879110224545,0.9182218643836677,0.08959194272756577
0,3276800,0.12930396767987984,0.11508507829734299,1.7985986328124999,12.1558935546875,0.2559989094734192,0.15000000596046448,0.16131540192097116,-0.12562086205308637,0.8313509114583333,0.8829305013020834,0.20976155598958335
0,3407872,0.14015591843053699,0.11916875356109813,1.8190460205078125,12.136756896972656,0.2559989094734192,0.15000000596046448,0.17374351003672928,-0.13013459916692227,0.8285903930664062,0.880859375,0.21822357177734375
0,3538944,0.13639486994361505,0.1149854261893779,1.9529154896736145,12.198602758347988,0.2559989131987095,0.15000000619329512,0.20279538532486185,-0.19236052013002336,0.8477926272898912,0.9083505882881582,0.16313097235979512
0,3670016,0.09596918692113832,0.1835738478694111,2.142033038660884,12.205177292227745,0.2559989131987095,0.1500000065425411,0.07087130889703985,-0.2864721914520487,0.8387817502953112,0.9182498203590512,0.09619644592748955
0,3801088,0.08315651037264615,0.18258857843466103,2.1717010401189327,12.250040292739868,0.2559989164583385,0.1500000066589564,0.03282803543515911,-0.28878424246795475,0.8437539399601519,0.9182932442054152,0.09374155843397602
0,3932160,0.06826618843479082,0.20617906493134797,2.1246902253478765,12.18719045817852,0.25599891669116914,0.15000000619329512,-0.01860157523151429,-0.23753062426112592,0.8480431996285915,0.921273882035166,0.0920430620899424
0,4063232,0.00883218763374316,0.24920398916583508,2.028516434133053,12.13570862263441,0.2559989155270159,0.15000000677537173,-0.1749626760283718,-0.19005300663411617,0.8227617908269167,0.9164017043076456,0.1013331514550373
0,4194304,-0.021007764424211928,0.28205754957161844,1.97947967518121,12.104808263480663,0.2559989164583385,0.1500000060768798,-0.3108337288722396,-0.18892315367702395,0.8243739134632051,0.9150410401634872,0.10601386916823685
0,4325376,-0.15546188002005995,0.3747012405567026,1.641071592569351,12.022268397013347,0.25599891118705276,0.15000000598529975,-0.9140602138802448,-0.2619934100000925,0.8404909571508566,0.9213478497167429,0.07032751214535286
0,4456448,-0.15775968466186896,0.3858555663609877,1.6279041739180684,11.96410407871008,0.25599891040474176,0.15000000596046448,-0.9609782048501074,-0.2705616613384336,0.8432796844281256,0.9198659714311361,0.06883450807072222
0,4587520,-0.0899311737739481,0.2937995430547744,1.8141131801530719,12.196123071014881,0.25599891459569335,0.15000000689178705,-0.5874891625717282,-0.22549304366111755,0.8162978789769113,0.9208144103176892,0.0859193593787495
0,4718592,-0.022174819570409454,0.25844256789423525,1.9792074002325535,12.113164857029915,0.2559989136643708,0.15000000689178705,-0.2511678932933137,-0.15885571268154308,0.8234007996506989,0.9140244736336172,0.10446743865031749
0,4849664,0.01164443152538297,0.2416096201632172,2.0582808274775743,12.153690665960312,0.2559989152941853,0.15000000630971044,-0.1669814174529165,-0.18579949613194913,0.826651047449559,0.9128264412283897,0.11409822496352717
0,4980736,0.033727611844369676,0.22334318130742759,2.072297587990761,12.203907310962677,0.25599891622550786,0.15000000619329512,-0.1437393546802923,-0.2121594996424392,0.8368808454833925,0.913224779535085,0.1098066195845604
0,5111808,-0.0013117375192450709,0.2605295577086508,2.0263706175610423,12.091189481317997,0.25599891575984657,0.1500000066589564,-0.1951423715800047,-0.16159204707946628,0.8163477825000882,0.9167867619544268,0.10514078772393987
0,5242880,-0.01845888000480045,0.27107388188596815,2.012044545263052,12.087201565504074,0.25599891785532236,0.15000000642612576,-0.2648281069705263,-0.17592783481813967,0.8174019064754248,0.9146233275532722,0.11270833137677982
1,5373952,0.17369133349702073,0.10263697927439352,2.1537290541330973,12.405236925284068,0.25599891421695553,0.15000000634541114,-0.5583669736670951,-0.7972931136887442,0.861616550385952,0.9079195431868234,0.03179614063041906
1,5505024,0.1848929297993891,0.10025714250514284,2.1826375965029,12.414903834462166,0.25599891506135464,0.1500000066589564,-0.5898838569410145,-0.8553544115275145,0.8636776646599174,0.9100655694492161,0.026605060949805193
1,5636096,0.1830154254566878,0.12078712572110817,2.250704178586602,12.400476306676865,0.25599891203455627,0.15000000596046448,-0.2767465705983341,-0.6351591828279197,0.8574978662654757,0.9254827233962715,0.035503720442648046
1,5767168,0.12421357742277905,0.16550382785499096,2.177768172696233,12.279168218374252,0.2559989143628627,0.15000000619329512,-0.2072748962091282,-0.4680635957047343,0.8546476950868964,0.9221959342248738,0.06644171383231878
1,5898240,0.07244326114596333,0.2074725521961227,2.076435163617134,12.176734045147896,0.2559989143628627,0.15000000630971044,-0.22514008870348334,-0.3287025790195912,0.8506092973984778,0.9197294376790524,0.08099510270403698
1,6029312,0.050496216616011225,0.21670765429735184,2.0916793681681156,12.20156317949295,0.2559989152941853,0.15000000619329512,-0.27376940834801644,-0.35932741407305,0.8363363249227405,0.9163934700191021,0.0803018260630779
1,6160384,0.09722326620249078,0.1842973552411422,2.192583281546831,12.24882622808218,0.2559989155270159,0.1500000060768798,-0.09537109664415766,-0.34162308601662517,0.8475172049365938,0.9185690805315971,0.07283867348451167
1,6291456,0.09580053621903062,0.18022255273535848,2.1516300458461046,12.239545851945877,0.25599891343154013,0.15000000630971044,-0.03663590364976699,-0.300419440260157,0.8415325600653887,0.9173739538528025,0.0810004425002262
1,6422528,-0.1163151111768578,0.5293983814432675,1.6564596491058667,10.869251001675924,0.25599890954792504,0.15000000596046448,-1.4333530349635597,-0.600428824511279,0.9351650506754716,0.9203513954579831,0.005553406099788844
1,6553600,-0.11763576939119957,0.5260021220892668,1.6182937622070312,10.886085510253906,0.2559989094734192,0.15000000596046448,-1.432941759005189,-0.6000093850307167,0.9350509643554688,0.91900634765625,0.0067901611328125
1,6684672,0.02384804705991428,0.35293415491469204,1.9792290246114135,11.463648192584515,0.2559989138972014,0.1500000060768798,-0.789558804128319,-0.43973821378313005,0.8870055684819818,0.911256620194763,0.020816844385990407
1,6815744,0.07520667713833973,0.22385699045844376,2.0878911539912224,12.018873453140259,0.2559989136643708,0.1500000060768798,-0.35588952945545316,-0.393974439939484,0.8615700886584818,0.9115283503197134,0.056597938819322735
1,6946816,0.08887263311771676,0.18254996137693524,2.115756120532751,12.188088692724705,0.2559989138972014,0.1500000060768798,-0.17522826552158222,-0.36127993976697326,0.8415804733522236,0.9112489693798125,0.07953430636553094
1,7077888,0.04950572072993964,0.21540830295998603,2.0500979144126177,12.148509480059147,0.25599891459569335,0.15000000642612576,-0.2556097961496562,-0.3370326650328934,0.8376964633353055,0.9176266943104565,0.07830477968673222
1,7208960,0.06613902674871497,0.20344903192017227,2.0843020379543304,12.169538371264935,0.2559989127330482,0.15000000596046448,-0.17558553360868245,-0.31725521804764867,0.8369221603497863,0.914241052698344,0.0815162435756065
1,7340032,0.07854979683179408,0.19008935301098973,2.1185949705541134,12.196598060429096,0.25599891459569335,0.1500000060768798,-0.16572415945120156,-0.36625706613995135,0.8369090682826936,0.9173708874732256,0.0788286022725515
2,7471104,0.2559169535917075,0.0900814526254544,2.2883856866757073,12.095092639128367,0.25599890999495983,0.15000000596046448,-0.0147703861258924,-0.5272955625135607,0.8962962258855502,0.9206643345952034,0.03145724189467728
2,7602176,0.2600512697827071,0.07224030894576572,2.258142562583089,12.103752508759499,0.25599890970624983,0.15000000596046448,-0.04580883842572803,-0.5708845530170947,0.8933630874380469,0.9200050523504615,0.026596263240207918
2,7733248,0.17288623051717877,0.1589114121743478,2.191074153408408,12.034221909940243,0.25599891203455627,0.15000000596046448,-0.23231861722888425,-0.557599222054705,0.8716398226097226,0.9183357441797853,0.040981318801641464
2,7864320,0.11335430125473067,0.18666913826018572,2.1090670861303806,12.123948968946934,0.25599891250021756,0.15000000619329512,-0.249934098450467,-0.3882281326223165,0.8632857804186642,0.919942069798708,0.05216136644594371
2,7995392,0.03958042052545352,0.234615758061409,2.0095390267670155,12.096465364098549,0.2559989159926772,0.15000000630971044,-0.3090037852525711,-0.3332198851276189,0.8324456056579947,0.9196872054599226,0.08035104884766042
2,8126464,0.06926706417289097,0.20031988492701203,2.0370914675295353,12.187745779752731,0.2559989131987095,0.1500000060768798,-0.2869666937040165,-0.3915119154844433,0.8417140902020037,0.9165304638445377,0.08651406859280542
2,8257536,0.0856819833861664,0.19805149280000478,2.037144236266613,12.143701128661633,0.25599891250021756,0.15000000619329512,-0.3075654103886336,-0.4025982941966504,0.8510018293745816,0.9181869802996516,0.07357951608719304
3,7471104,-0.07446682078094455,0.29898643586697293,1.8327603314320244,12.084153865973153,0.2559989164521297,0.1500000065565109,-0.19126261193916433,0.22223789066153887,0.7784634236494701,0.9307555847366651,0.1307749524960915
3,7602176,-0.09880965042975731,0.3043621307006106,1.8240592265501618,12.136815898120403,0.2559989169239998,0.1500000065425411,-0.19832172727910802,0.23007068113656715,0.7672697720117867,0.9314119950868189,0.14777903782669455
3,7733248,-0.055133778470917605,0.2880970605183393,1.9421072881668806,12.062053076922894,0.2559989164583385,0.1500000071246177,-0.29426530143246055,-0.14056667823024327,0.7821286078542471,0.9177004653029144,0.11868227459490299
3,7864320,-0.0259823791029703,0.3039622406940907,1.9576075160875916,11.903198808431625,0.2559989152941853,0.15000000677537173,-0.5736287855543196,-0.3731327262939885,0.8335142345167696,0.9163566073402762,0.08497180521953851
3,7995392,0.042973070317202655,0.266989779076539,2.0256674736738205,12.002602644264698,0.2559989118017256,0.1500000060768798,-0.5003429586067796,-0.4099822568241507,0.8637573514133692,0.9251639023423195,0.058034485700773075
3,8126464,0.08132989032310434,0.2086765947751701,2.0957014560699463,12.147988215088844,0.2559989143628627,0.15000000630971044,-0.3514252578606829,-0.4544250634498894,0.8578345444984734,0.9204624048434198,0.05392029686481692
3,8257536,0.14946403016801924,0.1424589407397434,2.1770128943026066,12.260193765163422,0.2559989131987095,0.15000000619329512,-0.09541712602003827,-0.4558012036141008,0.8663052241317928,0.9216499808244407,0.05339104859740473
3,8388608,0.13478041742928326,0.17649303656071424,2.172961972653866,12.128364592790604,0.25599891459569335,0.15000000630971044,-0.17781937129620928,-0.43698423681780696,0.8636299460195005,0.9255262976512313,0.04558151218225248
3,8519680,0.018637950581711873,0.13641211781447055,1.9207649117708208,12.638154788812002,0.25599891049166523,0.1500000059977174,-1.3722863374873606,-1.4003457930560883,0.8456442218025525,0.9238149859011173,3.8255857458959026e-05
3,8650752,0.02578861830988899,0.12677937932312489,1.8996618958190084,12.62736127525568,0.25599891087040305,0.1500000060768798,-1.3520274995826185,-1.3857549950480461,0.8461354705505073,0.921327562071383,3.0517578125e-05
3,8781824,0.012124189725000178,0.2117184578673914,1.8875384060665965,12.341504395008087,0.2559989106375724,0.15000000596046448,-0.999756473582238,-0.8813194711692631,0.8261657445691526,0.9299365556798875,0.010521337790123653
3,8912896,0.10055894633114804,0.1881403133738786,2.040989961475134,12.199299409985542,0.25599891133606434,0.15000000596046448,-0.5652408914174885,-0.6214617996010929,0.8692395612597466,0.9187194369733334,0.03463193980860524
3,9043968,0.06995289609767497,0.2357141993707046,1.9379994766786695,12.048944152891636,0.2559989111032337,0.15000000596046448,-0.4403730435296893,-0.38312443485483527,0.8698813626542687,0.922427807468921,0.052584770193789154
3,9175040,0.022103193781731534,0.25878805364482105,1.924582271836698,12.02432494610548,0.25599891250021756,0.1500000060768798,-0.45901096798479557,-0.32546249916777015,0.847684012260288,0.9139763615094125,0.08118599915178493
3,9306112,0.056547786385635845,0.22734183084685355,1.9839061619713902,12.072719536721706,0.25599891250021756,0.1500000060768798,-0.36658396990969777,-0.3960995739325881,0.8612970700487494,0.9167538494803011,0.07766860240371898
3,9437184,0.1693515643128194,0.14102173235733062,2.2509238347411156,12.271906211972237,0.25599891133606434,0.15000000596046448,-0.17345099107478745,-0.5816209819167852,0.8712157383561134,0.9203672893345356,0.055018852872308344
3,9568256,-0.053126569467713124,0.3252604125577879,1.6773444447914758,11.77260414759318,0.25599891260266305,0.1500000060722232,-1.0092406927025879,-0.5282442069655129,0.8667842835187911,0.9481432612240315,0.0067301011489083375
3,9699328,-0.05821812671638327,0.3325615661451593,1.660671804100275,11.746517807245255,0.25599891133606434,0.15000000596046448,-1.0127590410411358,-0.5181229675654322,0.8709714114665985,0.9471251331269741,0.005707227122911718
3,9830400,-0.080911176657537,0.3880912212189287,1.7949943542480469,11.691167280077934,0.25599891203455627,0.15000000619329512,-0.9682326312176883,-0.40187653061002493,0.8386527388356626,0.9426641408354044,0.028286620407016017
3,9961472,-0.004913006328933989,0.2833644488127902,1.9743190333247185,11.97949929535389,0.25599891296587884,0.15000000596046448,-0.7201554751954973,-0.45214174780994654,0.8445704844780266,0.9231711854226887,0.04845233814558014
3,10092544,0.03162352008075686,0.2661841636290774,1.9572402937337756,12.03512853384018,0.2559989122673869,0.15000000596046448,-0.5688278274610639,-0.37053366377949715,0.8576683285646141,0.9274298790842295,0.05298347509233281
3,10223616,-0.04645294536749134,0.31678877770900726,1.9102046312764287,11.980419479310513,0.25599891413003206,0.15000000630971044,-0.5365440400782973,-0.2275084030115977,0.8218411728739738,0.9240422239527106,0.0841162116266787
3,10354688,-0.09506985213374719,0.3470543490257114,1.8363991938531399,11.917448736727238,0.25599891343154013,0.15000000596046448,-0.6359815448522568,-0.21998918300960213,0.8199527175165713,0.9195756008848548,0.09635660535423085
3,10485760,-0.14039475086610764,0.39293199335224926,1.7651450019329786,11.805691570043564,0.25599891296587884,0.1500000060768798,-0.7833221722394228,-0.1242333614936797,0.8060355219058692,0.9188662148080766,0.09633350209333003
3,10616832,-0.2886591772430014,0.38272219067051383,1.4868092421193917,12.125844027201335,0.25599891431629657,0.1500000063329935,-0.7709091077620784,0.8424029368751993,0.75333422879378,0.9181781917313734,0.14480772585918505
3,10747904,-0.3040779464645311,0.3865416906774044,1.4480738900601864,12.181522317230701,0.25599891343154013,0.15000000642612576,-0.806540806312114,0.8200019407086074,0.744655963499099,0.9183501028455794,0.15023613633820787
3,10878976,-0.21435872989241034,0.35098003898747265,1.6432989835739136,12.13336718082428,0.2559989136643708,0.1500000060768798,-0.7385899862274528,-0.01508368010763661,0.7699769572354853,0.9129051514901221,0.13802913593826815
3,11010048,0.016572079563047737,0.2397230425849557,1.9365063589066267,12.101499274373055,0.2559989143628627,0.15000000619329512,-0.526570952264592,-0.42728043906390667,0.8479538965038955,0.919471972156316,0.06944167744950391
3,11141120,0.0707563057076186,0.2464699933771044,1.9769188724458218,12.038783855736256,0.2559989118017256,0.15000000596046448,-0.5905185737647116,-0.5160644655115902,0.8738993983715773,0.9232731708325446,0.05073177453596145
3,11272192,-0.03114423463557614,0.35388981946744025,1.8468518238514662,11.791338242590427,0.25599891296587884,0.15000000630971044,-0.9333993862383068,-0.4906561498064548,0.8734759874641895,0.9283333132043481,0.04528775264043361
3,11403264,0.03976044784121768,0.2906788504915312,2.0160609697923064,11.970426127314568,0.255998911568895,0.15000000596046448,-0.7778515801765025,-0.5571933672763407,0.8766700541600585,0.9230905282311141,0.036013225675560534
3,11534336,0.103212671703659,0.22074932244140655,2.076008215546608,12.120817884802818,0.25599891087040305,0.15000000596046448,-0.582112071570009,-0.581762864254415,0.8705540094524622,0.9211848797276616,0.04592346609570086
3,11665408,0.5355476267954025,-0.21812140885400974,2.7143896484375,12.95790283203125,0.2559989094734192,0.15000000596046448,0.9641278614329833,-0.8910026198035728,0.8975130208333333,0.9291569010416667,0.003936360677083334
3,11796480,0.5166378691792488,-0.21625438396586105,2.6804580688476562,12.954208374023438,0.2559989094734192,0.15000000596046448,0.9254886535927653,-0.87581558059901,0.8931732177734375,0.9229583740234375,0.0024871826171875
3,11927552,0.2798800888704136,-0.004474953984754393,2.380021834746003,12.63572008907795,0.25599891040474176,0.15000000596046448,0.7215009201318026,-0.2980027290759608,0.8694332712329924,0.9246193747967482,0.04722067195689306
3,12058624,0.21775856951717287,0.03202044283534633,2.500111473724246,12.59314426779747,0.255998914828524,0.15000000619329512,0.8075610129162669,-0.25388174765976146,0.8317323322407901,0.9067079108208418,0.10543292324291542
3,12189696,0.19280043768230826,0.08802596352325054,2.3008860647678375,12.37609300762415,0.2559989143628627,0.15000000596046448,0.17216965090483427,-0.4979453112464398,0.8518880726769567,0.9181309081614017,0.06342110587866046
3,12320768,0.1584428132046014,0.16551031603012234,2.0696377512067556,12.204131990671158,0.25599891087040305,0.15000000596046448,-0.4898373580072075,-0.7068484136834741,0.8911845702677965,0.9230387331917882,0.026925296740955673
3,12451840,0.0778995721211686,0.2755147172138095,1.9467116380110383,11.971781857311726,0.2559989099390805,0.1500000060768798,-0.696625430136919,-0.5080175204202533,0.888622248545289,0.9291665302589536,0.03469246852910146
3,12582912,-0.09138403077668045,0.38903055200353265,1.7138369912281632,11.782071560621262,0.2559989111032337,0.15000000596046448,-0.9862042618915439,-0.38700388348661363,0.8602065448649228,0.9186891801655293,0.0640749963640701
3,12713984,0.19311801986633023,0.16492900458877557,2.0107605955004693,11.951553444862366,0.25599891143540543,0.1500000059977174,-0.9211155270816137,-1.002793237347311,0.9102874711652597,0.8823585483928522,3.2552083333333335e-06
3,12845056,0.1855058709043078,0.15720002469606698,1.9684264324605465,11.950064651668072,0.25599891203455627,0.15000000596046448,-0.9286129828542471,-0.9880469241179526,0.9115456212311983,0.8837104858830571,0.0
3,12976128,0.17213214316871017,0.21165243547875434,2.1597925843670964,11.984097987413406,0.25599891133606434,0.15000000596046448,-0.8492999388836324,-0.8882479700259864,0.8987518181093037,0.8931053807027638,0.00579095655848505
3,13107200,0.2720921691507101,0.07690578873371123,2.3778932709246874,12.433778584003448,0.25599890970624983,0.15000000596046448,-0.08824039003957296,-0.7358851982280612,0.8936302056536078,0.9128641332499683,0.020492658120929264
3,13238272,0.13527809520019218,0.18536372748349095,2.090101865120232,12.155777134001255,0.2559989099390805,0.1500000060768798,-0.16597827585064806,-0.4549640428740531,0.8723181877285242,0.9290062082000077,0.04858519296976738
3,13369344,-0.17939734723768197,0.4752351411152631,1.6751692919060588,11.598519571125507,0.25599891343154013,0.15000000596046448,-0.9970012695994228,-0.2162265337537974,0.8204350252635777,0.9206516575068235,0.08748197881504893
3,13500416,-0.19041619024937972,0.42515852814540267,1.6264833165332675,11.804104015231133,0.2559989131987095,0.15000000596046448,-0.9636952197179198,-0.14391738752601668,0.8194441283121705,0.9097333154641092,0.10739698074758053
3,13631488,-0.1083643592428416,0.3705517838243395,1.7000341173261404,11.8498550131917,0.2559989127330482,0.15000000619329512,-0.8435108959674835,-0.28124272741843015,0.8394941282458603,0.9198956154286861,0.09637975000077859
3,13762560,0.7451033403448917,-0.41777580333291553,3.4332877604166665,13.40338623046875,0.2559989094734192,0.15000000596046448,2.1031073082052174,-0.9441821555110316,0.9006363932291667,0.9118115234374999,0.0008894856770833334
3,13893632,0.7436994283925742,-0.42301604454405606,3.4228057861328125,13.393875122070312,0.2559989094734192,0.15000000596046448,2.0971303367987275,-0.9318665866740048,0.90240478515625,0.9061813354492188,0.00109100341796875
3,14024704,0.34142749255988747,-0.08886888589404407,2.538959037512541,12.755003198981285,0.25599890970624983,0.15000000596046448,0.7826855113962665,-0.6042641345411539,0.8696126630529761,0.9151070034131408,0.028198480838909745
3,14155776,0.05042725327621156,0.18703283672221005,1.9542667595669627,12.2692930996418,0.2559989131987095,0.15000000596046448,-0.12612199480645359,-0.20996332046343014,0.8488197512924671,0.9202632601372898,0.08231757234898396
3,14286848,-0.04593275921797613,0.265340214362368,1.7992385057732463,12.124693922698498,0.25599891133606434,0.15000000630971044,-0.6377358422614634,-0.2957480261102319,0.8375368756242096,0.9088725913316011,0.09971207467606291
3,14417920,-0.10453629523908603,0.37015692121349275,1.6237835632637143,11.796410895884037,0.25599891040474176,0.15000000596046448,-0.994452818762511,-0.3553621508181095,0.8604388795793056,0.9223305340856314,0.05338455899618566
3,14548992,-0.23304642166476697,0.4924111971631646,1.546526257880032,11.600354887545109,0.25599891506135464,0.15000000642612576,-1.1835048105567694,-0.20215002354234457,0.8334003002382815,0.9231149489060044,0.0607990441203583
3,14680064,-0.21433091699145734,0.40954037103801966,1.5261456221342087,11.897440545260906,0.25599891343154013,0.15000000619329512,-0.9493724727071822,-0.07261593724251725,0.821566466242075,0.8999017728492618,0.10775176907191053
3,14811136,-0.032478726442980894,0.4281934436704614,1.73755873888731,11.27194475968679,0.25599890962243077,0.1500000059728821,-1.1959234691186187,-0.7877892114117275,0.9228323764105638,0.9310982587933541,0.0003271524165757001
3,14942208,-0.04469000676544965,0.42922039865516126,1.6819839477539062,11.248832702636719,0.2559989094734192,0.15000000596046448,-1.2171097821556032,-0.7764250501058996,0.9209976196289062,0.9296722412109375,0.00116729736328125
3,15073280,-0.05028742064314429,0.4536253330297768,1.894576795399189,11.471334785223007,0.2559989106375724,0.15000000596046448,-1.2483092090114951,-0.6977180694229901,0.8951298920437694,0.9273734292946756,0.0072025586196105
3,15204352,0.054499508329172386,0.3301808990072459,2.1262540547177196,11.851746797561646,0.25599891133606434,0.1500000060768798,-1.1127077136188745,-0.7850438915193081,0.8956602560356259,0.914368883240968,0.011773050828196574
3,15335424,0.013720060200284934,0.36026478046551347,1.9477054001763463,11.811702832579613,0.2559989099390805,0.15000000596046448,-0.9107570014894009,-0.4588503015693277,0.8844811078161001,0.9371251901611686,0.02743616039515473
3,15466496,-0.16100543161155656,0.44091664906591177,1.6681627370417118,11.675281211733818,0.25599891133606434,0.15000000596046448,-1.128961144015193,-0.3586218198761344,0.8444347730837762,0.925334345549345,0.06847057916456833
3,15597568,-0.17965090624056756,0.4499156407546252,1.5940003897994757,11.648309141397476,0.25599891133606434,0.15000000596046448,-1.2336937030777335,-0.3686243430711329,0.8580536982044578,0.922640788834542,0.04965529151377268
3,15728640,-0.21590504131745547,0.5158384905662388,1.7269455855712295,11.558888338506222,0.255998914828524,0.1500000060768798,-1.4702247381210327,-0.45188741851598024,0.8521212274208665,0.9254237730056047,0.0361395102518145
5,15859712,0.10162836970383068,0.2744489439765069,2.2812693177660304,12.000045553048452,0.2559989098956188,0.15000000596046448,-1.2735952270193955,-1.080653093495251,0.9228749584654967,0.9149287975827853,0.0
5,15990784,0.09364820856717415,0.2773027385119349,2.231702915392816,11.977677777409554,0.2559989101719111,0.15000000596046448,-1.2784085534512997,-1.0527998823672533,0.9247493948787451,0.9162579830735922,0.0
5,16121856,-0.030394619651815447,0.4085820937762037,2.0251680351793766,11.724693804979324,0.2559989118017256,0.1500000060768798,-1.2116569336503744,-0.6080319844186306,0.8805197491310537,0.91721411049366,0.018168258866353426
5,16252928,-0.12767169089056551,0.426944294013083,1.8475158140063286,11.757572770118713,0.2559989131987095,0.1500000060768798,-1.2230765810236335,-0.43064199131913483,0.859790223184973,0.9162173592485487,0.042791268264409155
5,16384000,-0.16317680705105886,0.4750625304877758,1.6630704915151,11.634314320981503,0.255998911568895,0.15000000596046448,-1.3136089071631432,-0.36359534482471645,0.8644390017725527,0.9325438174419105,0.032419489973108284
5,16515072,-0.09866405668435618,0.4011299437843263,1.8346024164929986,11.822609536349773,0.25599891296587884,0.15000000619329512,-0.8855219734832644,-0.20620588227757253,0.8623691056855023,0.9287924510426819,0.0628297585353721
5,16646144,-0.17574840690940619,0.45091459387913346,1.7376196077093482,11.670439161360264,0.2559989159926772,0.1500000060768798,-1.1198804350569844,-0.323273719928693,0.8481482150964439,0.9240174666047096,0.08328612649347633
5,16777216,-0.19484937423840165,0.5023111021146178,1.691726105287671,11.584098555147648,0.25599891087040305,0.15000000596046448,-1.3217792976647615,-0.3954661504831165,0.8527413881383836,0.9280413147062063,0.06308492305106483
5,16908288,-0.5051474581259148,0.6472352500240474,1.1883226707081,11.416353086630503,0.2559989183644453,0.1500000075250864,-1.5340689896031594,0.714864469456176,0.7187235481540362,0.9254876922567685,0.20407626156074304
6,16908288,0.011555939159729196,0.08273166799631629,1.9058105171720188,12.606377968788147,0.255998917495211,0.15000000745058062,-1.5063146033044905,-1.4398736345288732,0.8378204863270123,0.8952993721266588,0.0
6,17039360,0.003815847611576828,0.08683381287846714,1.8860007487237453,12.623359084129333,0.255998918088153,0.1500000081723556,-1.5105104111135006,-1.4397965967655182,0.8353479974903166,0.8990422417409718,0.0
6,17170432,-0.2058508970621915,0.4044963467749767,1.60682522226125,11.847617968916893,0.25599891575984657,0.1500000066589564,-1.5106442542746663,-0.5302400684449822,0.8246287135407329,0.9363607023842633,0.011127543359179981
6,17301504,-0.3276417232118547,0.5488928616978228,1.5556436656042933,11.571990825235844,0.25599891250021756,0.1500000060768798,-1.4580276049673557,-0.18342229106929153,0.7972487262450159,0.9239114811643958,0.07173898900509812
7,16908288,0.20323684822486637,-0.01221479226112327,2.341164148747921,12.915712240537008,0.25599891486267246,0.150000006792446,-0.8012241121461556,-1.3488369906944961,0.863922636906306,0.9189641835788886,0.0
7,17039360,0.2162093810038641,-0.021343880774111312,2.3717021699994802,12.912989854812622,0.25599891622550786,0.15000000642612576,-0.7713321023620665,-1.3349707499146461,0.8630797639489174,0.9148260527290404,0.0
7,17170432,0.0650557927438058,0.18324104496332438,2.007188843563199,12.363522924482822,0.255998914828524,0.1500000071246177,-1.1361039238981903,-1.1415300592780113,0.8487566709518433,0.9224350419826806,0.0018466417823219672
7,17301504,0.029951724336569896,0.2908037477172911,1.9966890811920166,12.072843573987484,0.2559989111032337,0.15000000596046448,-1.1269818493165076,-0.871218335814774,0.8693623477593064,0.9285773672163486,0.011528611779795028
7,17432576,-0.23494520553867915,0.5430578426457942,1.6620849277824163,11.586019687354565,0.25599890970624983,0.15000000596046448,-1.4401386138051748,-0.23501494232732512,0.8322819089516997,0.9297785754315555,0.039802789920940995
7,17563648,-0.29823708231560886,0.4973203719127923,1.716828629374504,11.801068685948849,0.25599891250021756,0.1500000060768798,-0.9799604462459683,0.20928678553900681,0.7559831868857145,0.8974414095282555,0.1168736745021306
7,17694720,-0.23747820826247334,0.4085192931815982,1.7005902212113142,11.901816308498383,0.25599891203455627,0.15000000596046448,-0.8093337218742818,0.12178150159888901,0.7737240605056286,0.9101487249135971,0.12223330402048305
7,17825792,-0.154125281063898,0.3576362521853298,1.685322480276227,12.038746319711208,0.25599891296587884,0.15000000596046448,-1.2160824174061418,-0.5073539390104997,0.8417793055996299,0.9055218347348273,0.0730138202488888
8,17956864,-0.23140937991741034,0.48337533814172884,1.5204674578706423,11.711669862270355,0.2559989117830992,0.15000000601013502,-1.6682509807342043,-0.5037645266957891,0.8209844974676768,0.9437626411517461,0.04964206926058978
8,18087936,-0.2315323834773153,0.48644402995705605,1.510513679124415,11.673612855374813,0.2559989106375724,0.1500000060768798,-1.6659941887483,-0.4964488501427695,0.8201276389881968,0.9445694047026336,0.045778620027704164
8,18219008,-0.11923800318618305,0.3468807766912505,1.6877842182293534,12.10896585136652,0.25599891133606434,0.15000000596046448,-1.2568442886695266,-0.5541887765284628,0.8369035688228905,0.9279742129147053,0.06150416636955924
8,18350080,0.036075032945518615,0.20030272309668362,1.9421606864780188,12.396407671272755,0.2559989106375724,0.15000000596046448,-0.27964304101624293,-0.17790975156276545,0.848657154943794,0.9164853212423623,0.09564624389167875
8,18481152,-0.28725418678004644,0.5139569727471098,1.6330317063257098,11.755455277860165,0.2559989138972014,0.1500000060768798,-1.0232717539256555,0.16377293303594342,0.7793899811804295,0.9232358960434794,0.11368806357495487
8,18612224,-0.2717578367009992,0.37687595118768513,1.5830183904618025,12.190701112151146,0.25599891296587884,0.15000000619329512,-1.3853060929104686,-0.46242906394036254,0.8215861427597702,0.888913937844336,0.09548556714435108
8,18743296,0.22140211916848784,0.051601264225610066,2.3815306834876537,12.688525274395943,0.2559989155270159,0.15000000642612576,-0.6294657189864665,-1.0643062721937895,0.8621242833323777,0.9081643624231219,0.021528034230868798
8,18874368,0.23394897347316146,0.06828562599912402,2.3019184842705727,12.619475454092026,0.2559989136643708,0.15000000596046448,-0.6640253432560712,-1.1875289166346192,0.8566311267204583,0.9237790843471885,0.006401934580935631
8,19005440,-0.6477380179729274,0.7185302711490174,0.8495849609375,11.513048502604168,0.2559989094734192,0.15000000596046448,-2.1572832669892037,0.20709149652936806,0.8409895833333334,0.9203678385416667,0.05866129557291667
8,19136512,-0.6345281973481178,0.7185885282233357,0.8572463989257812,11.454475402832031,0.2559989094734192,0.15000000596046448,-2.135258755646646,0.22242773231118917,0.8451919555664062,0.9239730834960938,0.05565643310546875
8,19267584,-0.391472986433655,0.5329796553123742,1.1863767262548208,11.778622396290302,0.2559989101719111,0.15000000596046448,-1.6856123469769955,-0.07974109251517802,0.8513228865340352,0.9149608449079096,0.07208426465513185
8,19398656,-0.33858582645189017,0.5977103498298675,1.4311425816267729,11.539733715355396,0.25599891087040305,0.15000000596046448,-1.5741597656160593,0.07937762347864918,0.8135136575438082,0.9177436800673604,0.0801123715355061
8,19529728,-0.22921453625895083,0.4224900151602924,1.6609213575720787,11.986541405320168,0.2559989127330482,0.15000000619329512,-1.3343194155022502,-0.3159151349536842,0.83708317251876,0.8938985727727413,0.08112650894327089
8,19660800,-0.10295641591073945,0.3716943778563291,1.7653565621003509,11.937123492360115,0.25599891087040305,0.15000000596046448,-1.3099491829052567,-0.6944732903502882,0.8612839370034635,0.9233286497183144,0.04165059499791823
8,19791872,0.17903410686267307,0.1293440164081403,2.2026962032541633,12.388699471950531,0.2559989106375724,0.15000000596046448,-0.5246745905606076,-0.854576607234776,0.8869965029880404,0.9238861999474466,0.025704429528559558
9,19005440,0.18395159123009458,0.07521517936237312,1.8487577946980793,12.523912590344747,0.2559989099452893,0.15000000596046448,-0.7637298703868873,-1.0896483655165259,0.8912606517473857,0.9110509645938873,0.005061933281831443
9,19136512,0.17081628256710246,0.08178480990318349,1.820156041532755,12.504478238523006,0.2559989099390805,0.15000000596046448,-0.7987960795871913,-1.0943346470594406,0.883009186014533,0.9070270648226142,0.0060120449270471
9,19267584,-0.12874763227955555,0.4190424612024799,1.599412539973855,11.792605809867382,0.2559989099390805,0.15000000596046448,-1.130866125691682,-0.3650209637125954,0.8583654961548746,0.9405356710776687,0.02072198741370812
9,19398656,-0.23743260535411537,0.47212094627320766,1.6016827132552862,11.729975923895836,0.2559989122673869,0.1500000060768798,-1.282723723910749,-0.33367564994841814,0.8388572502881289,0.925192950759083,0.05729551598778926
9,19529728,-0.3421543264994398,0.5868337044958025,1.4376038117334247,11.462088145315647,0.2559989106375724,0.15000000596046448,-1.4895766088739038,0.029831410458427854,0.8113100752234459,0.9234360731206834,0.07121580390958115
9,19660800,-0.36378926457837224,0.5049716937355697,1.3639994245022535,11.826226837933064,0.25599891040474176,0.1500000060768798,-1.361579393967986,0.14638507342897356,0.8245687372982502,0.9205589694902301,0.08302706253016368
9,19791872,-0.014500060153295635,0.22137699311133474,1.7294458439573646,12.254997655749321,0.2559989094734192,0.1500000060768798,-0.5483367386041209,-0.30189355635957327,0.8777901036664844,0.914839459117502,0.09295061562443152
9,19922944,-0.01920207320654299,0.34537175903096795,1.7710800170898438,11.871315002441406,0.2559989094734192,0.15000000596046448,-0.7326579714426771,-0.32340583961922675,0.8703384399414062,0.9362030029296875,0.05295562744140625
9,20054016,-0.2499511028228638,0.477174111038136,1.3443026300271352,11.654621976216635,0.2559989099452893,0.15000000598529975,-1.200355966598727,0.12081734396468771,0.8438700700302919,0.9081704826653003,0.09870239883350829
10,20054016,-0.7026140014909712,0.7759223719961786,0.9614717905223369,11.476217886606852,0.25599891116221746,0.1500000059977174,-2.1616098464796476,0.4627772287682941,0.7643818745017051,0.8900462052722773,0.12981085998006164
10,20185088,-0.6711902103852481,0.769590734038502,0.9762934050522745,11.382631927728653,0.255998911568895,0.15000000596046448,-2.109829776920378,0.48463193140923977,0.7763441796414554,0.8939968119375408,0.11073417315492406
10,20316160,-0.5479758647270501,0.6466228635981679,1.2376130372285843,11.668815232813358,0.25599891133606434,0.1500000060768798,-1.7107090763747692,0.25604952638968825,0.7535519087687135,0.8816896118223667,0.11871486477321014
10,20447232,-0.4800026980228722,0.6293533269781619,1.3051474187523127,11.566256016492844,0.25599890970624983,0.15000000596046448,-1.5863818349316716,0.2804070155834779,0.7725508348084986,0.886733247898519,0.10588146070949733
10,20578304,-0.5829698136076331,0.7524079163558781,1.4064371921122074,11.19880897551775,0.25599891133606434,0.15000000596046448,-1.8895229427143931,0.24104258650913835,0.7147497436963022,0.9114559032022953,0.08826216089073569
10,20709376,-0.6153924397658557,0.7434304361231625,1.264492223970592,11.351482152938843,0.2559989131987095,0.15000000596046448,-1.9577750377357006,0.26738201605621725,0.7173333265818655,0.9062539902515709,0.11861345096258447
10,20840448,-0.3443198036402464,0.537227620370686,1.608105717226863,11.606667630374432,0.2559989143628627,0.1500000060768798,-0.9929081222508103,0.41662317351438105,0.7309771995060146,0.9038829375058413,0.13295054656919092
10,20971520,-0.2575506999855861,0.4916212244424969,1.7578629711642861,11.72242321819067,0.25599891413003206,0.1500000060768798,-0.9621306154876947,-0.1264868197067699,0.7830442315898836,0.9047537264414132,0.11411689763190225
11,21102592,-0.0011977299976085002,0.2596814734848643,1.7900780514876047,12.054874480565388,0.2559989123294751,0.1500000061094761,-0.8970972675736993,-0.725998448006964,0.8565112376709779,0.920789974083503,0.015029010321789733
11,21233664,0.0035298365091875894,0.25993435562122613,1.7903125397861004,12.045719504356384,0.2559989118017256,0.1500000060768798,-0.9047032906673849,-0.7448559231124818,0.8592706923373044,0.923142574261874,0.008591548597905785
11,21364736,-0.08732522811624222,0.3692226910497993,1.7186773838475347,11.879273541271687,0.25599891133606434,0.15000000596046448,-1.0946090235374868,-0.5833859336562455,0.8682093834504485,0.9379691295325756,0.015267261194821913
11,21495808,-0.020325209764905594,0.2970655041281134,1.8087333608418703,11.993837796151638,0.2559989106375724,0.15000000596046448,-0.7261351379565895,-0.4797473601065576,0.8655343381687999,0.9253892949782312,0.03943822716246359
11,21626880,-0.1776764874739456,0.39829990244470537,1.6420024009421468,11.89095875620842,0.25599891087040305,0.15000000596046448,-0.8892830638214946,-0.19752944103674963,0.8311842675320804,0.9180184644646943,0.07749530271394178
11,21757952,-0.370514320442453,0.5135688947048038,1.3173935441300273,11.802384547889233,0.25599891040474176,0.15000000596046448,-1.27057780418545,0.062239011780548026,0.7916347770951688,0.9059875579550862,0.1149479184532538
11,21889024,-0.5073033845983446,0.6381435263901949,1.2576510980725288,11.609713196754456,0.25599891203455627,0.15000000596046448,-1.626973619684577,0.32450494333170354,0.7372594717890024,0.8931034556590021,0.12188953388249502
11,22020096,-0.41963424324057996,0.5340231405571103,1.2451476752758026,11.79113121330738,0.25599891040474176,0.15000000596046448,-1.4610826252028346,0.14324288995703682,0.7998976870439947,0.9018295374698937,0.10519741795724258
11,22151168,-0.43494767913201937,0.648397190743514,1.492182148595651,11.336032164096832,0.25599890949825443,0.15000000596046448,-1.3010476497312387,0.6676464711098622,0.7169944666326047,0.9124592351416747,0.12859789458413917
11,22282240,-0.42684459895826876,0.6344896885566413,1.4044570922851562,11.310646057128906,0.2559989094734192,0.15000000596046448,-1.313590089790523,0.674583685817197,0.7349319458007812,0.916839599609375,0.11782073974609375
11,22413312,-0.41504673240706325,0.5802687960676849,1.4180129673331976,11.591480202972889,0.2559989099390805,0.15000000596046448,-1.3719410505145788,0.16444254251837265,0.780399810988456,0.9218052243813872,0.09959571220679209
11,22544384,-0.3931392088998109,0.5710543915629387,1.4168293299153447,11.535033859312534,0.255998911568895,0.15000000596046448,-1.4899903195910156,-0.09836651038494892,0.8038644567131996,0.9222279293462634,0.07254627926158719
11,22675456,-0.3873946815729141,0.6029353202320635,1.3806999176740646,11.505107566714287,0.2559989106375724,0.15000000596046448,-1.5906603280454874,-0.17672400083392859,0.8351451987400651,0.9205140150152147,0.05640613485593349
11,22806528,-0.3943708778824657,0.5979134431108832,1.3403595359995961,11.499159544706345,0.2559989099390805,0.15000000596046448,-1.6094298847019672,-0.019764813247093116,0.8209579335525632,0.910811020527035,0.059227907040622085
11,22937600,-0.13617237671860494,0.37779533490538597,1.7072070389986038,12.030832752585411,0.2559989101719111,0.15000000596046448,-1.0036743660457432,-0.15353745673201047,0.8402904691174626,0.8990302430465817,0.08383366646012291
11,23068672,0.013765021285507828,0.259079854702577,1.929205758497119,12.24809230864048,0.25599891040474176,0.1500000060768798,-0.8639914337545633,-0.6553702865494415,0.8374257073737681,0.9155012331902981,0.07645687059266493
12,23199744,0.5485457141549948,-0.28231636828413076,2.983209080497424,13.171638424396516,0.25599890997012453,0.15000000596046448,1.4294369389008108,-0.8013907364041855,0.8999137305716673,0.9114279210567475,0.008227708504224817
12,23330816,0.5277921783272177,-0.26765745982993394,2.9573513567447662,13.154903307557106,0.25599891040474176,0.15000000596046448,1.372899861074984,-0.8056349824182689,0.8955886182375252,0.9128771321848035,0.007789872841385659
12,23461888,-0.09750735755369533,0.3264750548551092,1.8221945660188794,11.913215607404709,0.25599891133606434,0.15000000619329512,-0.5384377711743582,-0.1193608683788625,0.8394163558259606,0.9233790254220366,0.03585464306524955
12,23592960,-0.4353857559617609,0.5390608389861882,1.2497774790972471,11.804386518895626,0.25599891203455627,0.15000000619329512,-1.5096239540725946,0.17654444713843986,0.805648872628808,0.9062465582974255,0.08210961223812774
12,23724032,-0.24416911421576515,0.33676166366785765,1.4622472934424877,12.174084454774857,0.25599891040474176,0.15000000596046448,-1.165725990664214,-0.3034547493007267,0.8212528470903635,0.8919187230058014,0.10215315537061542
12,23855104,0.10002415618873783,0.11859856080263853,1.946197509765625,12.416389465332031,0.2559989094734192,0.15000000596046448,-0.16500427293794928,-0.32562593021430075,0.8714675903320312,0.9176712036132812,0.079925537109375
12,23986176,-0.02080369913710456,0.2083261897205375,1.9058793364092708,12.331198781728745,0.2559989101719111,0.15000000596046448,0.022984882907621795,0.2887837601483625,0.804056653752923,0.9164180443622172,0.15663612342905253
12,24117248,-0.3636180948233232,0.4865657836198807,1.3686080509796739,11.829969227313995,0.2559989101719111,0.15000000596046448,-1.1369656607857905,0.12008682019586558,0.7759121679700911,0.9056908464990556,0.17441952612716705
12,24248320,-0.022458873669093007,0.4595164396664283,1.7072438130776089,11.075649647712709,0.2559989097962777,0.15000000596046448,-1.2862554647936486,-0.6621811139667019,0.946638466666142,0.9221615609526634,0.004351457811426371
12,24379392,-0.03653643692450714,0.4602501797489822,1.669613909907639,11.071724750101566,0.25599890970624983,0.15000000596046448,-1.303443650715053,-0.6572217170614749,0.9460748950950801,0.9234384442679584,0.0017090142064262182
12,24510464,-0.047241119427781086,0.41336178756318986,2.037232119590044,11.490117475390434,0.2559989106375724,0.1500000060768798,-0.3460683523589978,0.07070927197491983,0.806992192286998,0.9221073938533664,0.06048423808533698
12,24641536,-0.2416572052752599,0.4791944355238229,1.8559096949175,11.575247198343277,0.25599891040474176,0.15000000619329512,-0.4995998807862634,0.1297829741379246,0.7240560590289533,0.917483382858336,0.14718738733790815
12,24772608,0.008278362787677906,0.17560556848184206,1.7856979370117188,12.196022033691406,0.2559989094734192,0.15000000596046448,-0.4517589680617675,-0.39987724276579684,0.8493270874023438,0.9102096557617188,0.11124420166015625
12,24903680,0.18884556333068758,0.062154753162758425,2.068286644294858,12.423924088478088,0.25599891087040305,0.15000000596046448,-0.413095235475339,-0.8532478427514434,0.8712560329586267,0.9289215998724103,0.04702225548680872
12,25034752,0.21015845786314458,0.07583507883828133,2.3036925978958607,12.508002936840057,0.2559989099390805,0.15000000596046448,-0.07289069373109669,-0.6788220866583288,0.8865034114569426,0.9279163917526603,0.03859763644868508
12,25165824,0.007507465503294952,0.21945482637966052,1.828051465563476,12.126328073441982,0.2559989099390805,0.15000000596046448,-0.46123583301960025,-0.49756767554208636,0.8532387968152761,0.9137407308444381,0.09771890350384638
12,25296896,-0.20031457272707484,0.4763046613826494,1.8443961588541669,11.604715983072916,0.2559989094734192,0.15000000596046448,-0.45814543948237163,0.4078607786863965,0.6651123046875,0.90977294921875,0.13366617838541667
12,25427968,-0.20251835824456066,0.47032583109103143,1.7805557250976562,11.580184936523438,0.2559989094734192,0.15000000596046448,-0.48004818393383175,0.4376423169160262,0.676605224609375,0.9086074829101562,0.1297760009765625
12,25559040,0.14738297327494365,0.0432941075096096,2.2709899712353945,12.524424880743027,0.2559989099390805,0.15000000596046448,0.32378591994347516,-0.33486676063876075,0.8205227223224938,0.8976960689760745,0.16984049475286156
12,25690112,0.17527109233196825,0.06073317131449585,2.2198556065559387,12.51328757405281,0.2559989101719111,0.15000000596046448,0.5848831315524876,-0.2407593503012322,0.8458213172852993,0.9076212923973799,0.11439785629045218
12,25821184,-0.32648273176164366,0.5430003353394568,1.552933745086193,11.598053723573685,0.2559989122673869,0.15000000596046448,-1.0944878414156847,0.02521439538395498,0.7620248794555664,0.9186709690839052,0.11719046079088002
12,25952256,0.023148743084675516,0.1600202409317717,1.9500429928302765,12.42258107662201,0.25599890970624983,0.15000000596046448,0.08200408264383441,-0.12063201921773725,0.8460377743467689,0.9059976632706821,0.12043102190364152
12,26083328,-0.17277089699928183,0.41542309802025557,1.7886662119999528,11.812654294073582,0.2559989111032337,0.15000000596046448,-0.8660021578616579,-0.31056182223255746,0.7807575799524784,0.9142030891962349,0.09355655050603673
12,26214400,-0.34840444091241807,0.5555846281349659,1.5353760998696089,11.814245954155922,0.25599891087040305,0.15000000596046448,-1.4210659358650446,0.0652335784616298,0.7971627097576857,0.9053374701179564,0.10532937728567049
12,26345472,-0.09200146586614816,0.5265888759996353,1.862552628616492,11.217563237349193,0.2559989106903473,0.15000000598529975,-1.462261613388934,-0.8650269081179673,0.9283352958659331,0.9289726681510608,0.0007088422977055112
12,26476544,-0.10765661804180127,0.5349847802426666,1.8153340481221676,11.209615297615528,0.25599891133606434,0.15000000596046448,-1.4841831075027585,-0.8446160303428769,0.9265322722494602,0.9293632246553898,0.001388661672535818
12,26607616,-0.06888600057573058,0.4901543769519776,1.9468822460621595,11.444852121174335,0.2559989099390805,0.15000000596046448,-1.3694788375869393,-0.717638264875859,0.8977722432464361,0.9188143899664283,0.012344479677267373
12,26738688,-0.035157898624675,0.3861194020137191,1.9236445119604468,11.823734350502491,0.25599890970624983,0.15000000596046448,-0.9023643634282053,-0.4096963284537196,0.8937903335317969,0.9197534839622676,0.04327406002266798
12,26869760,-0.11849562735551444,0.4131578505039215,1.7240308234468102,11.688483655452728,0.2559989101719111,0.15000000596046448,-0.7471358398906887,-0.331739112501964,0.8466760627925396,0.9165019006468356,0.07478501065634191
12,27000832,-0.15675453655421734,0.4029440199956298,1.5870513916015625,11.736900329589844,0.2559989094734192,0.15000000596046448,-0.7292748861946166,-0.09858113737936947,0.8357696533203125,0.9125137329101562,0.1077728271484375
12,27131904,-0.24810783297289163,0.4145222280640155,1.44064552616328,11.824686832726002,0.2559989101719111,0.15000000596046448,-1.2532321382313967,-0.3633275180181954,0.8247335660271347,0.9065531548112631,0.08129292892408557
12,27262976,-0.09233271662742482,0.33086414029821754,1.646237668581307,11.929258450865746,0.25599891040474176,0.15000000596046448,-1.0556416702456772,-0.5772745693102479,0.8643149393610656,0.9241156107746065,0.03824725108279381
12,27394048,-0.23187629379957797,0.3549235439151016,1.3641637828946114,12.166476260821025,0.25599891227980454,0.15000000602255265,-0.6159225106979527,0.4463399503255884,0.740570839146773,0.902865174760421,0.2051478992216289
12,27525120,-0.22127498604822904,0.35316524375230074,1.3639179030433297,12.148365534842014,0.2559989127330482,0.1500000060768798,-0.6058977458160371,0.4503396744839847,0.7483574766665697,0.904705080203712,0.1997261942597106
12,27656192,-0.3456672563916072,0.5237119819503278,1.0762366242706776,11.584263861179352,0.2559989101719111,0.15000000596046448,-1.4066493245773017,0.009262801917429897,0.8161041243001819,0.9192639500834048,0.0827131001278758
12,27787264,-0.454584066523239,0.6383403628133237,1.1398696899414062,11.401519775390625,0.2559989094734192,0.15000000596046448,-1.7071070978417993,0.18880438611813588,0.8207168579101562,0.91656494140625,0.07955169677734375
12,27918336,-0.28442152740899473,0.3701570094563067,1.3743972778320312,12.058563232421875,0.2559989094734192,0.15000000596046448,-1.081113622058183,-0.03567005618242547,0.849029541015625,0.8997879028320312,0.094696044921875
12,28049408,-0.2096354655805044,0.34687109710648656,1.5124130249023438,12.039482116699219,0.2559989094734192,0.15000000596046448,-0.7051997883245349,0.12816433089028578,0.84307861328125,0.893585205078125,0.135833740234375
12,28180480,-0.25587430328596383,0.40878393314778805,1.3339662374928594,11.93769708275795,0.2559989099390805,0.15000000596046448,-1.1538344100117683,-0.022896240385307465,0.8463953193277121,0.9021210656501353,0.13842962123453617
12,28311552,0.044429207298890105,0.25462839694228023,2.0546580059453845,12.334535911679268,0.25599891575984657,0.1500000060768798,-1.2946548005566,-1.0315667274408042,0.8333512134850025,0.8873573029413819,0.04189297593256924
12,28442624,-0.041623577449548366,0.1814224536771265,1.7047898338238396,12.330862976710002,0.25599890949825443,0.15000000596046448,0.09086370906714972,0.5147354473633459,0.7750453835725785,0.928736908386151,0.1846933477620284
12,28573696,-0.044340785238091485,0.1838332894258201,1.6853408813476562,12.32843017578125,0.2559989094734192,0.15000000596046448,0.08660358956331038,0.5192268111277372,0.7793197631835938,0.9268569946289062,0.18991851806640625
12,28704768,-0.35300322182592936,0.47898087464272976,1.3325472073629498,11.855505995452404,0.2559989099390805,0.15000000596046448,-1.1894053599171457,-0.03990260693899472,0.7922718049958348,0.9199129403568804,0.10622526821680367
12,28835840,-0.49409624631516635,0.6162008778192103,1.1278136195614934,11.689184054732323,0.2559989111032337,0.15000000596046448,-1.671416873112321,0.23883984058193164,0.7695802631787956,0.8883534455671906,0.12234341952716932
12,28966912,-0.12951807569697849,0.2793998346896842,1.6430612681433558,12.283116362988949,0.2559989099390805,0.15000000596046448,-0.4777214086134336,0.1253122525231447,0.8511100760661066,0.9084533811546862,0.141977371647954
12,29097984,0.36188984737964347,-0.1513379409298068,2.503237407654524,12.929778791964054,0.2559989099390805,0.15000000596046448,0.49992270837537944,-0.6055260317516513,0.8856031652539968,0.9026475162245333,0.0891884722514078
12,29229056,0.11133601298934082,0.1154683552467759,1.9706025244668126,12.31629740446806,0.25599891133606434,0.15000000596046448,-0.5295514489844209,-0.7776404097676277,0.8469071220606565,0.9325366276316345,0.007385619341221172
12,29360128,-0.08881355368066579,0.35400946252048016,1.7448420748114586,11.891146883368492,0.25599891040474176,0.15000000596046448,-1.1057575596496463,-0.6127699366770685,0.8757513947784901,0.9334085118025541,0.024323277903022245
12,29491200,-0.37193634584487884,0.5833785428741248,1.177927268544833,11.547100404898327,0.25599891056617097,0.1500000059728821,-1.5844271350000052,0.11885647695763812,0.8587415820360184,0.9040830019613106,0.060226536225527524
12,29622272,-0.37598292622715235,0.5798698200378567,1.1824896205216646,11.572829127311707,0.25599890970624983,0.15000000596046448,-1.581912400200963,0.10414909895916935,0.8592824032530189,0.9070275197736919,0.059746280778199434
12,29753344,-0.20911256468389183,0.4042359434533864,1.4251632690429688,11.883773803710938,0.2559989094734192,0.15000000596046448,-1.0843961513601243,-0.13026936004825984,0.862060546875,0.89898681640625,0.08319854736328125
12,29884416,-0.12946474691852927,0.3261041676159948,1.4860194139182568,11.931068889796734,0.25599890970624983,0.15000000596046448,-0.5704778856597841,0.18732289828767534,0.8439319869503379,0.906195982825011,0.15449660399463028
12,30015488,-0.11476433073403314,0.31411414220929146,1.4976348876953125,11.916145324707031,0.2559989094734192,0.15000000596046448,-0.5569409935269505,-0.07358627603025525,0.8552017211914062,0.9086456298828125,0.1328277587890625
12,30146560,-0.24495695810765028,0.44028160418383777,1.42763043474406,11.764997825026512,0.25599890970624983,0.15000000596046448,-1.0553280431777239,-0.23286463634576648,0.8502719388343394,0.9115593950264156,0.0898291549528949
12,30277632,-0.024404297901128302,0.26356540829874575,1.887518547475338,12.177161566913128,0.2559989131987095,0.15000000642612576,-1.2598172202706337,-0.8769397668074816,0.8561547989957035,0.8826797427609563,0.034864478482631966
12,30408704,0.09668524691369385,0.23150008427910507,2.1323212813585997,12.166927643120289,0.2559989155270159,0.15000000642612576,-1.1026272708550096,-1.071380017325282,0.8685264117084444,0.931095412466675,0.009295250747527461
12,30539776,-0.09065727522557912,0.44156408949173054,2.0107120768229167,11.495401204427083,0.2559989094734192,0.15000000596046448,0.017033484916901216,0.13858009783551098,0.711376953125,0.9312703450520834,0.119306640625
12,30670848,-0.08414190491021145,0.426569904666394,1.9642410278320312,11.502906799316406,0.2559989094734192,0.15000000596046448,-0.0032295482960762456,0.1590069189260248,0.7321548461914062,0.9331512451171875,0.11742401123046875
12,30801920,-0.24862142512574792,0.48787044268101454,1.572021484375,11.708450317382812,0.2559989094734192,0.15000000596046448,-0.8789127913769335,-0.05495428940412239,0.7985610961914062,0.890167236328125,0.1744842529296875
12,30932992,0.18033877280686283,0.014342964641400613,2.2037857584655285,12.699093796312809,0.2559989111032337,0.15000000596046448,-0.2878880671632942,-0.7561870425124653,0.8773132571950555,0.8943346529267728,0.07023220864357427
12,31064064,0.3899624014738947,-0.20405424607452005,2.466991391032934,12.974509708583355,0.2559989101719111,0.15000000596046448,0.4828138225711882,-0.8275634124875069,0.8914769412949681,0.9125041197985411,0.04462532795150764
12,31195136,0.15183167217765003,3.8871270589879714e-05,1.9733450338244438,12.578289419412613,0.25599891040474176,0.15000000596046448,-0.5824176092864946,-0.9956337069161236,0.8585241325199604,0.8959549702703953,0.014832363325695042
12,31326208,-0.2155540560524969,0.4933260834077373,1.67651676107198,11.680207505822182,0.2559989118017256,0.1500000060768798,-1.4585182908922434,-0.3955256565241143,0.8488323600031435,0.9360223868861794,0.027918259453144856
12,31457280,-0.2125381301739253,0.40706737781874835,1.6600242014974356,12.079691126942635,0.25599891040474176,0.15000000596046448,-0.9128784384811297,-0.19014931289711967,0.8544111726805568,0.9091157214716077,0.08660406892886385
12,31588352,0.19023675192360923,-0.011016511313452307,2.0729806397358574,12.4419042857488,0.2559989116092523,0.15000000609705844,0.07532087399740703,-0.8308582438895247,0.8763792671263217,0.9212435148159663,0.03540700560125212
12,31719424,0.19719646127487067,-0.008439297242148314,2.0914833080023527,12.423889636993408,0.25599891203455627,0.1500000060768798,0.08011818869272247,-0.8357732957229018,0.8816786631941795,0.9217907921411097,0.034503911272622645
12,31850496,0.3313974653137848,-0.10140576587582473,2.48758159019053,12.744765177369118,0.2559989101719111,0.15000000596046448,0.7398515566746937,-0.5906154518015683,0.8891957895830274,0.927831991109997,0.03043446023366414
12,31981568,0.5809697119984776,-0.2711021899012849,3.078338623046875,13.154273986816406,0.2559989094734192,0.15000000596046448,1.552549621090293,-0.6822372199967504,0.9126358032226562,0.9146041870117188,0.0333251953125
12,32112640,0.4062450644560158,-0.17764326778706163,2.561563828960061,12.894991762936115,0.2559989099390805,0.15000000596046448,0.6330709678586572,-0.7840633620508015,0.8900513709522784,0.9046160941943526,0.038551807854673825
12,32243712,0.39554520579986274,-0.10980981032480486,2.6112292129546404,12.797830671072006,0.25599891133606434,0.15000000596046448,0.8950458171311766,-0.46058277622796595,0.8861241121776402,0.9263414554297924,0.04292539742891677
12,32374784,0.2872035065665841,0.016011338206226355,2.5803146362304688,12.662086486816406,0.2559989094734192,0.15000000596046448,0.8994733556173742,-0.1655452790982963,0.8472900390625,0.9278488159179688,0.07166290283203125
12,32505856,-0.010572707931714831,0.171218259842135,2.016429239884019,12.452705420553684,0.2559989122673869,0.15000000596046448,-0.030173052160535008,-0.15830270136575564,0.8118175389245152,0.8991905115544796,0.12568380392622203
12,32636928,0.4930608562634249,-0.2575523405184504,2.7190478515625003,13.0958251953125,0.2559989094734192,0.15000000596046448,1.148997656169037,-0.6665538751438727,0.9029874674479166,0.8975390624999999,0.006175130208333333
12,32768000,0.5021420835983008,-0.2604364081053063,2.7322616577148438,13.093147277832031,0.2559989094734192,0.15000000596046448,1.1754640294238925,-0.6795799685642123,0.9005813598632812,0.9043350219726562,0.00490570068359375
12,32899072,-0.008064902362093562,0.24804349037003703,1.7144008567556739,11.863509580492973,0.25599891133606434,0.15000000596046448,-0.6425261107797269,-0.34307897079270333,0.8776632696390152,0.9241671524941921,0.037714729784056544
12,33030144,-0.21413262700662017,0.49864564719609916,1.4711375162005424,11.570085480809212,0.2559989099390805,0.15000000596046448,-1.2202418828383088,-0.14499737275764346,0.8666743170469999,0.9247043123468757,0.07920971640851349
12,33161216,-0.00989058759114414,0.22327268682420254,1.7600555419921875,12.265472412109375,0.2559989094734192,0.15000000596046448,-0.03427953808568418,0.04477887285975157,0.8722000122070312,0.9086456298828125,0.16119384765625
12,33292288,0.306257254909724,-0.07312738665495999,2.388916015625,12.772087097167969,0.2559989094734192,0.15000000596046448,0.46810169890522957,-0.5432337924721651,0.8845062255859375,0.9151611328125,0.07318115234375
12,33423360,0.21242743282346055,0.009858220868409262,2.268136428669095,12.620372831821442,0.25599890970624983,0.15000000596046448,0.4122620534617454,-0.4188592564314604,0.876151061616838,0.9226372386328876,0.05600789235904813
12,33554432,0.20511488697957247,-0.05069400837237481,2.1183700561523438,12.707679748535156,0.2559989094734192,0.15000000596046448,0.3111470933072269,-0.417501098359935,0.880615234375,0.9157180786132812,0.075042724609375
12,33685504,-0.22616130394642822,0.43259352919165395,1.6920147721966108,11.726296137173971,0.2559989097962777,0.1500000059728821,-0.7065156805453201,0.25526785060452917,0.75052971859773,0.9288044817745686,0.19456810776144268
12,33816576,-0.2049778321525082,0.4119855889584869,1.677211637608707,11.747462451457977,0.2559989099390805,0.15000000596046448,-0.6446580193005502,0.25348033220507205,0.7631336934864521,0.9300985103473067,0.17977472709026188
12,33947648,-0.056993047321157064,0.20236341445706785,1.707981575280428,12.289745427668095,0.2559989106375724,0.15000000596046448,-0.614741854602471,-0.4496003797794401,0.8446066179312766,0.903873402159661,0.07678486660006456
12,34078720,0.12475349965097848,0.06968170573236421,2.083193825557828,12.500172324478626,0.255998914828524,0.15000000630971044,-0.8074110203888267,-1.096130779478699,0.8467792654410005,0.8865239727310836,0.030592368450015783
12,34209792,-0.05598175999693922,0.3401852394454181,1.6931457808241248,11.8633414208889,0.2559989118017256,0.1500000060768798,-1.0517774960026145,-0.5668259451631457,0.8528767530806363,0.94273676071316,0.014901497946993914
12,34340864,-0.331792572629638,0.5501840049400926,1.391822112724185,11.533155508339405,0.25599891203455627,0.1500000060768798,-1.2377822352573276,0.2361096700951748,0.7864380734972656,0.9246746739372611,0.1103404149034759
12,34471936,-0.22059534724394325,0.3341365553205833,1.5308804279193282,12.245295986533165,0.2559989127330482,0.15000000619329512,-1.5195573912933469,-0.6684130335561349,0.8323899074457586,0.8882292690686882,0.06052971571625676
12,34603008,-0.1891775205185695,0.4378973551793024,1.6407184302806854,11.891439072787762,0.2559989127330482,0.15000000596046448,-1.4220735765993595,-0.38236350727675017,0.8442358123138547,0.9308311403729022,0.029666427057236433
12,34734080,-0.5730463303540212,0.6750839912396138,1.3965825900435447,11.209588359196982,0.25599891223013405,0.15000000605980557,-1.7420658108436813,0.6597037477015207,0.6888645840187868,0.9173038357992966,0.131104419734329
12,34865152,-0.5197584906127304,0.6341995485126972,1.3280811496078968,11.248352937400341,0.2559989122673869,0.15000000630971044,-1.618262743577361,0.6958580282516778,0.7261434295214713,0.919895613566041,0.11328913795296103
12,34996224,-0.3419410791248083,0.5005017679650337,1.7855053879320621,11.617035120725632,0.2559989152941853,0.15000000642612576,-0.7419516856316477,0.50152991223149,0.6586031801998615,0.9244729722850025,0.23232841928256676
12,35127296,0.06649806612404063,0.0873072181493626,2.0724250888451934,12.422008581459522,0.2559989099390805,0.15000000596046448,-0.08554861234733835,-0.390994792116544,0.835947448387742,0.9110322804190218,0.08265284798108041
12,35258368,-0.09999381181842182,0.361884016674594,1.7578863026574254,11.901025734841824,0.2559989101719111,0.15000000596046448,-0.47333297262957785,0.0934470344636793,0.8290814561769366,0.9263288737274706,0.09180744277546182
12,35389440,-0.4587445352226496,0.6441599032841623,1.2957954723387957,11.647177919745445,0.2559989143628627,0.15000000642612576,-1.7294537862762809,-0.025463783248142136,0.7798477574251592,0.8945384314283729,0.13869795680511743
12,35520512,-0.06532744145806646,0.2870299256173894,1.6015908773988485,12.030854001641273,0.25599890970624983,0.15000000596046448,-0.6460410845465958,-0.2339112765621394,0.8238892913796008,0.9175255517475307,0.1227272980613634
12,35651584,-0.10701616560527327,0.22206666553393006,1.623628186993301,12.210407264530659,0.25599891343154013,0.1500000060768798,-0.7250045454711653,-0.2792122602695599,0.8373093036934733,0.9047331195324659,0.10086909984238446
13,35782656,-0.44711055445543024,0.6238934070717854,1.2779412557184697,11.66943851073583,0.25599890952308973,0.15000000596046448,-1.2654758620308713,0.4623214781214483,0.7163048564394314,0.9458291919032733,0.24992796776816248
13,35913728,-0.4142091613030061,0.6111067696474493,1.2819442749023438,11.570587158203125,0.2559989094734192,0.15000000596046448,-1.2338319742120802,0.47326813463587314,0.7497711181640625,0.9465713500976562,0.215087890625
13,36044800,-0.13940643552632537,0.3158824614947662,1.600422558374703,12.209188424050808,0.2559989106375724,0.15000000596046448,-1.29915632866323,-0.6613635515022906,0.8325442392379045,0.8952978434972465,0.088862265314674
13,36175872,-0.002088780880512786,0.19723562512081116,1.6837415574118495,12.262435995042324,0.2559989106375724,0.15000000596046448,-0.9228897732682526,-0.7296055173501372,0.851930508390069,0.8888887045904994,0.040009969379752874
13,36306944,-0.09191279904916883,0.29616800241637975,1.508520974777639,11.974009707570076,0.2559989127330482,0.15000000596046448,-0.8147653928026557,-0.15694699844607385,0.8507755533792078,0.922896602191031,0.062003701517824084
13,36438016,-0.3679812317714095,0.5494226708542556,1.2271953066810966,11.660995543003082,0.25599891133606434,0.15000000596046448,-1.4443359868600965,0.14796805681726255,0.7897439920343459,0.9117835108190775,0.14554712281096727
13,36569088,-0.4123865249566734,0.5968169528059661,1.3416853807866573,11.652477912604809,0.25599891040474176,0.15000000596046448,-1.3061375683173537,0.36327586928382516,0.7328254948370159,0.9273889642208815,0.23370349407196045
13,36700160,-0.2628316421760246,0.4175006414297968,1.2990845935419202,11.950711444020271,0.2559989099390805,0.15000000596046448,-1.0591696072369814,0.06105399580337689,0.8198973056860268,0.921972862444818,0.15417769830673933
13,36831232,-0.2242218932056373,0.5665902743814513,1.3494766440987587,11.417410497665404,0.25599890952308973,0.15000000596046448,-1.4832528737528872,-0.18152945222100242,0.8765623090664545,0.9313695111870766,0.038956777323037386
13,36962304,-0.20435904327314347,0.5491145991254598,1.3679733276367188,11.3853759765625,0.2559989094734192,0.15000000596046448,-1.4571000360883772,-0.23269012081436813,0.8800506591796875,0.930084228515625,0.03670501708984375
13,37093376,-0.07151356051690527,0.3589634168893099,1.4118620483204722,11.86250066012144,0.2559989099390805,0.1500000060768798,-0.6768992464058101,0.19699026916350704,0.8428215375170112,0.9188743275590241,0.14265161787625402
13,37224448,-0.2627639453858137,0.519268196541816,1.3076764177531004,11.458713166415691,0.2559989118017256,0.15000000596046448,-1.1148309032432735,0.14961872505955398,0.7953872242942452,0.9326884699985385,0.12929781031562015
13,37355520,-0.2129493773682043,0.4261603544000536,1.3430641554296017,11.704922512173653,0.25599891506135464,0.15000000619329512,-0.8565873610787094,0.2230344969430007,0.7957004010677338,0.9296413050033152,0.15632466576062143
13,37486592,-0.2164626910816878,0.3583158745896071,1.6592725263908505,12.043500728905201,0.2559989201836288,0.1500000066589564,-0.3900790633633733,0.7176221408881247,0.7045384994708002,0.9266678765416145,0.24396949505899101
13,37617664,-0.3359878316987306,0.5089679099619389,1.46306296531111,11.832133375108242,0.25599891343154013,0.1500000060768798,-1.2101754820905626,0.07726644659123849,0.7825243878178298,0.9129218426533043,0.16677862755022943
13,37748736,-0.2234042688505724,0.4535336217377335,1.311798382550478,11.765808895230293,0.25599891203455627,0.1500000060768798,-1.1143080336041749,0.010666227139154216,0.8397816307842731,0.9203800563700497,0.10208473133388907
13,37879808,0.1574674836798416,0.04978725084093943,1.8186157178878783,12.355269010861715,0.25599890964726607,0.15000000596046448,-0.26016905802379675,-0.47587509235056735,0.849654926508665,0.9159752730528513,0.12128180748472611
13,38010880,0.16690109719638713,0.04754183884324448,1.8478081515058875,12.33738274127245,0.25599890970624983,0.15000000596046448,-0.2392711509601213,-0.48632606538012624,0.85513202752918,0.9197304989211261,0.10783473489573225
13,38141952,-0.10527131305570947,0.33503809513058513,1.5187216456979513,11.857770793139935,0.25599891413003206,0.15000000619329512,-0.7552143544889987,-0.12436429173976649,0.8102049776352942,0.9153134063817561,0.1392570540192537
13,38273024,-0.12083273817552254,0.3104701417032629,1.845978175289929,11.974487081170082,0.2559989152941853,0.15000000619329512,-0.2891337242908776,0.20898788463091478,0.7280209292657673,0.9153405302204192,0.20398568827658892
13,38404096,-0.18144864402711391,0.35682245274074376,1.7445032391697168,11.859277203679085,0.25599891948513687,0.15000000735744834,-0.45336868008598685,0.3447711776243523,0.7084093866869807,0.9135503736324608,0.2186378352344036
13,38535168,-0.20564713317435235,0.39061762881465256,1.744941701181233,11.796992160379887,0.25599891575984657,0.1500000060768798,-0.4266085533890873,0.48156176949851215,0.702762246131897,0.9175158790312707,0.22232416237238795
13,38666240,-0.339215025305748,0.5206670879852027,1.659041597507894,11.619176164269447,0.25599891878664494,0.15000000747386366,-0.8767707007937133,0.3902719805482775,0.6768307974562049,0.9056609305553138,0.21383006777614355
13,38797312,-0.29149756161496043,0.4789533477742225,1.7260240744799376,11.765250250697136,0.2559989118017256,0.1500000060768798,-0.6096527059562504,0.7119423793628812,0.6844734386540949,0.919669670984149,0.24142342305276543
13,38928384,-0.3698069321315658,0.5658802002831362,1.8417664278546968,11.360896835327148,0.25599890964726607,0.15000000596046448,-0.7470607587353637,0.5212798476001869,0.627099864780903,0.9217752253512541,0.15996521016582846
13,39059456,-0.3551590032875538,0.5537301094736904,1.7995376586914062,11.357650756835938,0.2559989094734192,0.15000000596046448,-0.7365266890265048,0.5235086840111762,0.6487884521484375,0.9243698120117188,0.1467742919921875
13,39190528,-0.3916252385824919,0.6139609441161156,1.7456730278208852,11.328645966947079,0.25599891296587884,0.1500000060768798,-1.1577171282842755,0.055563327248819405,0.6709403693675995,0.9172795838676393,0.11245539016090333
13,39321600,-0.28771049540955573,0.5252789943479002,1.6961779175326228,11.581436716020107,0.2559989099390805,0.15000000596046448,-0.9609508491121233,0.24276778352395922,0.7348820003680885,0.9168383618816733,0.11255814303876832
13,39452672,-0.2141689013224095,0.43965798942372203,1.5831020949408412,11.721729956567287,0.25599890970624983,0.15000000596046448,-0.7903629043139517,0.30860864312853664,0.7507230322808027,0.8950111707672477,0.212976002600044
13,39583744,-0.28118081332650036,0.43175599351525307,1.4603035962209105,11.850287340581417,0.2559989099390805,0.15000000596046448,-0.9291228544898331,0.3784666652791202,0.7570381797850132,0.8879302125424147,0.2506832298822701
13,39714816,-0.16123517807864118,0.332012546248734,1.6056256862357259,12.064415700733662,0.25599890970624983,0.15000000596046448,-0.7693310424219817,-0.11220017274899874,0.7825148687697947,0.8590839570388198,0.2070708884857595
13,39845888,-0.19341873361554462,0.3592680529691279,1.3736441005021334,12.007605820894241,0.25599890970624983,0.15000000596046448,-0.9867290086112916,-0.1915441354503855,0.828024594578892,0.8643865427002311,0.20805502822622657
13,39976960,0.27635227515148775,-0.01739009027320814,1.9246077473958332,12.544501139322916,0.2559989094734192,0.15000000596046448,-0.2236228490131907,-0.8861459222548487,0.9044856770833334,0.9565502929687499,0.005814615885416667
13,40108032,0.2555840101267677,0.005633301469060825,1.8760986328125,12.473098754882812,0.2559989094734192,0.15000000596046448,-0.27023309425567277,-0.8671322586014867,0.9027023315429688,0.9542999267578125,0.00647735595703125
13,40239104,0.3827539721969515,-0.12597970241949952,2.164642333984375,12.780525207519531,0.2559989094734192,0.15000000596046448,0.0213729940878693,-0.9235031795687973,0.9151229858398438,0.9630126953125,0.003173828125
13,40370176,0.19020661019021645,0.07788298753439449,1.78023293428123,12.236785307526588,0.25599890970624983,0.15000000596046448,-0.2541065774857998,-0.4624038159381598,0.8986427178606391,0.9454186926595867,0.025184855083352886
13,40501248,-0.16209776008690824,0.3627734889741987,1.4625731660053134,11.932897798717022,0.25599890970624983,0.15000000596046448,-0.667350834235549,0.3227033032744657,0.8180983648635447,0.8838032549247146,0.15831129380967468
13,40632320,-0.39928087475709617,0.4518813765607774,1.2029587123543024,12.024132288992405,0.25599890970624983,0.15000000596046448,-1.2523009800352156,0.4550060590263456,0.7845440041273832,0.8390108780004084,0.3026070245541632
13,40763392,-0.21557902166387066,0.28487837640568614,1.3145828247070312,12.195274353027344,0.2559989094734192,0.15000000596046448,-0.844347458332777,0.17705095591009012,0.8268966674804688,0.851470947265625,0.30660247802734375
13,40894464,0.03703552568185842,0.1283417982631363,1.5801162719726562,12.1748046875,0.2559989094734192,0.15000000596046448,-0.4950276908930391,-0.23361320520052686,0.8869247436523438,0.91912841796875,0.14760589599609375
13,41025536,-0.2939774948989604,0.42723250738985374,1.1483636076251664,11.852283146381378,0.25599890992045404,0.1500000059728821,-0.999736691818883,0.12663477647525723,0.7733816455801328,0.9018042117853959,0.22585672937333584
13,41156608,-0.2877826615003869,0.43031364621128887,1.1606097258627415,11.81306553632021,0.2559989099390805,0.15000000596046448,-0.9857797035947442,0.1355023056967184,0.7824060432612896,0.9020218010991812,0.2192656216211617
13,41287680,-0.015840420321183046,0.1401839675672818,1.6468505859375,12.438819885253906,0.2559989094734192,0.15000000596046448,-0.2297975391484215,-0.19722203303535935,0.857940673828125,0.9014053344726562,0.245452880859375
13,41418752,0.1614019672269933,0.03779813672736054,2.0240402221679688,12.626792907714844,0.2559989094734192,0.15000000596046448,0.22028994936408708,-0.24683702900074422,0.86016845703125,0.9068222045898438,0.2198638916015625
13,41549824,0.16083385230740532,-0.0011142245439259568,1.8748321533203125,12.673507690429688,0.2559989094734192,0.15000000596046448,-0.2329647524820757,-0.6451176416594535,0.871337890625,0.89581298828125,0.158355712890625
13,41680896,0.1006494852117612,0.11216377827986435,1.8144490011036396,12.32346948236227,0.2559989101719111,0.15000000596046448,-0.09195151676249225,0.01431701630644966,0.8715331596322358,0.9214765192009509,0.14552668831311166
13,41811968,0.26846449538788875,-0.08358235226842226,2.178924560546875,12.830032348632812,0.2559989094734192,0.15000000596046448,0.03871294344207854,-0.5935842272156151,0.8990020751953125,0.9159164428710938,0.11325836181640625
13,41943040,0.31210322870174423,-0.08431132427358534,2.1974025666713715,12.682398602366447,0.2559989101719111,0.15000000596046448,0.19869669544277713,-0.5795194997917861,0.9066827725619078,0.9255278469063342,0.06431698915548623
13,42074112,-0.3735740744419551,0.6700492668954151,1.4852012415726978,11.149131182034811,0.25599891141057013,0.15000000602255265,-1.3953063896422586,0.2673916921465813,0.7558356478810311,0.9237035733958086,0.10204705195501447
13,42205184,-0.37115987844299525,0.6647110122721642,1.4774895878508687,11.146564036607742,0.2559989106375724,0.15000000596046448,-1.3817694140598178,0.2709371504606679,0.7634945195168257,0.9212006898596883,0.09779753914335743
13,42336256,0.11390724193188362,0.11807170103202225,1.9497430361807346,12.231538839638233,0.2559989099390805,0.15000000596046448,-0.04857147129223449,-0.4114561917776882,0.8817884754389524,0.9291449477896094,0.08613663987489417
13,42467328,0.29165813350118697,-0.05127855824684957,2.2563505731523037,12.59275571256876,0.25599890970624983,0.15000000596046448,0.3194846731494181,-0.6101241232827306,0.9086754387244582,0.9303584764711559,0.059387676883488894
13,42598400,0.17899745842441916,0.12325110185702215,1.9894008319824934,12.243956811726093,0.25599891087040305,0.15000000596046448,-0.27035983897803817,-0.457617542007938,0.8738644807599485,0.9245190368965268,0.061785447178408504
13,42729472,0.13614469254389405,0.13103590050013736,1.898079663515091,12.281458221375942,0.25599890970624983,0.15000000596046448,-0.0480124359819456,-0.16946184094558703,0.8578175147995353,0.923728487920016,0.1296238978393376
13,42860544,-0.09158003269112669,0.2916255759773776,1.5641285218298435,12.047996804118156,0.25599890970624983,0.15000000596046448,-0.5956247703870758,-0.15518172294468968,0.8393923700787127,0.9054100881330669,0.1879286258481443
13,42991616,0.08754423131904332,0.16750179918017238,2.112483398988843,12.336904734373093,0.2559989099390805,0.15000000596046448,-0.2947481044429878,-0.3999386883806437,0.8661022018641233,0.9089723289944232,0.08575546098290943
13,43122688,-0.5747043884383554,0.732756082531026,1.5337260203063487,11.16343205054601,0.2559989112863938,0.15000000604738792,-1.4176108390527467,0.6285669053283831,0.6849968028068543,0.9101354942719142,0.07099809065771599
13,43253760,-0.5619921749457717,0.7293644153978676,1.4582760259509087,11.133435226976871,0.25599891087040305,0.1500000060768798,-1.4469971740618348,0.634640266187489,0.7055014516226947,0.9130807821638882,0.06557139530195855
13,43384832,0.04194451134389965,0.18516450836978038,2.3491141134873033,12.338866762816906,0.2559989099390805,0.15000000596046448,0.21806450597796356,-0.3323187862188206,0.7403137041255832,0.9006102439016104,0.1065532278153114
13,43515904,0.24582007725257427,-0.0019440839514572872,2.4050751104950905,12.648353360593319,0.2559989101719111,0.15000000596046448,0.4812991183716804,-0.4932191437110305,0.8521908475086093,0.929144209716469,0.0697574857622385
13,43646976,-0.13897542502672877,0.447896136676718,1.6891303267329931,11.729346975684166,0.25599890970624983,0.15000000596046448,-1.1802684831272927,-0.47865621256642044,0.8799200942739844,0.9315332095138729,0.041679747751913965
13,43778048,-0.23618842056021094,0.5628060123417526,1.5104180909693241,11.539584897458553,0.25599890970624983,0.15000000596046448,-1.2992814034223557,-0.1705704574706033,0.8564290022477508,0.934333264362067,0.06523950450355187
13,43909120,-0.11196939249930438,0.4049950649496168,1.5481917234137654,11.815551154315472,0.25599890970624983,0.15000000596046448,-1.2092920783907175,-0.5193096915027127,0.8674153825268149,0.8994972398504615,0.058586463681422174
13,44040192,-0.19393819126707967,0.47302524908445776,1.5313749415799975,11.724204123020172,0.2559989122673869,0.1500000060768798,-1.2150560803711414,-0.2116538533809944,0.8567496496252716,0.9242928242310882,0.0643076308479067
13,44171264,-0.37496087517220683,0.5773859567913071,1.5310294271012146,11.499227437178295,0.255998916203777,0.15000000730156898,-0.9284090492315591,0.4719251384120434,0.742523811062177,0.9302534952759742,0.14848193283503253
13,44302336,-0.3675754035357386,0.5695223500952125,1.5375353787094355,11.510551042854786,0.255998918088153,0.15000000735744834,-0.9027701113373041,0.49274522182531655,0.7513343058526516,0.9335176418535411,0.14476919814478606
13,44433408,-0.3043803200125694,0.5276353727094829,1.7423658715561032,11.660071611404419,0.25599891296587884,0.15000000630971044,-0.5746520813554525,0.7055325275287032,0.7350787846371531,0.919230364728719,0.18539373623207211
13,44564480,-0.21031080198008567,0.38224095152691007,1.7068959791213274,12.09082131832838,0.25599891040474176,0.15000000596046448,-0.7163849284406751,0.052253322952310555,0.7970126499421895,0.9117937055416405,0.17397147265728563
13,44695552,-0.2458076982293278,0.5324555037077516,1.5074680959805846,11.639558717608452,0.25599891087040305,0.15000000596046448,-1.458391655702144,-0.12020313326502219,0.8611542377620935,0.9150660899467766,0.07442818919662386
13,44826624,-0.28941794438287616,0.5633795615285635,1.404651802033186,11.633534990251064,0.25599890970624983,0.15000000596046448,-1.610837840475142,-0.18957678705919534,0.8663244238123298,0.9035027245990932,0.06489608480478637
13,44957696,-0.18744550901465118,0.4549988985527307,1.7760826339945197,11.748888589441776,0.2559989127330482,0.15000000619329512,-0.49825399728433695,0.5452970594415092,0.7803954919800162,0.9126747353002429,0.11931429721880704
13,45088768,-0.22582472435897216,0.532304061576724,2.0180361634120345,11.633479371666908,0.2559989111032337,0.15000000596046448,-0.3180763966665836,0.6708004409447312,0.7253273660317063,0.9125321097671986,0.14799524133559316
13,45219840,-0.14619925363357955,0.3635957224777667,1.6459956681728363,11.765273939768473,0.25599890949825443,0.15000000596046448,-0.5214710498508066,0.09783388783573173,0.7671678589781126,0.9026806012292703,0.20054042504479486
13,45350912,-0.14755231200251728,0.3663073997013271,1.624176025390625,11.735137939453125,0.2559989094734192,0.15000000596046448,-0.5202651659492403,0.09192574129701825,0.7743606567382812,0.9052352905273438,0.18714141845703125
13,45481984,0.07687847300621797,0.1398251933278516,2.067578759044409,12.325924389064312,0.2559989111032337,0.15000000596046448,0.21013311919523403,-0.0611261075900984,0.7977494723163545,0.9119370765984058,0.1972766702529043
13,45613056,0.031203876724248403,0.22982763219624758,2.149824094027281,12.27676110714674,0.25599891133606434,0.15000000596046448,0.3362117037177086,0.42639717797283083,0.7954578716307878,0.9201689842157066,0.17338017583824694
13,45744128,-0.27076103613944724,0.5108150662854314,1.7064208984375,11.77294921875,0.2559989094734192,0.15000000596046448,-0.9067807950195856,0.06024630081810756,0.8250656127929688,0.929107666015625,0.105682373046875
13,45875200,-0.16671979037346318,0.44232453498989344,1.513676238246262,11.738730527460575,0.25599890970624983,0.15000000596046448,-1.0180374891497195,-0.24601839750539511,0.878378695808351,0.9175942610017955,0.11611256829928607
13,46006272,-0.04278110463928897,0.39042112207971513,1.6211214642971754,11.772960118949413,0.25599891040474176,0.15000000596046448,-1.053803970105946,-0.4025667612440884,0.8768500126898289,0.9125491203740239,0.07332843769108877
13,46137344,0.0023912547621876,0.29318885155953467,1.605840703472495,12.132701568305492,0.2559989101719111,0.15000000596046448,-0.4448657750617713,-0.11364092287112726,0.8556639002636075,0.9219113872386515,0.15655120823066682
13,46268416,0.5184401415567845,-0.22981117111165078,3.0570402789115905,13.092250998020173,0.25599890949825443,0.15000000596046448,1.326654274777587,-0.6940438833467972,0.8834707616766294,0.9031818905472755,0.054308316754177216
13,46399488,0.5264236321672797,-0.22759869077708572,3.0811538696289062,13.079795837402344,0.2559989094734192,0.15000000596046448,1.3414466292597353,-0.7011149730533361,0.8833847045898438,0.90423583984375,0.04929351806640625
13,46530560,0.11505032566492446,0.16586154523247387,2.195130281150341,12.2289664670825,0.25599890970624983,0.15000000596046448,0.18247031202190556,-0.1644532123900717,0.8152146176435053,0.9148095767013729,0.11372488096822053
13,46661632,0.16173919373068202,0.14491317776264623,2.1518173217773438,12.3173828125,0.2559989094734192,0.15000000596046448,-0.24095334380399436,-0.6795329930318985,0.8263092041015625,0.9252395629882812,0.083892822265625
13,46792704,0.17426953045651317,0.22763501631561667,2.3729737494140863,12.204280890524387,0.2559989152941853,0.1500000065425411,-1.0316635582130402,-1.15525390394032,0.8296964541077614,0.938429900445044,0.018887302270741202
13,46923776,0.14742775086779147,0.21176219487097114,2.0233624391257763,12.116119056940079,0.2559989155270159,0.15000000700820237,-0.9770425716415048,-0.9959712731651962,0.8691768464632332,0.9247604934498668,0.006968442816287279
13,47054848,0.39288609102368355,-0.03937831206894771,2.465503627434373,12.749321952462196,0.2559989118017256,0.1500000060768798,-0.1440387561146963,-1.0432124063372612,0.8992592431604862,0.9357237075455487,0.008156441814207938
13,47185920,0.06219532622344559,0.291881509583618,1.8950708415359259,12.035524845123291,0.2559989118017256,0.15000000596046448,-0.7288915207318496,-0.5384269587229937,0.8803318422287703,0.9495123280212283,0.011154965344758239
13,47316992,0.27002275027528716,0.052278262599526594,2.1943972718715665,12.683020208676655,0.2559989096969366,0.15000000596046448,-0.5969435231418659,-1.33878039267535,0.8622516439358394,0.9478080379466216,5.208492434273164e-05
13,47448064,0.25272913684602827,0.04643163775836001,2.1398544311523438,12.678390502929688,0.2559989094734192,0.15000000596046448,-0.6103295527864248,-1.308287647087127,0.8621673583984375,0.9387741088867188,0.00022125244140625
13,47579136,0.19519240933004767,0.15869444684358314,1.9640148533508182,12.344006046652794,0.2559989106375724,0.1500000060768798,-0.752904134336859,-1.1603376120328903,0.8612219160422683,0.9513909416273236,0.0011139736670884304
13,47710208,0.10797978968184907,0.23634350148495287,1.844383381307125,12.13348537683487,0.25599891040474176,0.15000000596046448,-0.4954900301527232,-0.39172825583955273,0.8765912093222141,0.9449454094283283,0.045127958146622404
13,47841280,0.12748749853562913,0.15653907146770507,1.9451369121670723,12.348060764372349,0.2559989101719111,0.15000000596046448,-0.5740859135985374,-0.7207925096154213,0.8716173367574811,0.9223614023067057,0.035736911799176596
13,47972352,0.020802877517496654,0.2841629234026186,1.9105460848659277,12.116516038775444,0.25599891413003206,0.1500000060768798,-0.8608034681528807,-0.7593200975097716,0.8777107298374176,0.9525676108896732,0.007676371700654272
13,48103424,-0.07589527961681597,0.40355055476538837,1.7462139185518026,11.74486331641674,0.2559989106375724,0.15000000596046448,-1.0424967822618783,-0.5046313563361764,0.8632075591012836,0.9557095072232187,0.010773107802378945
13,48234496,0.0332805452426328,0.31600651680491865,1.7673092763870955,11.902175337076187,0.25599890970624983,0.15000000596046448,-0.8124372335150838,-0.587599566206336,0.8668812727555633,0.955520301591605,0.01947797847969923
13,48365568,0.27401056365192444,0.11006520145204074,1.8406315104166666,12.175324707031251,0.2559989094734192,0.15000000596046448,-0.26524433692335153,-0.6094668646141266,0.9133723958333333,0.9557918294270833,0.011305338541666666
13,48496640,0.2724768298212439,0.1061733073729556,1.8503494262695312,12.183570861816406,0.2559989094734192,0.15000000596046448,-0.25367437704699114,-0.6038582229521126,0.9160079956054688,0.9549636840820312,0.01224517822265625
13,48627712,0.26313782727811486,0.1193942537647672,1.9123153686523438,12.249198913574219,0.2559989094734192,0.15000000596046448,-0.5051264339126647,-0.866034755948931,0.9142532348632812,0.9580459594726562,0.00577545166015625
13,48758784,0.1215929374229745,0.2846228120033629,1.9750972241163254,11.941015779972076,0.25599890970624983,0.15000000596046448,-0.9979509538970888,-0.9664786867797375,0.8907919516786933,0.9580685864202678,0.0010833740234375
13,48889856,0.2737154990900308,0.09978299177601002,2.0601119995117188,12.313774108886719,0.2559989094734192,0.15000000596046448,-0.5487034383695573,-1.0819915840402246,0.8980712890625,0.9507904052734375,0.0013427734375
13,49020928,0.22001073195133358,0.09027737739961594,2.005654925480485,12.5307736992836,0.25599890970624983,0.15000000596046448,-0.46994077251292765,-0.8614180940203369,0.9109110157005489,0.9569393987767398,0.007995642758032773
13,49152000,-0.1301845889138349,0.46345098863821477,1.7961578369140625,11.491081237792969,0.2559989094734192,0.15000000596046448,-0.7189488494768739,0.040357042125833686,0.785888671875,0.9349365234375,0.05330657958984375
13,49283072,-0.02981925600215618,0.2834309001918882,1.9877700805664062,12.091415405273438,0.2559989094734192,0.15000000596046448,-0.5227360823191702,-0.32055671825946774,0.7892608642578125,0.915313720703125,0.10697174072265625
13,49414144,-0.059236830705970835,0.3612958234534987,1.7361409505208334,11.732044270833335,0.2559989094734192,0.15000000596046448,-0.4574199021545549,0.006912765844220606,0.8070914713541666,0.9290250651041667,0.12404541015625
13,49545216,-0.0767810446122894,0.37351388367824256,1.7153549194335938,11.691932678222656,0.2559989094734192,0.15000000596046448,-0.4476466472260654,0.09931165126909036,0.8104400634765625,0.9288330078125,0.12604522705078125
13,49676288,-0.26874515460804105,0.5346317421644926,1.4732621489092708,11.569462917745113,0.25599890970624983,0.15000000596046448,-1.431232426315546,-0.317520861455705,0.8306721216067672,0.9204248036257923,0.06715434085344896
13,49807360,-0.04121265354115167,0.3928245927672833,1.7819353137165308,11.760907232761383,0.25599891133606434,0.15000000619329512,-1.3355974461883307,-0.744353252928704,0.8833135752938688,0.9285211251117289,0.014283159041951876
13,49938432,0.1413556407787837,0.24701271741650999,2.062378339469433,12.144616432487965,0.25599890970624983,0.15000000596046448,-0.9138841964304447,-0.9911110680550337,0.9124518921598792,0.9503780896775424,0.003547683372744359
13,50069504,0.055367803896842815,0.33394544292241335,1.85174560546875,11.842765808105469,0.2559989094734192,0.15000000596046448,-1.0394910308532417,-0.7965958043932915,0.9052810668945312,0.96209716796875,0.00316619873046875
13,50200576,-0.22395084694471734,0.5805161839816719,1.5112380981445312,11.357757568359375,0.2559989094734192,0.15000000596046448,-1.2404144583269954,-0.18989756126211432,0.8505172729492188,0.9351730346679688,0.0469512939453125
13,50331648,-0.06217668817771482,0.31425395468249917,1.7149734497070312,12.100364685058594,0.2559989094734192,0.15000000596046448,-0.7892973641864955,-0.3810904337806278,0.8505096435546875,0.8971481323242188,0.13738250732421875
13,50462720,-0.21962784166253793,0.5388398213599188,1.52317626953125,11.442583821614583,0.2559989094734192,0.15000000596046448,-1.007487156552573,-0.06894117607283988,0.83810302734375,0.9083658854166666,0.11561930338541666
13,50593792,-0.2224264033138752,0.5382904503494501,1.5036468505859375,11.43035888671875,0.2559989094734192,0.15000000596046448,-1.020728818140924,-0.04953131506954378,0.8407516479492188,0.90911865234375,0.1100616455078125
13,50724864,-0.21988125110510737,0.5375850768759847,1.6691665649414062,11.507637023925781,0.2559989094734192,0.15000000596046448,-0.9171498161740601,0.05536987187952036,0.7882232666015625,0.9077911376953125,0.1251678466796875
13,50855936,-0.17121046246029437,0.3880163454450667,1.4788131713867188,11.804061889648438,0.2559989094734192,0.15000000596046448,-0.7785188150592148,-0.019946027285186574,0.8074569702148438,0.8857345581054688,0.1951446533203125
13,50987008,-0.049040003677873756,0.34046880388632417,1.6229934692382812,11.935653686523438,0.2559989094734192,0.15000000596046448,-0.898355811368674,-0.3635230857616989,0.87188720703125,0.9074554443359375,0.14202117919921875
13,51118080,0.08072052155330312,0.3011592656839639,1.6510848999023438,11.875099182128906,0.2559989094734192,0.15000000596046448,-0.7288242508657277,-0.6205152603797615,0.8938064575195312,0.9451675415039062,0.06744384765625
13,51249152,0.033970591252000304,0.28266420227009803,1.5846481323242188,11.906158447265625,0.2559989094734192,0.15000000596046448,-0.4787029270082712,-0.2747916749212891,0.8906021118164062,0.9231185913085938,0.07305908203125
13,51380224,-0.18922701437259093,0.47360207652673125,1.426544189453125,11.609565734863281,0.2559989094734192,0.15000000596046448,-0.9684414283838123,-0.015490547513763886,0.8435440063476562,0.8883590698242188,0.14635467529296875
14,51511296,0.07934376683464506,0.2737632050964749,1.6456404622395833,11.948277994791667,0.2560008466243744,0.15000000596046448,-0.6959439577596883,-0.535889248655488,0.8859041341145834,0.9483024088541667,0.018499348958333335
14,51642368,0.076506492048793,0.27502090646885335,1.6138839721679688,11.931434631347656,0.2560008466243744,0.15000000596046448,-0.7074919082224369,-0.5261955461464822,0.8919219970703125,0.948272705078125,0.0190277099609375
14,51773440,-0.001761612351401709,0.2659497729036957,1.7627792358398438,11.993690490722656,0.2560008466243744,0.15000000596046448,-0.48894374491646886,-0.1330789798303158,0.8658370971679688,0.9198684692382812,0.09903717041015625
14,51904512,-0.11709310347214341,0.2877273936755955,1.4641088293865323,11.980163998901844,0.2560008466243744,0.15000000596046448,-0.6477369316853583,-0.12768989347387105,0.8460299805738032,0.8988640676252544,0.19482577743474394
14,52035584,-0.1421986055211164,0.42485598055645823,1.4932174682617188,11.733108520507812,0.2560008466243744,0.15000000596046448,-0.9226958565413952,-0.15916405763709918,0.8423233032226562,0.901702880859375,0.161956787109375
14,52166656,-0.1586050487239845,0.4916931940242648,1.5469512939453125,11.552772521972656,0.2560008466243744,0.15000000596046448,-0.7538687228225172,-0.10843063992797397,0.81182861328125,0.9200592041015625,0.13874053955078125
14,52297728,-0.24839680269360542,0.512577268993482,1.4450759887695312,11.624588012695312,0.2560008466243744,0.15000000596046448,-0.9397084801457822,0.16843711053661536,0.8202133178710938,0.8981170654296875,0.15007781982421875
14,52428800,-0.17944607697427273,0.3573317117989063,1.544647216796875,12.095932006835938,0.2560008466243744,0.15000000596046448,-0.5479049389250576,0.48446864914149046,0.8204116821289062,0.880584716796875,0.21772003173828125
14,52559872,-0.16470373533981425,0.2597125246255504,1.5260791015625,12.230674641927084,0.2560008466243744,0.15000000596046448,-0.07946502905979286,0.22480564522673374,0.7691276041666666,0.8552978515625,0.32518880208333334
14,52690944,-0.15968447423074394,0.2411902251187712,1.5410385131835938,12.313308715820312,0.2560008466243744,0.15000000596046448,-0.025461510522291064,0.24236825027037412,0.7747573852539062,0.854766845703125,0.34322357177734375
14,52822016,-0.0813351127144415,0.2302123240660876,1.665130615234375,12.277481079101562,0.2560008466243744,0.15000000596046448,-0.3815897908352781,-0.10297438463749131,0.8093643188476562,0.8686752319335938,0.2471466064453125
14,52953088,-0.14842394294100814,0.38033849047496915,1.4613494873046875,11.93951416015625,0.2560008466243744,0.15000000596046448,-0.8359023595694453,-0.04241543938223913,0.851593017578125,0.8873443603515625,0.20734405517578125
14,53084160,-0.16291310696396977,0.374855344183743,1.5282058715820312,12.021804809570312,0.2560008466243744,0.15000000596046448,-0.49595543020404875,0.3923887940472923,0.82904052734375,0.8784942626953125,0.24802398681640625
14,53215232,-0.09339570056181401,0.22655085031874478,1.4433746337890625,12.3060302734375,0.2560008466243744,0.15000000596046448,-0.16559874376980588,0.3238522100728005,0.8605270385742188,0.87469482421875,0.33051300048828125
14,53346304,-0.14187614317052066,0.2888358882628381,1.4775161743164062,12.219085693359375,0.2560008466243744,0.15000000596046448,-0.024574863688030746,0.34943162207491696,0.8391799926757812,0.8827590942382812,0.31888580322265625
14,53477376,-0.11316702992189676,0.29009163135197014,1.7150344848632812,12.169647216796875,0.2560008466243744,0.15000000596046448,-0.09809941317507764,0.1927675325423479,0.8314971923828125,0.8890228271484375,0.23389434814453125
15,53608448,-0.03052878461860625,0.10212182061901937,1.3818994140625,12.508296712239584,0.2560008466243744,0.15000000596046448,-0.09044450447661802,0.41772710117821893,0.8711995442708333,0.9021956380208334,0.35106201171875
15,53739520,-0.026898211157458718,0.101947937393561,1.3748626708984375,12.513671875,0.2560008466243744,0.15000000596046448,-0.07883418990240898,0.4020820390433073,0.8752517700195312,0.9015960693359375,0.36229705810546875
