collected_frames,shock/accel_magnitude,shock/accel_magnitude_max,shock/accel_magnitude_min,shock/shock_normalised,shock/shock_normalised_max,shock/shock_normalised_min,shock/accel_p90,shock/shock_p90_normalised,shock/accel_p95,shock/shock_p95_normalised,shock/accel_p99,shock/shock_p99_normalised
131072,,,,,,,3.33682234287262,0.39448688755142314,3.4765197038650513,0.4091292428873714,5.685316162109379,0.6110933669738139
262144,2.912591464817524,20.856915920972824,0.04992069333093241,0.009726898690132657,0.9999635331332684,0.0,,,,,,
262144,,,,,,,3.06805739402771,0.36574936752877685,3.147302198410034,0.37429861687059174,3.194750883579254,0.37938740388928793
393216,2.8073768075555563,20.419524803757668,0.02183970580881578,0.008372179901925847,0.9988401141017675,0.0,,,,,,
393216,,,,,,,2.920423173904419,0.3496569756061747,2.948936426639557,0.3527814713334436,2.9805492544174195,0.35623644452089787
524288,2.768007632344961,20.738404467701912,0.02868907918491459,0.00772845659412269,0.9997412990778685,0.0,,,,,,
524288,,,,,,,2.85123553276062,0.34204304595561763,2.873226499557495,0.3444680307772101,2.8826823139190676,0.34550933185080335
655360,2.767771925777197,20.494105875492096,0.028878692841317388,0.00827372096500767,0.9970132634043694,0.0,,,,,,
655360,,,,,,,2.861556792259216,0.343181760295044,2.8988030791282653,0.347282635001366,2.9567354774475096,0.3536347303303078
786432,2.774567883461714,20.55449952930212,0.03062174030492315,0.008004557102140097,0.9963498208671808,0.0,,,,,,
786432,,,,,,,2.847703766822815,0.34165316554912706,2.8806586384773256,0.3452865504158824,2.9113282799720763,0.34865871018977357
917504,2.7885452788323164,20.625715121626854,0.0299669256528432,0.008297324548038887,1.0,0.0,,,,,,
917504,,,,,,,2.8812848329544067,0.3453554907796095,2.9026495456695556,0.3477053847001852,2.9515753555297852,0.35307025041897666
1048576,2.810837911441922,20.319674268364906,0.030506526047247462,0.00828857903889002,0.9987442791461945,0.0,,,,,,
1048576,,,,,,,2.8968905925750734,0.3470723887159608,2.910939359664917,0.34861600421240935,2.9538846969604493,0.3533229074307884
1179648,2.8326352145522833,20.138870045542717,0.012852051308527734,0.008202320619602688,0.9982972368597984,0.0,,,,,,
1179648,,,,,,,2.910627269744873,0.3485817336639938,2.9455371379852293,0.35240938670775335,2.9959191632270814,0.35791272015069975
1310720,2.851275220513344,20.275865949690342,0.01750600053674134,0.008192897023036494,1.0,0.0,,,,,,
1310720,,,,,,,2.9382610082626344,0.3516125702945574,2.9620964407920836,0.354220908150217,3.0299376463890075,0.36161464665893117
1441792,2.8522127959877253,20.320193976163864,0.03293147942986252,0.008269062534964178,0.9993657916784286,0.0,,,,,,
1441792,,,,,,,2.9406593084335326,0.351875266966595,2.9581842184066773,0.353793165807776,3.0005257606506346,0.35841467730855614
1572864,2.840398360043764,20.21683743596077,0.019587936475545575,0.008004806302778888,0.9999664053320885,0.0,,,,,,
1572864,,,,,,,2.924900436401367,0.3501481134926585,2.950822877883911,0.3529879133304925,2.994176561832428,0.357722783906377
1703936,2.8794362284243107,20.60249300301075,0.023030029306028155,0.008207194818169228,0.9988182038068771,0.0,,,,,,
1703936,,,,,,,2.9718723773956297,0.35528911097512084,2.993072140216827,0.3576023912551227,3.0380674505233767,0.36249766049518306
1835008,2.880946321412921,20.968637570738792,0.030274121198090143,0.00863596790804877,0.9993822909891605,0.0,,,,,,
1835008,,,,,,,2.951770615577698,0.3530916151352814,2.9767717480659486,0.35582410967269285,3.0173253536224367,0.3602434855505592
1966080,2.8856650833040476,20.602387212216854,0.026612186582497088,0.008308385453347,1.0,0.0,,,,,,
1966080,,,,,,,2.989683246612549,0.3572328948435377,3.0148385167121887,0.3599729419212825,3.0621050214767456,0.3651046786806822
2097152,2.889291189610958,20.700030766427517,0.0396394059425802,0.0082533206732478,0.9965289682149887,0.0,,,,,,
2097152,,,,,,,2.978775954246521,0.35604289666959343,2.992070198059082,0.3574931595728459,3.011806397438049,0.35964299496008323
2228224,2.9299932066351175,20.917133577167988,0.03321961944857321,0.0089844581179932,1.0,0.0,,,,,,
2228224,,,,,,,3.030865502357483,0.361715458023008,3.0465108036994932,0.3634140418242311,3.1119567346572876,0.37049315051208587
2359296,2.875027187168598,20.49301528185606,0.0381304236343567,0.00845718031632714,1.0,0.0,,,,,,
2359296,,,,,,,2.9587231636047364,0.3538521001081423,2.989455151557922,0.35720802126189577,3.0535356640815734,0.36417593458535347
2490368,2.8838446866720915,20.596946328878403,0.053323479543905705,0.008175376124199829,1.0,0.0,,,,,,
2490368,,,,,,,2.9538406848907472,0.35331809270498327,3.0009823560714723,0.3584644188759152,3.065237855911255,0.36544403303558215
2621440,2.886364970356226,20.67514957487583,0.0478217059171584,0.008304055578264524,0.996021157130599,0.0,,,,,,
2621440,,,,,,,2.9658456563949587,0.35463068913510387,3.0066821813583373,0.35908518726797856,3.050245373249054,0.36381914129790704
2752512,2.8368332274258137,20.663409046828747,0.037934840369416634,0.008165092698618537,0.9945175442844629,0.0,,,,,,
2752512,,,,,,,2.920873761177063,0.3497064119415827,2.9466141939163206,0.35252729283742856,2.969705808162689,0.35505245290531073
2883584,3.0106370579451323,19.692180536687374,0.035089748871541815,0.008213030285332934,0.9908903632313013,0.0,,,,,,
2883584,,,,,,,3.10006206035614,0.369209700734658,3.118762123584747,0.37122682485742153,3.202038083076477,0.38016692401888097
3014656,2.9723845422267914,20.08579283207655,0.04666852748414385,0.007635854106410989,0.9955561924725771,0.0,,,,,,
3014656,,,,,,,3.072148156166077,0.3661922259464032,3.0932671666145324,0.36847589050065377,3.142428195476532,0.37377460271581175
3145728,2.9503512736409903,20.580296143889427,0.037572623094092705,0.00807562483350921,0.9999332446604967,0.0,,,,,,
3145728,,,,,,,3.044416666030884,0.3631868245396215,3.0688023209571837,0.3658300242962882,3.1107120060920717,0.37035890893958023
3276800,2.9036803413182497,19.7414937838912,0.0382216606521979,0.007547743251961947,0.9985393658280373,0.0,,,,,,
3276800,,,,,,,2.9875823497772216,0.35700377458307075,3.002195429801941,0.35859656140613416,3.039286508560181,0.3626300117157317
3407872,2.8599878046661615,20.7482950091362,0.03329230511008063,0.007613673094965634,1.0,0.0,,,,,,
3407872,,,,,,,2.953479695320129,0.35327860133589684,2.96964191198349,0.3550454727250856,3.018055989742279,0.36032296012903986
3538944,2.879524264484644,20.60892705619335,0.032750743279393646,0.008181893508663052,1.0,0.0,,,,,,
3538944,,,,,,,2.9665953636169435,0.3547126141432406,2.9993503093719482,0.35828661412325746,3.0460724329948428,0.36336648147862904
3670016,2.849661825224757,20.73125645518303,0.04382112922394299,0.007613214384036837,0.9983383696526289,0.0,,,,,,
3670016,,,,,,,2.9480628967285156,0.3526858657822962,2.963397812843323,0.35436316066580087,3.056801724433899,0.36452999467495584
3801088,2.822088997811079,20.57504590600729,0.0407637712014548,0.007974835785717005,0.999102994799614,0.0,,,,,,
3801088,,,,,,,2.915166640281677,0.34908010942800205,2.9349424958229067,0.35124898727265164,2.947110140323639,0.352581580703865
3932160,2.8250636402517557,20.271724581718445,0.04171078486251645,0.008087920137768378,0.9994928911328316,0.0,,,,,,
3932160,,,,,,,2.9040223121643067,0.34785622574266495,2.9459181547164914,0.3524510981773983,3.005954051017761,0.3590059042228746
4063232,2.827065797522664,20.47899266332388,0.04859522592960275,0.007926817328552715,1.0,0.0,,,,,,
4063232,,,,,,,2.9125255584716796,0.34879017006139557,2.941788971424103,0.3519989848695122,2.9984169507026674,0.35818491686361575
4194304,2.8776641190052032,21.469258598983288,0.04859097666849266,0.008469708802294917,0.99981021694839,0.0,,,,,,
4194304,,,,,,,2.957825040817261,0.35375388774980676,2.9833443522453305,0.3565414549958723,3.0005924582481383,0.3584219434808473
4325376,2.8501850347965956,21.20007123053074,0.05038826842792332,0.008274730087578064,0.9989979937672615,0.0,,,,,,
4325376,,,,,,,2.9361029863357544,0.351376145043758,2.9664061307907104,0.35469193605031,2.9834026312828064,0.35654781379195577
4456448,2.8727514781057835,20.963313184678555,0.046031292837142246,0.008525925557478331,0.998765217140317,0.0,,,,,,
4456448,,,,,,,2.973970413208008,0.3555182396221004,2.991987478733063,0.3574841410790439,3.026666624546051,0.3612591833497636
4587520,2.883672719821334,21.228432416915894,0.04443739266571356,0.008141701971908333,0.9963940940797329,0.0,,,,,,
4587520,,,,,,,2.966017818450928,0.354649502798035,2.9933797240257265,0.357635922063384,3.0272864055633546,0.36132654327861147
4718592,2.9093966111540794,20.674297213554382,0.03361347295503947,0.00822175690518634,0.998685784637928,0.0,,,,,,
4718592,,,,,,,2.9790895700454714,0.356077128667766,3.02154027223587,0.36070188925274027,3.092234344482422,0.36836431128802927
4849664,2.903288083150983,21.087638825178146,0.04462964574122452,0.008221651121857576,0.999210387468338,0.0,,,,,,
4849664,,,,,,,2.9868393898010255,0.3569227383380691,3.004501926898956,0.3588477730756845,3.0385758018493654,0.3625528531796205
4980736,2.919245235621929,20.657692052423954,0.0482788494664419,0.008275193846202455,1.0,0.0,,,,,,
4980736,,,,,,,3.0103960752487184,0.3594894968836335,3.0257047414779663,0.3611546351287702,3.0433254528045652,0.3630684090358458
5111808,2.8824912570416927,20.588087558746338,0.04545125335062039,0.008241766237915726,0.9992240108549595,0.0,,,,,,
5111808,,,,,,,2.9747191190719606,0.35559999621662297,2.986788475513458,0.35691718481034096,3.0256027126312257,0.36114354495871503
5242880,2.851671790704131,20.902831248939037,0.03717731257529522,0.007891636892054521,0.9987749978899956,0.0,,,,,,
5242880,,,,,,,2.9224493503570557,0.3498792629308176,2.945618987083435,0.35241834718347564,2.9836897253990173,0.3565791380025096
5373952,2.8621194008737803,19.946507893502712,0.039999923972573015,0.007698399766013608,0.9963201992213726,0.0,,,,,,
5373952,,,,,,,2.9514922142028808,0.35306115325492815,2.978102362155914,0.3559693690718937,3.035664086341858,0.3622366881847623
5505024,2.8153900671750307,20.793610014021397,0.035561841155868024,0.008397072495426983,0.9986661858856678,0.0,,,,,,
5505024,,,,,,,2.897973966598511,0.3471914920683228,2.9546970844268796,0.35341177566567006,3.0133869194984437,0.3598149942946647
5636096,2.8269016947597265,20.45782622694969,0.03935807547532022,0.008137102880937164,1.0,0.0,,,,,,
5636096,,,,,,,2.910017418861389,0.34851476333762554,2.9355047225952147,0.3513105934475127,3.0005135893821717,0.3584133513410628
5767168,2.8128755670040846,20.57413660734892,0.0358155107278435,0.00786497588887869,1.0,0.0,,,,,,
5767168,,,,,,,2.885132169723511,0.3457789783255283,2.9029079914093017,0.34773378436858127,2.9291338515281677,0.3506123252807367
5898240,2.8242186699062586,20.421447925269604,0.030684645178553183,0.008057692353759194,0.9993691425770521,0.0,,,,,,
5898240,,,,,,,2.892710328102112,0.34661271627070356,2.938129949569702,0.3515982132464466,2.985060863494873,0.35672872882064066
6029312,2.829897189512849,20.634248107671738,0.04487324661386083,0.00797742924260092,0.9988063275814056,0.0,,,,,,
6029312,,,,,,,2.914794373512268,0.34903924582844503,2.9525194525718685,0.35317354701759696,2.9929732656478882,0.3575916123898033
6160384,2.871440364047885,20.73965373635292,0.04415885861271818,0.008020518338526017,0.997758686542511,0.0,,,,,,
6160384,,,,,,,2.9598801851272585,0.3539786123006987,2.970596897602081,0.35514979364338006,3.0506360387802127,0.3638615099620317
6291456,2.8963563833385706,21.05554497241974,0.04763647651634528,0.00840137784871331,1.0,0.0,,,,,,
6291456,,,,,,,2.9929588794708253,0.3575900440648867,3.0137629985809324,0.359855917266904,3.070058584213257,0.36596603342256917
6422528,2.8954145684838295,21.19728422164917,0.04301427160316962,0.008442533129709773,1.0,0.0,,,,,,
6422528,,,,,,,2.960228776931763,0.3540167258318416,2.995993423461914,0.35792081354708905,3.0687596464157108,0.3658254038698938
6553600,2.878384867683053,21.260408379137516,0.036297788323281566,0.008146913023665547,0.9995932877063751,0.0,,,,,,
6553600,,,,,,,2.9678507089614867,0.3548497810684679,2.9979662895202637,0.35813581050289156,3.0597569656372072,0.36485026934442777
6684672,2.879799025133252,21.220269054174423,0.034830341195629444,0.008367162285139784,0.9974008854478598,0.0,,,,,,
6684672,,,,,,,2.9808234214782714,0.3562663659122507,3.0117578983306883,0.3596377166881688,3.044205889701843,0.3631639525773902
6815744,2.832735300064087,20.987711630761623,0.02818988328363048,0.00823601006231911,0.9980634991079569,0.0,,,,,,
6815744,,,,,,,2.9251986026763914,0.3501808143141478,2.9548494935035703,0.3534284472035225,2.9812702178955077,0.3563151257493513
6946816,2.8672557659447193,20.624553494155407,0.029865264868931263,0.008660631072416436,1.0,0.0,,,,,,
6946816,,,,,,,2.9441562414169313,0.3522582025448686,2.965681111812591,0.35461270763216257,3.0223591017723086,0.3607909228430348
7077888,2.848798219114542,21.00699681043625,0.04670633903151611,0.008171393756128964,0.9991963431239128,0.0,,,,,,
7077888,,,,,,,2.9265520334243775,0.3503292385362773,2.9757896065711975,0.3557168810169231,3.037241144180298,0.36240794139542176
7208960,2.8485177755355835,20.539096742868423,0.03534608542940987,0.007978340958288754,0.9949210248887539,0.0,,,,,,
7208960,,,,,,,2.9420891046524047,0.3520318526523598,2.9550262928009032,0.35344778642775654,2.983609597682953,0.3565703955234609
7340032,2.828712970018387,21.064666002988815,0.027945002584601752,0.007967713039761293,1.0,0.0,,,,,,
7340032,,,,,,,2.911519002914429,0.34867965227933473,2.929142069816589,0.3506132262832149,2.971579718589783,0.3552571460119689
7471104,2.817892875522375,20.856363706290722,0.02666213251904992,0.008106873121505487,0.996036970987916,0.0,,,,,,
7471104,,,,,,,2.9080849409103395,0.3483025261903523,2.93390097618103,0.3511348543953958,2.9627384614944456,0.35429108925386155
7602176,2.8383561708033085,20.804136604070663,0.041935214281693334,0.008128337089146953,1.0,0.0,,,,,,
7602176,,,,,,,2.9333515882492067,0.3510746465974224,2.9464282631874084,0.35250693965866664,2.9798488783836365,0.35616000523335334
7733248,2.8457753341645002,20.738244146108627,0.03519278879139165,0.008261131191829918,1.0,0.0,,,,,,
7733248,,,,,,,2.9278939723968507,0.3504763851416015,2.9682434678077696,0.35489269323255845,2.991008417606354,0.3573773936472626
7864320,2.8353102412074804,21.1158479899168,0.027034685999751673,0.008323767553520156,0.9994819164276123,0.0,,,,,,
7864320,,,,,,,2.9335928440093992,0.3511010863381967,2.961793088912964,0.3541877465079286,2.9916488456726076,0.35744722083556524
7995392,2.844153029844165,21.008785359561443,0.04042069848946994,0.008286899252198054,1.0,0.0,,,,,,
7995392,,,,,,,2.9164077281951903,0.3492163336446332,2.946958911418915,0.35256502695987435,2.9745274639129637,0.3555790685253417
8126464,2.987451883032918,20.74956952780485,0.04458436382265063,0.00886380306292267,0.9984338171780109,0.0,,,,,,
8126464,,,,,,,3.0754515647888185,0.3665497259027253,3.115735149383545,0.37090055043923553,3.162091467380524,0.3758871784119371
8257536,2.950966250151396,20.763064466416836,0.038222689314352465,0.008196514503651997,0.9989810436964035,0.0,,,,,,
8257536,,,,,,,3.0344024181365965,0.36209966562259943,3.051542818546295,0.3639598467158065,3.096772289276123,0.3688544814111765
8388608,2.9210203140974045,20.87519358098507,0.03899196841666708,0.008109393555059796,0.9973029810935259,0.0,,,,,,
8388608,,,,,,,3.0086945295333862,0.3593042764278971,3.0277909517288206,0.3613813763036018,3.0785299706459046,0.36688277831511606
8519680,2.8838728424161673,20.236787296831608,0.036265147780795814,0.007930128096631961,0.995988842099905,0.0,,,,,,
8519680,,,,,,,2.9637009382247923,0.3543962928387012,2.996186137199402,0.3579418165783981,3.053852436542511,0.3642102791894337
8650752,2.8395681772381067,20.478586606681347,0.025070216179301497,0.007485588860618009,0.9952741805464029,0.0,,,,,,
8650752,,,,,,,2.9536866188049316,0.3533012384090306,2.9725854277610777,0.3553669887295494,3.0179703569412233,0.3603136457345151
8781824,2.879075551405549,21.358446426689625,0.02753982379090303,0.008316950557855307,1.0,0.0,,,,,,
8781824,,,,,,,2.96820228099823,0.3548881933019208,2.9818578124046327,0.3563792482254251,3.037025570869446,0.36238453366476664
8912896,2.8285674452781677,20.627968706190586,0.02589252154029964,0.007828565766430984,0.990631764754653,0.0,,,,,,
8912896,,,,,,,2.9183005809783937,0.3494240684150698,2.931440329551697,0.35086516783771415,2.950147557258606,0.3529140142086531
9043968,2.780748698860407,20.844524323940277,0.023877821429778123,0.0076147772185777285,0.9928782321512699,0.0,,,,,,
9043968,,,,,,,2.867896223068237,0.3438806716388394,2.890122652053833,0.3463280854095341,2.928540744781494,0.3505472989998437
9175040,2.784937761723995,20.498488537967205,0.02166114816100162,0.00814041443845781,0.999995581805706,0.0,,,,,,
9175040,,,,,,,2.8692734479904174,0.3440324579867522,2.898391509056091,0.34723739262189457,2.9193200874328613,0.349535941881713
9306112,2.789573471993208,20.796483628451824,0.025219687917342526,0.008277172937596333,0.9975489843636751,0.0,,,,,,
9306112,,,,,,,2.8791884899139406,0.34512468098007654,2.916607940196991,0.3492383079198571,2.963004446029663,0.3543201636085689
9437184,2.8357061315327883,20.88674994558096,0.04189961162774125,0.008446034164080629,0.9959159139543772,0.0,,,,,,
9437184,,,,,,,2.9098683834075927,0.3484983965777406,2.949412357807159,0.3528335576483801,3.01929612159729,0.36045784287742255
9568256,2.8038644306361675,20.912896804511547,0.03625013148666767,0.007927354419734911,0.9984099697321653,0.0,,,,,,
9568256,,,,,,,2.8928746938705445,0.346630793492386,2.9245373249053954,0.35010828877443867,2.94468013048172,0.35231556145281173
9699328,2.7907199691981077,20.929432429373264,0.03221909460535244,0.008145118930769968,0.994884429499507,0.0,,,,,,
9699328,,,,,,,2.8905428647994995,0.3463743109571238,2.912403261661529,0.348776742634459,3.0171996593475345,0.3602298126914196
9830400,2.782887166365981,20.39225023984909,0.0199305972946604,0.00804493552641361,0.9963137060403824,0.0,,,,,,
9830400,,,,,,,2.8773540019989015,0.3449226674783823,2.8887144923210144,0.34617316838866796,2.929838197231293,0.35068954304544
9961472,2.8403994273394346,20.641605652868748,0.043436307187221246,0.008658685415866785,1.0,0.0,,,,,,
9961472,,,,,,,2.923941493034363,0.3500429374086622,2.942507827281952,0.3520777057863129,3.0279103469848634,0.36139435156531885
10092544,2.8361392952501774,20.84334086626768,0.030307970879221102,0.008460936271148967,1.0,0.0,,,,,,
10092544,,,,,,,2.919192171096802,0.3495219057895458,2.9503808975219727,0.3529395487120417,3.016740508079529,0.36017986550057945
10223616,2.8262269999831915,20.458553314208984,0.0358310456504114,0.008249040198279545,0.9999277330935001,0.0,,,,,,
10223616,,,,,,,2.9111387491226197,0.34863789865156014,2.9325852274894713,0.35099065574987165,2.9963466119766236,0.35795930574939727
10354688,2.8270605821162462,20.390441693365574,0.04280877683413564,0.007847335124097299,1.0,0.0,,,,,,
10354688,,,,,,,2.9132887840271,0.34887396423145023,2.9359838485717775,0.3513630914258672,2.959202253818512,0.35390448683559583
10485760,2.8101099003106356,20.60058355331421,0.042208090773783624,0.008217264914492262,1.0,0.0,,,,,,
10485760,,,,,,,2.889798307418823,0.34629240469353384,2.9096489787101745,0.34847430162889537,2.967643184661865,0.3548271067124211
10616832,2.864191049709916,21.171104565262794,0.03551283320848597,0.008722595775907394,0.9996321275830269,0.0,,,,,,
10616832,,,,,,,2.9417503118515014,0.3519947511717425,2.970474815368652,0.3551364580919376,3.018714153766632,0.3603945471135592
10747904,2.9550007227808237,21.104374393820763,0.044477909032138996,0.009226709444192238,0.9974989555776119,0.0,,,,,,
10747904,,,,,,,3.055445694923401,0.3643830059142481,3.0765347003936765,0.36666692094978925,3.106199724674225,0.36987213842181865
10878976,2.922097200527787,20.84716162085533,0.0405098096389338,0.008373976141228923,1.0,0.0,,,,,,
10878976,,,,,,,3.011105251312256,0.3595666853395185,3.0331299901008606,0.3619614586455009,3.0714369297027586,0.36611524177674815
11010048,2.8954497277736664,20.79795327037573,0.04064900564117124,0.008755101480346639,0.9998637828975916,0.0,,,,,,
11010048,,,,,,,2.9926023483276367,0.3575511757857548,3.0291277050971983,0.36152663978783695,3.0802373170852664,0.3670674554187674
11141120,2.89284803904593,20.66310504823923,0.03729876691068057,0.008699906853507855,1.0,0.0,,,,,,
11141120,,,,,,,2.9920119285583495,0.35748680673388633,3.0281099319458007,0.36141604111876013,3.0502140283584596,0.36381574180006426
11272192,2.8422171510756016,20.789125211536884,0.03454699639041792,0.008310362487463863,1.0,0.0,,,,,,
11272192,,,,,,,2.936310148239136,0.3513988429145407,2.9733930826187134,0.3554551930149259,2.9966393232345583,0.35799120592414324
11403264,2.837346613407135,20.842368468642235,0.041003224105224945,0.008558265100873541,1.0,0.0,,,,,,
11403264,,,,,,,2.929749917984009,0.350679865209629,2.9582894325256346,0.3538046713179068,2.9853521275520323,0.35676050330009
11534336,2.8417401257902384,20.735268376767635,0.04121687346196268,0.008520167984897853,0.9967444911599159,0.0,,,,,,
11534336,,,,,,,2.9239923000335692,0.35004851009810434,2.9487718820571898,0.35276346292467786,2.9833555030822754,0.3565426716605651
11665408,2.867682011798024,20.443516448140144,0.03573789700385532,0.00841871526245086,1.0,0.0,,,,,,
11665408,,,,,,,2.957395386695862,0.35370690105394775,2.9762929916381835,0.3557718409728803,2.992606818675995,0.3575516631414468
11796480,2.894452119246125,20.58366096764803,0.04058823556260904,0.008396968947636196,0.9996354375034571,0.0,,,,,,
11796480,,,,,,,2.974954891204834,0.35562574075014286,2.99538254737854,0.3578542344285247,3.0562169241905215,0.36446660664233255
11927552,2.875012833625078,19.98081660270691,0.04000242517940933,0.008285921154310927,0.9999297484755516,0.0,,,,,,
11927552,,,,,,,2.9457828521728517,0.3524362862114452,2.9814957857131956,0.3563397417047618,3.0376039266586305,0.3624473325984263
12058624,2.8649681508541107,20.77728483825922,0.0421650269163365,0.008747199821300455,1.0,0.0,,,,,,
12058624,,,,,,,2.946553587913513,0.3525206585494636,2.9733309388160705,0.35544840649206644,3.0288166618347168,0.36149284063301224
12189696,2.849891195073724,20.624375373125076,0.03971888156229397,0.008507224572895211,0.9980560019612312,0.0,,,,,,
12189696,,,,,,,2.933536171913147,0.3510948755708565,2.9641156792640686,0.3544416233708052,3.0066168451309205,0.3590780732930705
12320768,2.84002473205328,20.85225659608841,0.047558784561260836,0.00829589186287194,1.0,0.0,,,,,,
12320768,,,,,,,2.927310585975647,0.35041241764301834,2.954614794254303,0.3534027741154928,3.016602442264557,0.36016484608210364
12451840,2.8367962893098593,20.573014177381992,0.04939323825601605,0.00836070096011099,1.0,0.0,,,,,,
12451840,,,,,,,2.929576110839844,0.3506608109428524,2.9443885326385497,0.3522836356809691,2.9670339369773866,0.35476053716187406
12582912,2.824459372088313,20.616742201149464,0.027355209162124083,0.008403195155551657,0.9965104646980762,0.0,,,,,,
12582912,,,,,,,2.901076650619507,0.3475325311909949,2.9308949232101438,0.35080538348912826,2.9830976605415342,0.356514538223931
12713984,2.7948581632226706,20.367249503731728,0.028493126657849643,0.008140343635204772,0.9968416318297386,0.0,,,,,,
12713984,,,,,,,2.8958467483520507,0.34695762057693824,2.9091558694839477,0.3484201468615802,2.949760572910309,0.3528716652225945
12845056,2.8132104333490133,20.95314898341894,0.037580422937026015,0.008639950376164052,1.0,0.0,,,,,,
12845056,,,,,,,2.903907561302185,0.34784361748549264,2.9275383949279785,0.35043739696253606,2.963751256465912,0.35440179263074856
12976128,2.77912250906229,20.82837526500225,0.02895111674297368,0.008252002475273912,0.9991219006478786,0.0,,,,,,
12976128,,,,,,,2.864161157608032,0.3434689331455507,2.9224185466766355,0.34987588382220025,2.962971134185791,0.3543165223803917
13107200,2.770051972940564,20.626578450202942,0.03611188854847569,0.00848820032661024,0.9990959763526917,0.0,,,,,,
13107200,,,,,,,2.849475455284119,0.34184876134472564,2.8857147693634033,0.34584309448836015,2.9461874675750734,0.3524805801196884
13238272,2.753162579610944,20.25407373905182,0.0349267071687791,0.00796281338625704,0.9989164639264345,0.0,,,,,,
13238272,,,,,,,2.8469333171844484,0.3415680980689346,2.8841409564018248,0.34566988605449755,2.9167509508132934,0.3492540038198486
13369344,2.780518874526024,20.775982178747654,0.02572475202214264,0.008759460473811487,1.0,0.0,,,,,,
13369344,,,,,,,2.880135655403137,0.345228970170399,2.896397829055786,0.34701821185798587,2.93734875202179,0.3515126321973374
13500416,2.790787499397993,20.692510649561882,0.032672729073965456,0.008272037142887712,0.9975882023572922,0.0,,,,,,
13500416,,,,,,,2.881728434562683,0.3454043264768989,2.9141937017440798,0.3489733074891723,2.9468448042869566,0.35255253647505946
13631488,2.8024523817002773,21.0513446778059,0.03397726586263161,0.008174785984010668,0.9979174435138702,0.0,,,,,,
13631488,,,,,,,2.898025393486023,0.3471971455295957,2.9211274862289427,0.3497342486146582,2.9561767578125,0.3535736228784747
13762560,2.8242986500263214,20.60475216805935,0.03431183506290836,0.00849500978620199,0.9984143543988466,0.0,,,,,,
13762560,,,,,,,2.918016219139099,0.3493928627699059,2.9431055307388307,0.3521431556779049,2.9879618883132935,0.35704516959521704
13893632,2.826191445812583,21.25643999874592,0.03056416616527713,0.008330642616783734,0.9991480838507414,0.0,,,,,,
13893632,,,,,,,2.908481740951538,0.34834610823529877,2.9341156244277955,0.35115837705426833,2.9710684967041017,0.3552013070221338
14024704,2.824230942875147,21.192614905536175,0.045497536342736566,0.008339772564795567,1.0,0.0,,,,,,
14024704,,,,,,,2.9232702255249023,0.3499693081134063,2.9514048814773557,0.35305159740421277,2.993208284378052,0.35761723292955105
14155776,2.8414440397173166,20.77702011913061,0.028643601632211357,0.008271002352557844,0.9942092169076204,0.0,,,,,,
14155776,,,,,,,2.935588908195496,0.3513198178492203,2.9542433619499207,0.35336214309682124,2.992117235660553,0.3574982878285755
14286848,2.8396402467042208,21.298700973391533,0.041101514969341224,0.008428885228568106,1.0,0.0,,,,,,
14286848,,,,,,,2.9245633840560914,0.3501111468873155,2.951839327812195,0.35309913331582643,2.989833958148956,0.3572493295369661
14417920,2.87684447132051,21.157902367413044,0.03580280180904083,0.008774851246926119,1.0,0.0,,,,,,
14417920,,,,,,,2.9627606868743896,0.3542935187017069,3.0067623972892763,0.3590939213258555,3.0391395020484926,0.36261405222461507
14548992,2.853954577818513,21.477064110338688,0.03478506411647686,0.008606852714365232,1.0,0.0,,,,,,
14548992,,,,,,,2.9435688257217407,0.3521938851658386,2.9692441344261167,0.3550020176083075,3.0038016080856322,0.3587715034859593
14680064,2.830743819475174,20.715770848095417,0.038888353235961404,0.008637588996862178,0.9961472805589437,0.0,,,,,,
14680064,,,,,,,2.905763554573059,0.34804752940461614,2.9293187737464903,0.35063259885573306,2.992301149368286,0.35751833874022787
14811136,2.8136900048702955,20.941702388226986,0.04470980920450529,0.0080835594671953,1.0,0.0,,,,,,
14811136,,,,,,,2.9109778881072996,0.3486202349503851,2.9396504759788513,0.3517647717329153,2.9631519150733947,0.3543362829245682
14942208,2.8040350787341595,21.360408514738083,0.035450085835691425,0.008431974431005074,1.0,0.0,,,,,,
14942208,,,,,,,2.890733075141907,0.3463952345129935,2.9215016961097717,0.34977530278760716,2.956375665664673,0.35359537787783535
15073280,2.815947199240327,20.74750855565071,0.054812549184134696,0.008396642415391398,1.0,0.0,,,,,,
15073280,,,,,,,2.9034472942352294,0.34779304435228275,2.947160243988037,0.35258706507787085,2.971621377468109,0.35526169615475345
15204352,2.776819035410881,21.44497437030077,0.037550222466961714,0.00852218842919683,0.9984045010060072,0.0,,,,,,
15204352,,,,,,,2.8651625394821165,0.3435793343916378,2.8917715430259703,0.3465094621857623,2.9326579427719115,0.35099862536993465
15335424,2.8085218463093042,20.826229989528656,0.032948344633041415,0.00862688409506518,0.9983528666198254,0.0,,,,,,
15335424,,,,,,,2.8868998527526855,0.3459735051302322,2.920618784427643,0.3496784373202493,2.971973330974579,0.35530013719732256
15466496,2.8080393504351377,20.796051621437073,0.04878637510410044,0.008216467480451684,1.0,0.0,,,,,,
15466496,,,,,,,2.884863185882568,0.345749375069047,2.9175267696380613,0.3493391491504194,3.020311398506165,0.3605682580915488
15597568,2.807887064293027,21.076444402337074,0.04141530966444407,0.008370475905394414,0.9946098551154137,0.0,,,,,,
15597568,,,,,,,2.9245641469955443,0.35011123056481264,2.937463867664337,0.35152524361149773,2.9654160785675048,0.3545837441333066
15728640,2.841273920610547,21.215806409716606,0.023275815405213507,0.008815255376248388,0.9966741725802422,0.0,,,,,,
15728640,,,,,,,2.9455644607543947,0.35241237789034674,2.976729321479797,0.3558194777986692,3.0082233619689944,0.35925298283779106
15859712,2.8288214188069105,20.766266644001007,0.039851792414992815,0.008627694234746741,1.0,0.0,,,,,,
15859712,,,,,,,2.9082940101623533,0.3483254892424441,2.9285271525382996,0.3505458087512039,2.9579899430274965,0.35377192087439235
15990784,2.957137020304799,20.98960142582655,0.05580041753637488,0.009737836902786512,1.0,0.0,,,,,,
15990784,,,,,,,3.0539939165115357,0.36422561818745525,3.076675629615784,0.36668216860690594,3.1250012516975403,0.3718990448384716
16121856,2.9119364637881517,21.31896474957466,0.04842825816376717,0.009215068612320465,1.0,0.0,,,,,,
16121856,,,,,,,2.9947543144226074,0.3577857597967016,3.031868529319763,0.36182442718651897,3.054982669353485,0.3643328114355302
16252928,2.905954657122493,20.789722196757793,0.04499777520322823,0.009182912270262023,0.9997613225132227,0.0,,,,,,
16252928,,,,,,,3.013597583770752,0.35983791785705255,3.034364330768585,0.362095528928184,3.0562955379486083,0.36447512799033777
16384000,2.878705596551299,20.67838142067194,0.053892958854703465,0.008812557851342717,0.9999836906790733,0.0,,,,,,
16384000,,,,,,,2.9852651596069335,0.3567510159090388,3.007863092422485,0.35921376068025435,3.034503972530365,0.3621106954432529
16515072,2.8335750102996826,20.301080025732517,0.03981922034654417,0.008804856908682268,1.0,0.0,,,,,,
16515072,,,,,,,2.9188287258148193,0.34948202455822064,2.938469445705414,0.35163540358912315,2.9675099658966064,0.35481255084897234
16646144,2.8364178966730833,21.521490789949894,0.05529708704671066,0.008340766746187,1.0,0.0,,,,,,
16646144,,,,,,,2.9254559516906737,0.3502090378935727,2.9542131781578065,0.35335884123006633,2.982489814758301,0.356448213053167
16777216,2.8219518531113863,20.81920727342367,0.045103931181074586,0.008317973142766277,0.9990397673100233,0.0,,,,,,
16777216,,,,,,,2.906647300720215,0.34814461213619197,2.919195127487183,0.3495222301921648,2.958427953720093,0.35381981890306347
16908288,2.847049778327346,20.75234016776085,0.037164042914810125,0.00892466478399001,1.0,0.0,,,,,,
16908288,,,,,,,2.942879796028137,0.3521184376169826,2.9590420722961426,0.35388697183082773,2.9989259672164916,0.35824037953827137
17039360,2.8392821308225393,21.189205437898636,0.04227448715209903,0.008133640122650831,0.9951501507312059,0.0,,,,,,
17039360,,,,,,,2.9234426021575928,0.3499882159956249,2.946798622608185,0.35254748126402924,2.9994088006019592,0.3582929869505487
17170432,2.8252959605306387,20.905527524650097,0.03696850637788884,0.008188277501176344,0.9964798074215651,0.0,,,,,,
17170432,,,,,,,2.9209641456604003,0.3497163282713278,2.938678169250488,0.35165826780554155,2.970414640903473,0.35512988493099584
17301504,2.829831153154373,20.770645901560783,0.04787957946609822,0.00826857564970851,1.0,0.0,,,,,,
17301504,,,,,,,2.919637656211853,0.34957078761000737,2.9574424147605898,0.3537120440995929,2.9825889372825625,0.3564590290653187
17432576,2.802171438932419,20.784412749111652,0.03790003211906878,0.008099860489892308,0.9978015311062336,0.0,,,,,,
17432576,,,,,,,2.8792803049087525,0.3451347907918807,2.9182212948799133,0.3494153676987546,2.9584434890747073,0.353821517715325
17563648,2.8348061442375183,20.759766809642315,0.047922216705046594,0.008198030922358157,0.9999109208583832,0.0,,,,,,
17563648,,,,,,,2.911206269264221,0.34864531277692845,2.9453414559364317,0.35238796404431283,2.9705742621421813,0.35514732108862046
17694720,2.787716703489423,20.613760769367218,0.04142735000277753,0.0077586508905369556,1.0,0.0,,,,,,
17694720,,,,,,,2.865518403053284,0.343618565670766,2.8958476185798645,0.34695771626070293,2.9286283135414126,0.3505568999645272
17825792,2.784955196082592,20.868543796241283,0.033471148843091214,0.008046600180023233,0.994403688237071,0.0,,,,,,
17825792,,,,,,,2.874415946006775,0.34459906267106777,2.895389056205749,0.3469072951588892,2.936412410736084,0.35141004724003055
17956864,2.7855138406157494,20.436177909374237,0.0306572761546704,0.007901298069555196,1.0,0.0,,,,,,
17956864,,,,,,,2.8722668170928953,0.34436230037773274,2.8821785926818846,0.34545388206219174,2.9092463207244874,0.34843008066839487
18087936,2.7860495895147324,20.52111116796732,0.04952615902220714,0.008043598927542916,0.9989814106374979,0.0,,,,,,
18087936,,,,,,,2.8823846101760866,0.34547656082283673,2.903473138809204,0.34779588415087503,2.963220641613007,0.35434379510592784
18219008,2.7623074036091566,21.30537425726652,0.0267577082850039,0.00794658778977464,0.9958806969225407,0.0,,,,,,
18219008,,,,,,,2.8473840236663817,0.3416178625003754,2.867324209213257,0.3438176237166659,2.9452485704421996,0.3523777950993989
18350080,2.7636387199163437,20.56173375993967,0.044292508566286415,0.007827899304174935,0.999114016070962,0.0,,,,,,
18350080,,,,,,,2.8468000411987306,0.3415533821300749,2.883949017524719,0.34564876031081204,2.93055566072464,0.350768194017701
18481152,2.791985312476754,20.753866516053677,0.04097502655349672,0.008310841254569823,1.0,0.0,,,,,,
18481152,,,,,,,2.878878092765808,0.34509050234500194,2.9079554677009583,0.3482883053336492,2.9548997282981873,0.35343394217666035
18612224,2.7438103444874287,20.560450457036495,0.026927046579658054,0.008100792527329759,0.998261446133256,0.0,,,,,,
18612224,,,,,,,2.8324445486068726,0.33996731182352,2.854741907119751,0.3424300068618631,2.891199805736542,0.34644657444414584
18743296,2.740970453247428,20.863918140530586,0.0358310331357643,0.007890492164733587,0.9986178614199162,0.0,,,,,,
18743296,,,,,,,2.8343101024627684,0.3401735376324786,2.8644785404205324,0.34350392527795504,2.894474687576294,0.34680675001805117
18874368,2.7483558636158705,20.485524721443653,0.02865722673959681,0.007717186772424611,0.9934894870966673,0.0,,,,,,
18874368,,,,,,,2.8387232065200805,0.3406612496031174,2.8466784834861754,0.3415399599421334,2.910697729587555,0.34858947093046444
19005440,2.787709830328822,20.458687342703342,0.033078502248827135,0.007925268950202735,0.9949595257639885,0.0,,,,,,
19005440,,,,,,,2.8891701698303223,0.34622330127534173,2.901712942123413,0.3476024593755884,2.9613784313201905,0.35414241577213557
19136512,2.7786687947809696,20.828173995018005,0.02830159638688201,0.007847856964872335,0.9992262609302998,0.0,,,,,,
19136512,,,,,,,2.8607059955596923,0.3430879324700977,2.9000957369804383,0.34742472159653803,2.9560401892662047,0.35355868584779926
19267584,2.8057806324213743,21.204315587878227,0.04527181786033907,0.008503428271069424,0.9966728799045086,0.0,,,,,,
19267584,,,,,,,2.893385648727417,0.3466869875164096,2.921149253845215,0.3497366367537711,2.975369951725006,0.35567106090818523
19398656,2.826559826731682,20.94740381091833,0.043058406887212186,0.008199741341741174,0.998892342671752,0.0,,,,,,
19398656,,,,,,,2.8994364976882934,0.3473522612079418,2.927255165576935,0.350406340704392,3.0038139390945435,0.35877284646003393
19529728,2.8498809821903706,20.863400101661682,0.050641496971365996,0.008253615369540057,0.9986750725656748,0.0,,,,,,
19529728,,,,,,,2.941903901100159,0.3520115709948157,2.966385817527771,0.35468971633267654,2.9942740559577943,0.3577334111390573
19660800,2.856193147599697,20.845896251499653,0.04712935159841436,0.008256269791672821,0.9989695940166712,0.0,,,,,,
19660800,,,,,,,2.947686862945557,0.3526447076064556,2.98862007856369,0.3571169529029474,3.039560844898224,0.36265979396604986
19791872,2.841166228055954,20.975252360105515,0.0431070411541441,0.008169489088686532,1.0,0.0,,,,,,
19791872,,,,,,,2.9240876197814942,0.3500589650347232,2.952905488014221,0.3532157818779904,2.992565660476685,0.3575471760827249
19922944,2.847076505422592,20.70789548009634,0.05210968518622394,0.008099106566078262,0.9994165617972612,0.0,,,,,,
19922944,,,,,,,2.9370342016220095,0.3514781711964734,2.9525887727737428,0.3531811312175557,2.979210753440857,0.35609035590154536
20054016,2.8539860658347607,21.312300242483616,0.04339231736594229,0.008508830462233163,0.9984097871929407,0.0,,,,,,
20054016,,,,,,,2.947434329986572,0.35261706624975586,2.9690375566482543,0.3549794494617462,3.006507360935211,0.35906615228135164
20185088,2.852613288909197,20.908658854663372,0.03772556054900633,0.00867263999498391,0.9968936778604984,0.0,,,,,,
20185088,,,,,,,2.94402813911438,0.3522441766381832,2.9676571249961854,0.3548286298632928,3.003461346626282,0.3587344449169976
20316160,2.8863679617643356,21.562306500971317,0.05051638718396134,0.008498884710206767,0.9958140775561333,0.0,,,,,,
20316160,,,,,,,2.973795986175537,0.35549919189465395,3.00495365858078,0.35889696725559994,3.045596857070923,0.3633148824688779
20447232,2.8625657092779875,21.013944014906883,0.056707363975874614,0.008412583429162623,0.9996571522206068,0.0,,,,,,
20447232,,,,,,,2.953616213798523,0.35329353626892757,2.9830655813217164,0.3565110379855445,3.0131752729415893,0.3597919634069304
20578304,2.838939741253853,20.171025313436985,0.049662602788885124,0.008267530804005219,0.9977199267596006,0.0,,,,,,
20578304,,,,,,,2.9329836130142213,0.35103431831704013,2.966557168960571,0.35470844051554296,3.0105844593048094,0.35951000154457646
20709376,2.854871766641736,20.91163707524538,0.043906197330215946,0.008687391155035584,0.9994743596762419,0.0,,,,,,
20709376,,,,,,,2.9521624565124513,0.3531344879787892,2.976921498775482,0.355840458395404,3.037773337364197,0.36246572690078205
20840448,2.8377294167876244,20.7756766974926,0.045863199535233434,0.008490408681609551,0.9982135221362114,0.0,,,,,,
20840448,,,,,,,2.9211097955703735,0.34973230775783626,2.936579203605652,0.35142832157880766,2.954848527908325,0.3534283415808763
20971520,2.830245479941368,20.71371492743492,0.04338036967601511,0.008563148619941785,0.997556533664465,0.0,,,,,,
20971520,,,,,,,2.9360130548477175,0.35136629149492427,2.958851158618927,0.35386609610277286,2.9950950932502747,0.35782290366913716
21102592,2.8494055569171906,21.208978608250618,0.0545735953055555,0.008635056457933388,1.0,0.0,,,,,,
21102592,,,,,,,2.9325427770614625,0.3509860031447958,2.953934347629547,0.3533283389719657,2.99626846075058,0.3579507885534545
21233664,2.854219313710928,20.713087275624275,0.04481699446841958,0.008765919306824799,1.0,0.0,,,,,,
21233664,,,,,,,2.945811557769775,0.35243942871201894,2.9872543454170226,0.35696799910336985,3.0629234218597414,0.3651933386744748
21364736,2.827640948817134,21.283680371940136,0.03294053645618078,0.008098024982245988,0.9973759241402149,0.0,,,,,,
21364736,,,,,,,2.918016505241394,0.34939289416693686,2.9315279603004454,0.3508747731565125,2.969204435348511,0.35499768060760717
21495808,2.8250334169715643,20.87149465084076,0.03787795099924551,0.008268202498584287,0.9999125320464373,0.0,,,,,,
21495808,,,,,,,2.908788275718689,0.3483797750737163,2.922383725643158,0.3498720640061783,2.9659250044822696,0.35463936023456677
21626880,2.7954198587685823,20.693664759397507,0.04013453697280056,0.007917923243439873,1.0,0.0,,,,,,
21626880,,,,,,,2.8738231897354125,0.3445337650858278,2.8947644352912905,0.34683861190922816,2.9180115103721618,0.3493923460269921
21757952,2.8196595646440983,20.745845414698124,0.04801892461182433,0.008439942814220558,0.9989166893064976,0.0,,,,,,
21757952,,,,,,,2.9004854440689085,0.34746755436016064,2.925971841812134,0.3502656138746296,2.9673997521400453,0.35480050844857725
21889024,2.854996571317315,21.18370346724987,0.058646576220780844,0.008866075610058033,1.0,0.0,,,,,,
21889024,,,,,,,2.9227354288101197,0.3499106447902398,2.953253436088562,0.35325384849184416,2.9955605697631835,0.3578736373864886
22020096,2.8591123335063457,20.932204447686672,0.04786184888871503,0.008450572368019493,0.9999569579958916,0.0,,,,,,
22020096,,,,,,,2.963140273094177,0.3543350103889351,2.9967192888259886,0.3579999205660678,3.029161107540131,0.361530269369003
22151168,2.8846142180263996,21.098466835916042,0.04316804101290472,0.008788466604528367,0.9982733633369207,0.0,,,,,,
22151168,,,,,,,2.9807364463806154,0.35625687391042815,2.9997874617576596,0.3583342426208411,3.0359067583084105,0.36226304160305056
22282240,2.908795291557908,21.273923479020596,0.05857117255072808,0.008684289727170835,0.9982657115906477,0.0,,,,,,
22282240,,,,,,,2.9861506462097167,0.35684761079223937,3.0055638194084167,0.3589634114144016,3.0322628879547118,0.3618672677247048
22413312,2.9131068270653486,20.862375147640705,0.04658025677781552,0.008712373229172954,0.9971675705164671,0.0,,,,,,
22413312,,,,,,,3.0067079305648803,0.3590879908957294,3.018545699119568,0.36037622509389444,3.063025710582733,0.3652044194811461
22544384,2.9134857915341854,21.0795541331172,0.06262420240818756,0.008733604137887596,0.9997931867837906,0.0,,,,,,
22544384,,,,,,,3.0058668851852417,0.3589964127553307,3.04248411655426,0.36297710149666873,3.0579025554656982,0.36464930747361124
22675456,2.8861958514899015,21.42498029023409,0.041649201230029576,0.008400074229939491,1.0,0.0,,,,,,
22675456,,,,,,,2.964115285873413,0.35444158037462503,2.997762954235077,0.35811365339551204,3.0361962890625,0.362294482981699
22806528,2.8618989251554012,20.527529574930668,0.04210033944582392,0.008155478875778499,0.9981428720057011,0.0,,,,,,
22806528,,,,,,,2.946419191360474,0.3525059465893503,2.9639202475547792,0.35442026320516073,3.008940975666046,0.35933110488651065
22937600,2.8459003437310457,20.68318808823824,0.04155306013308291,0.008223298444136162,0.9977473355829716,0.0,,,,,,
22937600,,,,,,,2.930408978462219,0.350752114573988,2.9635170340538024,0.35437619187393943,3.008661861419678,0.3593007200883662
23068672,2.8439181838184595,21.17116191983223,0.0509795357575058,0.008274259722384159,0.9967324919998646,0.0,,,,,,
23068672,,,,,,,2.918557858467102,0.34945230117691906,2.953176438808441,0.3532454248479724,3.002650012969971,0.35864607635206136
23199744,2.8327894285321236,21.396525979042053,0.04499247215426294,0.008186916675185785,1.0,0.0,,,,,,
23199744,,,,,,,2.9059597492218017,0.34806908274580883,2.931029224395752,0.3508201050884894,2.962466847896576,0.3542613988882273
23330816,2.8255946058779955,20.71475102752447,0.055198623034812044,0.008403052439462044,0.9989989139139652,0.0,,,,,,
23330816,,,,,,,2.914955186843872,0.3490568984172746,2.9414936423301694,0.3519666423431367,2.986191370487213,0.3568520530890633
23461888,2.800129795446992,21.006340332329273,0.04125097497671959,0.008378797821933404,0.9983238410204649,0.0,,,,,,
23461888,,,,,,,2.886902952194214,0.34597384618588767,2.914579784870148,0.349015689901379,2.9548359894752503,0.35342697005043777
23592960,2.803781509399414,20.880628392100334,0.03417995037307264,0.00835665511112893,0.9963877387344837,0.0,,,,,,
23592960,,,,,,,2.896342897415161,0.34701217225829395,2.927756690979004,0.350461332721846,2.97875422000885,0.35604052428436495
23724032,2.7951769940555096,21.17284495383501,0.03142766781638784,0.00834359849068278,1.0,0.0,,,,,,
23724032,,,,,,,2.8814302682876587,0.34537150182917165,2.895353066921234,0.3469033378819768,2.9609622669219973,0.35409691863774473
23855104,2.7931393142789602,21.358438283205032,0.03637499886644946,0.00859654949272226,0.9997351337224245,0.0,,,,,,
23855104,,,,,,,2.884680390357971,0.3457292569517678,2.9114722490310667,0.3486745185609843,2.9911179614067076,0.35738933771623427
23986176,2.7929458450526,21.579167254269123,0.048453738210810116,0.008438896917141392,0.9983117580413818,0.0,,,,,,
23986176,,,,,,,2.8618990421295165,0.34321950246961297,2.883902645111084,0.3456436562806833,2.934832203388214,0.3512369015876653
24117248,2.8400278836488724,20.48634336143732,0.05488088278070791,0.008791072390522459,1.0,0.0,,,,,,
24117248,,,,,,,2.9398249864578245,0.35178388618898926,2.964683985710144,0.35450373565085935,2.9965220975875857,0.3579784305724705
24248320,2.839582111686468,20.861044630408287,0.05394195425469661,0.008771871969656786,0.9951343685388565,0.0,,,,,,
24248320,,,,,,,2.9191961526870727,0.34952234268660165,2.949289345741272,0.35282009531198066,2.9925037169456483,0.3575404229801453
24379392,2.810640372335911,21.069309286773205,0.04353457991237519,0.008468145908409497,1.0,0.0,,,,,,
24379392,,,,,,,2.9024782180786133,0.34768655777866875,2.9223685026168824,0.34987039405899045,2.9604091000556947,0.35403644112650623
24510464,2.8300298899412155,20.593580089509487,0.03234755973426218,0.008354392506589647,1.0,0.0,,,,,,
24510464,,,,,,,2.9159261703491213,0.3491634786735509,2.938929498195648,0.35168579859122606,2.9802417445182803,0.3562028833690347
24641536,2.8078480698168278,21.27024781703949,0.0459587931218266,0.008688743377206265,1.0,0.0,,,,,,
24641536,,,,,,,2.8782663583755492,0.34502314000524015,2.9014911890029906,0.34757808923428635,2.9527396965026855,0.35319764335367565
24772608,2.7936859000474215,20.644659891724586,0.03754148674852331,0.008356403519428568,1.0,0.0,,,,,,
24772608,,,,,,,2.8765790462493896,0.3448373198784751,2.900475835800171,0.3474664983313587,2.940307500362396,0.35183673530395243
24903680,2.8129779640585184,20.2848232537508,0.05614409972986323,0.008705936817932525,0.9984073396772146,0.0,,,,,,
24903680,,,,,,,2.8889617919921875,0.3462003761352299,2.9092864274978636,0.34843448536943433,2.9702311062812807,0.3551098362997709
25034752,2.795006927102804,20.42394767701626,0.042952601546858205,0.008484293446599622,0.9981564190238714,0.0,,,,,,
25034752,,,,,,,2.8838393926620483,0.3456366942981288,2.910789060592651,0.34859950000965045,2.938774507045746,0.35166882080119155
25165824,2.80759216286242,20.87714357674122,0.03722028109768871,0.00880027019593399,0.9979184474796057,0.0,,,,,,
25165824,,,,,,,2.8942641735076906,0.34678360049361334,2.912687134742737,0.34880790990857724,2.950727207660675,0.3529774445777081
25296896,2.823391580954194,21.31619232147932,0.050600051843503024,0.00856780521098699,1.0,0.0,,,,,,
25296896,,,,,,,2.903155303001404,0.3477609599483049,2.9371469259262084,0.35149052097188016,2.9755568504333496,0.35569146769686055
25427968,2.829682469367981,20.787819162011147,0.0486348965750949,0.00852165913238423,0.9982355758547783,0.0,,,,,,
25427968,,,,,,,2.92750997543335,0.35043428078369687,2.947417676448822,0.3526152433913019,2.9922026419639587,0.3575075991616121
25559040,2.792638674378395,20.71013803035021,0.038969257759163156,0.00824591402488295,1.0,0.0,,,,,,
25559040,,,,,,,2.884054923057556,0.34566041684174587,2.9066707491874695,0.34814718793400057,2.9331632590293886,0.3510540068016259
25690112,2.818632446229458,20.98691166192293,0.03736206443136325,0.008142358043187414,0.9991917889565229,0.0,,,,,,
25690112,,,,,,,2.903315567970276,0.3477785701874301,2.928844451904297,0.3505805968762339,2.9715900659561156,0.35525827619265593
25821184,2.817587358877063,21.206677943468094,0.047475868101173546,0.008397189330935362,0.9986474234610796,0.0,,,,,,
25821184,,,,,,,2.9071848154067994,0.34820365642944484,2.9231343269348145,0.34995440128324096,2.9824305844306944,0.3564417499362518
25952256,2.8521839901804924,19.976113073527813,0.05296088623799733,0.008523910595613415,1.0,0.0,,,,,,
25952256,,,,,,,2.9365976810455323,0.3514303460073631,2.960192632675171,0.35401277402865783,3.007774271965027,0.35920409069770853
26083328,2.8285873476415873,20.970066867768764,0.04467240225949354,0.008016392088393332,0.9970414042472839,0.0,,,,,,
26083328,,,,,,,2.9140705347061155,0.34895978648349635,2.9303953528404234,0.350750620910371,2.9953001999855045,0.35784525914365806
26214400,2.8116370029747486,21.31742886453867,0.035592495629316545,0.008406441027545952,0.9991590268909931,0.0,,,,,,
26214400,,,,,,,2.8926453590393066,0.3466055707936859,2.9204134225845335,0.34965590571527994,2.9586617374420165,0.35384538322583103
26345472,2.8030923306941986,21.070992663502693,0.03723673039712594,0.008098257252640906,1.0,0.0,,,,,,
26345472,,,,,,,2.875070595741272,0.3446711745188449,2.9174168705940247,0.34932708819229474,2.945931100845337,0.35245251541880496
26476544,2.8030018284916878,20.80485589057207,0.02950866087576287,0.008870823688994278,1.0,0.0,,,,,,
26476544,,,,,,,2.9198818683624266,0.34959758351034953,2.948236572742462,0.35270487475175316,2.976790506839752,0.35582615763479675
26607616,2.777085680514574,20.639190539717674,0.03485804469528375,0.008263590672868304,0.9997039940208197,0.0,,,,,,
26607616,,,,,,,2.871099424362183,0.3442336742896026,2.898393082618713,0.34723756560090613,2.935519495010376,0.3513122120985239
26738688,2.7668170388787985,20.37682807445526,0.041432751258980716,0.008170081855496392,0.9995298013091087,0.0,,,,,,
26738688,,,,,,,2.857485604286194,0.3427327182837365,2.878356397151947,0.34503305502590975,2.9003383016586306,0.3474513820864993
26869760,2.7577779591083527,20.70344913750887,0.03402964543784037,0.007908275236331974,1.0,0.0,,,,,,
26869760,,,,,,,2.8471120834350585,0.3415878366448766,2.8678374528884887,0.3438741940754968,2.9161626529693603,0.3491894348818523
27000832,2.7940912805497646,21.143385849893093,0.0376367324279272,0.008379807937672012,1.0,0.0,,,,,,
27000832,,,,,,,2.8766747236251833,0.3448478573491822,2.8989686965942383,0.3473008402621809,2.9621962213516237,0.3542318157080382
27131904,2.794892881065607,21.096043817698956,0.05778525014829938,0.008303462998810573,0.9999976344406605,0.0,,,,,,
27131904,,,,,,,2.8793150663375853,0.3451386183756562,2.905960762500763,0.34806919406056647,2.9401715922355653,0.35182184969201535
27262976,2.805792698636651,20.805499888956547,0.0494394187371654,0.008540918447579315,0.9991249106824398,0.0,,,,,,
27262976,,,,,,,2.9013622522354128,0.34756391917383334,2.914771044254303,0.34903668493935003,2.993000018596649,0.35759452888657606
27394048,2.783313414081931,19.91516262292862,0.053073589249834185,0.008139644292896264,0.9927283730357885,0.0,,,,,,
27394048,,,,,,,2.862475872039795,0.3432831108406198,2.894506049156189,0.346810198709403,2.9740193581581114,0.3555235844405149
27525120,2.810658887028694,20.861743338406086,0.043765189904661383,0.008069178285040834,0.9960514735430479,0.0,,,,,,
27525120,,,,,,,2.8899531602859496,0.3463094399736548,2.9064894676208497,0.34812727414329525,2.9719560718536377,0.3552982521507779
27656192,2.7915939949452877,20.365483477711678,0.04479659320713836,0.008032769919736893,1.0,0.0,,,,,,
27656192,,,,,,,2.8656280040740967,0.34363064811647503,2.889786374568939,0.3462910919576976,2.931861529350281,0.35091133541256836
27787264,2.7928419951349497,20.671087063848972,0.04536218680004822,0.008475689584884094,0.9996211938560009,0.0,,,,,,
27787264,,,,,,,2.8863437175750732,0.3459123077716313,2.9065335392951965,0.3481321154482091,2.9505403423309327,0.35295699650868917
27918336,2.79260790348053,20.895251542329788,0.04589757985013421,0.00836222207180981,0.999482050538063,0.0,,,,,,
27918336,,,,,,,2.864040565490723,0.34345563735724727,2.882216775417328,0.34545808531394573,2.911070261001587,0.3486303781915425
28049408,2.7756202295422554,20.800879389047623,0.04436863824230386,0.008186722116079181,1.0,0.0,,,,,,
28049408,,,,,,,2.8581729888916017,0.34280854611057787,2.877586829662323,0.34494830819260036,2.902983558177948,0.347742088007158
28180480,2.78593316860497,20.747270844876766,0.03740111008664826,0.008145751435222337,0.9977493565529585,0.0,,,,,,
28180480,,,,,,,2.880565857887268,0.34527633549645853,2.896622657775879,0.34704293092653815,2.9204339718818666,0.3496581603327056
28311552,2.7975884936749935,20.683046132326126,0.0418030451364757,0.008401043643971207,1.0,0.0,,,,,,
28311552,,,,,,,2.8945196866989136,0.346811698365481,2.9316909074783326,0.35089263380944313,2.9569843125343325,0.3536619445793727
28442624,2.767264461144805,20.725425995886326,0.039188448899949435,0.007977134604516323,1.0,0.0,,,,,,
28442624,,,,,,,2.8561594009399416,0.34258640748213787,2.875252592563629,0.34469122135216157,2.928490364551544,0.3505417753207054
28573696,2.7857306860387325,20.73739454895258,0.04138929597320384,0.008227623928178218,0.9998699147254229,0.0,,,,,,
28573696,,,,,,,2.866694188117981,0.343748178592749,2.885070788860321,0.34577222306050737,2.915787477493286,0.3491482555692005
28704768,2.7775239069014788,20.701725721359253,0.03440190935816645,0.007859805862608482,0.9967305678874254,0.0,,,,,,
28704768,,,,,,,2.8659704685211183,0.34366840075517247,2.8875526547431947,0.3460453359916431,2.938688759803772,0.3516594279160017
28835840,2.796331010758877,20.151540763676167,0.044743186328560114,0.008031918478991429,0.9960208106786013,0.0,,,,,,
28835840,,,,,,,2.8915403366088865,0.3464840312138029,2.909489393234253,0.34845677571717304,2.9318591165542602,0.3509110709516281
28966912,2.7906309701502323,20.810174502432346,0.04024919995754317,0.00810920904041268,0.9999150782823563,0.0,,,,,,
28966912,,,,,,,2.883626866340637,0.3456133019679699,2.8934417843818663,0.34669316107705583,2.9682679414749145,0.35489536713434977
29097984,2.8602332044392824,21.00483887642622,0.05241385564477241,0.008962106530816527,1.0,0.0,,,,,,
29097984,,,,,,,2.9463922023773192,0.3525029921708158,2.9818264842033386,0.35637582955484404,3.00649582862854,0.35906489659774565
29229056,2.85439832508564,20.45358268171549,0.05075489593218663,0.008608828069554875,1.0,0.0,,,,,,
29229056,,,,,,,2.940734076499939,0.3518834557607,2.9693751692771913,0.355016332649601,3.0063818311691284,0.35905248402916556
29360128,2.8432258758693933,20.641559526324272,0.04860761353484122,0.008378111951969913,0.99627167545259,0.0,,,,,,
29360128,,,,,,,2.9419940948486327,0.3520214481615582,2.9629678249359133,0.3543161606545897,2.9917439913749697,0.35745759442611447
29491200,2.8317837715148926,20.179629437625408,0.0447393940994516,0.008356220152563765,1.0,0.0,,,,,,
29491200,,,,,,,2.908960461616516,0.3483986859268211,2.9471617102622987,0.352587225576674,2.9854728174209595,0.35677366931634547
29622272,2.8579804096370935,20.721724554896355,0.05343517154960864,0.00862335595775221,1.0,0.0,,,,,,
29622272,,,,,,,2.9718257904052736,0.3552840226773246,2.989020621776581,0.35716063473792103,2.9995881128311157,0.3583125234468205
29753344,2.855544339865446,20.284953989088535,0.053334375232225284,0.00831286871652992,0.9996868073940277,0.0,,,,,,
29753344,,,,,,,2.934118556976318,0.3511586984204138,2.9458234310150146,0.35244072851475017,2.975465085506439,0.3556814482613746
29884416,2.870133401826024,20.902220100164413,0.05546886505908333,0.008215192159696016,0.9999396242201328,0.0,,,,,,
29884416,,,,,,,2.962668752670288,0.3542834693777295,2.9876011729240415,0.35700582759445276,3.055785479545593,0.36441983906011344
30015488,2.8545732591301203,20.336990781128407,0.047384628451254684,0.008031533825487713,0.9992616511881351,0.0,,,,,,
30015488,,,,,,,2.9377156019210817,0.35155282173836433,2.9479931354522706,0.3526782302765563,2.9845858573913575,0.3566769078457699
30146560,2.8754009399563074,20.656491711735725,0.039683470440650126,0.008397200934268767,0.9991070739924908,0.0,,,,,,
30146560,,,,,,,2.9482588291168215,0.3527073107075094,2.9741289377212525,0.355535550511368,3.01427298784256,0.35991140943741984
30277632,2.861941374838352,20.147791981697083,0.03925657802938076,0.008158302451192867,0.9981845021247864,0.0,,,,,,
30277632,,,,,,,2.9549959897994995,0.35344447174972893,2.9879618406295774,0.3570451643946002,3.0320651936531067,0.3618457917021469
30408704,2.835526691749692,20.494285695254803,0.04419398673417163,0.007858587247028481,0.9998238775879145,0.0,,,,,,
30408704,,,,,,,2.9176948070526123,0.34935759032650626,2.9355260610580443,0.35131293155635257,2.9804759573936463,0.35622844508121054
30539776,2.8100190218538046,20.46745205670595,0.038434758673247416,0.007999775047210278,1.0,0.0,,,,,,
30539776,,,,,,,2.8850419998168944,0.34576905467274166,2.9119510650634766,0.3487270930250572,2.9665087389945985,0.3547031484290857
30670848,2.8215705286711454,20.420782268047333,0.04454715428437339,0.007746355769995716,0.9996497668325901,0.0,,,,,,
30670848,,,,,,,2.9102097511291505,0.3485358845483937,2.928408205509186,0.35053276736611005,2.965045201778412,0.3545432126436858
30801920,2.80757924541831,19.94290266931057,0.038613156699284445,0.007864492822591274,0.9934280142188072,0.0,,,,,,
30801920,,,,,,,2.8923782825469972,0.34657619656064,2.9080285310745237,0.3482963303630928,2.936625611782074,0.351433406153451
30932992,2.827482620254159,20.758629381656647,0.051073378353976295,0.008114713919894712,0.9998447000980377,0.0,,,,,,
30932992,,,,,,,2.901955986022949,0.3476291687835342,2.9320995688438414,0.350937426090667,2.961936206817627,0.35420339189784245
31064064,2.816502483561635,20.153516836464405,0.04333016274176771,0.00812103545467835,0.9987813662737608,0.0,,,,,,
31064064,,,,,,,2.8984384775161742,0.3472425557731249,2.9211877822875976,0.3497408637227013,2.942242455482483,0.35204864586527296
31195136,2.8218072466552258,20.941698633134365,0.04121537136961706,0.008254917524027405,0.9972028844058514,0.0,,,,,,
31195136,,,,,,,2.910214352607727,0.3485363898612366,2.9213346600532533,0.3497569776032865,2.988391036987305,0.3570919737316327
31326208,2.823849707841873,19.982723593711853,0.03606520855828421,0.00852010212292953,1.0,0.0,,,,,,
31326208,,,,,,,2.910890889167786,0.34861068173535914,2.9267646431922913,0.35035255282530176,2.9682679891586305,0.35489537234408974
31457280,2.8663782570511103,20.319245025515556,0.040231640903584776,0.008458114007225959,0.9992282744497061,0.0,,,,,,
31457280,,,,,,,2.9583070039749146,0.353806592803273,2.9771132588386537,0.3558613930840431,3.040971646308899,0.36281294039615886
31588352,2.8380396272987127,21.00535960495472,0.03735851076635299,0.008277150425783475,1.0,0.0,,,,,,
31588352,,,,,,,2.9093801736831666,0.3484447809249669,2.9348825454711913,0.3512424180146039,2.98645081281662,0.356880353269571
31719424,2.835851825773716,21.178309187293053,0.041569540935597615,0.00883824635457131,0.9999654497951269,0.0,,,,,,
31719424,,,,,,,2.9415958881378175,0.3519778397357787,2.9663968801498415,0.3546909251934798,3.035955777168274,0.36226836482795255
31850496,2.8331923987716436,20.520096614956856,0.03714117984418408,0.008542963227228029,0.9996360950171947,0.0,,,,,,
31850496,,,,,,,2.9257625102996827,0.3502426574809274,2.9603515386581423,0.3540301477919403,2.9951856446266176,0.3578327733077764
31981568,2.8191119842231274,20.410538271069527,0.0435074429406086,0.008538823472918011,1.0,0.0,,,,,,
31981568,,,,,,,2.8999701261520388,0.34741091538286817,2.9262252688407897,0.3502934054512683,2.959030921459198,0.35388575253636945
32112640,2.7754339668899775,20.53816018998623,0.04511012676084647,0.008158207732776646,0.9986673779785633,0.0,,,,,,
32112640,,,,,,,2.8608764886856077,0.3431067353944117,2.875669002532959,0.3447370874607334,2.9209331607818605,0.3497129288440861
32243712,2.7895233929157257,20.60255265980959,0.038769093342125416,0.008261789160314947,1.0,0.0,,,,,,
32243712,,,,,,,2.890295886993408,0.34634714234117436,2.9189191818237306,0.34949195050916493,2.9774698853492736,0.35590032550154516
32374784,2.789490904659033,21.258812859654427,0.029525562626076862,0.008113455960483407,0.9997709300369024,0.0,,,,,,
32374784,,,,,,,2.8605881452560427,0.343074935126479,2.8798120737075803,0.34519334264232593,2.942659254074097,0.3520942876910793
32505856,2.811928080394864,21.159804709255695,0.05068239908905525,0.008449764107353985,0.994458170607686,0.0,,,,,,
32505856,,,,,,,2.911850190162659,0.34871601704571953,2.935768222808838,0.35133946551912687,2.9684599232673645,0.3549163421491026
32636928,2.876979863271117,21.022345803678036,0.04099372397104162,0.008642925167805515,1.0,0.0,,,,,,
32636928,,,,,,,2.9605603933334352,0.3540529822539711,2.9806884288787843,0.3562516335029191,3.017163095474243,0.3602258352919543
32768000,2.858426548540592,20.907594315707684,0.02592500592709257,0.008416700768066221,1.0,0.0,,,,,,
32768000,,,,,,,2.9444868087768556,0.3522943955969069,2.9887807846069334,0.3571344791268247,3.069448766708374,0.3659000135868815
32899072,2.870182817801833,20.819912314414978,0.025310332561275573,0.008489009656841517,1.0,0.0,,,,,,
32899072,,,,,,,2.972512197494507,0.35535899091211554,3.0001801967620847,0.35837703017849254,3.021453938484192,0.3606925015630382
33030144,2.906692897900939,21.0672103241086,0.05493177190510323,0.008439925772108836,0.9996607676148415,0.0,,,,,,
33030144,,,,,,,2.9986435890197756,0.35820961179165534,3.02715380191803,0.36131213177625976,3.082374675273895,0.3672986044591817
33161216,2.8510837499052286,21.092386193573475,0.03650266917247791,0.008232590751504176,1.0,0.0,,,,,,
33161216,,,,,,,2.930027627944946,0.3507103096138322,2.9656126618385312,0.35460522731221356,3.0033795475959777,0.35872553584929245
33292288,2.856267374008894,20.575479172170162,0.05539744878478814,0.008381707927583193,0.9947777669876814,0.0,,,,,,
33292288,,,,,,,2.9336891889572145,0.35111164483305424,2.9727289795875547,0.35538266654008277,3.0705035281181337,0.36601420144978314
33423360,2.8431377690285444,20.57556738704443,0.04331943532815785,0.008238613980211085,0.9978244621306658,0.0,,,,,,
33423360,,,,,,,2.928591179847717,0.35055282866679316,2.9577927350997926,0.35375035487958373,3.0042709612846377,0.35882261984335906
33554432,2.83828797750175,20.58029931038618,0.03964868876755645,0.008438717317403643,1.0,0.0,,,,,,
33554432,,,,,,,2.925033378601074,0.3501626937820632,2.964675211906433,0.3545027767536906,3.0166704630851746,0.36017224571532847
33685504,2.847432501614094,20.512357257306576,0.041969029403844615,0.008425282512689591,0.9956344719976187,0.0,,,,,,
33685504,,,,,,,2.9353253841400146,0.35129094271044137,2.958176374435425,0.35379230803941897,3.010032820701599,0.3594499574655228
33816576,2.8433706015348434,20.465560100972652,0.040108162927936064,0.008465655664622318,0.9986536353826523,0.0,,,,,,
33816576,,,,,,,2.928175520896912,0.35050725536795,2.97278892993927,0.3553892138741155,3.024977581501007,0.36107559321435456
33947648,2.827690616250038,20.729312673211098,0.042036480859678704,0.008299938632262638,0.9980924502015114,0.0,,,,,,
33947648,,,,,,,2.9245506048202516,0.35010974528840255,2.9410576820373535,0.3519188972641365,2.9734174633026123,0.3554578555399963
34078720,2.8527541179209948,20.5052649974823,0.04246252771736181,0.008543433315935545,0.9980841986835003,0.0,,,,,,
34078720,,,,,,,2.9223438024520876,0.3498676844766768,2.945672845840454,0.35242424336572054,2.984854757785797,0.35670624390805883
34209792,2.82533566839993,20.41687446832657,0.040840176967321895,0.008269181204013876,0.9978081025183201,0.0,,,,,,
34209792,,,,,,,2.9111785650253297,0.34864227068698184,2.927106559276581,0.3503900456314941,2.98203031539917,0.35639807233703413
34340864,2.8371478728950024,21.241269655525684,0.04050084509071894,0.008776326505540055,1.0,0.0,,,,,,
34340864,,,,,,,2.9200916290283203,0.3496205988041452,2.9515819907188416,0.35307097642572227,2.9826830196380616,0.35646929501796465
34471936,2.839055046439171,20.983559042215347,0.046976146588349366,0.008508830176651827,1.0,0.0,,,,,,
34471936,,,,,,,2.9222980260849,0.34986266284146716,2.950527548789978,0.35295559654052355,3.0123630261421206,0.35970357252299356
34603008,2.8160103037953377,20.87237372994423,0.059297395404428244,0.008497631153659313,1.0,0.0,,,,,,
34603008,,,,,,,2.894544005393982,0.346814372572968,2.9210378885269166,0.34972441874556814,2.9438971710205077,0.352229836792755
34734080,2.7809507492929697,20.299502938985825,0.03511248317954596,0.007904238356786664,0.9942482449114323,0.0,,,,,,
34734080,,,,,,,2.876065492630005,0.34478075793493224,2.8974446058273315,0.3471332969063239,2.9532099890708925,0.3532490953153504
34865152,2.787593649700284,20.705273658037186,0.03187834434538672,0.008291989575809566,0.9993804935365915,0.0,,,,,,
34865152,,,,,,,2.8886088848114015,0.34616154934274546,2.90851571559906,0.34834983972897127,2.947143213748932,0.3525852009414723
34996224,2.800483947619796,21.123913891613483,0.02385411590876174,0.008335723458003486,0.997602429240942,0.0,,,,,,
34996224,,,,,,,2.8946288347244264,0.3468237007937691,2.9257845759391783,0.3502450773347501,2.986942389011383,0.3569339730046055
35127296,2.7876130994409323,20.70973901450634,0.0207171270130857,0.008510213823683443,0.9977770373225212,0.0,,,,,,
35127296,,,,,,,2.869970703125,0.34410929683003166,2.903070092201233,0.34775159671321787,2.9255370569229124,0.3502179326082293
35258368,2.7934741992503405,20.66979891806841,0.03136180569890712,0.008120845921439468,0.9979572761803865,0.0,,,,,,
35258368,,,,,,,2.884150242805481,0.34567090815320234,2.910318303108215,0.3485478051647388,2.961204061508179,0.354123353012576
35389440,2.792081758379936,20.463676892220974,0.029770182007268886,0.008059638130362146,0.9954636991024017,0.0,,,,,,
35389440,,,,,,,2.875083637237549,0.34467261104175684,2.8837422728538513,0.3456260045761408,2.9367096757888795,0.3514426163250317
35520512,2.8089085053652525,21.133159801363945,0.017919630459800828,0.008408513411268359,0.9993603769689798,0.0,,,,,,
35520512,,,,,,,2.901268196105957,0.3475535823709375,2.920485591888428,0.3496638239326475,2.9359329986572265,0.35135751989012687
35651584,2.784944027662277,20.68452426046133,0.021838379878317937,0.008027379975828808,1.0,0.0,,,,,,
35651584,,,,,,,2.8603780269622803,0.3430517615071462,2.918303871154785,0.34942442947190977,2.9454235291481017,0.35239694920979336
35782656,2.7994122486561537,20.73538113385439,0.04522078614354541,0.008395507939894742,0.9980267994105816,0.0,,,,,,
35782656,,,,,,,2.8784013032913207,0.3450380000365658,2.907475006580353,0.348235531866387,2.951548309326172,0.35306729108273305
35913728,2.8121973536908627,20.67400272935629,0.03805977501178859,0.008363366836420028,0.999952333047986,0.0,,,,,,
35913728,,,,,,,2.8833041429519652,0.34557777965443126,2.9075934171676634,0.34824853819608537,2.9252556991577148,0.3501870761652217
36044800,2.8278858102858067,21.008000656962395,0.03375345696986187,0.008248520658526104,1.0,0.0,,,,,,
36044800,,,,,,,2.9257327795028685,0.35023939701138684,2.9447944521903993,0.35232807781268694,2.9823276591300965,0.35643051881388077
36175872,2.808069447055459,20.87243864685297,0.03795976140463608,0.008272285801012913,0.9972004983574152,0.0,,,,,,
36175872,,,,,,,2.8968605279922484,0.34706908333340736,2.941279876232147,0.35194323154256657,2.992635734081268,0.35755481548331924
36306944,2.7565450947731733,20.480647154152393,0.03153941775781277,0.008035373712118599,1.0,0.0,,,,,,
36306944,,,,,,,2.854835033416748,0.34244028262900583,2.8791542649269104,0.34512091242288157,2.908846514225006,0.3483861713309999
36438016,2.744716163724661,21.030045188963413,0.023074140099197393,0.008169999744495726,0.9991431720554829,0.0,,,,,,
36438016,,,,,,,2.824714207649231,0.3391124205805176,2.8492099046707153,0.3418194462351072,2.9190814018249513,0.3495097510955445
36569088,2.7693870030343533,20.600054942071438,0.029041884412436048,0.007789748115101247,0.998666450381279,0.0,,,,,,
36569088,,,,,,,2.8668148040771486,0.34376147397865053,2.878737986087799,0.34507507453547226,2.927884955406189,0.3504753964661651
36700160,2.842689376324415,20.339861541986465,0.035651447338750586,0.008683024936544825,1.0,0.0,,,,,,
36700160,,,,,,,2.937640643119812,0.35154460987518865,2.9593227982521055,0.3539176675700402,2.980912561416626,0.35627609409703087
36831232,2.8486739974468946,20.751283183693886,0.04132609971202328,0.008760780243392219,1.0,0.0,,,,,,
36831232,,,,,,,2.9366556882858275,0.35143670138559147,2.9586415529251098,0.35384317606347593,3.01604350566864,0.360104040544841
36962304,2.859207281842828,20.90509980916977,0.05254461912045372,0.00895236324868165,0.9948131963610649,0.0,,,,,,
36962304,,,,,,,2.9931885480880736,0.35761508140088183,3.0304367780685424,0.3616688782664623,3.1043488121032716,0.3696724091162005
37093376,2.883910112082958,20.40774667263031,0.0404171341615438,0.008734424231079174,0.9998810235410929,0.0,,,,,,
37093376,,,,,,,2.9800439834594727,0.3561812995492417,3.008815515041351,0.3593174471477971,3.0362208008766176,0.3622971447862149
37224448,2.86384111456573,21.04358008503914,0.04002836123618181,0.00845058899903961,1.0,0.0,,,,,,
37224448,,,,,,,2.9616025924682616,0.3541669214743113,2.979918110370636,0.35616756144918305,3.0448900651931763,0.36323819288585635
37355520,2.8544068690389395,21.024231866002083,0.03784327553148614,0.00834764860701398,0.9994096793234348,0.0,,,,,,
37355520,,,,,,,2.9374906539916994,0.3515281781506654,2.9624171614646913,0.3542559675352641,3.011323635578156,0.35959045382583765
37486592,2.88741890899837,20.725433468818665,0.042830456914089154,0.008528798332918086,0.9982049837708473,0.0,,,,,,
37486592,,,,,,,2.9743971824645996,0.3555648423027875,3.0069053411483764,0.3591094851598471,3.0543365168571475,0.36426276146815484
37617664,2.8569130059331656,20.572328068315983,0.03687023479142226,0.008429944280578638,0.9995683617889881,0.0,,,,,,
37617664,,,,,,,2.9648715019226075,0.3545242292938795,2.976066565513611,0.3557471199046818,2.997317199707031,0.3580650788556494
37748736,2.8234339859336615,20.532897777855396,0.028090711843105964,0.008188240543859138,1.0,0.0,,,,,,
37748736,,,,,,,2.8983954429626464,0.34723782506937906,2.9112875699996947,0.3486542400380632,2.950117733478546,0.3529107505444955
37879808,2.8253013845533133,21.041675485670567,0.0314974579923728,0.008566479222281487,1.0,0.0,,,,,,
37879808,,,,,,,2.9078586101531982,0.3482776667553187,2.924760472774506,0.35013276295260387,2.9748966383934023,0.35561938003395444
38010880,2.7940666526556015,19.95494445413351,0.04292154634822509,0.00824075029049709,0.9996898416429758,0.0,,,,,,
38010880,,,,,,,2.8767399311065676,0.3448550389545937,2.906800329685211,0.34816142216669865,2.9345289516448974,0.3512036710982436
38141952,2.798005811870098,20.6974224075675,0.04431781482708175,0.008066613458140637,1.0,0.0,,,,,,
38141952,,,,,,,2.8707532405853273,0.34419552845899415,2.9029989361763,0.3477437778086123,2.9640166568756103,0.3544308005335426
38273024,2.811029775068164,20.432330287992954,0.036891814537739265,0.008436093212367268,0.9998675305396318,0.0,,,,,,
38273024,,,,,,,2.9093730449676514,0.3484439980258085,2.9319326400756838,0.3509191296680658,2.9732125091552737,0.35543547306967516
38404096,2.7965619303286076,21.03572752326727,0.04046109246701235,0.008414912010266562,1.0,0.0,,,,,,
38404096,,,,,,,2.8828465700149537,0.3455274126907186,2.907566213607788,0.3482455501434796,2.9242608952522278,0.3500779701497383
38535168,2.8278686199337244,20.72229477763176,0.03814470567886019,0.008266198821729631,1.0,0.0,,,,,,
38535168,,,,,,,2.9324858665466307,0.35097976567401257,2.9509678721427917,0.3530037792173011,2.984354107379913,0.3566516241917912
38666240,2.793745817616582,20.60377947986126,0.04205209700012347,0.00828168963380449,0.9959053639322519,0.0,,,,,,
38666240,,,,,,,2.875389075279236,0.34470625462950655,2.8910012006759644,0.34642472832591786,2.9510551404953005,0.3530133283927199
38797312,2.8051186371594667,21.25306362658739,0.029545370964115136,0.008345247702891356,1.0,0.0,,,,,,
38797312,,,,,,,2.903766632080078,0.34782813270745905,2.9229003310203554,0.3499287336600907,2.959645824432373,0.3539529876476397
38928384,2.7975866179913282,20.83189294487238,0.0333927641477203,0.00836367478586908,0.999654246494174,0.0,,,,,,
38928384,,,,,,,2.8931527137756348,0.34666136999970165,2.9121487855911257,0.3487488022902614,2.9434591794013976,0.35218187939134205
