collected_frames,torque/flipper_torque_FL,torque/flipper_torque_FL_max,torque/flipper_torque_FL_min,torque/flipper_torque_FR,torque/flipper_torque_FR_max,torque/flipper_torque_FR_min,torque/flipper_torque_RL,torque/flipper_torque_RL_max,torque/flipper_torque_RL_min,torque/flipper_torque_RR,torque/flipper_torque_RR_max,torque/flipper_torque_RR_min
131072,681.3326587677002,1000.0,1.4636001884937286,703.9142909049988,1000.0,1.6783467456698418,689.5096406936646,1000.0,1.3938198275864124,678.922281742096,1000.0,1.3849652633070946
262144,681.1273236274719,1000.0,1.265072325244546,704.3344202041626,1000.0,1.6479322332888842,689.2455592155457,1000.0,1.5300971865653992,680.3114342689514,1000.0,1.4109522122889757
393216,682.951632976532,1000.0,1.3955227863043547,706.0087466239929,1000.0,1.4284222079440951,690.7211737632751,1000.0,1.2555794417858124,681.0653862953186,1000.0,1.414792351424694
524288,684.0109915733337,1000.0,1.4105175659060478,703.9657797813416,1000.0,1.5501481089740992,688.4512190818787,1000.0,1.2769280932843685,680.5786170959473,1000.0,1.4716746360063553
655360,682.2883615493774,1000.0,1.2319488301873207,704.093487739563,1000.0,1.5077703651040792,692.539963722229,1000.0,1.5343818105757236,681.6731958389282,1000.0,1.375557548366487
786432,680.3134055137634,1000.0,1.3546565473079681,701.6515116691589,1000.0,1.4843848086893559,691.1478071212769,1000.0,1.3241163939237595,679.0378694534302,1000.0,1.2075036708265543
917504,680.9874715805054,1000.0,1.3991025602445006,702.0141496658325,1000.0,1.1976116970181465,692.693329334259,1000.0,1.5439172983169556,677.9230914115906,1000.0,1.3730132542550564
1048576,679.6358437538147,1000.0,1.3987850174307823,700.0375428199768,1000.0,1.5002917554229498,691.7697834968567,1000.0,1.2627983540296555,676.9713244438171,1000.0,1.6753988042473793
1179648,681.0839009284973,1000.0,1.373947098851204,699.3539142608643,1000.0,1.6302115693688393,695.7150249481201,1000.0,1.2912941873073578,675.8295044898987,1000.0,1.335450991988182
1310720,683.3127918243408,1000.0,1.3547002524137497,701.2118220329285,1000.0,1.3114108722656965,695.956090927124,1000.0,1.3787964582443237,678.9604330062866,1000.0,1.407510343939066
1441792,683.8600044250488,1000.0,1.3028888627886772,699.1625447273254,1000.0,1.453907523304224,697.477855682373,1000.0,1.2821989031508565,679.5717277526855,1000.0,1.4221880286931992
1572864,680.6127042770386,1000.0,1.196189858019352,700.1286234855652,1000.0,1.5673615299165249,696.8539309501648,1000.0,1.2578319162130356,677.0982084274292,1000.0,1.216670922935009
1703936,681.0105357170105,1000.0,1.2233099075965583,699.4169220924377,1000.0,1.2502160668373108,695.6575999259949,1000.0,1.5172692947089672,679.2448725700378,1000.0,1.3964367508888245
1835008,680.3737211227417,1000.0,1.3378958702087402,700.91335105896,1000.0,1.4250122606754303,695.3104815483093,1000.0,1.4148010984063148,679.5045733451843,1000.0,1.371639758348465
1966080,681.6824398040771,1000.0,1.41926184669137,701.2528758049011,1000.0,1.3790072537958622,692.980185508728,1000.0,1.3381722457706928,680.1217107772827,1000.0,1.5832263976335526
2097152,680.5722908973694,1000.0,1.2956709414720535,699.7070865631104,1000.0,1.6708814017474651,694.6629204750061,1000.0,1.4128226255998015,678.2056283950806,1000.0,1.4470649473369122
2228224,680.5761890411377,1000.0,1.4306628555059433,700.8899726867676,1000.0,1.4868835471570492,695.7756743431091,1000.0,1.3429035544395447,677.8832287788391,1000.0,1.423451878130436
2359296,679.747308254242,1000.0,1.342996864579618,698.0092267990112,1000.0,1.2736456859856844,694.2982883453369,1000.0,1.2594703286886215,679.3689503669739,1000.0,1.3167114537209272
2490368,679.5570755004883,1000.0,1.3467926979064941,699.0891146659851,1000.0,1.491150476038456,693.9760675430298,1000.0,1.457999100908637,678.4402589797974,1000.0,1.4889644086360931
2621440,680.396773815155,1000.0,1.1363078653812408,700.9551439285278,1000.0,1.3251590877771378,692.9463820457458,1000.0,1.5368092078715563,679.6968102455139,1000.0,1.5039090439677238
2752512,681.294047832489,1000.0,1.3623613566160202,697.0421271324158,1000.0,1.5397241590544581,693.473858833313,1000.0,1.4763012379407883,679.0639290809631,1000.0,1.1645281626842916
2883584,685.2237524986267,1000.0,1.28003956284374,700.4782028198242,1000.0,1.575421472080052,692.5204653739929,1000.0,1.4613874852657318,683.0224676132202,1000.0,1.3538375869393349
3014656,685.4306316375732,1000.0,1.6162349916994572,698.0191268920898,1000.0,1.4659545421600342,693.0957083702087,1000.0,1.472828822210431,680.6566157341003,1000.0,1.2927208244800568
3145728,684.1881251335144,1000.0,1.7787974290549755,695.8263897895813,1000.0,1.4354601558297873,692.3311152458191,1000.0,1.5010364651679993,677.6226558685303,1000.0,1.4712775200605392
3276800,682.5514736175537,1000.0,1.5335123129189014,696.9552159309387,1000.0,1.3074487894773483,695.4203324317932,1000.0,1.6171654649078846,675.1332297325134,1000.0,1.2856529476121068
3407872,683.2684097290039,1000.0,1.556556262075901,696.3336906433105,1000.0,1.3750800639390945,695.0121917724609,1000.0,1.282737173140049,675.2405619621277,1000.0,1.35310493176803
3538944,681.7491092681885,1000.0,1.0932078049518168,697.2143831253052,1000.0,1.4890953749418259,692.7375226020813,1000.0,1.3648127689957619,673.1634607315063,1000.0,1.0884672477841377
3670016,681.4297227859497,1000.0,1.3597867786884308,697.0555472373962,1000.0,1.4006838351488113,693.5899457931519,1000.0,1.3326019383966923,675.7176375389099,1000.0,1.3195005115121603
3801088,680.4600281715393,1000.0,1.5418657884001732,697.3455834388733,1000.0,1.546001136302948,696.0931124687195,1000.0,1.641552947461605,677.4233651161194,1000.0,1.5158804394304752
3932160,679.3202137947083,1000.0,1.5089697055518627,695.4674210548401,1000.0,1.5736185871064663,697.4727830886841,1000.0,1.563237015157938,679.9115114212036,1000.0,1.5622631907463074
4063232,680.2852878570557,1000.0,1.579396778717637,693.0641894340515,1000.0,1.4511711150407791,695.0879125595093,1000.0,1.5680820122361183,678.9429655075073,1000.0,1.3004736602306366
4194304,678.9477047920227,1000.0,1.219253271818161,695.3567848205566,1000.0,1.6042365171015263,696.0378847122192,1000.0,1.4442659467458725,676.9764423370361,1000.0,1.3937472477555275
4325376,681.1179213523865,1000.0,1.3364839367568493,695.9314098358154,1000.0,1.4169702008366585,695.2426357269287,1000.0,1.5222494155168533,680.8560194969177,1000.0,1.30052578356117
4456448,683.6642150878906,1000.0,1.2994887176901102,695.5458269119263,1000.0,1.4228356331586838,696.2357835769653,1000.0,1.4687997344881296,681.3443341255188,1000.0,1.3900321293622255
4587520,680.0621161460876,1000.0,1.563129499554634,695.2782621383667,1000.0,1.4734221994876862,695.6181359291077,1000.0,1.6328025124967098,681.6981663703918,1000.0,1.4136233776807785
4718592,678.6285691261292,1000.0,1.4731834698468447,695.4020318984985,1000.0,1.5577443465590477,693.8218884468079,1000.0,1.476419322192669,680.9162359237671,1000.0,1.2521847076714039
4849664,679.90611743927,1000.0,1.3469375455752015,695.9449157714844,1000.0,1.5351056605577469,693.7374367713928,1000.0,1.5250671990215778,681.1718468666077,1000.0,1.6357266306877136
4980736,679.1666922569275,1000.0,1.2527633160352707,697.5017499923706,1000.0,1.5586027950048447,691.4645075798035,1000.0,1.5556442230008543,679.7370619773865,1000.0,1.3212229907512665
5111808,681.3947215080261,1000.0,1.3262707814574242,696.5658917427063,1000.0,1.5108334124088287,692.856369972229,1000.0,1.2144085094332695,681.036572933197,1000.0,1.3963280618190765
5242880,678.2108941078186,1000.0,1.3546034693717957,696.9716019630432,1000.0,1.6050856597721577,692.1697363853455,1000.0,1.2778317593038082,683.5066576004028,1000.0,1.5454617030918598
5373952,679.8904972076416,1000.0,1.4185801967978477,696.3229422569275,1000.0,1.4227323979139328,691.1326017379761,1000.0,1.3314277324825525,680.9999966621399,1000.0,1.3681567907333374
5505024,681.5262055397034,1000.0,1.4897750467061996,697.0849757194519,1000.0,1.2922150194644928,695.2655076980591,1000.0,1.4546314696781337,683.8025469779968,1000.0,1.5002105049788952
5636096,679.8364896774292,1000.0,1.3855734281241894,696.7958540916443,1000.0,1.4499543234705925,691.3043818473816,1000.0,1.6336906012147665,681.1423864364624,1000.0,1.2445395812392235
5767168,681.7458605766296,1000.0,1.4030309543013573,695.378125667572,1000.0,1.7103613168001175,692.1053190231323,1000.0,1.2094008475542068,681.3305869102478,1000.0,1.3981727957725525
5898240,681.5426549911499,1000.0,1.4586085453629494,696.956310749054,1000.0,1.3964070230722427,691.0543451309204,1000.0,1.3276753798127174,680.5652370452881,1000.0,1.3973068371415138
6029312,682.0687503814697,1000.0,1.3385036289691925,697.8108258247375,1000.0,1.3958344515413046,694.1192359924316,1000.0,1.5573060736060143,679.6314306259155,1000.0,1.4546372443437576
6160384,678.9285840988159,1000.0,1.27688760869205,694.9939117431641,1000.0,1.7051376700401306,693.0334892272949,1000.0,1.6175492256879807,680.5717177391052,1000.0,1.4017002061009407
6291456,678.1893486976624,1000.0,1.3091710396111012,695.4628415107727,1000.0,1.5156265050172806,692.8817896842957,1000.0,1.6478783451020718,677.71733045578,1000.0,1.4714364558458328
6422528,678.9461288452148,1000.0,1.4237712919712067,695.6721544265747,1000.0,1.4892770200967789,689.4696807861328,1000.0,1.4711221735924482,680.9099836349487,1000.0,1.3299797773361206
6553600,678.3361749649048,1000.0,1.2363105863332748,698.1916389465332,1000.0,1.6652712784707546,690.3957905769348,1000.0,1.247739389538765,680.2832446098328,1000.0,1.446167517453432
6684672,677.4530520439148,1000.0,1.5968622490763664,699.6318655014038,1000.0,1.4984307289123535,689.8336806297302,1000.0,1.5117272280622274,678.4012637138367,1000.0,1.4608145952224731
6815744,679.2617139816284,1000.0,1.2591958492994308,700.0751738548279,1000.0,1.6377011388540268,691.3578362464905,1000.0,1.6774483695626259,680.3789973258972,1000.0,1.4031856772489846
6946816,678.2373843193054,1000.0,1.2371319383382797,700.245288848877,1000.0,1.4276305176317692,690.6692175865173,1000.0,1.4780053403228521,679.8203783035278,1000.0,1.4378278404474258
7077888,680.3179731369019,1000.0,1.3648976972326636,696.8963565826416,1000.0,1.4715151153504848,689.035089969635,1000.0,1.4664838314056396,681.2804441452026,1000.0,1.3967848755419254
7208960,682.4602346420288,1000.0,1.2817964181303978,697.5392475128174,1000.0,1.5507663954049349,690.7997241020203,1000.0,1.4948592782020569,682.674222946167,1000.0,1.249836951494217
7340032,679.0872325897217,1000.0,1.5054775401949883,697.8633637428284,1000.0,1.5302090644836426,688.1328783035278,1000.0,1.3454177901148796,684.6252431869507,1000.0,1.34226980432868
7471104,680.2160701751709,1000.0,1.4739706926047802,696.563232421875,1000.0,1.4076384417712688,691.5948915481567,1000.0,1.3487009108066559,684.9540438652039,1000.0,1.623500719666481
7602176,680.1185626983643,1000.0,1.450482463464141,696.1713790893555,1000.0,1.4928367175161839,692.2871694564819,1000.0,1.4549028370529413,685.3640484809875,1000.0,1.3243541470728815
7733248,683.1920428276062,1000.0,1.3447533994913101,693.7412624359131,1000.0,1.6073588971048594,691.9993243217468,1000.0,1.4162147156894207,684.232551574707,1000.0,1.5550837069749832
7864320,680.5026788711548,1000.0,1.2202337235212326,692.6861543655396,1000.0,1.2336589843034744,690.4690918922424,1000.0,1.41353349853307,684.0909585952759,1000.0,1.2797474712133408
7995392,677.692225933075,1000.0,1.3611608743667603,692.7279481887817,1000.0,1.478597991168499,691.0975227355957,1000.0,1.383087731897831,684.390531539917,1000.0,1.3905355408787727
8126464,682.0081152915955,1000.0,1.4225291311740875,692.6236853599548,1000.0,1.6727092415094376,691.5763778686523,1000.0,1.412397675216198,686.8279805183411,1000.0,1.138265559449792
8257536,679.9791221618652,1000.0,1.4374002814292908,687.9796586036682,1000.0,1.4428242519497871,689.312370300293,1000.0,1.3631267100572586,684.0884809494019,1000.0,1.3250023927539587
8388608,680.8558840751648,1000.0,1.3577379789203405,686.8696603775024,1000.0,1.5112885385751724,691.1174864768982,1000.0,1.4215954411774874,682.9165797233582,1000.0,1.2458242923021317
8519680,681.538450717926,1000.0,1.3301731534302235,684.5997219085693,1000.0,1.239553689956665,691.3420295715332,1000.0,1.3915431518107653,679.3197746276855,1000.0,1.4818252734839916
8650752,682.570125579834,1000.0,1.3486642837524414,684.3149647712708,1000.0,1.4047152211423963,691.7896671295166,1000.0,1.5620542168617249,680.4290370941162,1000.0,1.309358224272728
8781824,680.6437048912048,1000.0,1.3942033872008324,683.7847537994385,1000.0,1.3035711972042918,691.1558289527893,1000.0,1.2222202010452747,682.1291208267212,1000.0,1.4815785735845566
8912896,684.9979777336121,1000.0,1.2555419504642487,684.9806690216064,1000.0,1.531006708741188,691.4608249664307,1000.0,1.2270163632929325,681.5138850212097,1000.0,1.3049243204295635
9043968,683.8741068840027,1000.0,1.4201321080327034,683.1408829689026,1000.0,1.5756211578845978,692.042884349823,1000.0,1.4268135102465749,683.5397071838379,1000.0,1.3011109423823655
9175040,681.6528806686401,1000.0,1.5194599460810423,684.2009706497192,1000.0,1.3539373148232698,689.2189054489136,1000.0,1.299447825178504,683.1539459228516,1000.0,1.4063277319073677
9306112,679.3798241615295,1000.0,1.3887035995721817,683.7822480201721,1000.0,1.2784655205905437,690.0871424674988,1000.0,1.320598267018795,681.9686207771301,1000.0,1.3645059242844582
9437184,680.7802300453186,1000.0,1.277420461177826,685.3864068984985,1000.0,1.1607960667461157,689.392988204956,1000.0,1.6765005365014076,683.0827598571777,1000.0,1.668170878663659
9568256,681.1367516517639,1000.0,1.3191563729196787,687.7596168518066,1000.0,1.4399584606289864,688.3678550720215,1000.0,1.2216251976788044,681.4148435592651,1000.0,1.3969526216387749
9699328,680.2548723220825,1000.0,1.379480641335249,686.3604693412781,1000.0,1.314924482256174,689.6245965957642,1000.0,1.616690468043089,681.5863342285156,1000.0,1.3853289149701595
9830400,680.7781405448914,1000.0,1.5958184003829956,687.3213262557983,1000.0,1.3455728515982628,690.6291003227234,1000.0,1.4109889715909958,682.5449733734131,1000.0,1.3051514886319637
9961472,680.5345921516418,1000.0,1.2751589715480804,687.5893540382385,1000.0,1.5271406173706055,690.5631289482117,1000.0,1.5627652816474438,680.9101400375366,1000.0,1.2910126764327288
10092544,679.967649936676,1000.0,1.2253710590302944,688.40269947052,1000.0,1.1930612288415432,689.4840717315674,1000.0,1.294531136751175,678.6831998825073,1000.0,1.4120466113090515
10223616,678.9263339042664,1000.0,1.420473763719201,689.1235308647156,1000.0,1.5139452638104558,690.1161274909973,1000.0,1.3723446652293205,679.9227528572083,1000.0,1.3909943848848343
10354688,678.4552669525146,1000.0,1.4834867380559444,688.921139717102,1000.0,1.4338233284652233,691.4906768798828,1000.0,1.3361501023173332,678.3640203475952,1000.0,1.8099767491221428
10485760,680.989164352417,1000.0,1.4539599996060133,688.9664597511292,1000.0,1.3175016939640045,691.2645273208618,1000.0,1.247299188748002,679.8240795135498,1000.0,1.5219225902110338
10616832,679.7822694778442,1000.0,1.510644156485796,692.8340110778809,1000.0,1.3595438338816166,689.391595363617,1000.0,1.5367123931646347,676.7365493774414,1000.0,1.2269561290740967
10747904,679.9204874038696,1000.0,1.5011410862207413,695.8524417877197,1000.0,1.414058793336153,691.1964797973633,1000.0,1.257601834833622,678.0784511566162,1000.0,1.191087607294321
10878976,679.7190532684326,1000.0,1.3940197303891182,695.3661484718323,1000.0,1.3126800507307053,689.1597490310669,1000.0,1.3458997197449207,679.41956615448,1000.0,1.3697995096445084
11010048,681.115065574646,1000.0,1.5797123275697231,692.2222256660461,1000.0,1.4072886295616627,691.8073153495789,1000.0,1.3782256431877613,677.4086623191833,1000.0,1.5368800088763237
11141120,681.2596850395203,1000.0,1.4105529598891735,693.8530993461609,1000.0,1.4647259563207626,690.7392387390137,1000.0,1.6841251067817211,676.4142179489136,1000.0,1.4025028944015503
11272192,682.0263261795044,1000.0,1.3935960046947002,693.6298809051514,1000.0,1.3925305977463722,693.4010028839111,1000.0,1.3791838884353638,679.4539527893066,1000.0,1.456888422369957
11403264,682.4835653305054,1000.0,1.3934946991503239,692.9567675590515,1000.0,1.3172430992126465,689.4506769180298,1000.0,1.3556077813263983,676.5000314712524,1000.0,1.0984694324433804
11534336,677.9520883560181,1000.0,1.208766184747219,693.1140275001526,1000.0,1.5967786759138107,689.8121061325073,1000.0,1.4510774500668049,676.2603096961975,1000.0,1.3381686955690384
11665408,679.221390247345,1000.0,1.2547018378973007,694.7523956298828,1000.0,1.3406132999807596,688.3005018234253,1000.0,1.4866498932242393,673.953558921814,1000.0,1.4061235785484314
11796480,678.4458684921265,1000.0,1.388188697397709,694.1715497970581,1000.0,1.326487846672535,689.7574777603149,1000.0,1.410878160968423,674.3314414024353,1000.0,1.3336505685001612
11927552,679.8091726303101,1000.0,1.1898125782608986,694.5545916557312,1000.0,1.3050594627857208,691.2545795440674,1000.0,1.4421820491552353,676.0118985176086,1000.0,1.3358967825770378
12058624,677.2208466529846,1000.0,1.2984896432608366,694.6705770492554,1000.0,1.355264112353325,688.9157462120056,1000.0,1.4019730240106583,676.4981212615967,1000.0,1.4704355485737324
12189696,676.8170666694641,1000.0,1.3335028514266014,694.002377986908,1000.0,1.3470805324614048,689.2047510147095,1000.0,1.3180467337369919,677.5443806648254,1000.0,1.0955544337630272
12320768,678.3599076271057,1000.0,1.4373247995972633,694.050705909729,1000.0,1.5389747843146324,687.9192581176758,1000.0,1.3213871121406555,679.6297211647034,1000.0,1.441542275249958
12451840,678.9427227973938,1000.0,1.687966987490654,693.347243309021,1000.0,1.3694359119981527,686.4098877906799,1000.0,1.3553387694992125,677.6616740226746,1000.0,1.302046298980713
12582912,677.9830665588379,1000.0,1.470911230891943,694.0606393814087,1000.0,1.4488782733678818,689.1160335540771,1000.0,1.363794431090355,677.5990557670593,1000.0,1.2328799590468407
12713984,677.3063416481018,1000.0,1.428325541317463,694.1820893287659,1000.0,1.5073222313076258,687.72798204422,1000.0,1.489303596317768,680.7899789810181,1000.0,1.3805322796106339
12845056,679.0193448066711,1000.0,1.44265216588974,695.7730779647827,1000.0,1.4369545578956604,688.9967570304871,1000.0,1.3653548061847687,677.985246181488,1000.0,1.2441359981894493
12976128,678.7483038902283,1000.0,1.1586222797632217,695.7406940460205,1000.0,1.3736282512545586,690.7567954063416,1000.0,1.7598907127976418,677.9988770484924,1000.0,1.2230741390958428
13107200,680.5668730735779,1000.0,1.3116525509394705,696.3440022468567,1000.0,1.7448497489094734,690.4757218360901,1000.0,1.2885223180055618,679.169319152832,1000.0,1.5697482898831367
13238272,681.2400250434875,1000.0,1.4566683769226074,695.9267654418945,1000.0,1.5479333903640509,691.8221564292908,1000.0,1.3689906857907772,678.531653881073,1000.0,1.3529974967241287
13369344,683.2802238464355,1000.0,1.4187060222029686,696.86332654953,1000.0,1.3971951305866241,692.8203897476196,1000.0,1.3935953192412853,678.0051136016846,1000.0,1.4327732473611832
13500416,680.9023194313049,1000.0,1.559295229613781,693.5285453796387,1000.0,1.2905020341277122,690.9871754646301,1000.0,1.3391572833061218,678.684148311615,1000.0,1.347217157483101
13631488,682.2213325500488,1000.0,1.2991478741168976,694.8425612449646,1000.0,1.2885017059743404,690.9082670211792,1000.0,1.2979382500052452,680.5858526229858,1000.0,1.5684961937367916
13762560,679.3323268890381,1000.0,1.3717880994081497,695.4616136550903,1000.0,1.540095653384924,689.5775442123413,1000.0,1.4296239539980888,680.4160199165344,1000.0,1.5268339086323977
13893632,681.8147902488708,1000.0,1.2672897763550282,692.9077105522156,1000.0,1.2721574380993843,689.5032596588135,1000.0,1.4336716756224632,677.4873819351196,1000.0,1.3103872165083885
14024704,682.5136475563049,1000.0,1.472984440624714,693.8820877075195,1000.0,1.2739501148462296,691.1330618858337,1000.0,1.6003469079732895,677.1964874267578,1000.0,1.441321924328804
14155776,682.3979196548462,1000.0,1.5500616654753685,693.7668447494507,1000.0,1.5599565897136927,692.7305083274841,1000.0,1.4398007579147816,677.9269213676453,1000.0,1.52032071352005
14286848,678.8414621353149,1000.0,1.5227943658828735,692.03932762146,1000.0,1.3169778436422348,692.5086350440979,1000.0,1.4730073511600494,678.1838431358337,1000.0,1.1205998733639717
14417920,682.6356325149536,1000.0,1.452346496284008,692.6329455375671,1000.0,1.3892520777881145,693.865641117096,1000.0,1.3584586307406425,678.2298851013184,1000.0,1.4229018539190292
14548992,682.8167271614075,1000.0,1.3859544843435287,692.0333981513977,1000.0,1.5235269591212273,692.9867506027222,1000.0,1.4448495209217072,679.6189675331116,1000.0,1.2657155646011233
14680064,681.6665296554565,1000.0,1.2432122901082039,692.7976541519165,1000.0,1.3863033279776573,691.0879273414612,1000.0,1.231833104044199,678.9343276023865,1000.0,1.505917515605688
14811136,683.7292704582214,1000.0,1.3575712144374847,692.3466758728027,1000.0,1.4694186635315418,692.9111113548279,1000.0,1.8854440748691559,679.2481760978699,1000.0,1.4307616390287876
14942208,681.3805055618286,1000.0,1.6403783634305,691.4536418914795,1000.0,1.4064053129404783,693.1432614326477,1000.0,1.42049799580127,678.8897972106934,1000.0,1.3809147365391254
15073280,682.1990661621094,1000.0,1.2772751152515411,691.7694687843323,1000.0,1.3828551759943366,693.8039441108704,1000.0,1.4282791912555695,679.6924715042114,1000.0,1.279072530567646
15204352,679.4278836250305,1000.0,1.3641209919005632,691.4076371192932,1000.0,1.4943521097302437,692.4517312049866,1000.0,1.314228855073452,675.9370312690735,1000.0,1.359846070408821
15335424,677.923882484436,1000.0,1.5374670922756195,691.1099953651428,1000.0,1.6244993396103382,690.6946129798889,1000.0,1.7246498838067055,675.7443428039551,1000.0,1.3210637532174587
15466496,677.6920900344849,1000.0,1.278165988624096,693.3944773674011,1000.0,1.2312892079353333,689.8916711807251,1000.0,1.5236043354962021,674.648419380188,1000.0,1.2796193361282349
15597568,679.3131585121155,1000.0,1.159753829240799,693.304591178894,1000.0,1.4299498423933983,688.6464376449585,1000.0,1.3271595984697342,674.180465221405,1000.0,1.22728474996984
15728640,679.7762317657471,1000.0,1.2725970819592476,694.3642249107361,1000.0,1.2760310731828213,688.7613520622253,1000.0,1.585591271519661,674.4562201499939,1000.0,1.3159838616847992
15859712,679.262291431427,1000.0,1.5830506831407547,694.6354775428772,1000.0,1.557547390460968,689.9657158851624,1000.0,1.5376421473920345,675.409827709198,1000.0,1.3033341318368912
15990784,680.3568549156189,1000.0,1.4389072880148888,696.1939859390259,1000.0,1.5501760356128216,688.0490555763245,1000.0,1.3161357543431222,680.0185480117798,1000.0,1.3580106347799301
16121856,678.019190788269,1000.0,1.278746783733368,694.9614944458008,1000.0,1.2808197820559144,688.0255479812622,1000.0,1.5144593147560954,678.7115454673767,1000.0,1.4011328890919685
16252928,680.1274309158325,1000.0,1.472598522901535,694.9298329353333,1000.0,1.4472040832042694,688.8401613235474,1000.0,1.3911407589912415,678.4026036262512,1000.0,1.4545435905456543
16384000,682.2893714904785,1000.0,1.558349709957838,693.7624096870422,1000.0,1.5324628222733736,687.0268244743347,1000.0,1.3258032612502575,675.074583530426,1000.0,1.2169592753052711
16515072,681.8838381767273,1000.0,1.414995700120926,694.9473896026611,1000.0,1.5579048730432987,687.8879237174988,1000.0,1.1744071478024125,675.9210367202759,1000.0,1.3434417378157377
16646144,681.1843166351318,1000.0,1.3534208117052913,695.4259738922119,1000.0,1.3818809688091278,689.5914077758789,1000.0,1.2529579252004623,676.0234341621399,1000.0,1.394848570227623
16777216,684.2028136253357,1000.0,1.2297206446528435,696.8245391845703,1000.0,1.3171588107943535,688.2039794921875,1000.0,1.2281471006572247,674.0895829200745,1000.0,1.5504475980997086
16908288,682.1975555419922,1000.0,1.0706075429916382,694.4217882156372,1000.0,1.264755792915821,687.8704051971436,1000.0,1.2261799555271864,674.9306292533875,1000.0,1.227365404367447
17039360,686.2208871841431,1000.0,1.4656664663925767,694.3002014160156,1000.0,1.3616906944662333,689.6612982749939,1000.0,1.316651590168476,673.8636288642883,1000.0,1.2390525415539742
17170432,683.714882850647,1000.0,1.5864248797297478,694.7788925170898,1000.0,1.4519302267581224,691.7011399269104,1000.0,1.3707167580723763,674.1969237327576,1000.0,1.4285712838172913
17301504,687.1683721542358,1000.0,1.421681889332831,695.5920190811157,1000.0,1.397526428103447,690.4884300231934,1000.0,1.2490857690572739,673.7118577957153,1000.0,1.4339959723874927
17432576,685.9261827468872,1000.0,1.543115921318531,697.5573472976685,1000.0,1.9220951199531555,692.5020179748535,1000.0,1.3652884848415852,673.1632308959961,1000.0,1.2963011963292956
17563648,685.3309774398804,1000.0,1.5755118653178215,695.313636302948,1000.0,1.519248902797699,690.0193200111389,1000.0,1.483541514724493,672.7898259162903,1000.0,1.4353992156684399
17694720,687.9900422096252,1000.0,1.3141542579978704,695.5731110572815,1000.0,1.442660593893379,690.0631175041199,1000.0,1.3384411968290806,674.0331597328186,1000.0,1.5439877659082413
17825792,687.8806686401367,1000.0,1.2934530302882195,693.5520000457764,1000.0,1.2318725921213627,690.3094425201416,1000.0,1.389611877501011,672.1988759040833,1000.0,1.4389173556119204
17956864,687.5833926200867,1000.0,1.3839555270969868,694.3054232597351,1000.0,1.6278497180901468,692.8019380569458,1000.0,1.6036783903837204,673.5283937454224,1000.0,1.3364901915192604
18087936,687.6248021125793,1000.0,1.5194867588579655,695.6691160202026,1000.0,1.5100056193768978,693.52872133255,1000.0,1.5415866319090128,675.8272862434387,1000.0,1.3711294680833817
18219008,685.1187968254089,1000.0,1.2967460118234158,694.5465469360352,1000.0,1.522318210452795,695.5159335136414,1000.0,1.4670074759051204,674.2235798835754,1000.0,1.3382313586771488
18350080,685.3171548843384,1000.0,1.5620512925088406,694.0903902053833,1000.0,1.358181024901569,694.729145526886,1000.0,1.5621405839920044,673.3835649490356,1000.0,1.490701124072075
18481152,682.822705745697,1000.0,1.5225993283092976,694.0358295440674,1000.0,1.4541172608733177,697.8970909118652,1000.0,1.4342340230941772,670.4826955795288,1000.0,1.3037535175681114
18612224,683.1284341812134,1000.0,1.4731600359082222,696.1439027786255,1000.0,1.4042597124353051,698.7830567359924,1000.0,1.663495883345604,674.272894859314,1000.0,1.3959899470210075
18743296,683.6693844795227,1000.0,1.3547832369804382,695.1001739501953,1000.0,1.4921588767319918,696.7268767356873,1000.0,1.3686253484338522,674.3069891929626,1000.0,1.4015333596616983
18874368,685.0510392189026,1000.0,1.4542577750980854,693.6774230003357,1000.0,1.399824634194374,696.7515616416931,1000.0,1.3658618032932281,676.1481394767761,1000.0,1.3801257982850075
19005440,686.0088586807251,1000.0,1.3887743651866913,693.6688303947449,1000.0,1.3762818574905396,697.831850528717,1000.0,1.8697225898504257,676.2872843742371,1000.0,1.468479335308075
19136512,682.1298813819885,1000.0,1.4562471564859152,693.9391584396362,1000.0,1.3186563234776258,693.5513768196106,1000.0,1.434070450719446,675.6780958175659,1000.0,1.4241806119680405
19267584,683.5473194122314,1000.0,1.3390746023505926,692.8065638542175,1000.0,1.3744826093316078,694.5241785049438,1000.0,1.5354804396629333,676.3689894676208,1000.0,1.4212687388062477
19398656,683.8825006484985,1000.0,1.31163286883384,691.015266418457,1000.0,1.2582828421145678,693.4093160629272,1000.0,1.6364823132753372,676.6008424758911,1000.0,1.348033145070076
19529728,682.3731217384338,1000.0,1.3795972540974617,689.7464327812195,1000.0,1.2757072821259499,691.9767637252808,1000.0,1.400736790150404,672.335214138031,1000.0,1.5155847277492285
19660800,685.8715796470642,1000.0,1.4592197872698307,691.8271498680115,1000.0,1.3648098781704903,696.0141372680664,1000.0,1.5047531388700008,676.595760345459,1000.0,1.316160574555397
19791872,686.4699568748474,1000.0,1.5306163765490055,690.811297416687,1000.0,1.4694316759705544,691.7833714485168,1000.0,1.445906549692154,675.5435709953308,1000.0,1.5247776731848717
19922944,685.5971446037292,1000.0,1.268939808011055,691.0192742347717,1000.0,1.4472487829625607,694.9767360687256,1000.0,1.410108756273985,677.7637777328491,1000.0,1.4324812134727836
20054016,684.3830552101135,1000.0,1.431467466056347,691.9769043922424,1000.0,1.1644877046346664,694.7225241661072,1000.0,1.489821933209896,678.2150764465332,1000.0,1.2799990251660347
20185088,686.0272064208984,1000.0,1.4609808251261711,691.6936693191528,1000.0,1.4675133377313614,693.9518594741821,1000.0,1.4345141723752022,679.3118715286255,1000.0,1.3300377950072289
20316160,684.1750626564026,1000.0,1.4041594974696636,692.791054725647,1000.0,1.5201881378889084,694.0261387825012,1000.0,1.3694195598363876,676.9729866981506,1000.0,1.1869751731865108
20447232,683.5496459007263,1000.0,1.5680082999169827,691.4703321456909,1000.0,1.4682933539152145,693.2422394752502,1000.0,1.532086469233036,679.286961555481,1000.0,1.3390950746834278
20578304,686.4509863853455,1000.0,1.3364898338913918,692.6751027107239,1000.0,1.526510201394558,696.695481300354,1000.0,1.6461994871497154,679.9070072174072,1000.0,1.4795593321323395
20709376,684.8046245574951,1000.0,1.3296596109867096,689.1747064590454,1000.0,1.3559038117527962,695.3591756820679,1000.0,1.5124372839927673,676.0671319961548,1000.0,1.4501557354815304
20840448,682.3376121520996,1000.0,1.4473523385822773,687.3599128723145,1000.0,1.207302287220955,694.1435804367065,1000.0,1.220019206404686,676.3692984580994,1000.0,1.3281088396906853
20971520,682.0714087486267,1000.0,1.3985004927963018,688.674590587616,1000.0,1.474812064319849,691.4409508705139,1000.0,1.3593124449253082,675.8306994438171,1000.0,1.2627398651093245
21102592,682.2665390968323,1000.0,1.5395988170057535,687.6027245521545,1000.0,1.3789983429014683,693.4312252998352,1000.0,1.5389971807599068,675.326605796814,1000.0,1.2956078741699457
21233664,680.954240322113,1000.0,1.282354036346078,687.2963852882385,1000.0,1.3071360550820827,694.4868612289429,1000.0,1.576149519532919,676.044340133667,1000.0,1.6122982054948807
21364736,679.8017992973328,1000.0,1.2980094868689775,687.3552861213684,1000.0,1.2840063273906708,693.6838603019714,1000.0,1.533707743510604,674.2314019203186,1000.0,1.513434436172247
21495808,678.743278503418,1000.0,1.5149648068472743,686.3361477851868,1000.0,1.4916224936023355,692.0275845527649,1000.0,1.270340034738183,676.0479378700256,1000.0,1.168870659545064
21626880,676.1288146972656,1000.0,1.5312819611281157,686.178409576416,1000.0,1.445897120051086,690.5548243522644,1000.0,1.530569076538086,674.8658270835876,1000.0,1.5549686700105667
21757952,677.4478001594543,1000.0,1.0797618180513382,686.3127875328064,1000.0,1.472438059747219,694.563681602478,1000.0,1.3485764767974615,674.939178943634,1000.0,1.236432434991002
21889024,678.2236886024475,1000.0,1.6515839137136936,684.6413559913635,1000.0,1.3647566363215446,691.7925596237183,1000.0,1.5096515975892544,675.57781457901,1000.0,1.2610264122486115
22020096,677.3068656921387,1000.0,1.2997980061918497,686.1034264564514,1000.0,1.3066829801537097,693.9751424789429,1000.0,1.546672385185957,677.2602114677429,1000.0,1.4558666413649917
22151168,677.2069435119629,1000.0,1.4554312485270202,686.8905582427979,1000.0,1.3851762004196644,690.7292575836182,1000.0,1.345691628754139,679.5733690261841,1000.0,1.2170928493142128
22282240,679.6637749671936,1000.0,1.2483550906181335,685.8371205329895,1000.0,1.6915602963417768,692.3121395111084,1000.0,1.10940314643085,677.9935345649719,1000.0,1.2907256968319416
22413312,677.5533685684204,1000.0,1.3171708676964045,685.8501691818237,1000.0,1.3936068937182426,693.0883831977844,1000.0,1.541366247460246,679.4926748275757,1000.0,1.4104806706309319
22544384,679.0615100860596,1000.0,1.2580420672893524,685.4641494750977,1000.0,1.4312622854486108,690.4183917045593,1000.0,1.6146489083766937,679.1828866004944,1000.0,1.4129887819290161
22675456,678.7879333496094,1000.0,1.2424693405628204,686.6548347473145,1000.0,1.4384496733546257,692.5750946998596,1000.0,1.2418927224352956,681.0894021987915,1000.0,1.369298318400979
22806528,679.6584706306458,1000.0,1.5392377926036716,685.6571655273438,1000.0,1.5002257078886032,690.2849578857422,1000.0,1.411282667890191,677.5394592285156,1000.0,1.442184753715992
22937600,679.2547612190247,1000.0,1.3321179747581482,687.5973825454712,1000.0,1.5862607546150684,691.3661231994629,1000.0,1.692698524799198,677.0583882331848,1000.0,1.38394033908844
23068672,682.8715677261353,1000.0,1.35128678008914,685.5917639732361,1000.0,1.3643413037061691,691.2679505348206,1000.0,1.5781238302588463,677.7113285064697,1000.0,1.2932861130684614
23199744,682.8288016319275,1000.0,1.3430536817759275,687.4236540794373,1000.0,1.3046194650232792,689.9019193649292,1000.0,1.4041919922456145,676.1482930183411,1000.0,1.352954337373376
23330816,681.1627187728882,1000.0,1.5420860052108765,686.6995811462402,1000.0,1.5381987188011408,689.7542586326599,1000.0,1.642223922535777,674.0057983398438,1000.0,1.3642476946115494
23461888,682.6041765213013,1000.0,1.3675239719450474,688.5925240516663,1000.0,1.528425931930542,689.5420241355896,1000.0,1.306890744715929,674.9425492286682,1000.0,1.40103729814291
23592960,683.1386885643005,1000.0,1.304182012565434,688.458655834198,1000.0,1.1910450756549835,687.261342048645,1000.0,1.5615023002028465,674.3476519584656,1000.0,1.3949601389467716
23724032,680.0493631362915,1000.0,1.4048917889595032,686.7171540260315,1000.0,1.4271625764667988,688.734375,1000.0,1.5158511810004711,675.0433568954468,1000.0,1.2859532572329044
23855104,681.4717421531677,1000.0,1.1474845334887505,690.469512462616,1000.0,1.5215639024972916,687.0930233001709,1000.0,1.2991926055401564,675.7722854614258,1000.0,1.3009540513157845
23986176,680.6779952049255,1000.0,1.254383623600006,688.9155631065369,1000.0,1.573790267109871,686.2925667762756,1000.0,1.2985562086105347,675.0245938301086,1000.0,1.3056742511689663
24117248,678.5933756828308,1000.0,1.3342761769890785,688.2905435562134,1000.0,1.3643000088632107,685.0384049415588,1000.0,1.4287036210298538,671.9820599555969,1000.0,1.1802920252084732
24248320,675.5168619155884,1000.0,1.203516960144043,690.2594246864319,1000.0,1.3663008520379663,683.7952523231506,1000.0,1.4409849233925343,670.7716364860535,1000.0,1.4413755796849728
24379392,677.8899102210999,1000.0,1.2554394826292992,688.0969066619873,1000.0,1.2599002681672573,686.3602523803711,1000.0,1.4310685843229294,670.456440448761,1000.0,1.2733548115938902
24510464,678.3044986724854,1000.0,1.472166832536459,689.3301210403442,1000.0,1.4577422887086868,687.3910388946533,1000.0,1.2420098334550858,668.3698291778564,1000.0,1.3907772228121758
24641536,679.3728828430176,1000.0,1.7205605506896973,689.8954153060913,1000.0,1.4714636504650116,685.0937886238098,1000.0,1.4037752533331513,668.4358167648315,1000.0,1.2170653901994228
24772608,681.4362864494324,1000.0,1.4138761758804321,691.7491984367371,1000.0,1.501585230231285,684.4624872207642,1000.0,1.3428631648421288,669.6068902015686,1000.0,1.2578825652599335
24903680,679.3031506538391,1000.0,1.427704356610775,686.8707666397095,1000.0,1.3502607066184282,683.217378616333,1000.0,1.1130946576595306,670.8680515289307,1000.0,1.1839906573295593
25034752,679.2490992546082,1000.0,1.2825575470924377,686.1984658241272,1000.0,1.5138356871902943,683.8601245880127,1000.0,1.2873039692640305,672.469172000885,1000.0,1.3974377810955048
25165824,678.0285038948059,1000.0,1.4244652390480042,686.039370059967,1000.0,1.5146565437316895,683.4813075065613,1000.0,1.249107513576746,671.8307228088379,1000.0,1.5632587913423777
25296896,680.6505117416382,1000.0,1.3118264600634575,684.9852085113525,1000.0,1.328691691160202,681.7955255508423,1000.0,1.3326180763542652,673.8009796142578,1000.0,1.3070214986801147
25427968,681.839138507843,1000.0,1.2802920639514923,686.2993950843811,1000.0,1.4200451094657183,682.7739057540894,1000.0,1.4191622082144022,672.8920726776123,1000.0,1.264654241502285
25559040,681.0500254631042,1000.0,1.3616497814655304,685.0490078926086,1000.0,1.3585058599710464,679.9633722305298,1000.0,1.7718232572078705,671.1889367103577,1000.0,1.2643618732690811
25690112,678.2846369743347,1000.0,1.4647999554872513,682.4998545646667,1000.0,1.3649051636457443,679.4709029197693,1000.0,1.280944336205721,671.386625289917,1000.0,1.1593784224241972
25821184,680.1699919700623,1000.0,1.5536679029464722,682.5211210250854,1000.0,1.4121888652443886,680.5009984970093,1000.0,1.4894700162112713,674.7784290313721,1000.0,1.4389024004340172
25952256,678.0905685424805,1000.0,1.1204414069652557,680.7239003181458,1000.0,1.3711470132693648,678.7873778343201,1000.0,1.133201828226447,673.0890169143677,1000.0,1.2324121035635471
26083328,677.919195652008,1000.0,1.3353098332881927,683.3085489273071,1000.0,1.3287114650011063,681.5365114212036,1000.0,1.2646759897470474,673.2250452041626,1000.0,1.390826527029276
26214400,678.6178407669067,1000.0,1.2970772832632065,681.6929197311401,1000.0,1.230041354894638,682.4590668678284,1000.0,1.3577083721756935,673.5712904930115,1000.0,1.0948730520904064
26345472,679.6761083602905,1000.0,1.2187354862689972,682.9833998680115,1000.0,1.1648740023374557,681.3833017349243,1000.0,1.4625002909451723,673.1969962120056,1000.0,1.3269165307283401
26476544,679.1885223388672,1000.0,1.2606515660881996,684.965564250946,1000.0,1.3969620689749718,684.3946852684021,1000.0,1.5997255332767963,674.9247174263,1000.0,1.3908426389098167
26607616,678.6837978363037,1000.0,1.21218940615654,687.3764820098877,1000.0,1.5917012430727482,681.0295701026917,1000.0,1.605991274351254,672.0491895675659,1000.0,1.4764290824532509
26738688,676.2560038566589,1000.0,1.3209276152774692,687.8140559196472,1000.0,1.5700672194361687,680.8778624534607,1000.0,1.423329472541809,673.2025609016418,1000.0,1.517583116889
26869760,677.5457463264465,1000.0,1.4158579297363758,687.0260992050171,1000.0,1.5492042298428714,680.8900256156921,1000.0,1.5601940900087357,669.7386474609375,1000.0,1.2815120369195938
27000832,677.6318922042847,1000.0,1.3342603705823421,685.4420518875122,1000.0,1.47300074249506,678.3383660316467,1000.0,1.4221452698111534,667.8224263191223,1000.0,1.5450952053070068
27131904,677.0186543464661,1000.0,1.4062993600964546,685.0958619117737,1000.0,1.3956782445311546,680.3757286071777,1000.0,1.448823882266879,669.748242855072,1000.0,1.2006257139146328
27262976,675.3985767364502,1000.0,1.583481878042221,688.6171970367432,1000.0,1.5139971990138292,677.7374229431152,1000.0,1.467160802334547,667.7939319610596,1000.0,1.2531018480658531
27394048,674.8955936431885,1000.0,1.4305241852998734,688.2289133071899,1000.0,1.2443396374583244,679.967276096344,1000.0,1.3479607068002224,671.6423487663269,1000.0,1.426232049241662
27525120,675.1087093353271,1000.0,1.2040244787931442,688.6607713699341,1000.0,1.3863483108580112,678.9349431991577,1000.0,1.4393692146986723,669.3441767692566,1000.0,1.3273043558001518
27656192,675.298276424408,1000.0,1.280536100268364,687.1898908615112,1000.0,1.4514510817825794,677.6948156356812,1000.0,1.2898809909820557,668.7735028266907,1000.0,1.4008999429643154
27787264,675.4024848937988,1000.0,1.3385187536478043,689.0460157394409,1000.0,1.5936270207166672,678.1320447921753,1000.0,1.174958661198616,671.5939106941223,1000.0,1.3053923845291138
27918336,677.7110133171082,1000.0,1.589728258550167,688.1818623542786,1000.0,1.338335132226348,677.059877872467,1000.0,1.4059281572699547,672.7305817604065,1000.0,1.3330066706985235
28049408,675.4067363739014,1000.0,1.3877682648599148,688.975145816803,1000.0,1.397917179390788,678.0930433273315,1000.0,1.2751131728291512,672.1232023239136,1000.0,1.406873568892479
28180480,678.2845578193665,1000.0,1.4621064625680447,688.8267769813538,1000.0,1.4978412091732025,678.6590890884399,1000.0,1.2638038992881775,672.7847948074341,1000.0,1.3149919509887695
28311552,677.0038137435913,1000.0,1.3289655856788158,686.8634099960327,1000.0,1.3583215679973364,680.2410645484924,1000.0,1.4511740803718567,673.4177355766296,1000.0,1.2493795603513718
28442624,679.8424425125122,1000.0,1.2475025337189436,689.4179310798645,1000.0,1.4178614560514688,681.5333027839661,1000.0,1.1910728737711906,672.6643404960632,1000.0,1.5140753388404846
28573696,678.8873381614685,1000.0,1.5043764226138592,687.4741587638855,1000.0,1.416953507810831,680.228756904602,1000.0,1.4450464844703674,673.197283744812,1000.0,1.391986832022667
28704768,678.0459170341492,1000.0,1.2783282399177551,685.3528528213501,1000.0,1.2709056977182627,681.0752062797546,1000.0,1.503832470625639,672.4283165931702,1000.0,1.2709289751946926
28835840,676.7176623344421,1000.0,1.322061449289322,685.7538371086121,1000.0,1.4850967898964882,677.4076399803162,1000.0,1.4729222878813744,671.4339294433594,1000.0,1.1335327234119177
28966912,679.6179814338684,1000.0,1.4551070183515549,688.2560758590698,1000.0,1.3916938565671444,678.2447128295898,1000.0,1.3925415221601725,671.9975485801697,1000.0,1.2989971786737442
29097984,677.9464931488037,1000.0,1.1481452658772469,688.5074191093445,1000.0,1.179072730243206,680.6213140487671,1000.0,1.3951094709336758,674.1091709136963,1000.0,1.407023310661316
29229056,678.7324485778809,1000.0,1.3502019550651312,688.3666496276855,1000.0,1.5512715354561806,680.3703174591064,1000.0,1.3521226942539215,675.196033000946,1000.0,1.217985381372273
29360128,679.0171613693237,1000.0,1.5034300796687603,688.4453935623169,1000.0,1.3154097404330969,680.2465391159058,1000.0,1.3070689421147108,675.4655046463013,1000.0,1.3865022212266922
29491200,678.2356357574463,1000.0,1.2110278569161892,687.2969031333923,1000.0,1.4817224517464638,679.0103535652161,1000.0,1.4931645337492228,673.9115080833435,1000.0,1.3497315049171448
29622272,677.381911277771,1000.0,1.1938552483916283,686.0258026123047,1000.0,1.450206182897091,678.382884979248,1000.0,1.270080417394638,675.8737683296204,1000.0,1.360168695449829
29753344,675.9169960021973,1000.0,1.0848287269473076,685.1098237037659,1000.0,1.4158275071531534,679.926127910614,1000.0,1.329866148531437,674.4885468482971,1000.0,1.2885793074965477
29884416,676.6146640777588,1000.0,1.4346781894564629,686.23020362854,1000.0,1.3775643184781075,677.6838736534119,1000.0,1.293084405362606,672.8787207603455,1000.0,1.0524744614958763
30015488,675.5055837631226,1000.0,1.469247967004776,683.9410552978516,1000.0,1.5070055201649666,678.7136187553406,1000.0,1.5566214844584465,673.8202061653137,1000.0,1.4872594401240349
30146560,675.4265871047974,1000.0,1.4095975756645203,686.297043800354,1000.0,1.5930966511368752,678.2681088447571,1000.0,1.2545204162597656,675.7566075325012,1000.0,1.3842499535530806
30277632,676.5381579399109,1000.0,1.0524719581007957,685.8225936889648,1000.0,1.3964719325304031,678.7995619773865,1000.0,1.4392711445689201,676.9115505218506,1000.0,1.4029846107587218
30408704,676.8213500976562,1000.0,1.3705917745828629,687.2912311553955,1000.0,1.3487874399870634,681.0087742805481,1000.0,1.3560242988169193,676.36842918396,1000.0,1.2190416418015957
30539776,675.1324949264526,1000.0,1.3738571554422379,690.5871591567993,1000.0,1.5093573182821274,679.240861415863,1000.0,1.4954976364970207,676.8884482383728,1000.0,1.4482579585164785
30670848,673.1284499168396,1000.0,1.3731985352933407,690.1425156593323,1000.0,1.4801460057497025,679.575445652008,1000.0,1.4767576772719622,675.2493147850037,1000.0,1.372706651687622
30801920,674.327437877655,1000.0,1.4205647706985474,689.5538744926453,1000.0,1.3537526652216911,679.4063968658447,1000.0,1.4560080245137215,674.5452303886414,1000.0,1.4660844206809998
30932992,673.8162341117859,1000.0,1.432714443653822,689.1644868850708,1000.0,1.5701838871464133,677.8555927276611,1000.0,1.410720318555832,675.0613942146301,1000.0,1.4211537726223469
31064064,673.2221922874451,1000.0,1.3813654370605946,689.1633615493774,1000.0,1.3309596180915833,678.9804601669312,1000.0,1.4206196870654821,674.5120005607605,1000.0,1.186802551150322
31195136,676.7944922447205,1000.0,1.2702852115035057,688.1191372871399,1000.0,1.5548035576939583,680.1466708183289,1000.0,1.3713688403367996,675.7259793281555,1000.0,1.4609677381813526
31326208,677.0707597732544,1000.0,1.3214886076748371,687.379759311676,1000.0,1.2297631576657295,681.528037071228,1000.0,1.2700804024934769,673.3504161834717,1000.0,1.2376558035612106
31457280,676.5503263473511,1000.0,1.4759503155946732,688.1265935897827,1000.0,1.2524803131818771,681.4500460624695,1000.0,1.3613092079758644,671.2669186592102,1000.0,1.1599373957142234
31588352,673.0028600692749,1000.0,1.2952996310777962,689.3332357406616,1000.0,1.401952140033245,682.3784327507019,1000.0,1.2858326807618141,672.8079552650452,1000.0,1.3780733048915863
31719424,675.2633771896362,1000.0,1.4452861957252026,688.2339043617249,1000.0,1.4521727748215199,684.4546813964844,1000.0,1.6004358753561974,673.531445980072,1000.0,1.3057447895407677
31850496,674.6474180221558,1000.0,1.1378621757030487,687.4585456848145,1000.0,1.4534288831055164,681.2648243904114,1000.0,1.4066186491400003,672.2945213317871,1000.0,1.3075426649302244
31981568,674.2730069160461,1000.0,1.2908450476825237,689.1312518119812,1000.0,1.414129450917244,682.4914975166321,1000.0,1.3661145567893982,673.1566410064697,1000.0,1.3546153008937836
32112640,675.152135848999,1000.0,1.4955520555377007,688.9496936798096,1000.0,1.1578935515135527,682.1360516548157,1000.0,1.4756902754306793,673.3027935028076,1000.0,1.4525771588087082
32243712,672.9049324989319,1000.0,1.351929396390915,689.3814735412598,1000.0,1.3043137788772583,678.5292119979858,1000.0,1.3399842604994774,672.5805025100708,1000.0,1.4735094662755728
32374784,673.5636057853699,1000.0,1.4378193225711584,690.3040342330933,1000.0,1.3403044790029526,676.4036846160889,1000.0,1.191912765149027,674.00816822052,1000.0,1.2458921000361443
32505856,673.7331113815308,1000.0,1.3942026905715466,690.6500720977783,1000.0,1.4154123477637768,678.5719704627991,1000.0,1.3122119754552841,674.1444697380066,1000.0,1.2622864171862602
32636928,672.933901309967,1000.0,1.3306939490139484,690.4705882072449,1000.0,1.3938045175746083,676.2355513572693,1000.0,1.3002771530300379,673.6502423286438,1000.0,1.661984808743
32768000,675.102620601654,1000.0,1.6672360822558403,691.5913758277893,1000.0,1.4297732263803482,678.7234287261963,1000.0,1.4823293834924698,674.4771161079407,1000.0,1.493063636124134
32899072,675.5234460830688,1000.0,1.25088731944561,690.7890791893005,1000.0,1.487584413960576,677.3212628364563,1000.0,1.4250717014074326,675.3080925941467,1000.0,1.3325767889618874
33030144,674.1737780570984,1000.0,1.2831826992332935,693.1959462165833,1000.0,1.50251454859972,680.5906782150269,1000.0,1.4221672862768173,676.0761766433716,1000.0,1.2806327491998672
33161216,676.9547762870789,1000.0,1.5147545114159584,691.1814436912537,1000.0,1.3572958111763,678.3595161437988,1000.0,1.347756071947515,674.5296139717102,1000.0,1.5310264378786087
33292288,676.2329697608948,1000.0,1.6231588628143072,688.5157651901245,1000.0,1.5696293264627457,681.6600065231323,1000.0,1.2831121981143951,674.393807888031,1000.0,1.4267932772636414
33423360,678.348644733429,1000.0,1.4193530455231667,691.1047735214233,1000.0,1.3940501846373081,679.3138875961304,1000.0,1.1678800135850906,673.5635294914246,1000.0,1.3603566698729992
33554432,677.6767740249634,1000.0,1.3937304094433784,690.6336846351624,1000.0,1.5294972956180573,679.4332089424133,1000.0,1.3356594741344452,673.9852070808411,1000.0,1.2655996177345514
33685504,678.1740522384644,1000.0,1.1543552875518799,689.9389009475708,1000.0,1.4648521468043327,678.2563843727112,1000.0,1.5714831855148077,674.4224724769592,1000.0,1.299422338604927
33816576,679.8128371238708,1000.0,1.3451555212959647,692.0698957443237,1000.0,1.6227624490857124,680.8854336738586,1000.0,1.2545464672148228,673.2498888969421,1000.0,1.357074799016118
33947648,678.4005832672119,1000.0,1.3295006658881903,689.9359097480774,1000.0,1.3518434837460518,681.7208633422852,1000.0,1.3080333359539509,673.878068447113,1000.0,1.096163073554635
34078720,679.3449387550354,1000.0,1.4102070927619934,693.0137996673584,1000.0,1.4906197600066662,683.1164412498474,1000.0,1.420726902782917,673.976921081543,1000.0,1.5033905636519194
34209792,678.8870067596436,1000.0,1.0555255990475416,695.7363367080688,1000.0,1.498953402042389,681.8128042221069,1000.0,1.3443010561168194,673.410352230072,1000.0,1.4280445501208305
34340864,678.0839085578918,1000.0,1.352124061435461,694.1353168487549,1000.0,1.584769144654274,681.794234752655,1000.0,1.3392216712236404,676.4746899604797,1000.0,1.3616781365126371
34471936,679.336763381958,1000.0,1.4004929810762405,694.3305172920227,1000.0,1.443998634815216,681.4160356521606,1000.0,1.3235626332461834,673.1151218414307,1000.0,1.4682226721197367
34603008,679.537504196167,1000.0,1.3640420734882355,696.0481581687927,1000.0,1.535601656883955,680.6165862083435,1000.0,1.607517035678029,672.9688649177551,1000.0,1.4139795452356339
34734080,676.1584639549255,1000.0,1.4091915637254715,695.408661365509,1000.0,1.4109066557139158,680.415602684021,1000.0,1.6213763877749443,674.2543926239014,1000.0,1.211590986698866
34865152,676.5624127388,1000.0,1.3204521909356117,694.236367225647,1000.0,1.391579993069172,679.3417773246765,1000.0,1.4267112025991082,674.1193690299988,1000.0,1.2269517444074154
34996224,674.4852242469788,1000.0,1.1592626832425594,692.7632613182068,1000.0,1.3707271283492446,677.9485859870911,1000.0,1.4840367287397385,672.931453704834,1000.0,1.4779637455940247
35127296,677.5728716850281,1000.0,1.3305789902806282,695.6915082931519,1000.0,1.4577693566679955,681.0172204971313,1000.0,1.1726836562156677,676.2618436813354,1000.0,1.3655698113143444
35258368,675.4389495849609,1000.0,1.3462840039283037,691.4325685501099,1000.0,1.732713621109724,678.2805104255676,1000.0,1.2696280949749053,674.7032475471497,1000.0,1.3850416466593742
35389440,674.9980502128601,1000.0,1.308600753545761,690.7540202140808,1000.0,1.4773215092718601,678.5773859024048,1000.0,1.377830708399415,676.3591952323914,1000.0,1.5158410295844078
35520512,676.3722214698792,1000.0,1.802499020472169,690.1453976631165,1000.0,1.5154629275202751,680.927764415741,1000.0,1.3682805988937616,675.3781976699829,1000.0,1.3460652586072683
35651584,674.6756114959717,1000.0,1.126112064346671,691.6636452674866,1000.0,1.3104203455150127,681.068431854248,1000.0,1.5613639652729034,675.1821055412292,1000.0,1.4971632505767047
35782656,675.7807884216309,1000.0,1.434636576101184,691.4617929458618,1000.0,1.422212839126587,679.2765893936157,1000.0,1.412986934185028,673.5948309898376,1000.0,1.383674643933773
35913728,676.0329208374023,1000.0,1.306586291640997,689.0366077423096,1000.0,1.5871161743998528,679.0606336593628,1000.0,1.360717210918665,673.2880053520203,1000.0,1.319269098341465
36044800,676.8473372459412,1000.0,1.2983629256486893,690.7460060119629,1000.0,1.4879282489418983,680.8349204063416,1000.0,1.4369884096086025,673.400429725647,1000.0,1.3421701844781637
36175872,675.538743019104,1000.0,1.3827701285481453,693.7286829948425,1000.0,1.3792709521949291,684.0144510269165,1000.0,1.5429799109697342,677.742214679718,1000.0,1.3284118436276913
36306944,676.5590138435364,1000.0,1.4509790427982807,692.9653077125549,1000.0,1.381526367738843,683.3102359771729,1000.0,1.423977930098772,677.9471697807312,1000.0,1.6989256739616394
36438016,678.7528710365295,1000.0,1.3362196530215442,693.0104079246521,1000.0,1.288849350064993,679.8586673736572,1000.0,1.4206319376826286,675.238254070282,1000.0,1.1438332982361317
36569088,675.3590173721313,1000.0,1.5224824231117964,692.8825993537903,1000.0,1.5712359258905053,682.9221792221069,1000.0,1.5022332519292831,676.1438732147217,1000.0,1.4340071827173233
36700160,675.616358757019,1000.0,1.4297699332237244,691.4132857322693,1000.0,1.4566870108246803,681.7869300842285,1000.0,1.4775277152657509,676.3144612312317,1000.0,1.334498107433319
36831232,675.0138731002808,1000.0,1.3713920637965202,692.043794631958,1000.0,1.5266772583127022,680.8031721115112,1000.0,1.5840531811118126,677.0399150848389,1000.0,1.671018574386835
36962304,675.5950365066528,1000.0,1.3212643787264824,693.6193799972534,1000.0,1.4755984917283058,684.0208792686462,1000.0,1.3796957805752754,678.6345963478088,1000.0,1.4192673452198505
37093376,675.3117332458496,1000.0,1.631006507202983,692.4801025390625,1000.0,1.622015981003642,682.491979598999,1000.0,1.4408875983208418,678.0004897117615,1000.0,1.4244386851787567
37224448,672.4985389709473,1000.0,1.1975013967603445,693.0594830513,1000.0,1.4756335578858852,683.0487604141235,1000.0,1.466740369796753,678.7807168960571,1000.0,1.3568807328119874
37355520,673.1477694511414,1000.0,1.5550085827708244,691.5439591407776,1000.0,1.6458446157630533,682.3855671882629,1000.0,1.5165343875996768,679.2082433700562,1000.0,1.282626524567604
37486592,673.9097957611084,1000.0,1.2417650055140257,691.3286867141724,1000.0,1.1446758955717087,681.1027193069458,1000.0,1.2254439443349838,677.2611198425293,1000.0,1.384613063186407
37617664,673.5347557067871,1000.0,1.1668530255556107,689.4585828781128,1000.0,1.3084530010819435,680.680335521698,1000.0,1.3082569018006325,677.6779580116272,1000.0,1.4689908139407635
37748736,675.1749238967896,1000.0,1.3286861395463347,690.64417552948,1000.0,1.3064642753452063,683.4854736328125,1000.0,1.2909269873052835,677.9507756233215,1000.0,1.3390593472868204
37879808,676.5072364807129,1000.0,1.6356612257659435,690.4862990379333,1000.0,1.4165468961000443,680.7837462425232,1000.0,1.4141973294317722,678.9835495948792,1000.0,1.6487748548388481
38010880,674.4129109382629,1000.0,1.175168588757515,689.0071544647217,1000.0,1.3901424929499626,682.1295371055603,1000.0,1.3487001657485962,677.0686531066895,1000.0,1.2669756673276424
38141952,675.3375916481018,1000.0,1.2899318635463715,688.4686884880066,1000.0,1.4804144240915775,682.2416868209839,1000.0,1.32739151827991,679.327305316925,1000.0,1.3235519789159298
38273024,676.7437505722046,1000.0,1.451530009508133,690.3648052215576,1000.0,1.5242013037204742,682.687873840332,1000.0,1.3705075643956661,676.4310364723206,1000.0,1.0600874684751034
38404096,675.0442867279053,1000.0,1.4599692821502686,693.0230488777161,1000.0,1.1928391987457871,684.2372846603394,1000.0,1.3710674848407507,677.8576054573059,1000.0,1.416431624442339
38535168,674.8396735191345,1000.0,1.2526720711030066,693.3085970878601,1000.0,1.2717169001698494,686.2979245185852,1000.0,1.333397388458252,679.0252952575684,1000.0,1.3127864301204681
38666240,674.4446501731873,1000.0,1.3608318157494068,694.1190142631531,1000.0,1.432249654084444,684.752875328064,1000.0,1.4744760496541858,676.2937145233154,1000.0,1.4047809652984142
38797312,674.4737548828125,1000.0,1.3212187513709068,695.3238687515259,1000.0,1.4221544242464006,684.8305439949036,1000.0,1.3898073360323906,678.0437059402466,1000.0,1.5794421453028917
38928384,674.6847791671753,1000.0,1.3535580337047577,694.4574584960938,1000.0,1.4215706884860992,683.3515009880066,1000.0,1.514841005206108,678.3528299331665,1000.0,1.2203773967921734
