collected_frames,grad_contrib/shaping,grad_contrib/legacy_joint_vel_var_penalty,grad_contrib/legacy_joint_angle_var_penalty,grad_contrib/legacy_track_vel_var_penalty,grad_contrib/legacy_roll_rate_penalty,grad_contrib/legacy_pitch_rate_penalty,grad_contrib/terminal_bonus
262144,-0.49831717969905415,-0.013479793485195238,-0.21865475347905955,0.023171426187835416,-0.0800643331058789,0.08741568098947228,0.07889683305350448
393216,-0.38731764660382134,0.05663876966292782,-0.11790081419804505,0.31082073227324336,-0.04477007110898279,-0.05815483376009082,0.024397132392888838
524288,0.4964803254905244,0.016347651983907568,-0.3608945994321951,-0.0016382165003882797,-0.07090820058458652,0.05373100600839816,
655360,0.3591436897546908,0.0133598858362058,-0.47585543101939876,0.03238797640618625,-0.08501415804810661,-0.026734524565395698,0.007504334370016063
786432,0.5071353879785206,-0.008879859078146864,-0.3987258817075582,0.03952297122683773,-0.017148205129377276,0.016229099636923976,0.012358595242635292
917504,0.4031587102138715,-0.00046316206669699253,-0.2898002692472997,0.04857654821118456,-0.12704937482012996,-0.08366955365628741,-0.04728238178452986
1048576,-0.034281989819000755,-0.004309703255882583,-0.6941453138793908,0.05762477103745047,-0.051524898061944616,-0.13937475032614025,-0.01873857362019053
1179648,0.22406326012819536,0.02518529070908349,-0.6276429587121519,0.04376114525820034,-0.017749640703573617,0.006538290742058899,-0.05505941374673641
1310720,0.6385327121114766,0.004865717672478113,0.1920278680114249,0.0008116135916039598,0.04129073950727912,0.11901706702029953,0.003454282085437781
1441792,-0.11943717769239401,0.014951530603134294,0.066518025482299,-0.02386443034835526,0.21299910665056915,0.5622297292232483,
1572864,0.17854958153957323,0.0002542127270150557,-0.7695287142730727,-0.022458350229942824,-0.023712173608901627,0.005496967621494552,
1703936,0.1134873362355181,0.023804105731044793,-0.7196064370866617,0.00981903830306501,0.048711553033054016,0.08457152961065634,
1835008,0.2792587190573403,-1.2172051993285023e-06,0.6171190592197799,-0.000768778283748632,0.05593225254621422,0.046016789438554674,0.0009031842491629102
1966080,0.4105855289627915,0.007854166772929338,0.09605929957705334,-0.006659836292608662,0.21793240735888736,0.26090876103572985,
2097152,-0.41222561590500045,-0.005916120440458946,0.4474376546648092,0.02316018052943222,-0.04324875158618574,0.06801167687411343,
2228224,0.3299358833819498,-0.008612375032858489,-0.48830295058753187,-0.0021403793796651916,0.12416042530532206,-0.04684798631267259,
2359296,-0.15864410154262423,0.005271175158437784,0.572386466507193,0.011563471229815957,0.24639742712812623,-0.005737358433802716,
2490368,-0.08995058880841768,0.0037805489484680106,-0.8012565195506165,-0.02067051173883884,0.06490420468729,-0.018341347345598766,0.0010962789207702383
2621440,-0.15643392629894223,0.0015770676919813402,-0.6880269813496634,0.0026275846666633587,0.11062838417218494,0.03629807379712435,-0.004407982023440325
2752512,-0.2123331744066907,-0.007925088284129446,-0.6256572567300257,-0.0017278534240789925,0.11870561455281256,0.028629799329269724,-0.005021213272992866
2883584,-0.11284172003556493,0.04863233763772798,0.059420349601606894,-0.10158475660378675,0.5696437889863564,-0.03184793981218686,-0.07602910732277027
3014656,0.00110530929676538,-0.0011433937537098458,0.8373361895413511,0.036666618758650994,0.042745113560233174,0.03947980401232667,0.04152357107696284
3145728,0.04848871408531596,0.0004135888319131384,-0.8858325349118309,0.027572344518782477,0.02562890318216918,-0.005832627178149237,0.006231287291839103
3276800,0.4181795709386359,0.00499693108227078,0.31522826047551294,-0.023379291671715333,0.14365732932226202,0.08682122837246545,0.007737388137137583
3407872,0.33594723328367626,-0.019802652967239546,-0.01552278979818823,-0.06663276974859551,-0.1264077361831523,0.43568681801914816,
3538944,0.22231277605116748,-0.02026085833803746,-0.39592330949399207,-0.040827331166022864,-0.20126085270001579,-0.11941487225076437,
3670016,-0.045825678024317126,-0.00025976382174516897,-0.8711606444952084,0.0296771322995114,0.052994058137773026,8.272322144487069e-05,
3801088,-0.17040806223772093,0.001843172350022212,-0.7908413767966509,0.00192523413381573,-0.023223532238416052,0.006095910194068067,-0.005662712049306147
3932160,-0.33067831864444297,0.041846667523822136,0.5671911403786464,0.0031011025088412787,0.025877452915621317,0.006805718868306499,0.024499599160319383
4063232,0.10749977110620317,-0.012357845825857404,-0.8034230505338749,0.0025108065894303843,-0.01670553062398919,-0.0006710120399036982,-0.05683198328074127
4194304,0.03598860465874237,-0.016487746221627,-0.5583243104956577,0.10819558450561641,0.028144821173226635,-0.13380599478712094,-0.11905293815800895
4325376,-0.2139284943603144,-0.0175985808128839,0.10208504119188065,-0.06416550305759601,0.3035961825493111,0.25785409141587246,0.04077210661214151
4456448,0.07120720341342658,0.0023792917212198676,0.47496965625897425,-0.05670489832560391,0.1569683716138525,0.1633696663256715,-0.0744009123412514
4587520,0.11109995544785133,-0.004057163761401475,-0.6504728152815016,0.03458960061258418,-0.07390289803534729,-0.09123886465906068,-0.03463870220225344
4718592,0.5532076510325834,-0.015063215251171914,0.1923491612196107,-0.018305101833200263,0.10380503392612879,0.11643148072772418,0.0008383560095806819
4849664,-0.703644148895787,-0.011223624163715045,-0.1070778812531996,-0.0042798598124332,-0.05806885955575234,0.10890684050073139,-0.0067987858183814935
4980736,-0.3326992940511805,-0.02018259084572531,0.41188905738005066,0.020215485504145328,0.0410202746406992,0.15463875958307713,0.019354537995121893
5111808,0.6912434585202746,-0.018838971563167797,-0.20357154296221325,0.003088020256079327,0.041774592155128715,0.02372042370257034,0.017762990840566057
5242880,0.5472528716697106,0.013691839734438308,-0.2438803017244547,0.11385069359952148,0.0279100554648237,0.0435008798935196,0.00991335791353165
5373952,0.4033971626436014,0.016221441167992543,0.020337753137529276,0.04025462445760834,0.20622692784285998,0.19139960812308224,-0.1221624826273262
5505024,0.49846049585944247,0.00020256380095932778,-0.05976676475737131,-0.002361803051928073,-0.04512588067876475,0.16541692669471256,0.22866556515682152
5636096,-0.04945797616087034,0.07862131404711625,0.25778209250493794,0.0839988264961702,0.13436020275155067,0.2666723909797014,-0.12910719705965315
5767168,-0.2068566029135995,-4.897598377754359e-05,0.18872981251537785,0.07096259030292323,0.09011485651539107,0.4432871617689308,
5898240,-0.3714914305868181,0.20308697262441164,-0.023606098015419706,0.21159480362314353,0.012625722104859998,0.03994620558091509,0.13764876746443191
6029312,0.8069137557959001,-0.009447835952434716,-0.0366305192332147,0.006406960485968062,0.08245734543356374,0.048636567886593575,0.009507015212325094
6160384,-0.646097150630132,0.0008400369366477065,0.25276280165469556,0.007227294138431253,0.007018500507409705,0.08292973054103224,-0.0031244855916516072
6291456,0.4117701941265648,-0.018373807688221864,-0.27780933503447364,-0.028884255851015603,0.0034737829687630432,-0.23076760678956412,-0.02892101754139693
6422528,0.5344649685421983,0.050321575458154445,-0.08424715619416585,0.09355992216283408,0.06846381575210679,0.0543449051735656,-0.11459765671697499
6553600,-0.481480933384032,0.14283493147947732,0.037136170662599124,0.015071379631012875,-0.1017784798065957,0.013062594477047641,0.20863551055923538
6684672,-0.466840081689635,-0.050978282046637444,-0.041421595158746695,0.1790479417337095,-0.07308475624045502,-0.029601921569912832,-0.15902542156090355
6815744,0.6589086732695724,-0.0008152014988796189,-0.07337391153269363,0.004069074389773164,-0.14351341690814898,0.107044510937951,-0.012275211462981186
6946816,-0.19814944201285414,0.0304144969405083,0.17972491078837957,-0.061720499852386784,0.0746251251733447,0.4553655252325265,
7077888,0.0867961034844057,-0.03624894875749416,0.09404408710214973,0.165566620489155,0.11386654000202204,0.2659643435980551,-0.23751335656671826
7208960,0.5253434654201415,0.03978403599580885,0.0003117453178802355,0.1573495210974314,0.0832563597588497,0.0556235483268112,-0.13833132408307708
7340032,0.7251932383285395,-0.018915760171199038,0.032804718340321164,-0.017956138458633794,0.10234452310091137,0.1021849029261121,-0.0006007186742829473
7471104,-0.7196998121059069,0.008590178426802195,0.0842631429154457,0.02434763904147499,0.03842047393266117,0.11571230982303148,-0.008966443754677547
7602176,0.44668439145084377,-0.00634059669897013,-0.29351317555590317,0.05385272834910109,0.0006353005022148689,-0.19897380744296697,
7733248,0.746218846914422,0.030507835485575403,-0.08220330790965463,0.030065516656824973,0.0237793118579521,-0.04579579209915027,-0.04142938907642061
7864320,-0.5290217685236,0.10858503117644085,-0.016764406512008407,0.19912915544033713,-0.024968488658518865,-0.05454458452225319,0.06698656516684164
7995392,0.44622401495457675,0.06385142086814732,0.013647457753277354,0.14076051076071688,0.0006168357830752212,0.03789345853255477,-0.29700630134765166
8126464,0.4283546485477871,-0.02396901802515534,-0.1368510757868078,-0.06179955049608291,-0.20419229329397454,-0.030346745269246397,-0.1144866685809459
8257536,-0.2736635363737838,0.05378838099919978,0.13624248671995526,-0.09163561445645434,0.07865346126983964,0.2808465698571131,0.08516995032365408
8388608,-0.11850005697649561,-0.03590074409090629,0.05166560220396543,0.6038525509351308,0.18162607429916147,0.008454971494340414,
8519680,0.414310504980325,0.04922652250530224,-0.07754493237074839,0.2692421743833774,0.08081057371378872,-0.004084872387524906,-0.10478041965893334
8650752,0.5853327020522513,-0.00884957444675903,0.13151848445356096,-0.008558643260130377,0.09748913611647143,0.1667946474951081,-0.0014568121757187994
8781824,-0.7314241491079296,0.021964950032782034,0.008082149902313924,0.030301592007353856,0.06948426496339799,0.12715228607323184,-0.011590607912990679
8912896,0.3622237452691479,0.045129155734410356,-0.365198625975098,0.03191696190740085,0.02104797010810809,-0.17448354100583482,
9043968,0.6534468244564564,0.0052350925755027715,-0.02567849124109949,0.05192027392880288,0.06896953186141352,-0.1146256396480507,-0.08012414628867422
9175040,-0.7642283063646755,0.03329678246090358,-0.03643690813690595,-0.026988002542471377,-0.0018868893935366413,0.051515956665341874,0.08564715443616505
9306112,0.5082993650847039,-0.10075245660926832,0.0195348877855022,0.05478606633484325,0.038965947248994715,0.10578992987441779,0.17187134706226992
9437184,0.366566650904412,0.014087561802151961,-0.12865601743313299,-0.06226103593438445,-0.15886277903868848,0.008715965837934898,-0.26084998904929524
9568256,-0.5622013671425521,-0.027213420418604712,0.21699153725013007,0.004978505973453301,0.026718777777284194,-0.03917036855089717,-0.12272602288707847
9699328,0.37206464482575413,-0.057075515372017986,0.05726122658973202,-0.01654996641298858,0.26192855273768256,0.20171947284976763,-0.03340062121205709
9830400,0.29625079034131385,0.09295640122610581,-0.2900871608385284,0.24115786956369728,-0.01439695453087203,-0.0516867582517958,-0.01346406524768681
9961472,0.807576407071185,-0.027472476473661644,0.002848404245067394,-0.035966716640110544,0.06512431382865555,0.059747374123910464,-0.001264307617409345
10092544,-0.6709439256823041,0.014443884021159042,0.02362951985123855,0.06177062806915686,0.02788129173825015,0.19573306263300674,-0.005597688004884573
10223616,-0.3849556916770348,-0.010302321023199059,0.23590272779030277,0.0347002293997975,0.09158137369277893,0.22653275054637836,-0.016024905870508564
10354688,0.6935194384665889,0.024017748993594847,-0.08243290938613897,-0.017105058498677345,0.055390042027932906,-0.11176674361256336,0.015768059014503615
10485760,0.6898522878377706,0.1012875343209273,0.013492572876307419,0.15571409482285756,0.003004675123867322,0.02959980863937186,0.00704902637889796
10616832,0.7264959067481767,0.10720169171145869,-0.013759036373667216,0.03925892716944364,0.0070548927241057225,-0.02329536364955987,-0.08293418162358826
10747904,0.012935429030202396,0.04606802004499389,-0.19445364022935477,-0.006220176826093441,-0.307892881892934,-0.04891000276863425,-0.38351984920778726
10878976,-0.5649086811202413,0.02415728769312772,0.11110576589129859,0.0026358810899103986,0.10655833809097941,0.18203797780175215,0.008596068312690448
11010048,-0.4943499320505483,0.04821832135492043,0.008749587524665954,0.16675562154841242,0.059689972970091945,0.22223656455136098,
11141120,0.5925038441220746,0.07933237083236895,-0.03368933423072727,0.15480749750853923,-0.03817012415544937,-0.08081907748135835,0.0206777516694822
11272192,0.5437947651723344,0.1272841045306979,-0.031317122020433255,0.10534901736254523,-0.0008969104281374641,-0.03180654979557215,0.15955153069027964
11403264,0.6212108986674096,-0.027872751779011096,0.07740937659406132,-0.03632125507552415,0.07576871328116742,0.15313291033993415,0.008284094262892233
11534336,-0.7522307753815786,0.028084937462009425,-0.004225875583983631,0.049796437657385756,0.035427670573158564,0.11518837929890068,-0.015045924042983345
11665408,-0.5118635478089163,-0.014476410654027265,0.15508976970097935,-0.08099444995747136,-0.012761164981191833,0.21401908552491766,0.010795571372496187
11796480,0.7868029528019783,0.036554413881394396,-0.08795316988892012,-0.057421528523266624,-0.0043301321616792295,-0.008476698304027516,0.018461104438733812
11927552,0.18653868855324332,0.028312714638646253,0.04782540365539896,-0.03491395175751027,0.007357983619563198,0.011675638486602264,-0.6833756192890358
12058624,-0.2910616876363888,0.025901478475546583,-0.13390542134992323,-0.04640563127276791,-0.2920536399504782,0.06002964715330899,-0.1506424941615863
12189696,-0.5699182676245206,0.012631901983860872,0.06423612666549561,-0.08387917388553431,0.07462034111388761,0.19471418872670102,
12320768,-0.22859161224811336,0.15037775457467492,-0.02038349854666122,0.3001785196548799,0.024912403466432965,0.058803385502670585,-0.21675282600656706
12451840,0.47337567426657295,0.21580912941084887,0.040579354192743,0.03938111484648912,0.12835718148333117,-0.07727010049174896,0.02522744530826593
12582912,0.02845786482462641,-0.04402734752513966,0.3502254247045084,0.0012354439630598128,0.14841079669693602,0.4250363862857715,-0.002606735999958145
12713984,-0.7512326459249924,0.03935692504551318,0.042713479956775366,0.048112073137721076,0.03371690615719293,0.07874960690046744,-0.006118362877337595
12845056,-0.27570926266811413,0.0434772832506654,0.22640391802188983,-0.08465527301340704,0.02622374796425647,0.33535949282992417,-0.008171022251742939
12976128,0.6743688289078944,0.04775383402371038,-0.0908780026829358,0.04791032811175045,0.002087092788301215,-0.1038762252798949,0.033125688205512836
13107200,0.49201389679767604,0.10195715556788765,0.10008128808128026,0.08913834784243338,0.07803920507632812,0.04293850589989907,-0.09583160073449545
13238272,-0.49859666444854966,0.005490349822691876,-0.034397850860866774,0.06257995330935608,-0.03798438490753477,-0.047039138357324976,-0.3139116582936759
13369344,-0.5922033871471448,0.004261815703668467,-0.08020747833982585,0.024237294629224474,-0.13744043699229871,0.12002400826380628,-0.04162557892403137
13500416,-0.26696316030191214,0.15214452587002053,0.10036084671687748,0.15116895055296284,0.08361162734384896,0.019589229971777696,-0.22616165924260034
13631488,0.2634083467594001,-0.02190356696529719,-0.011858718183060139,-0.10644433598759794,-0.05184710782358979,-0.21553188680853314,-0.3290060374725217
13762560,-0.15662457031503638,0.18108786330473178,0.05054708738534974,-0.17402524239991654,-0.06439025728237169,0.05872144672259916,-0.3146035325899947
13893632,0.4934269773404653,-0.06669949983724298,0.17662446774344723,-0.035834395780286174,0.06937220422070296,0.1549181563250002,0.0031242987528551426
14024704,-0.33635227738040957,-0.0135961490876137,0.1097462048489295,-0.13154752309346884,-0.05215799223678609,0.3565998533527923,
14155776,-0.27196197192811344,-0.09930493016768631,0.39986055653758285,-0.07775321151395675,-0.04904796778324514,0.10207136206941551,
14286848,-0.4741302870122114,0.23991342484520298,-0.08904411873685245,0.09036244713552799,-0.05779120236109473,-0.024316751977792945,0.02444176793131751
14417920,0.4886110095879328,-0.048324369915411045,0.16926799750786312,0.00227208897848034,-0.08602237696140515,0.03741249443721724,-0.1680896626116903
14548992,0.5178077573588511,-0.03503477393840307,-0.05697052256105336,-0.04127526855106819,0.013480767013593213,-0.01228308612418403,-0.323147824452847
14680064,0.268691071273972,0.10496336467685416,-0.05447395600881189,-0.05030845563593104,-0.04544603185468144,-0.12969216655993013,-0.3464249539898193
14811136,-0.17983589589484603,0.09995975732942426,0.070347956733714,0.28615312416108435,0.12774504022012395,0.21865501878397206,0.01730320687683532
14942208,-0.35746427214349685,0.10860513096772598,0.009576657109498963,0.19337786671301138,0.07396769707802997,0.14698298889093944,0.11002538709729738
15073280,0.7791768551252556,-0.08726190064890249,0.004885091261562177,-0.08309978461527089,-0.005904880311347769,0.030405186743649885,0.009266301294011164
15204352,0.38747708690486776,-0.15373400439205653,-0.07887777002961084,-0.1695332496766211,-0.028353153176333933,-0.18050593435634266,-0.0015188014641671446
15335424,0.3595182126890428,-0.0633020120146804,0.21022393739975942,-0.17498378475358584,-0.03558094237489779,0.15639111076803372,
15466496,0.060671254947743426,0.2554573525938545,-0.18969589460560224,0.3507326042349531,0.10446076842963681,0.03898212518820994,
15597568,-0.5972311720152675,-0.12530614639233648,0.057558688311562085,-0.05122554088665556,-0.0026878468746796085,0.038629437857098145,-0.12736116766240063
15728640,0.6188451665781854,-0.14858303473770232,0.03483848845294028,-0.04006267127114492,-0.03594073418648153,-0.006719493015779561,-0.11501041175776593
15859712,0.6624912740506691,-0.1053307560463756,0.06084292698327178,-0.06387404914989735,-0.002096614170471117,0.017667039005952304,-0.0876973405933627
15990784,0.19692266976460204,0.2197906415227683,-0.0974518206414013,0.1750863503504879,0.039792220093764236,-0.001269268413711696,-0.26968702921326454
16121856,-0.04331444566184264,0.15012813013079618,0.11292235631948362,0.3749885689281372,0.08875928720697547,0.2298872117527649,
16252928,-0.38493752923424407,0.07331336775829352,0.04201066861470081,0.17185035492210227,0.12471541697911225,0.07472408906029492,-0.12844857343125218
16384000,0.6450446426632771,-0.07876444919680854,-0.023544871274609632,-0.094274085286203,0.012154481980751888,-0.14549863654966927,0.0007188330486805286
16515072,0.4640502435828722,-0.11624960725509696,0.0044401321945093004,-0.15443288891943913,-0.015609453244563882,-0.24518794643954886,2.9728363969641455e-05
16646144,-0.42795544732463325,0.08492416691978372,-0.30906109208734667,0.126667399929514,-0.001401657144927344,-0.04605624578835666,-0.003933990805438322
16777216,0.3667334201945527,0.04833507964286236,-0.17230723872258144,0.2029874993546848,0.02085925264136952,0.15747845229467716,0.03129905714927209
16908288,-0.3057947927638968,-0.14275113648995616,0.08289621777852482,-0.20472463602962723,0.09129291130090449,0.17254030563709047,
17039360,0.3179119123941757,-0.3461282656685271,0.12520434663525887,-0.08641404571314529,0.013385185341701607,0.05408180486823466,-0.05687443937895674
17170432,0.7608752304711184,-0.0734233742680808,0.014171384757137707,-0.08370245729701169,-0.013672888781408689,0.01410315423851153,0.040051510186731205
17301504,-0.6786014806085433,0.024835838304110416,-0.029672134596149813,0.05342032713870389,-0.036971843566437415,-0.03990799960977882,0.13659037617627637
17432576,0.01620094444955139,-0.021818661113119146,0.05362674865834687,0.0035810225017650385,-0.043771574843382566,0.10124836244869816,-0.7597526859851368
17563648,0.7612535912471858,-0.029954656152778234,0.02789843218973476,0.023644593968591972,0.07979859125891736,0.07745013518279184,
17694720,0.7573901213243525,-0.04273765365555039,0.007021664583290631,-0.03632136799318828,0.06626574544893093,0.06236800032539285,-0.027895446669294388
17825792,0.6786386804021278,-0.051410954918188735,0.06775266165845618,-0.06079447298919923,0.010827209262277525,-0.13057602076975047,
17956864,-0.524706740471878,0.021524029165695263,-0.287673089534125,0.07522187350261395,0.0048878908585859035,-0.05167766837696258,-0.03430870809013929
18087936,0.19950200525220907,-0.09680555250999374,0.1659121510373944,0.12095689643145355,-0.14208451347883405,0.2747388812901152,
18219008,-0.5736315854381263,0.13138955170372474,-0.14669216916144429,0.08384714882440682,0.05773762413532162,0.006701920736976274,
18350080,-0.6419253484258933,-0.06253451135116785,0.0456422030465238,-0.07997335034939526,-0.09034090492210896,-0.03786526110164287,-0.04171842080326799
18481152,0.4966579646392766,-0.1756937975252964,0.11078187955005941,-0.031541976256628905,-0.02783664401877121,0.05860466846300746,-0.09888306954696001
18612224,-0.405640146474802,-0.13840820449843022,-0.011434746107701803,-0.10371930851702058,-0.1630010195714014,-0.177796574830644,
18743296,-0.6973952774832595,0.10418020020534882,0.032278744774716255,0.05362439608990865,0.031660301037850024,0.08086108040891676,
18874368,-0.5815604028128287,0.09660088851880634,-0.0057669348495624564,0.11471724426556867,0.03787786660599498,0.06013211506145484,-0.10334454788578401
19005440,0.5738789383259816,-0.07402411220135482,-0.025339596787250555,-0.09263391973775736,0.04423098224405317,-0.1512002562838335,0.03869219441976896
19136512,-0.6234820754447256,0.06485231946831937,-0.01919696332635426,0.08296808866419005,0.009574464739738147,0.19992608835667255,
19267584,-0.6813895554066862,0.017137130279976803,-0.2322341576915056,0.010992756404248974,-0.020950076789734907,-0.03729632342784752,
19398656,-0.7310931075332076,0.07858573347604991,-0.09821130952888141,0.06970986446545074,0.0113716155494122,0.011028369446998126,
19529728,-0.07340794152635793,0.13560592150131875,-0.21388164386930364,0.274046177728765,0.1440278840213787,0.15903043135287598,
19660800,-0.5899887606618451,0.01779749133321253,0.016660304053822836,0.17176856116080588,0.05500929781576226,0.06704661529152547,0.08172896968302588
19791872,0.8378371411234682,0.0148896386015619,-0.08951437274530791,0.004817846164057401,-0.0018587462687180557,-0.03810573833944519,-0.012976516757441398
19922944,-0.41380787314472345,-0.18943720396961022,-0.010719706555275415,-0.09104197875283378,-0.12495567175048089,-0.11882745652461828,-0.05121010930245796
20054016,0.7263044889577966,-0.03783345738685504,0.011113306516842014,-0.03154609913458141,-0.0018381837847859885,0.05975875330254764,0.1316057109165913
20185088,-0.7270337190458688,-0.008600087747666777,0.0014357393978025365,-0.06664592512779961,0.04329471167481897,0.019097090936033814,-0.13389272607000954
20316160,0.8254748108601007,-0.03592493822142815,0.0013117516102577158,-0.04289292206668108,0.06203609021947341,0.02974456258254036,0.0026149244395186223
20447232,-0.636654945227549,0.06703285921419351,-0.09037153155413136,0.07339416467840133,-0.0006933900840232555,0.13080496651489137,-0.0010481427268101819
20578304,-0.6419767918605725,-0.0020761270256624644,-0.24485134293511934,0.008155268414634827,0.007937808606895592,-0.09142698061845218,-0.003575680538662986
20709376,-0.687341009753371,0.015737046227607403,-0.21995001507589904,0.0495452039205723,-0.016229857778363974,-0.011196867244186313,
20840448,0.8445643997809874,-0.008725108627763012,-0.10863678329376131,-0.0010589098086550217,-0.020129932921131362,-0.01688486556770185,
20971520,0.5893508222123114,-0.01219296060607646,0.09246593082428885,-0.04815424881915253,0.08903464598149619,0.11409997068761567,-0.05470142086905889
21102592,0.2117176314082449,-0.12855744338395067,0.010671994181992255,-0.0673251858638312,-0.07339394206026478,-0.286965631980879,-0.22136817112083718
21233664,-0.24972424572033466,-0.13165859711485847,-0.16467969667303953,-0.08491095224410321,-0.11971919536806017,-0.1308940370965914,0.11841327578301257
21364736,-0.4894433171668109,0.04328683023277701,0.22321710342017712,-0.008341331896911974,0.0507962168832852,0.08825613081124921,-0.09665906958878859
21495808,0.1973266262471675,0.07439661892351812,0.017447351386864228,-0.16455539814447454,0.08378354860009606,0.1921983270873182,0.2702921296105613
21626880,0.7059670562915612,-0.09459449331089721,-0.035246493102705286,-0.12181347130018165,0.029534452968288605,0.012844033026366067,
21757952,-0.7043594159948859,0.0807162352239772,0.03170624090707373,0.12513716895750582,0.01403685888055504,0.040722762255435065,0.0033213177805672444
21889024,-0.5772282071572362,-0.015116546631705467,-0.25254882515251265,-0.038118737092345804,0.02360003967789489,-0.093387644288305,
22020096,-0.7360651706614796,-0.025819104065402516,-0.17820044489522077,-0.007173389488334508,0.007470067167387099,-0.04246944343124174,0.002802380290933797
22151168,-0.4209264430338758,0.12089130851278895,-0.16258208203082575,0.16156658984801298,-0.010363202557336429,-0.12367037401716012,
22282240,-0.7519690486236686,0.034250681475220354,0.07640071590918329,0.044930313153803254,0.03204214085409699,0.023037709590566367,0.03736939039346113
22413312,0.28967272995845894,-0.0947728978605952,0.2644399448854602,-0.05903740311476564,0.08570941270497252,0.16554752923819327,0.040820082237554234
22544384,-0.6063504211557978,-0.06497601046366408,-0.083089277125398,-0.12319847122012609,-0.06975311492950695,-0.03496815859314268,0.017664546512364297
22675456,-0.6003107332505814,0.028382441654440198,-0.0322861924002528,0.10098124718921338,0.08888484974817418,0.054670610529829404,0.09448392522750872
22806528,-0.07993190941226612,-0.1544089020247183,-0.030196678531056863,0.06340038317315631,-0.02415662943376245,-0.020636264961706816,-0.6272692324633331
22937600,0.3553412714030324,-0.0938740780916175,-0.01799537821127546,-0.24644339228579432,-0.05731420685953556,-0.030499572318452732,0.19853210083029205
23068672,0.6455642311366743,0.046500159191062984,0.11417642927157781,0.016131190827936983,0.0255592937114821,0.15163214847982232,-0.0004365473814435657
23199744,-0.0006900948778562881,0.2421289674791527,0.23436504401128666,0.183304322652317,0.06510855134568476,0.22915850611997898,-0.04524451351372364
23330816,-0.8124221277358917,0.0069932470022138465,-0.1070651070030131,0.030682362630022175,0.006840541948851369,-0.035996613680007734,
23461888,-0.6889224701568897,-0.10537925926699736,-0.022259456858944548,0.012345677191469286,0.032141953179311414,0.060588595946979185,-0.07836258739940855
23592960,-0.059002424177103156,-0.10277454827321951,0.28129954322748607,0.11924513005998602,0.016722909160137606,0.04132412255659104,-0.3796313225454766
23724032,0.14600596016204437,0.0021010102519144107,-0.029152939740582525,0.001777809934562799,-0.0016444663628116067,-0.01833102149610752,-0.8009867920519768
23855104,0.49192523915177083,-0.03299320878245956,-0.16626577707000303,-0.10498667444877163,-0.14690752390313425,-0.0569215766438607,
23986176,-0.21004117495306263,0.08563718587902937,0.36825041545838405,0.13744513827896504,-0.048448068767257206,0.1252116882537114,-0.02496632840959029
24117248,-0.35988221341503746,-0.08192359221922142,0.26799959248308436,0.17562772003354188,0.05301807255226948,-0.05705306433495852,0.004495744961886906
24248320,0.6314232400456771,-0.0837366359357873,-0.0031512236811831323,-0.13973782335301416,0.05168289159792991,0.07551906770195294,-0.014749117684455467
24379392,0.6909673061615659,-0.06176496197906083,0.12247740613379411,-0.10628046974570227,-0.0024291450688837804,-0.01349779478624645,-0.002582916124746644
24510464,-0.5494769466406407,-0.1075880653446424,-0.1264572078162005,-0.14769718998110595,-0.0009997032969862524,-0.058761469309173094,-0.009019417611251083
24641536,-0.6775636020098862,-0.03275422894630146,-0.1852001982398494,-0.012409633453973388,0.05098020358842662,-0.034900135266766705,0.006191998494796274
24772608,-0.5388858798904018,0.022281021241461158,-0.24481032474029113,-0.02357699688808402,0.016238125085460013,-0.11684941629890266,0.03735823585539923
24903680,0.021917376075782646,-0.032346940327932276,-0.15843791946752384,-0.08072264404467105,-0.11989532489547071,0.024187142905920975,-0.5624926522826985
25034752,0.5809181086258526,0.0076163605730576,-0.14423787100390234,-0.026013700115702268,0.03337041212448653,-0.03911636018737173,0.1687271873696269
25165824,-0.7854980063028346,-0.0393519124618673,-0.02214636844185524,0.0018854233695478624,-0.0680536823312309,-0.08306460709266413,
25296896,-0.596603062071912,-0.06400416106965495,0.051182891920644194,0.20922551578317464,0.05915355890561247,0.019830810249001688,
25427968,-0.2529126248060151,0.0018267836293382835,0.017839707672460733,0.23687095527330515,-0.08828692857938482,-0.0487453997231735,-0.3535176003163224
25559040,0.6790715264243832,-0.009049908071906693,0.006416577692468056,-0.05826137280584237,-0.009178418592706286,-0.04553405353867212,-0.1924881428740213
25690112,0.33364216534068897,-0.06781113653697683,0.06333823008734717,-0.1471659941155946,0.09952905544750196,0.15442958076665853,-0.13408383770523194
25821184,0.09877889198087265,0.1205347769038857,-0.23012217410929106,0.1757147539975718,-0.036640740063252596,0.3382086629451262,
25952256,-0.5787012637961492,0.07819706175757081,-0.20712740308322028,0.06871137236393295,-0.02054444274518468,-0.04671845625394211,
26083328,-0.38606128859067157,0.16312462743818093,-0.16074179234163086,0.24519463169637212,0.028054048134572178,0.016823611798572353,
26214400,0.26303053965352446,0.22035239910614285,-0.165274200251304,-0.0696301577583746,0.14510929441046608,-0.136603408820188,
26345472,-0.709003571266642,0.029572117464096978,-0.07053933920370908,0.014712508782642606,0.08162965499228242,0.08784799529399856,-0.006694812996628312
26476544,-0.709570592729655,0.023432340205074762,-0.0675789910356776,-0.002444803149080992,0.012540463323391857,0.027052385892274315,0.1573804236648455
26607616,0.128789301406346,0.07974132703466005,0.02698273626993021,0.10403504672316934,0.06828449893361868,0.08461968325458942,-0.5075474063776862
26738688,-0.12860854653365641,-0.20405994462730684,-0.16846296002617445,-0.2379343096735363,0.03355395634875373,-0.22634154362829081,0.001038739162281457
26869760,-0.03341373642308527,-0.2959553485626985,0.06046286272407329,-0.3113409790730479,-0.015983209104041357,-0.2828438641130536,
27000832,0.23848817932566568,0.3682798385965734,0.1555069680984643,-0.11234691350431478,-0.06001394988078367,0.0653641505941982,
27131904,-0.21052743055591644,0.22160829179129327,-0.2947029744953724,0.2045791477025958,0.0408124436759265,0.027769711778895603,
27262976,0.2947752302379764,0.13745444860394138,-0.1718568406169146,0.1294611214482351,-0.06622674830719714,-0.20022561078573534,
27394048,-0.49195213493014883,-0.07077110093557867,-0.018210979292649306,0.07199268765922923,0.06277266271962535,-0.14795219256311712,0.1363482418996515
27525120,-0.13462622911116218,-0.09881265052006538,0.13893049589473266,-0.08357767578262296,-0.24910854342815592,-0.18307608323817107,0.11186832202508983
27656192,0.13523131374619568,-0.1399274258523318,0.39702700387811046,-0.015942787194527446,0.09026123052227743,0.07504140085920788,-0.14656883794734932
27787264,-0.30000057209288344,0.07459033905396888,-0.21545973061011378,0.1100051885940334,-0.037687383556782215,-0.030420814548476092,-0.2318359715437422
27918336,0.4623433974048741,-0.1732429576780188,0.22616042912249168,-0.09496428042195784,0.01195920510218114,-0.03132973027047642,
28049408,0.5112834531179032,-0.11238169703813367,-0.0071635324572275234,-0.1852596304574169,0.05636273527546881,-0.1239645559764647,0.0035843956773850927
28180480,-0.708192617154477,0.053634708224988725,-0.025856711480477922,0.0848245091558473,0.01527943740653215,0.11221201657767683,
28311552,0.5653985082512031,0.057308882407909,0.12368756931907611,0.0558860358138031,0.01690658125618903,0.16735255868385182,-0.013459864267967806
28442624,-0.6249021636905181,0.0146872030283499,-0.2945957825726234,0.03804268157252419,-0.009308931098180873,-0.009045963574049118,-0.00941727446375441
28573696,-0.5378481986353535,0.17240731347164254,-0.055814470419830516,0.16453776800800865,0.034670747471815054,0.034721501993349696,
28704768,-0.5972382168988489,0.02438668807099877,0.09401467479030384,0.03025870061049783,0.03167604169078532,0.04108459093892789,-0.18134108699963739
28835840,0.2820614583516427,-0.33959748629678854,0.12666394814205173,-0.09351292365515759,0.0054713937218421466,0.03172244200537758,-0.12097034782713971
28966912,0.49479800059930185,0.0038357074756840493,0.06390984905842,-0.018863700681096933,0.029393535427645882,0.03949153395156377,-0.3497076728062875
29097984,-0.6473947307347613,0.06792522346114353,-0.025392745800487462,0.04733699078110804,-0.0024771210400137654,-0.004313844018775367,-0.2051593441637105
29229056,0.37894012053154386,0.1376473524824423,0.2213825368376687,0.007019935018825073,0.08097412078366009,0.17403593434585996,
29360128,-0.3156854070700783,-0.034002924201971325,0.17061163740517435,0.1943673170562681,-0.16871087876651078,-0.03286656861053485,0.0837552668894623
29491200,0.5593165477255869,-0.11372481797294036,0.020189812158683956,-0.17675581760330364,0.05689917806170349,0.07032935845510031,-0.0027844680226812996
29622272,-0.5472620758226568,0.11724399276293099,-0.03176450999389211,0.1034553694952491,0.05383725571366728,0.1387281393799279,-0.007708656831675834
29753344,-0.2470577632513106,-0.08578918954953763,0.38529703947814586,-0.10159498875413853,0.03454672049230958,-0.1336052247636904,-0.01210907371086741
29884416,-0.2971393129794883,0.01919419549974918,-0.631069241027598,0.030873454691282155,0.013148385314032828,-0.008575410487849607,
30015488,-0.11512932811767694,-0.002455120059295834,-0.6217322611519135,0.10885235577229409,-0.11058123003743749,-0.04124970486138217,
30146560,0.21299428178307508,-0.14769677476304838,-0.19678896153245465,-0.09035009150697457,-0.13901357746306117,-0.08372202199090913,-0.12943429096047704
30277632,0.4174317037389487,-0.011559003732960007,-0.00935521227619869,-0.04505906414462487,-0.03575901536264007,0.01183141343623744,-0.4690045873083902
30408704,0.42485198129247753,0.10704696176675305,-0.0262244369212749,0.08606416332159832,-0.10893954411470427,-0.17688879062142115,-0.06998412196177076
30539776,-0.6136675115150758,0.1326827451712905,0.07142107917886797,-0.07317151683009979,0.002487347470675787,-0.0045050238964766615,0.10206477593751342
30670848,0.3496974378877908,-0.012881158963550122,-0.16684855007605007,0.03937218859766493,-0.06403131177409804,-0.24490940294374236,0.12225994975710375
30801920,0.3311251889861194,-0.29422595179524036,0.04857961518878528,-0.29090282414938706,0.028636762304436784,-0.006529657576031039,
30932992,-0.4453347254993991,0.08321784027902784,0.21009847008150892,0.0940832489521474,0.03455652989945055,0.12342841773985466,-0.009280767548611502
31064064,0.524181279935518,0.08926251554077318,0.1203316361637386,0.10737926347000093,0.03095180392229175,0.12789350096767757,
31195136,-0.7110516154745881,-0.04862463359432679,-0.16981492929517625,-0.0012614263015086555,-0.020022118252994922,-0.049225277081405346,
31326208,0.47634262117725984,0.09561208084642181,-0.1462054567020985,0.1722578748776377,-0.026802021610745144,0.01757775956423261,-0.0652021852216044
31457280,0.3807191175239106,-0.03673441789245272,0.1525224082093839,0.1384973810020794,0.044674615869220856,0.02922248006085098,-0.21762957944210162
31588352,-0.41885752409354426,0.02938806566959947,-0.043685740740650195,0.05402279975400927,-0.019630937464835605,-0.015963599629814498,-0.4184513326475467
31719424,0.253227471036352,0.1551987529736416,0.1981360820615002,0.14826291266796798,0.09523516195622712,0.14993961930431104,
31850496,0.28908340199363664,-0.043181685790306644,0.5900477520962369,-0.03116101508083983,0.011069045274897655,0.035457099764082296,
31981568,0.23360812768280817,0.09778937651358406,-0.5287515011478306,0.0760036631685112,0.03126522492893018,0.032582106558335745,
32112640,0.5451842329226451,-0.14754298011149872,0.061577924551171684,-0.2078080527687823,0.015907345669735434,-0.018257000682894084,0.003722463293272721
32243712,0.5200239966429961,-0.09738661613534372,0.12704068891402664,-0.12616807148701945,-0.014366304167852603,-0.11086144665028763,0.004152876002473816
32374784,-0.6801233815202304,-0.0951265548687431,0.06425031844550079,-0.05935341459989875,0.01811920198197636,-0.0830271285836506,
32505856,-0.25439856569898495,-0.0477487183086856,-0.45433383931732274,-0.07265027648528426,0.050635242993231154,-0.12023335719649132,
32636928,0.288555123968745,0.030551151674269066,-0.5278728267869035,0.10613130640896928,0.03367259032562435,0.00308532145402461,0.010131679381464226
32768000,0.3783152577794876,-0.027139474471093165,-0.05088325240289687,-0.034682099692686694,-0.026425034548064903,-0.01575666128842502,-0.46679821981734576
32899072,0.4135908510535122,0.02562728238154006,-0.04586643779915019,0.06667346494143622,0.004300658806190467,-0.0014008477425435338,0.44254045727562735
33030144,0.3489808059186391,0.2412664364946561,0.009878615683538337,0.21348418519127477,0.09024229072877106,0.09614766598312065,
33161216,-0.27068343166718245,-0.2901333603797007,0.08923912807352309,-0.19398348890680314,-0.0015378762239469624,0.1544227147488436,
33292288,-0.5231967251548638,0.05476605396436919,0.005664218493356919,0.30973446758307027,0.049134897918915586,0.057503636885424286,
33423360,0.22704321587442453,0.13075890869792461,0.0044270916887708565,0.33243796487344895,0.08356336939496832,0.022537995029888493,-0.19923145444057427
33554432,0.09120180982207919,-0.16441610768479697,-0.19768040370300635,-0.20849974392474022,-0.023804190818947364,-0.2945319667681865,-0.019865777278243377
33685504,-0.5413475126089983,-0.08518593440237751,-0.17207743823404678,-0.09884830832167779,0.012127241795364306,-0.0904135646375353,
33816576,-0.4687119896496308,-0.010858221782389052,-0.24713950990717276,0.15560428981311514,-0.045444877181889484,-0.07224111166580277,
33947648,0.4911881027000817,0.11382978626267785,-0.09341881302929991,0.22967109843663072,-0.015668946634473595,0.05622325293683625,
34078720,0.49426999563842755,0.020298232660213217,0.06465421121028612,0.038386171405839595,-0.010840762328594718,0.008529719920901225,-0.36302090683573757
34209792,-0.4642333912038503,-0.04047883174328171,-0.008278557110679523,-0.027495794270587025,-0.01638260008252698,-0.03444760520267572,-0.4086832203863987
34340864,-0.4022944754597217,0.17449004982270216,-0.06831833401937883,0.17904461144864214,-0.061763908548978515,-0.08002626451339691,0.03406235618717976
34471936,-0.4538276477498987,0.14430833928839049,0.03351219015229381,0.15122605059767197,0.10746507082935697,0.07116531266733232,-0.03849538871505573
34603008,-0.4251858211156657,-0.1325012551335976,-0.029452814072043552,0.21683837412504622,0.014990676737689876,0.0731896512391646,0.10784140757679245
34734080,0.20523255566121915,-0.1695651756388503,0.006016742737980925,-0.2509421404792143,0.15341005985458178,0.18064190769681965,0.034191417931333894
34865152,-0.3176176307610503,0.13005194595494532,-0.11816482696717906,0.13290787568153153,-3.787398233586388e-05,0.3012198466529579,
34996224,-0.37139444788508263,-0.06909061377739627,-0.3075516665382424,-0.05300816683606468,-0.030474310981007748,-0.16848079398220628,
35127296,-0.4501920177063453,0.002597359902765557,-0.3182401044086277,0.02833827457345162,-0.07892915951580355,-0.12170308389300621,
35258368,0.31508616475899515,0.09358794896888749,-0.07723917862524088,0.08077267981366497,0.047873226336723,0.053367687618844584,-0.33207311387764393
35389440,0.6178125048465801,-0.02931168464430584,0.013163369002945412,-0.056744095411925155,-0.045222643493315465,-0.0008725654744324692,-0.2368731371264955
35520512,0.5812228715433113,0.12107425575297968,0.048910874857617664,0.18250940676318622,-0.003983358174758094,0.06229923290814705,
35651584,-0.39188537752833635,0.1944343659524589,-0.022120529439784844,0.24366527686836514,0.07386916672916938,0.05181628479348767,0.022208998688397704
35782656,-0.5171886556149197,-0.2839585182799188,-0.010336037132093705,0.052787904519577634,-0.08324677609388206,-0.05248210835960813,
35913728,-0.3266621895344791,-0.0009307426561223669,0.03734099005456855,0.10554873163832952,-0.12070620631532232,0.028644070430535618,-0.3801670693706425
36044800,-0.1331301564959099,-0.3902883084341061,0.0007778732844651654,-0.45248571130480825,-0.005687996093565957,-0.010879347345695737,0.006750607041448893
36175872,-0.17217618476707977,0.12305605887469274,-0.35121903126403625,0.17407252492202882,-0.00832842462277229,0.17114777554939012,
36306944,-0.43301334597773394,-0.051108280214220154,-0.3758741214243478,-0.05116113569165768,-0.016155579432999553,-0.07161409403285167,0.0010734432261892118
36438016,-0.18486569322554677,0.025888895433305848,-0.39579675106510387,0.08103227415012565,-0.14055315840720345,-0.17186322771871443,
36569088,0.46138379186790757,0.183152060764691,-0.08447393438537805,0.1474104956468694,-0.05008442223447365,-0.027806221103785042,0.04568907399689527
36700160,0.7458337218563632,-0.03571561435732036,0.10832011940213838,-0.025574661309249288,-0.011746057424488372,-0.00265971480653415,0.0701501108439063
36831232,-0.38930047619162617,-0.009907748657604942,-0.06919835038967116,-0.17228789691091728,0.06619375144045515,0.2152612352943632,-0.07785054111536213
36962304,-0.24746745809764115,0.324588587257942,-0.018408789740701034,0.26448891502377536,0.09556381357459057,0.049482436305349924,
37093376,-0.5768648674663411,-0.07592918637302272,-0.0030469625500590715,0.025678651285212014,-0.08777994632503913,-0.05208071402243542,-0.17861967197789053
37224448,0.4080690411827226,0.10241816427488569,-0.002361370643630829,0.05053865100782622,0.001532059198416924,-0.020480017205352526,-0.41460069648716524
37355520,-0.7661092673509536,-0.13400757970790922,-0.0033191764397665735,0.0035137785597128234,0.012620512951988372,0.08042968498966933,
37486592,-0.15163020394539203,0.13621125822682303,-0.3314669113295417,0.19091190424014268,0.011774488090245075,0.17295566967609355,0.00504956449176193
37617664,-0.33545867673821783,-0.07758927915037055,-0.40410834534108486,-0.09901902842252479,-0.017533748811575472,-0.0662909215362265,
37748736,-0.49730151410189893,0.0023612578276822126,-0.3230390783861102,0.013767259498978696,-0.07103678559696926,-0.09249410458836074,
37879808,-0.10141025127636745,0.2640028135315568,-0.2624033050205774,0.3089748571085326,0.029391974876356967,0.012541852946184014,-0.021274945240424722
38010880,0.7264106766713955,-0.029950746560628797,0.029668803532629004,0.01659231727604111,-0.01848059281712097,-0.0042123881680395095,-0.17468447497414516
38141952,-0.15263394443998704,0.0904686377391653,-0.4052863247662142,0.07621012419637277,0.03211154524008454,0.2389655659362693,0.004323857681906848
38273024,-0.3399048678745625,0.24044327441511146,0.01218458593259866,0.283601997368748,0.08125855664250962,0.042606717766469744,
38404096,0.6537084325222406,-0.0615053755279442,0.08425713749599098,-0.08440365547406738,0.07943351213891961,0.03669188684083713,
38535168,-0.24491389139520894,-0.23140593225828002,0.017986044271991908,-0.31069125060194525,-0.036601681325833094,-0.009382161706873358,-0.1490190384398674
38666240,-0.13510461695782042,-0.3595466659860262,0.013323433909612402,-0.3720612666290692,-0.012503059449805771,0.0943541418772185,-0.013106815190447553
38797312,0.4182235179231673,0.006352538866407842,0.46257707873056786,0.03734684993928543,0.06274361171790098,0.012756402822670616,
38928384,-0.34954018229388384,-0.10195032951248595,-0.37267823245043613,-0.09607821829964495,-0.014613800498656722,-0.06513923694489239,
39059456,-0.48529215629561695,-0.01244698187503831,-0.27879186851963,-0.04982658006646742,-0.07729367479851752,-0.09634873844472983,
39190528,0.2230406734157922,0.2753499526464994,-0.2757574425631288,0.19232151261363392,0.008444225903339831,0.003623887245438701,-0.02146230561216719
39321600,0.8071451285193396,-0.012898539186548043,0.042392044238331934,-0.04825023895449008,-0.00867794654281649,-0.006223737365384887,0.07441236519308898
39452672,0.5880571230280062,-0.021430922650508027,-0.012685244194875512,-0.02425295751267367,-0.07441494547282293,-0.14328446555373384,0.13587434158737982
39583744,-0.2115678312970809,0.2248100029038058,0.23506506532730262,0.17896946563277813,0.08724521430638106,0.06234242053265153,
39714816,0.42842588752147476,-0.0030372873477297474,0.36228728278015,-0.008518461754520486,0.030743519180547182,0.05711686204747358,0.10987069936810426
39845888,-0.3780400053315366,0.11528596415446017,0.057073610693045916,-0.17866279151128914,0.10278628002822401,0.06220838267037358,0.10594296561107058
39976960,-0.42094718862276737,-0.17891669764568172,-0.16808254545734447,-0.08247281651863196,-0.12094710066929695,-0.02755736829296949,0.0010762827933080389
40108032,0.05728681952943473,-0.21163349746285445,-0.26191911953317265,-0.2620408329862857,-0.04529128855651893,-0.16046360481671573,0.0013648371150177707
40239104,-0.3856084075737395,-0.12220057562969262,-0.33235421527071446,-0.11976091478345705,0.0006220366393592711,-0.03945385010303707,
40370176,-0.4556837713333489,-0.026560283997257732,-0.36970619418211437,-0.03197617986426975,-0.049267733471785424,-0.06680583715122379,
40501248,-0.14430426305184083,0.2239828834749645,-0.23809411503859865,0.1916507340053622,0.022629451093084514,0.035419416933201255,-0.14391913640294804
40632320,0.7853833818152884,-0.029386215656640728,-1.295454446664034e-05,-0.006551642198385407,-0.02491299377688155,-0.020869373352818472,0.1328834386555188
40763392,0.3062701293353908,0.08395907174703664,-0.18057324366869923,0.05454006357371892,-0.14363846713964742,-0.1895535259446332,-0.041465498590873805
40894464,-0.2949618430498794,0.3481939243362767,-0.04550426227122509,0.27358128523188413,0.03145060637444247,0.006308078736292221,
41025536,0.8402906487522451,0.018141707794208525,0.07903445596332781,-0.003117066790137403,-0.036144433880478825,0.0232716868196023,
41156608,-0.11490108730105543,-0.18642110982165241,-0.0001701922776155601,-0.1386100122893402,-0.013223300428657703,0.06594117827596956,-0.48073311960570914
41287680,-0.47183899131160184,-0.08669437446221837,0.025870677791584668,-0.30169735885260157,0.06682683605570815,-0.007203332488975731,-0.03986842903730967
41418752,-0.33467248571809527,0.057124096941243076,-0.4012470031756457,0.10059488415852441,-0.003130640312060086,0.10323088969443144,
41549824,-0.32459497954620936,-0.09887775880655574,-0.3002724828978889,-0.15427082756176544,-0.03467845297158286,-0.08730549821599774,
41680896,-0.3932382187257538,0.016353340703796734,-0.3584429704353701,-0.053336085123623624,-0.07752934126070367,-0.10110004375075206,
41811968,-0.09344455936507254,0.2588543139286935,-0.25124506315406375,0.32776675485804113,-0.042088487973937085,0.009360510597309328,0.017240310122882657
41943040,0.6266279558720611,-0.040685629110517596,-0.05091353510550156,-0.04956465853403133,-0.020932118282360385,-0.012484999566773444,-0.19879110352875454
42074112,0.6457204409158074,0.02701308733666181,-0.10204788149921253,0.11392059332701986,0.01842752325415895,-0.06855975050370863,0.024310723163430817
42205184,-0.18792679688917427,0.23203322139805968,0.23333109962883403,0.29161419342380873,0.032885107010153576,-0.009171569404092675,-0.013038012245877032
42336256,-0.4163751949731181,0.2049988482284347,-0.1614550491748234,0.015286539153557715,0.023461570633416404,-0.010853833011059237,0.16756896482559044
42467328,0.1478010678260656,-0.12344273806202588,0.02391513428115761,-0.2537850056903832,-0.1335764117177098,-0.24297091532762047,0.07450872709503745
42598400,0.5300147746429898,0.014662725151540767,-0.0773406951097417,0.116968274970107,0.028620340734414655,0.04335071885809772,-0.1890424705331083
42729472,0.2936158161101862,-0.1588423957423382,0.25307288760983954,-0.19836907002597648,0.015318084954694318,-0.08078174555696521,
42860544,-0.030284587647540842,-0.1799683608369731,-0.4843492498371239,-0.20909845800285168,-0.04404257945942248,-0.05225676421608796,
42991616,-0.37437007582533605,-0.053930977285154745,-0.36413973043823405,-0.06219830340452952,-0.05841203998189837,-0.08694887306484728,
43122688,-0.3195752853193549,0.15037892963675703,-0.36932405132025015,0.08610530980505601,-0.0067570684955074855,0.025996936752530075,-0.04186241867054436
43253760,0.8159725272559317,-0.03642633516538974,-0.05059871142161675,0.007157877750274875,-0.004208427396194997,-0.024657224712316635,-0.06097889629827523
43384832,0.533478358471573,0.03681398306371852,-0.20910924959695557,0.07016896754650163,0.00022789186766624373,0.020414050743631944,0.12978749870995313
43515904,-0.3638628088309177,0.25598305459573073,0.03565882704185574,0.30138290836445353,0.04173849939663881,-0.0013739017704035089,
43646976,0.5472952190148701,-0.038705017136135424,0.30719384342640865,-0.07055228446983398,-0.005328752031440265,-0.030924883921311607,
43778048,-0.5214236300077493,0.017014181973588106,0.14514272257631425,-0.06665937868862339,0.06821010124982411,0.08312805749068843,-0.09842192801321249
43909120,-0.40123997277050544,-0.18826128943873155,-0.0025235807802722137,-0.22248293563684024,0.04313855181522156,-0.042275009711057944,0.10007865984737105
44040192,0.2765279655492143,-0.14875314836700054,-0.20229169704444072,-0.21107816620645473,-0.035597042048805025,-0.11155997154577749,0.014192009238307162
44171264,0.015207989273201463,-0.1860935271057869,-0.4441311255736466,-0.23716054450478907,-0.052241787910558245,-0.06516502563201772,
44302336,-0.38904611789302657,-0.06590915177093715,-0.33554198727705414,-0.1083570594053444,-0.03131822032292961,-0.06982746333070813,
44433408,-0.3161921893659099,0.182524876110889,-0.21341226267818228,0.15839900529831474,0.011229046615854943,0.020487190816550163,-0.09775542911429896
44564480,0.7047827170277245,-0.06733087550112261,-0.009776241996139452,-0.034345643896034464,-0.03504183791476284,-0.023050519690706487,0.12567216397350958
44695552,-0.30387165227989665,-0.09522673605866315,-0.31285019417631477,-0.10890650234518591,-0.0913383910180281,-0.05705629347873425,-0.03075023064317719
44826624,-0.33568231305386587,0.2535848979653592,-0.02292722695673467,0.340296029178168,0.04096285915124539,0.006546673694626886,
44957696,0.6938597887147017,0.08665191296726626,-0.0012386249866442078,0.07970625297019915,0.06804099877221821,0.07050242158897055,
45088768,0.3111698888663793,-0.07491424123232754,0.07414909968898577,-0.149672076671947,-0.005059475170559162,-0.023350976602688367,-0.36168424176711284
45219840,-0.638527187716338,-0.025926841801563162,-0.012894831064833754,0.02954337154112235,0.04594781364549077,0.022464820557516432,0.22469513367313557
45350912,0.041633142947061816,-0.1870523540813419,-0.30112206594780117,-0.2539440098419819,-0.06240700090080744,-0.15384142628100578,
45481984,-0.18877195400387214,-0.1566311656938959,-0.358540206745168,-0.1928714923765374,-0.03633676220064752,-0.06684841897987903,
45613056,-0.5772218140820532,-0.019136262411485215,-0.23956846452147107,-0.03465053916364771,-0.040490941256915734,-0.06722886372102456,0.02170311484340248
45744128,-0.1960216229519976,0.25123762344615463,-0.093489282530102,0.3161099997587193,0.04799309616091815,0.09514837515210833,
45875200,0.7472247868661178,-0.03590184506399997,-0.038296414182639446,-0.058007530370928026,-0.01913167266409965,-0.00882360002660061,0.09261415082561446
46006272,0.7217296601504682,0.04780383122113784,-0.11210203981845546,-0.029863128891025853,-0.04245770849593355,-0.013220428768210259,0.03282320265476881
46137344,-0.2868444156148467,0.2721625511216657,-0.023352936349774648,0.3257173520335149,0.0561560386554469,0.035766706224751185,
46268416,-0.26486560308373325,0.060985661146528855,0.07897940345820038,0.19330081942543922,0.12493504916575093,0.19664062045573422,-0.08029284326461315
46399488,0.03250900624274823,0.1610032347847825,-0.10392340405879452,0.3252082928328421,0.09483976677157348,-0.10553703207360947,-0.17697926323564975
46530560,-0.7150420921949945,0.02784145367649943,0.18946385298267915,-0.010088187671286613,-0.039040332671124035,-0.014759942603635563,-0.0037641381997807343
46661632,0.2954077901724393,-0.15856989744520603,-0.15717619250017512,-0.21783952287703168,-0.04502584297436159,-0.1259807540307863,
46792704,0.0708154864022282,-0.19101624258172414,-0.2333524325331835,-0.2959635204846189,-0.06526688893841924,-0.14358542905982602,
46923776,-0.5073620954109048,-0.05251210678490799,-0.2808563117979794,-0.05294460599625322,-0.03633587293717565,-0.06998900707277894,
47054848,-0.2260527352389827,0.17619547108234734,-0.030581807993947288,0.19152288689867367,0.17188726104432311,0.2037598377417259,
47185920,0.42848484057660186,-0.03920685618278896,-0.059534985582429624,-0.08718549298680328,-0.064288483239091,-0.04960114916530783,-0.27169819226697745
47316992,0.5476871613429803,-0.005732256973031142,-0.056003318296410955,-0.042570801743997154,-0.05789090965439191,-0.04837704627212544,0.2417385057170631
47448064,-0.3381498616000346,0.2734479868704909,0.0007020658878114432,0.30163148766657777,0.044139303704623135,0.006801478408022003,0.0351278158624402
47579136,0.35411679002830976,0.20830548777674604,-0.012320813773185132,0.29049458098409564,0.027630304915543833,-0.10713202252211959,
47710208,0.010220645958495303,-0.3188614273102053,0.022118757212913294,0.007338833129775822,-0.10891440844738048,-0.11839650329054187,-0.41414942465068794
47841280,0.029786926776453934,-0.36154440395503995,0.017777111958216994,-0.4815775569848349,-0.06719173037752507,0.02050160014979744,0.02162066979813168
47972352,0.4445171660123236,-0.07247576345705044,0.2815331103884446,-0.11974523283417202,-0.003658965364775644,-0.07322437331562963,-0.00484538862760407
48103424,-0.15346849585720074,-0.15491226812567283,-0.31082690590191775,-0.19173334750273135,-0.06188616177009283,-0.12433146548295863,0.0028413553594258743
48234496,-0.7297580320690008,-0.0478663579692228,-0.13424883970405158,-0.02166488115589348,-0.029817548079626013,-0.036644341022205346,
48365568,-0.43760313263835293,0.20938876403047102,-0.09020036151870127,0.16634759562037302,0.020243903392742003,0.02118578519733754,0.0550304576020222
48496640,0.6037729008545057,-0.08363513036003432,7.842858355753631e-05,-0.06886105220662998,-0.04646026750914566,-0.044293687899868955,-0.15289853258625785
48627712,0.41041665578210845,-0.13233292319070947,-0.04481094300374659,-0.11727986860060108,-0.03677308392297855,-0.025929845597669112,0.23245667990218674
48758784,-0.36229524927419193,0.24158531562938176,-0.01880530848335959,0.2342515960991166,0.0850207386017096,0.044463510006422,0.013578281905818489
48889856,0.0013596602477066585,-0.24678010330881908,0.018278459974074582,-0.2846420254118937,-0.09588385878699927,-0.10977195769564094,-0.2432839345748658
49020928,-0.7553828576600935,0.008763442515614176,-0.04618516340936008,0.09106124091340993,-0.0011931386414397302,-0.025896445642252474,-0.07151771121783011
49152000,-0.6337725775260872,0.10939140835283807,-0.0005254834471799239,0.14791970528289697,0.06931877128243552,0.03907205410856235,
49283072,0.24174921463462803,-0.16663441378959704,-0.20859955537614,-0.21179295150385452,-0.05242265332414827,-0.11880121137163212,
49414144,-0.05666907335071674,-0.20711533184024622,-0.40452892236584564,-0.18062499681379934,-0.06946994423466347,-0.08159173139472856,
49545216,-0.39985137523103953,-0.07145436205611695,-0.34272883927266184,-0.05047187456184836,-0.046715038040429605,-0.08728377793183319,0.0014947329060705187
49676288,0.41596590919064014,0.05347099115074176,-0.05111079538117189,0.08621600164467388,-0.015441183693346686,0.010971528169646493,-0.36682359076977916
49807360,0.6114931722128051,-0.06425371801087215,-0.02160457849097233,-0.04887397543065191,-0.05710244589073234,-0.04111587763186934,0.1555562323320969
49938432,-0.3844098719228392,-0.010466082807267983,-0.3422377953088401,-0.032110103102113735,0.11262452585131467,0.11815162100762432,
50069504,-0.4592624942235159,0.22096001734751217,0.0474098513314135,0.23260516686527025,0.005736560181019408,0.0016071131390306915,0.03241879691223808
50200576,0.3760145716684605,0.04443016663687587,-0.08758732487003953,0.10295112771380836,0.15292567864881115,0.024481686637659733,-0.21160944382434485
50331648,-0.2343967878887635,-0.26201081153847855,0.06509133586263108,-0.26164670499548376,-0.002238170715521107,-0.07560163349842929,-0.09901455550069271
50462720,-0.01752504628537724,0.3342989769145619,-0.17236354976635593,0.11056329010088187,0.0623798080952078,0.0036389112191477805,0.29923041761846747
50593792,0.3833044553694501,-0.18439564549330123,-0.08007467279912704,-0.23129726640428727,-0.03538469495052601,-0.08270526056238825,0.0028380044209200934
50724864,-0.7330057197575174,0.0018394278430815302,-0.16379985875178185,0.004948996333978602,-0.01856376208344799,-0.0778422352301927,
50855936,-0.4677652326236862,-0.10449906106464465,-0.15276915460172863,-0.12108392844786048,-0.03776993902575816,-0.11406753759866833,-0.002045146637653587
50987008,0.11996842828624045,-0.23117531518186057,0.19252409957382974,-0.22234555752705795,-0.08773640801688458,-0.0537668589119921,0.09248333250213461
51118080,0.5291728352059748,-0.04644061731738494,-0.0604340644853507,-0.058770693071837535,-0.01784208883285753,-0.01802426338455359,0.2693154377020409
51249152,-0.2616714425468269,0.01539053684974769,-0.3397141960611611,-0.28841534974061017,-0.01651563729872549,-0.07829283750292869,
51380224,-0.329581254093432,0.21806907589285396,-0.015399243843208184,0.3223999345840998,0.07738432085295506,0.037166170733450986,
51511296,0.459171046162334,-0.18136097886140096,0.04013303934668969,-0.10351861058142696,0.0018845307770132098,-0.04442330475822942,-0.16950848951290573
51642368,-0.7538201213448142,0.038277970743087385,-0.003892175708303415,0.08099325315683527,0.05709733948272633,0.021311109700044233,-0.04460802986418911
51773440,-0.5903790608548671,0.08147500865792832,0.04113719704883099,0.2093516957195908,-0.046692827426236316,0.030964210292546472,
51904512,0.16670780689898215,-0.17869121865614132,-0.19888060980260502,-0.25438944036905314,-0.06677538779810575,-0.13455553647511256,
52035584,-0.0962448134223672,-0.16640767596939232,-0.32457741896462355,-0.2451664328985686,-0.05525075296380096,-0.11235290578124733,
52166656,-0.37880269156661,-0.06277155256975922,-0.36938853437268676,-0.056062456517703065,-0.06787466465499202,-0.06014040033270326,0.0049596999855457
52297728,0.3564985179196168,0.01909480775048689,-0.2619398556796268,0.0686749705144326,-0.008037647952469607,0.03202326474940262,-0.2537309354339647
52428800,0.5914412048687788,-0.06076868975720952,-0.0053048385713415245,-0.06923152322887774,-0.03751867459120617,-0.02131009547549577,0.21442497350709042
52559872,-0.42995172160258743,-0.04140485115932076,-0.3718142161047767,0.02918023866614885,-0.0673257525114585,-0.036026454551232,0.02429676540447578
52690944,-0.460599493590416,0.16734141118016443,-0.03542115270802909,0.21841740252443728,0.06695704354439916,0.03052614996576979,0.020737346486784238
52822016,-0.41378008330881016,0.07538407165956892,0.0616160457662365,0.11043704721302831,0.01701545021401313,0.02721490381090042,-0.29455239802744254
52953088,-0.4596078990727541,-0.0892844023860731,-0.0478846914984395,0.0037093052845835086,-0.09925977066530874,-0.11864189684225898,-0.1816120342505821
53084160,0.25707201938895863,0.13022348932411457,-0.15108934451018546,0.10990120759904941,-0.09857193630787321,0.0007474648225929532,-0.2523945380472258
53215232,0.3072299173428583,-0.14468803074511216,-0.1560725396823242,-0.22456418638036604,-0.053708063764049,-0.11373726208529025,
53346304,0.003915247456630718,-0.13412422153253611,-0.5369649717846581,-0.221887415528072,-0.05234353790965704,-0.05076460578844607,
53477376,-0.25814783816474984,-0.021445585157488643,-0.6191749697302709,-0.032175991907092104,-0.02952643557217815,-0.03952917946822042,
53608448,0.008299866008220776,0.0431389883883123,-0.6608903577010105,0.0583487744073952,0.07530964383872275,0.0316962470403879,-0.12231612261595065
53739520,0.6951096870056159,-0.05486807373200721,-0.08482494720396166,-0.02077214851290916,-0.05080511060030282,-0.013399699470269946,0.08022033347493324
53870592,-0.22545086143088672,0.06541043294816432,-0.3372411036179941,0.07263199653191561,-0.12283387203973474,-0.03186304075753899,0.14456869267376554
54001664,-0.2694843797448157,0.22388989194450162,-0.021761012298506507,0.26379391426857823,0.12002987310775176,0.0866581624504993,0.014382766185346903
54132736,0.2922957488110403,0.3731676883504151,0.03594353009566896,0.27076222960811674,0.01088089266602539,-0.013022433280734932,0.003927477187998562
54263808,-0.45176132960364346,0.0008503233239272429,-0.055504930054013364,-0.12769661633988727,-0.051347947233408825,-0.011766568022598683,-0.3010722854225211
54394880,-0.4335204152767912,0.24457602305998927,-0.02023332874202451,0.2817680182081998,-0.010946879596157758,0.00895533511683748,
54525952,0.32433544083890614,-0.14168448337187253,-0.1385044629554329,-0.2287231362806814,-0.040872108042842935,-0.12588036851026405,
54657024,-0.23343783820622926,-0.11723587148632758,-0.45033163715433966,-0.1287814850153489,-0.026754615775068432,-0.04345855236268616,
54788096,-0.3188771781286729,-0.05622266132175957,-0.3633122113747039,-0.13119355977926087,-0.060761552316470895,-0.06963283707913194,
54919168,-0.4463745600980132,0.07867307234830498,-0.31691536999672976,0.0841582785673108,0.023366132443877308,0.02147046498671962,0.029042121559044322
55050240,-0.07221490456429068,-0.32121404095067535,-0.002110715686220993,-0.20418441804524728,-0.2891288904000291,-0.10255000439711835,-0.008597025956418248
55181312,0.5476908422719381,-0.05833195410038674,-0.13585455174384461,-0.04580944544000366,-0.020218484297196096,-0.03647147335234576,0.155623248794285
55312384,-0.2264060641205178,-0.05391376230030253,0.5851259485697656,-0.06100285128692861,0.01232396062397964,-0.005819874958248012,0.05540753814025774
55443456,-0.5107512117102141,0.06726331993714653,0.11429201246894685,0.0713164240924812,0.07575325364527981,0.038889149105678304,-0.12173462904025315
55574528,-0.22583044601521587,0.18909638866062073,-0.10258592282007163,-0.09724992756515664,-0.03451771060657636,0.05593415240461041,0.29478545192774835
55705600,-0.09434759949524603,0.20261430330475874,-0.12097385604318785,0.3639215320126219,0.06602434236805876,0.12677959470753197,-0.025338772068594792
55836672,0.2948628769773153,-0.15130290354391757,-0.18895694186485654,-0.2686062606452882,0.01136614993548867,-0.08490486703313377,
55967744,-0.3111527322734528,-0.1379299103526293,-0.14751250707400823,-0.22903634349239052,-0.07034423855068223,-0.08937266477376163,-0.014651603483075284
56098816,-0.4379997293677297,-0.08110731056749354,-0.2621746138957259,-0.12184532243225701,-0.02755020160232989,-0.05161470449693178,0.0177081176375322
56229888,-0.202153629693099,-0.13271249284854883,-0.4857385054715082,0.025789305298146072,-0.024999617462208808,-0.06948032572499722,-0.059126123501491865
56360960,0.6822581479433134,-0.052092188207409185,-0.0932363357949885,0.0039168468548559845,-0.014126365737042948,0.02031642766474373,-0.13405368779764623
56492032,0.7058749704915853,-0.07161708022051635,-0.13655158204774717,-0.024246635398730496,0.007900721308512,-0.02663666746475147,0.027172343068157193
56623104,-0.33009534884442016,-0.04068404088582054,0.49920019487384143,-0.054481339118668204,0.04459667251773764,0.030942403759512013,
56754176,-0.06802194965822153,-0.16999773620952835,0.7013274736047014,0.028103025833675684,0.01858786007850074,-0.01396195461537232,
56885248,-0.26235881345708006,0.11127362335128753,-0.4134919778639359,-0.0020512678016613973,-0.025810951933676787,-0.07479262875822522,0.11022073683413308
57016320,0.19056165462860375,-0.1197556369961268,-0.1233770876569389,-0.34353768220057224,0.063570776498334,0.09665521610947478,0.06254194590994952
57147392,0.35732200083804516,-0.09212363247405755,0.13756276023670172,-0.17198515802741754,-0.1041023378096303,-0.13690411061414776,
57278464,-0.24045253129032748,-0.16721114097485024,-0.07891672915743868,-0.3091534819578145,-0.07575105605670311,-0.12851506056286596,
57409536,-0.2546282945980489,-0.12509070742281095,-0.2624300969629758,-0.16983265683736407,-0.06561139549772914,-0.12159570659713759,0.0008111420839335412
57540608,0.18586105908029438,0.03758082922988084,-0.45370749599911153,0.19221430914470344,0.06783323877845492,-0.03754470059629721,-0.02525836717125769
57671680,0.4641558473772429,-0.06987609054549813,-0.04382582552353428,-0.060663926151353284,-0.024601958444115807,-0.03298612163473191,-0.3038902303235237
57802752,0.26887290777159434,-0.16819734265891248,-0.23359124009422755,-0.19504189452828333,0.022312630899824954,-0.09986896172933744,0.012115022317819905
57933824,-0.14681313193990905,-0.09461174563227653,0.5778032296468357,-0.10553511955637568,-0.023295519213626853,-0.051941254010976164,
58064896,0.19132408430388353,-0.10893075157500613,0.3841915080301309,-0.14587600362580722,-0.07789415897649353,-0.09178349348867867,
58195968,-0.4439875428946136,0.03602761744879328,-0.3624778576137599,0.03663361053181148,0.03320238597732735,0.049953223357745644,0.037717762175948764
58327040,-0.22839171608229705,0.04467278634301539,-0.3462437868062212,0.11969505538968254,0.09209907666946118,0.12944409249253908,0.03945348621678355
58458112,0.3231784051061006,-0.12537680494129858,0.16835578493373504,-0.277544215249148,0.07974469011723427,0.01697153309471098,0.008828566557772543
58589184,0.3404436084615362,-0.08216152076653271,-0.22351868599513874,-0.18260697828866412,-0.060511449581748325,-0.10175240350627657,-0.009005353400103333
58720256,0.18008992406926638,-0.18391588447075702,-0.1683343538023299,-0.25917792399753203,-0.04649764624542034,-0.09461013351855385,0.06737413389614048
58851328,0.36270026726944915,-0.06478549611953152,-0.2667108767425239,-0.10807404763184768,-0.049795216998199214,-0.14793409523844853,
58982400,0.029966368062234763,-0.11111662564627725,-0.0847395234135363,-0.16263613474834063,-0.025262845960437093,-0.11574612234567064,-0.4705323798235033
59113472,0.7090875878490255,0.017232408284536812,-0.046387757637749306,0.031106028924019924,0.017148379251549897,0.011747884177342433,0.16728995387577614
59244544,-0.36629059228973926,0.28240849739931073,-0.02591470338686505,0.21882379896242612,0.04185735275088961,-0.06470505521076922,
59375616,0.689231239239264,-0.12350321716114156,0.03490142787060499,-0.10475025919766104,0.023750874795030973,0.02386298173629747,
59506688,0.1397506416278307,-0.09077849450167641,0.03957195642043234,0.08943708687627457,-0.03319190595314804,0.04151791794889796,-0.5657519966717399
59637760,0.28385168099986235,-0.20123024083835958,-0.04062510187964131,-0.35996746371345134,-0.026668292304034825,-0.08765722026465056,
59768832,-0.0556251450550977,0.07741643182635241,-0.6968998357849707,0.1304445172139355,0.0036159123146610565,0.03599815780498262,
59899904,-0.15087035644021796,-0.12730058397588645,-0.37818544263781956,-0.21231802769239605,-0.043119343064686344,-0.08820624618899361,
60030976,-0.25179641642589357,-0.025818222577713934,-0.5234888885261423,-0.05635472268925853,-0.06948775022717009,-0.07305399955382162,
60162048,0.030951975462929604,0.1428578472308356,-0.08924286401184944,0.16471304626536526,0.04213611687109784,0.011904607791794378,-0.5181935423661278
60293120,0.4605893164493596,-0.07888663034595371,0.0526969561430426,-0.12790367038147663,-0.05992982941162562,-0.024034567123922088,0.19595903014461982
60424192,0.20141201893909513,-0.11656552429262086,0.1619278486152001,-0.20513114279288638,0.09179151663518505,0.13574162890139402,0.08743031982361843
60555264,-0.6332999713916495,-0.0008724026148411918,0.05392140006921977,-0.06049226133448023,0.14576335152726655,0.10565061306254277,
60686336,0.44249001629534035,0.0731899803915709,0.03432333206485195,-0.19733988116056836,0.06323014627573222,0.05461713580479975,0.13480950800713645
60817408,-0.4199877213713334,0.10222317193295398,0.010860677083605335,0.213995240607189,-0.052229702209128065,-0.016090919414472823,0.1846125673813174
60948480,-0.5569900022926941,0.11616370350464839,0.018274725393486946,0.09184731532211837,0.0738751732279203,0.07786912910989861,0.06497995114923329
61079552,0.22604735889138491,-0.13858797520446897,-0.19045488305208003,-0.2619207590878309,-0.022359139626518237,-0.16062988413771692,
61210624,-0.19707316964373606,-0.10701352955110398,-0.02796576451962035,-0.321603304596806,-0.018905825814727464,-0.3274384058740062,
61341696,-0.35660836780396543,-0.03410335380640431,-0.3585882634756639,-0.00996538435220303,-0.040059396809325416,-0.16281914482486518,0.037856088927572716
61472768,-0.23573783983579208,-0.012758583920404732,-0.47309521842826036,0.24001049459486476,-0.028609848684856155,-0.009788014535821923,
61603840,0.625748215500394,-0.036789730054560675,-0.09251969210394699,-0.00605125672487218,-0.007486851946949775,-0.01845697492688513,-0.21294727874239128
61734912,0.4689950243957142,-0.10553402274603169,-0.13013226222598936,-0.03491683548494218,-0.05545312685384724,0.05261982742437894,0.15234890086909636
61865984,-0.5057840329542701,0.1504395672863456,0.013326575281159147,0.26670305853739745,0.016865894269655277,-0.04688087167117246,
61997056,0.6173193575194093,0.16976093387506372,0.022442519643317855,0.016778303036041647,0.1293017478717936,0.044397138054373904,
62128128,-0.4388756353767966,-0.0642743408907486,0.0233155088951224,-0.25749016011131654,-0.09935745424779663,-0.07887386515066627,0.03781303532755297
62259200,-0.28132087607190026,0.15223551532321525,-0.007922691946355809,0.19816605355007466,0.07840515516794593,0.17161112064861195,-0.11033858729189615
62390272,0.24272194805064914,-0.13997431592081785,-0.21241359399212145,-0.2517160310398454,-0.03199697331184441,-0.1211771376847217,
62521344,-0.22118418347186178,-0.08388264610640982,-0.411246627467472,-0.18408337599327143,-0.024893321949828528,-0.07470984501115646,
62652416,-0.2080113781115612,-0.05965600610542778,-0.5264374492803338,-0.09930100086429869,-0.053379518144264386,-0.05321464749411419,
62783488,-0.2777959307508277,0.16022603287596665,-0.18664671956643078,0.23957246960799128,0.05161805724532698,0.0841407899534566,
62914560,0.6851992317413499,-0.019763803624627957,-0.061131680724702424,0.01566619193521711,-0.02065679260643412,-0.05309145187080306,-0.1444908474968654
