collected_frames,rew/shaping,rew/step_penalty,rew/legacy_joint_vel_var_penalty,rew/legacy_joint_angle_var_penalty,rew/legacy_track_vel_var_penalty,rew/legacy_roll_rate_penalty,rew/legacy_pitch_rate_penalty,rew/terminal_bonus,rew/total_reward
131072,0.13840311975218356,-0.16349218596786128,-0.10252634063363075,-0.030749049984059695,-0.0855755300144665,-0.03309045544301625,-0.02982527627318632,0.0,-0.30685571976937354
262144,0.1568231680430472,-0.1638327946886272,-0.1021871657576412,-0.09276625473285094,-0.08523135515861213,-0.03895497586927377,-0.03349250076280441,-0.0001068115234375,-0.3597458105068654
393216,0.1659925263375044,-0.16417340340939393,-0.10184034769190475,-0.12219320103758946,-0.08495145459892228,-0.03405416914029047,-0.03346232516923919,-0.0001068115234375,-0.3747862814925611
524288,0.16422150353901088,-0.16451401213016004,-0.10158566350582987,-0.12274221843108535,-0.08454484265530482,-0.031782207486685365,-0.034578457634779625,0.0,-0.3755258896853775
655360,0.1512552930507809,-0.16485462085092678,-0.10162254300666973,-0.1041727497940883,-0.08352374203968793,-0.030159871428622864,-0.03524269703484606,-0.0001068115234375,-0.3684249622747302
786432,0.14457158604636788,-0.16519522957169352,-0.10127179662231356,-0.08797220553969964,-0.0839704749523662,-0.026626592545653693,-0.035160197789082304,-0.0001068115234375,-0.35572900902479887
917504,0.13451803586212918,-0.16553583829245958,-0.10058838711120188,-0.07831028016516939,-0.08342840732075274,-0.02479218054213561,-0.03488050069427118,-0.00042724609375,-0.353433993877843
1048576,0.13021810818463564,-0.16587644701322554,-0.1003282304154709,-0.06305657047778368,-0.08327264146646485,-0.021868835101486184,-0.03197828654083423,-0.0001068115234375,-0.33626459375955164
1179648,0.12555350648472086,-0.16621705573399226,-0.10014164511812851,-0.04168863481027074,-0.08258025936083868,-0.0208806980663212,-0.029879842666559853,0.0001068115234375,-0.3157207395415753
1310720,0.1987940354156308,-0.16655766445475834,-0.09934940922539681,-0.024571000980358804,-0.08285502035869285,-0.01648656498582568,-0.019320646781125106,-0.0001068115234375,-0.21045062568737194
1441792,0.2147910554194823,-0.16689827317552516,-0.10032493161270395,-0.05582554152351804,-0.08402344211935997,-0.02054660524299834,-0.032491532459971495,0.0,-0.24531927797943354
1572864,0.14588636024229562,-0.16723888189629033,-0.026402189967162277,-0.13260527544254042,-0.013457508943164118,-0.017806637562829908,-0.022103061379206864,0.0010474968905472637,-0.23267947337526448
1703936,0.09871815430233255,-0.16757949061705793,-0.10030532290693372,-0.28205034881830215,-0.08280969603220001,-0.038249181903665885,-0.03822277465951629,0.0,-0.6104986555874348
1835008,0.16005946084624156,-0.1679200993378239,-0.09955926367547363,-0.16100330276822206,-0.08254699280951172,-0.02919243722135434,-0.030979859846411273,0.0003204345703125,-0.41081739973742515
1966080,0.20635672693606466,-0.16826070805858995,-0.09970122232334688,-0.0808288263506256,-0.0821731187752448,-0.03244720783550292,-0.037937313129077666,0.0,-0.2949916705256328
2097152,0.1554216267541051,-0.16860131677935664,-0.10014206968480721,-0.04749532230198383,-0.0817497139214538,-0.047496820479864255,-0.04418650091974996,0.0,-0.33425011998042464
2228224,0.13478220184333622,-0.1689419255001235,-0.09946733026299626,-0.023392634553601965,-0.08084937511011958,-0.04872155745397322,-0.040821976377628744,0.0,-0.32741260062903166
2359296,0.1350110461935401,-0.16928253422088957,-0.09929776831995696,-0.033129471994470805,-0.08075957075925544,-0.053817883133888245,-0.039305797195993364,0.0,-0.34058198472484946
2490368,0.14332110527902842,-0.16962314294165629,-0.09909131051972508,-0.12854093851638027,-0.07998864410910755,-0.05629771246458404,-0.03863156755687669,-0.0001068115234375,-0.42895527789369226
2621440,0.12276143953204155,-0.1699637516624222,-0.0988601507851854,-0.2656106899958104,-0.07976430491544306,-0.042239542468450963,-0.035792446666164324,-0.0007476806640625,-0.5701869013719261
2752512,0.10702223575208336,-0.17030436038318827,-0.09829506964888424,-0.3060935097746551,-0.0797735212254338,-0.033664797054370865,-0.03298045488190837,0.0001068115234375,-0.6139779849909246
2883584,0.15162589318030395,-0.17064496910395793,-0.02764463192608268,-0.21123007297608543,-0.015089956302495064,-0.020758380047034845,-0.018705614447580725,-0.0001427457946635731,-0.31258415879303963
3014656,0.1044496409012936,-0.17098557782472185,-0.09737299662083387,-0.25123523839283735,-0.0791795440018177,-0.032267958580632694,-0.03338053260813467,-0.000213623046875,-0.5601641205139458
3145728,0.09493031882448122,-0.17132618654548792,-0.09696372039616108,-0.19975498772691935,-0.07898831565398723,-0.032105577090987936,-0.032703913253499195,-0.00042724609375,-0.5173236555419862
3276800,0.14218483422882855,-0.17166679526625447,-0.0964686562656425,-0.09276730239253084,-0.07928314030868933,-0.03284106200590031,-0.029534360917750746,-0.000213623046875,-0.3605829610605724
3407872,0.19591696723364294,-0.17200740398702055,-0.09691023192135617,-0.02547239771229215,-0.07861476764082909,-0.045201416505733505,-0.03615217166952789,0.0,-0.2584414165467024
3538944,0.17210636904928833,-0.17234801270778663,-0.09682280238484964,-0.037370798861957155,-0.0782671581255272,-0.03746097823022865,-0.03579426207579672,0.0,-0.28595763887278736
3670016,0.15462247631512582,-0.17268862142855315,-0.0970736889867112,-0.10199411903158762,-0.07828175579197705,-0.038127248495584354,-0.03566135041182861,0.0,-0.3692043023183942
3801088,0.1382065393263474,-0.1730292301493202,-0.09635408851318061,-0.2053351819049567,-0.07724632130702958,-0.03958726426935755,-0.036426159407710657,-0.0001068115234375,-0.48987449309788644
3932160,0.12191366590559483,-0.17336983887008625,-0.09500486141769215,-0.22843267128337175,-0.07657823467161506,-0.040380414080573246,-0.036138857685728,-0.0003204345703125,-0.5282794991508126
4063232,0.1129150937194936,-0.1737104475908528,-0.09398532781051472,-0.18320514750666916,-0.07544952334137633,-0.03850953857181594,-0.03565584507305175,0.0035247802734375,-0.48406487982720137
4194304,0.1658474543988318,-0.17405105631161516,-0.026896150699356417,-0.08096144819259064,-0.017111362230477205,-0.019109817694065712,-0.022898971854471123,0.0014895428015564201,-0.17368631450708197
4325376,0.1126434697653167,-0.17439166503238493,-0.0929114626487717,-0.07931909349281341,-0.07490858633536845,-0.035708959883777425,-0.041310320113552734,-0.0001068115234375,-0.38599579012952745
4456448,0.10995893721701577,-0.1747322737531515,-0.09301799116656184,-0.06931279186392203,-0.07446089369477704,-0.0312330470624147,-0.03673176426673308,0.0,-0.3695157584734261
4587520,0.10828923265216872,-0.17507288247391753,-0.09315609832992777,-0.05225303574115969,-0.07404281490016729,-0.029277445806656033,-0.03296549759397749,0.0003204345703125,-0.3481554992031306
4718592,0.17810972640290856,-0.1754134911946846,-0.0938164793769829,-0.02510221317788819,-0.07358532852958888,-0.02402693807380274,-0.03723899336182512,0.000213623046875,-0.25086009147344157
4849664,0.18146197823807597,-0.17575409991545113,-0.09205878537613899,-0.03389671309560072,-0.07355895871296525,-0.02793296090385411,-0.0396073208830785,0.0001068115234375,-0.26124004810117185
4980736,0.15653196640778333,-0.1760947086362172,-0.09268713853089139,-0.02490739940549247,-0.07439982879441231,-0.02734926011180505,-0.03452215692959726,-0.0001068115234375,-0.27353112306445837
5111808,0.1442767905537039,-0.17643531735698328,-0.09237356937956065,-0.014133687938738149,-0.0735744790872559,-0.02760114941338543,-0.03251531539717689,-0.00042724609375,-0.2727714745560661
5242880,0.13208882935578004,-0.1767759260777498,-0.09142923663603142,-0.008936140380683355,-0.07242386852158234,-0.02801598160294816,-0.031803006277186796,0.0,-0.27729321853257716
5373952,0.13045107474317774,-0.17711653479851586,-0.09097612870391458,-0.007380527902569156,-0.07083436648827046,-0.028044966617017053,-0.03234730636177119,0.000640869140625,-0.2756078839302063
5505024,0.15849698428768355,-0.1774571435192812,-0.02869744038781719,-0.008843366453716925,-0.014555684863519327,-0.013019915886859055,-0.02307024945960068,-0.00017218986146095718,-0.10730193018950217
5636096,0.10622700501699,-0.17779775224004948,-0.09012514248024672,-0.003237430788431084,-0.06949353596428409,-0.027934804544202052,-0.033286309480899945,0.0003204345703125,-0.29532753210514784
5767168,0.1035846188897267,-0.17813836096081556,-0.08995199349010363,-0.0018862817123590503,-0.06867904475075193,-0.026778447048855014,-0.031158222249359824,0.0,-0.2930077335331589
5898240,0.10004244965966791,-0.17847896968158147,-0.08978441671933979,-0.0014262939967011334,-0.06742419383954257,-0.02587110058811959,-0.029455121140927076,-0.0001068115234375,-0.29250228335149586
6029312,0.20130306878127158,-0.17881957840234813,-0.09002599189989269,-0.019389181349197315,-0.06812983643612824,-0.021049665607279167,-0.03134292103641201,-0.000213623046875,-0.20766376558458433
6160384,0.18450299266260117,-0.1791601871231142,-0.08990347961662337,-0.026996973596396856,-0.06789435257087462,-0.02581714822736103,-0.04175005262368359,0.000213623046875,-0.2468055838253349
6291456,0.15760609740391374,-0.17950079584388118,-0.08910359157016501,-0.007711221278441371,-0.06688583252253011,-0.024529633941710927,-0.030576801204006188,-0.0001068115234375,-0.24080480344127864
6422528,0.13562120066490024,-0.17984140456464784,-0.08873316936660558,-0.004425089129654225,-0.06606424442725256,-0.025419985002372414,-0.029093329052557237,-0.0003204345703125,-0.2582706395769492
6553600,0.12436840625014156,-0.18018201328541386,-0.08898281498113647,-0.004007295365227037,-0.06590598236653022,-0.02570887036563363,-0.02900542014685925,0.0001068115234375,-0.26931717549450696
6684672,0.12264267611317337,-0.18052262200617983,-0.08825490082381293,-0.0038203713957045693,-0.06498196488246322,-0.025154537288472056,-0.028458902379497886,0.001708984375,-0.26683967374265194
6815744,0.15692671974055208,-0.1808632307269444,-0.026997016854028204,-0.0022643246637144825,-0.012812515839746694,-0.01174579106476297,-0.0205443873700329,0.0006801927860696518,-0.09761583308588809
6946816,0.1057230003643781,-0.1812038394477125,-0.08825752313714474,-0.0025876950167003088,-0.0639630560472142,-0.026897235875367187,-0.03185690446116496,0.0,-0.289043256547302
7077888,0.1027072865399532,-0.1815444481684795,-0.08840271923691034,-0.001871365777333267,-0.0634983409254346,-0.026210598676698282,-0.029839990005712025,0.0001068115234375,-0.28855337016284466
7208960,0.10194892477011308,-0.18188505688924558,-0.08813603548333049,-0.0015421581392729422,-0.06342288351152092,-0.025947563524823636,-0.028932439541677013,0.000213623046875,-0.287703595822677
7340032,0.20445062749786302,-0.18222566561001222,-0.08981933793984354,-0.0164808543113395,-0.06504361348925158,-0.02090880747709889,-0.032129448365594726,0.0,-0.20215572346933186
7471104,0.1722821145085618,-0.18256627433077813,-0.08829683170188218,-0.018988914438523352,-0.06202169950120151,-0.02532907179556787,-0.041099786292761564,-0.000640869140625,-0.24664984631817788
7602176,0.15341235336381942,-0.1829068830515442,-0.08828368596732616,-0.009722537808556808,-0.06176122816395946,-0.022990007826592773,-0.029231569642433897,0.0,-0.24148355622310191
7733248,0.14086257247254252,-0.18324749177231084,-0.08753901295131072,-0.005382439594541211,-0.06171788656502031,-0.023604502115631476,-0.026907184001174755,-0.0003204345703125,-0.247850886778906
7864320,0.12849132914561778,-0.18358810049307786,-0.08797913580201566,-0.004605272737535415,-0.06142642849590629,-0.024434375925920904,-0.02758668722526636,-0.0001068115234375,-0.2612335074227303
7995392,0.12364865496056154,-0.18392870921384394,-0.0871111472370103,-0.005050252737419214,-0.06021213991334662,-0.02413528763281647,-0.027380864237784408,0.00042724609375,-0.26374250440858305
8126464,0.15833018802420673,-0.1842693179346098,-0.024755892228270435,-0.0048621801489604,-0.011405431086725553,-0.010829218274453845,-0.018987975586506146,0.0011195331885856079,-0.09565867549233097
8257536,0.10648499138187617,-0.18460992665537648,-0.08675386669347063,-0.0036438866791286273,-0.05940262333024293,-0.0263274281314807,-0.030269548849901184,0.0,-0.28452014410868287
8388608,0.10426613828167319,-0.18495053537614253,-0.08630581782199442,-0.0025487613693258027,-0.05846129628480412,-0.025280972244217992,-0.028569830683409236,0.0,-0.2818510716315359
8519680,0.10417976789176464,-0.18529114409690903,-0.08587235567392781,-0.0018125326423614752,-0.05771565728355199,-0.024193540142732672,-0.026989022138877772,0.0001068115234375,-0.2775876696687192
8650752,0.20589092111913487,-0.18563175281767622,-0.08789026725571603,-0.011789190021204377,-0.061921763932332397,-0.02115210441115778,-0.03040544080431573,0.0001068115234375,-0.19279278634348884
8781824,0.16508285445161164,-0.18597236153844227,-0.08619547472335398,-0.018287690938450396,-0.05818477418506518,-0.024591683642938733,-0.03928069057292305,-0.0003204345703125,-0.24774446070659906
8912896,0.14915758883580565,-0.1863129702592088,-0.08553531317738816,-0.010994345753715606,-0.05690876083099283,-0.02111009722284507,-0.028891277295770124,0.0,-0.240595179842785
9043968,0.14443590957671404,-0.1866535789799748,-0.08530151017475873,-0.006611817749217153,-0.05674223115784116,-0.0222536044602748,-0.026780215397593565,-0.0005340576171875,-0.24043216090649366
9175040,0.13324637047480792,-0.18699418770074086,-0.08450056216679513,-0.0052777538330701645,-0.05629395629512146,-0.023011132070678286,-0.025982354243751615,-0.000213623046875,-0.24902341200504452
9306112,0.12976614304352552,-0.18733479642150735,-0.08371859829640016,-0.005504586919414578,-0.055741779651725665,-0.023087400855729356,-0.026253645337419584,0.0007476806640625,-0.2511269769165665
9437184,0.1615398811630845,-0.18767540514227243,-0.02552176949420779,-0.005952743670375401,-0.011772107604164481,-0.011158003056691535,-0.019292352963288892,0.0008430378686327078,-0.09898828390199846
9568256,0.10415761166950688,-0.1880160138630406,-0.0831717707333155,-0.0065944441412284505,-0.0546135765616782,-0.02586782255093567,-0.029537328227888793,-0.0005340576171875,-0.284164282027632
9699328,0.10674026695778593,-0.18835662258380712,-0.08200454129837453,-0.004509920516284183,-0.053223309747409075,-0.02472521024174057,-0.028338337666355073,-0.0011749267578125,-0.2755671876948327
9830400,0.10559190704952925,-0.18869723130457314,-0.08145940362010151,-0.003156188357024803,-0.05266472778748721,-0.023822130548069254,-0.0268353496940108,0.0001068115234375,-0.2709342478774488
9961472,0.16667390946531668,-0.1890378400253392,-0.08313541347160935,-0.004885421917151689,-0.05567569241975434,-0.02116471523186192,-0.026849282628973015,0.000213623046875,-0.21386083867400885
10092544,0.19479837582912296,-0.18937844874610565,-0.08371673943474889,-0.017790387137210928,-0.05791546843829565,-0.023526822304120287,-0.03756295138737187,0.0001068115234375,-0.21498563745990396
10223616,0.15493327658623457,-0.18971905746687173,-0.0814669891842641,-0.011807518032583175,-0.054090632329462096,-0.021680339006707072,-0.0328240365779493,0.0,-0.2366534232860431
10354688,0.14676812884863466,-0.19005966618763898,-0.08074521506205201,-0.005076463468867587,-0.05273866347852163,-0.021448925050208345,-0.02618825920217205,-0.0001068115234375,-0.2295923448400572
10485760,0.13695706229191273,-0.19040027490840544,-0.08033318270463496,-0.003218911582735018,-0.05232337600318715,-0.02165715144656133,-0.02485778355912771,-0.0001068115234375,-0.2359385823365301
10616832,0.13062644883757457,-0.1907408836291715,-0.07964862964581698,-0.0028782809185941005,-0.052020821516634896,-0.02192524452402722,-0.024933910957770422,0.0016021728515625,-0.23991914885118604
10747904,0.167816269026312,-0.19108149234993746,-0.026875269049308773,-0.00190369945905857,-0.011795954148696863,-0.011822416859911063,-0.02146573960560012,0.0014402123516320474,-0.09568735894723589
10878976,0.10932680225232616,-0.191422101070704,-0.07957018766319379,-0.002955591477075359,-0.05222206993494183,-0.02608999956282787,-0.031240604730555788,0.000213623046875,-0.2739580317866057
11010048,0.10661935352254659,-0.19176270979147006,-0.07911866012727842,-0.0020288563528083614,-0.052230087167117745,-0.02495994333003182,-0.02976861254137475,0.0,-0.2732495213858783
11141120,0.10464572726050392,-0.1921033185122372,-0.07902406417997554,-0.001411577184626367,-0.05254877859260887,-0.02440883612143807,-0.028589758279849775,0.00042724609375,-0.2730133531149477
11272192,0.1013113860390149,-0.1924439272330038,-0.07858510222285986,-0.0011417594696467859,-0.05207453912589699,-0.02367392477754038,-0.027348830059054308,0.0001068115234375,-0.2738477438688278
11403264,0.21309282880974934,-0.19278453595376982,-0.08159532170975581,-0.008872123543028465,-0.056305060046724975,-0.020402010624820832,-0.031727371519082226,-0.000213623046875,-0.17880303121637553
11534336,0.18022341816686094,-0.19312514467453573,-0.07828779495321214,-0.01169164808379719,-0.05157675678492524,-0.023196976340841502,-0.03781658298976254,-0.0005340576171875,-0.21599694271571934
11665408,0.1546796450857073,-0.19346575339530234,-0.07769536611158401,-0.0060980484522588085,-0.05026424376410432,-0.02075069659622386,-0.027259650320047513,-0.000213623046875,-0.22106437757611275
11796480,0.1411526238080114,-0.19380636211606836,-0.07820634834934026,-0.003070800972636789,-0.05190914554987103,-0.021179083560127765,-0.024286497180582955,-0.0001068115234375,-0.23141065402887762
11927552,0.13118473533540964,-0.19414697083683555,-0.07855957612628117,-0.002606582709631766,-0.050935767678311095,-0.021155387279577553,-0.023646828296477906,0.003204345703125,-0.2366602000547573
12058624,0.1593602002125238,-0.1944875795576023,-0.02348324404811764,-0.0023488778465145972,-0.010140670804240423,-0.010569791439840477,-0.019166033389104064,0.0011603436346863468,-0.09967418210460663
12189696,0.10824921104358509,-0.19482818827836815,-0.0787370628095232,-0.0021654687834598008,-0.0517976040719077,-0.025270439131418243,-0.030307663197163492,0.0,-0.27485720976255834
12320768,0.10466235264902934,-0.1951687969991341,-0.07806540065212175,-0.0014981188160163583,-0.05087276082485914,-0.02448083908529952,-0.028743562797899358,0.0003204345703125,-0.27384668751619756
12451840,0.10329182050190866,-0.1955094057199001,-0.0779341392335482,-0.0014293220528998063,-0.050124215631512925,-0.02406420634360984,-0.027800784024293534,0.0,-0.27356814686208963
12582912,0.21737379435217008,-0.1958500144406667,-0.08012529468396679,-0.011551749853424553,-0.053751857369206846,-0.01980778264987748,-0.03131034163379809,0.0001068115234375,-0.17491643578978255
12713984,0.16719746659509838,-0.19619062316143387,-0.07726751494919881,-0.011399663409974892,-0.04919053232879378,-0.022629111728747375,-0.03620062393019907,-0.000213623046875,-0.2258906540228054
12845056,0.14847432798705995,-0.19653123188219992,-0.07569427869748324,-0.006272307706240099,-0.04819567172671668,-0.019927266606828198,-0.027294151863316074,-0.000213623046875,-0.22565066604875028
12976128,0.1456377157010138,-0.1968718406029665,-0.07636546669527888,-0.0036994270267314278,-0.04854608612367883,-0.020485382367041893,-0.023647782334592193,0.0001068115234375,-0.2238714648410678
13107200,0.13624743279069662,-0.1972124493237324,-0.07686595391714945,-0.004030272699310444,-0.04984871935448609,-0.02042525641445536,-0.023284416951355524,0.0013885498046875,-0.2340310807339847
13238272,0.12422213214449584,-0.19755305804449846,-0.07625482784351334,-0.005029454223404173,-0.04828270588768646,-0.020690497156465426,-0.023835937172407284,0.0042724609375,-0.24314633512403816
13369344,0.15900235674441374,-0.19789366676526407,-0.022404227153768105,-0.005853811828320053,-0.009878738650847065,-0.010119486213541449,-0.018270907036359862,0.0011771602091020911,-0.1042390432733433
13500416,0.12480897479690611,-0.19823427548603223,-0.0773726599290967,-0.0023051169573591324,-0.04900951529270969,-0.02487962818122469,-0.03154782597266603,-0.000640869140625,-0.25916715152561665
13631488,0.1160633018007502,-0.19857488420679828,-0.07615808257833123,-0.0019724457006304874,-0.047774150560144335,-0.02386441911221482,-0.0292725236795377,-0.0003204345703125,-0.26186561200302094
13762560,0.1093942362931557,-0.19891549292756472,-0.07591993431560695,-0.0014297968427854357,-0.04752198755159043,-0.023210881350678392,-0.02675972336146515,0.0001068115234375,-0.26425277232192457
13893632,0.18086810287786648,-0.19925610164833077,-0.07788662792881951,-0.011259339926482426,-0.048181042133364826,-0.017458597940276377,-0.03209495948976837,0.0001068115234375,-0.20516176137607545
14024704,0.1442817368078977,-0.19959671036909676,-0.0740644137840718,-0.010997194236551877,-0.04418903388432227,-0.018511809103074484,-0.025360060142702423,0.0,-0.22843747702427208
14155776,0.14700014947447926,-0.19993731908986323,-0.075127518910449,-0.006815412452851888,-0.0462660739722196,-0.019225758354878053,-0.023188651917735115,0.0,-0.22356057935394347
14286848,0.14464439696166664,-0.2002779278106306,-0.07672995689790696,-0.0036004908979521133,-0.047377356415381655,-0.01927869886276312,-0.022163534275023267,0.0001068115234375,-0.22467675432562828
14417920,0.1445174878463149,-0.2006185365313966,-0.07659442228032276,-0.0037316820034902776,-0.04670854940195568,-0.01900690031470731,-0.022210183247807436,0.000640869140625,-0.2237119144992903
14548992,0.13683031918480992,-0.20095914525216307,-0.07601718616206199,-0.0037644971744157374,-0.0457999232748989,-0.018997618652065285,-0.021805092866998166,0.002349853515625,-0.22816150716971606
14680064,0.15105117003322352,-0.20129975397293062,-0.023294629311956545,-0.004756678633420284,-0.009474141652302193,-0.008990481573375824,-0.015049780055950918,0.0010330578512396695,-0.11078094880360782
14811136,0.12390156433684751,-0.20164036269369512,-0.0788722635479644,-0.001734536565891176,-0.04850526395603083,-0.02230972827237565,-0.02511752423015423,-0.0001068115234375,-0.2543829991482198
14942208,0.11731802689610049,-0.20198097141446156,-0.07757165684597567,-0.0013862913956472767,-0.04591737056034617,-0.02058988154749386,-0.02248918966506608,-0.0003204345703125,-0.2529301034519449
15073280,0.1312075590249151,-0.20232158013522758,-0.07870288490084931,-0.0022115378551461617,-0.0467371259292122,-0.01950827477412531,-0.02370046862779418,-0.0005340576171875,-0.2424969932762906
15204352,0.15751489799004048,-0.20266218885599496,-0.07948485971428454,-0.018334298620175105,-0.046976884972536936,-0.018918309709988534,-0.033549031941220164,0.0003204345703125,-0.24209023581352085
15335424,0.14010963076725602,-0.20300279757676137,-0.07360762648750097,-0.010088680592161836,-0.04050686626578681,-0.017339166239253245,-0.02190400389372371,0.0,-0.226339508080855
15466496,0.15095651522278786,-0.20334340629752742,-0.07769561564782634,-0.004974560248228954,-0.045618610514793545,-0.018131282267859206,-0.020396815321873873,0.0,-0.21920377446804196
15597568,0.15058624872472137,-0.20368401501829334,-0.08095561189111322,-0.003339639377372805,-0.04955731731024571,-0.0194693459343398,-0.0214516523265047,-0.0001068115234375,-0.22797639842610806
15728640,0.1435998163651675,-0.20402462373905988,-0.07927650777855888,-0.002882225087887491,-0.04753497548517771,-0.018784068437526003,-0.020657205051975325,0.00042724609375,-0.22913254529703408
15859712,0.13628420303575695,-0.20436523245982594,-0.07783407875103876,-0.0036000981308461633,-0.04530127422185615,-0.018186763598350808,-0.020732034696266055,0.001708984375,-0.2320263006258756
15990784,0.14940939909627896,-0.20470584118059193,-0.024327084419362627,-0.004916044794131074,-0.008716825694488988,-0.008133255255352507,-0.014353924837741899,0.0009523502066115702,-0.1147899784457264
16121856,0.12498915678588673,-0.20504644990135973,-0.07817699864972383,-0.0015685433809267124,-0.044830804981756955,-0.02050753687217366,-0.022362384508596733,0.0,-0.2475035566603765
16252928,0.1201855312101543,-0.20538705862212578,-0.07789988233707845,-0.0011593252256716369,-0.044450994580984116,-0.019657874014228582,-0.020618362425011583,0.0,-0.24898608110379428
16384000,0.13534662668826059,-0.2057276673428917,-0.07974226679652929,-0.0019396777112774544,-0.04667877274914645,-0.01894569379510358,-0.02488937712769257,-0.0001068115234375,-0.24267982330638915
16515072,0.14145944779738784,-0.2060682760636582,-0.07995687780203298,-0.02006851955957245,-0.04576407061540522,-0.019252086349297315,-0.034657338008400984,0.0,-0.2643057480454445
16646144,0.1325129863107577,-0.20640888478442423,-0.07626180787337944,-0.011925036928005284,-0.04101053735939786,-0.017631531663937494,-0.021055948847788386,0.0001068115234375,-0.24167395452968776
16777216,0.14879615150857717,-0.20674949350519156,-0.08003061125054955,-0.004764055889609153,-0.04575997529900633,-0.01836222545534838,-0.020830896100960672,0.0,-0.22769938537385315
16908288,0.14943976269569248,-0.20709010222595808,-0.08116878749569878,-0.0031625798965251306,-0.048032900027465075,-0.0188708530185977,-0.020825591665925458,0.0,-0.22971105796750635
17039360,0.14280066371429712,-0.2074307109467241,-0.07940026163123548,-0.002993798976604012,-0.04591560363769531,-0.018216057622339576,-0.020495412303716876,0.0001068115234375,-0.2315443647094071
17170432,0.13758255017455667,-0.20777131966749002,-0.07833547459449619,-0.003609757768572308,-0.04422325119958259,-0.017936090618604794,-0.020885442980215885,0.001495361328125,-0.23367985931690782
17301504,0.14761232336061897,-0.20811192838826026,-0.022022246924243608,-0.002787647810590674,-0.008633940615223894,-0.007783544750404437,-0.013367122874799056,0.0007439351571946795,-0.1143495189279381
17432576,0.13280708028469235,-0.20845253710902256,-0.07860679819714278,-0.0015848174352868227,-0.04389011117746122,-0.020759301638463512,-0.021712124929763377,0.001495361328125,-0.24070325098000467
17563648,0.1285846425453201,-0.2087931458297899,-0.07864012551726773,-0.001009115953820583,-0.04500848677707836,-0.020036351052112877,-0.020994376332964748,0.0,-0.24589696037583053
17694720,0.13314642757177353,-0.2091337545505559,-0.07901706761913374,-0.000826833709083985,-0.04478334300802089,-0.018724402390944306,-0.01960332301678136,0.0,-0.23894037207355723
17825792,0.14269721502205357,-0.20947436327132243,-0.08095277711981907,-0.01445753466032329,-0.04659292145515792,-0.018555740600277204,-0.03808333145570941,0.0,-0.26541946118231863
17956864,0.11470387619920075,-0.20981497199208834,-0.07584662665612996,-0.010127277331775986,-0.04101234331028536,-0.01777026744093746,-0.021808535981108434,0.0003204345703125,-0.2613557050935924
18087936,0.13233850908000022,-0.21015558071285437,-0.07694808044470847,-0.0031136971883825026,-0.04276454431237653,-0.017893942102091387,-0.02032751980004832,0.0,-0.23886485083494335
18219008,0.14266860904172063,-0.21049618943362092,-0.07794655888574198,-0.0016054397019615863,-0.04342386306961998,-0.018269141044584103,-0.02020832579000853,0.0,-0.22928090568166226
18350080,0.1447183407144621,-0.21083679815438824,-0.0780744023504667,-0.0014459921412708354,-0.0433546140557155,-0.018052443279884756,-0.02023682204890065,0.0001068115234375,-0.22717592073604465
18481152,0.1428707845043391,-0.21117740687515427,-0.07645026477985084,-0.0019088993803961785,-0.04152632155455649,-0.017328581379842944,-0.019746922218473628,0.0001068115234375,-0.22516080166678876
18612224,0.1425836765564872,-0.2115180155959163,-0.021546016498557093,-0.0037224365065341727,-0.007755208396357242,-0.006792403277290005,-0.012304669037523074,0.0005993594490521327,-0.12045571728393224
18743296,0.14675164804793894,-0.2118586243166867,-0.07841168809682131,-0.0011987106199740083,-0.04090955504216254,-0.018697843188419938,-0.01965477799240034,0.0,-0.22397955623455346
18874368,0.13417592376936227,-0.21219923303745272,-0.07650868262862787,-0.0009344180439256888,-0.03865244387998246,-0.018141464213840663,-0.01909996227186639,0.0013885498046875,-0.22996990522369742
19005440,0.1370579986833036,-0.21253984175821913,-0.07673752796836197,-0.0016325093176874361,-0.03947475293534808,-0.01724812157044653,-0.022660698065010365,-0.00042724609375,-0.23364816175308079
19136512,0.11067362042376772,-0.2128804504789866,-0.07772424770519137,-0.017908335074025672,-0.04135924042202532,-0.01764722757798154,-0.035148783994372934,0.0,-0.29199466039426625
19267584,0.1113775537814945,-0.2132210591997526,-0.07418030773987994,-0.011749552526453044,-0.03697449999162927,-0.01696810380963143,-0.01997386729635764,0.0,-0.2616898339474574
19398656,0.14257084648124874,-0.213561667920519,-0.07445882906904444,-0.005086111630589585,-0.0376970125362277,-0.01676030411181273,-0.01879032743454445,0.0,-0.22378340759314597
19529728,0.15258569514844567,-0.21390227664128503,-0.07637240848271176,-0.0029802234239468817,-0.040856767882360145,-0.01751336717279628,-0.01927521660400089,0.0,-0.21831456606741995
19660800,0.15270236844662577,-0.21424288536205105,-0.07583193306345493,-0.002459307967001223,-0.040022593981120735,-0.017554740232299082,-0.01997095422120765,-0.0001068115234375,-0.21748514147475362
19791872,0.15548250079154968,-0.21458349408281746,-0.07596022996585816,-0.002520114047001698,-0.040463640849338844,-0.01773874279751908,-0.019878055318258703,0.0001068115234375,-0.21555497241206467
19922944,0.1419377557612492,-0.21492410280358504,-0.021385119701000422,-0.0035276924110658556,-0.006880163210853556,-0.006793783579921823,-0.012548967390477159,0.0008340497906698564,-0.12328696592314599
20054016,0.1382731175981462,-0.21526471152435095,-0.07546315155923367,-0.0011283426401860197,-0.038017161801690236,-0.01778850173286628,-0.019295416481327266,-0.00042724609375,-0.22910430433694273
20185088,0.14016345189884305,-0.21560532024511733,-0.07561575790168718,-0.0010664410797289747,-0.038346068817190826,-0.017860503096017055,-0.019306889895233326,0.0001068115234375,-0.22753071563784033
20316160,0.1450478177284822,-0.21594592896588335,-0.07485977746546268,-0.0011986424042333965,-0.037947781704133376,-0.016816088966152165,-0.01946328610938508,0.0001068115234375,-0.22107687534298748
20447232,0.11744934413582087,-0.21628653768664938,-0.07759235479170457,-0.017083443544834154,-0.041583293466828763,-0.016676147781254258,-0.03434833932260517,0.0001068115234375,-0.286013962700963
20578304,0.11074409796856344,-0.21662714640741576,-0.07257385517004877,-0.018609141880006064,-0.034833551035262644,-0.0169007720251102,-0.021544131697737612,-0.0001068115234375,-0.2704490963369608
20709376,0.13783548964420334,-0.21696775512818178,-0.07437161705456674,-0.006689488815027289,-0.03627132612746209,-0.017110518674599007,-0.01892627074266784,0.0,-0.23250149376690388
20840448,0.1504422799916938,-0.2173083638489492,-0.07412436592858285,-0.003534474893967854,-0.036522472015349194,-0.017033576281392016,-0.018775810836814344,0.0,-0.21685677696950734
20971520,0.14895597728900611,-0.2176489725697157,-0.07297584461048245,-0.0033256588631047634,-0.03616370330564678,-0.016686271519574802,-0.019144932099152356,0.0007476806640625,-0.21624171978328377
21102592,0.14696281775832176,-0.2179895812904817,-0.07247619569534436,-0.004379580772365443,-0.03531002713134512,-0.016738491933210753,-0.019591596035752445,0.0009613037109375,-0.2185578898061067
21233664,0.14048786404645136,-0.21833019001124584,-0.019293335325300556,-0.0038865164772369123,-0.006162869182373866,-0.006440362570244618,-0.011712629644666957,0.0007204149590163935,-0.12461666904599242
21364736,0.1414665343472734,-0.21867079873201412,-0.07218269252916798,-0.0024798374315651017,-0.03504159426665865,-0.016959141270490363,-0.01929161472071428,-0.000213623046875,-0.22336931014433503
21495808,0.13452605914790183,-0.21901140745278014,-0.07188008190132678,-0.0017618587598917657,-0.034563748209620826,-0.016385974500735756,-0.018544566788477823,0.000640869140625,-0.22698071238119155
21626880,0.14765555143821985,-0.21935201617354755,-0.07355759554775432,-0.0030962752880441258,-0.037243209342705086,-0.015529721255006734,-0.019416789298702497,0.0,-0.22053832246456295
21757952,0.11179159668972716,-0.21969262489431404,-0.07865100947674364,-0.029487534528016113,-0.043221915897447616,-0.01686217982933158,-0.03034777968423441,-0.0001068115234375,-0.30657622613944113
21889024,0.09976565552642569,-0.22003323361508004,-0.0723009035573341,-0.018352549959672615,-0.03401323946309276,-0.016278064918878954,-0.0234759137238143,0.0,-0.28468824387528
22020096,0.13147401285823435,-0.22037384233584595,-0.07139387773349881,-0.007954010150569957,-0.03306208622234408,-0.016701732682122383,-0.020233420189470053,-0.0001068115234375,-0.23834996204823256
22151168,0.14812726329546422,-0.22071445105661194,-0.07157523452769965,-0.004894499965303112,-0.03417871688725427,-0.016850025553139858,-0.019523536146152765,0.0,-0.21960920002311468
22282240,0.1517907998058945,-0.22105505977737844,-0.07152177096577361,-0.0044660233452304965,-0.03455540753202513,-0.016903963209188078,-0.019311981712235138,0.0001068115234375,-0.21591659565456212
22413312,0.15666049462743104,-0.2213956684981459,-0.0708480891189538,-0.006617139377340209,-0.03445560237742029,-0.016828184816404246,-0.019429103602305986,0.0001068115234375,-0.21280486939940602
22544384,0.14278397976004115,-0.22173627721891379,-0.02088378128438532,-0.007604559209103397,-0.006356147186296097,-0.007739808221409111,-0.012880042282702779,0.0008189753973105135,-0.1335952944158688
22675456,0.14240409166086465,-0.22207688593967836,-0.07036138349212706,-0.006941272928088438,-0.033247842933633365,-0.01867716945707798,-0.019642708808532916,-0.0001068115234375,-0.22864659572951496
22806528,0.13999985542614013,-0.22241749466044428,-0.06989054335281253,-0.006908062790898839,-0.03290435395319946,-0.017943509068572894,-0.019022557229618542,-0.000213623046875,-0.22929507808294147
22937600,0.13502427062485367,-0.2227581033812103,-0.07002891041338444,-0.0063044139023986645,-0.03274682303890586,-0.017304032378888223,-0.018581276977784,0.000213623046875,-0.2324804081581533
23068672,0.14142416650429368,-0.2230987121019768,-0.07877428841311485,-0.016444980652522645,-0.044647910399362445,-0.016737595382437576,-0.03035581209405791,0.0,-0.26863273908384144
23199744,0.0985806489479728,-0.22343932082274423,-0.07300846092402935,-0.016120959524414502,-0.03533772079390474,-0.0163801154558314,-0.024232162308180705,-0.0001068115234375,-0.2900406289845705
23330816,0.13227056775940582,-0.22377992954351025,-0.07106392359128222,-0.010719547521148343,-0.033918790868483484,-0.016643766466586385,-0.0212957238254603,0.0,-0.24515111546497792
23461888,0.14895935566164553,-0.22412053826427672,-0.07081768271746114,-0.008529457634722348,-0.03447801506263204,-0.017205000127432868,-0.0209944876114605,-0.000213623046875,-0.22739602182991803
23592960,0.15120456623844802,-0.22446114698504263,-0.07044587790733203,-0.009490100273978896,-0.03483481440343894,-0.017210389953106642,-0.02111770596820861,0.00042724609375,-0.22592823044396937
23724032,0.13845238147769123,-0.22480175570580865,-0.06960757519118488,-0.009939462172042113,-0.034096948424121365,-0.016948929565842263,-0.02108367571781855,0.002777099609375,-0.23524885927326977
23855104,0.13863213803051186,-0.22514236442657434,-0.01897146176638491,-0.017329431919784404,-0.007071797425874329,-0.0077314813043318446,-0.01303459516232263,0.0010340073529411765,-0.14961498174346796
23986176,0.14717445999849588,-0.22548297314734259,-0.07384721841663122,-0.0109720154068782,-0.03677875714492984,-0.020923642194247805,-0.023524073549197055,0.0001068115234375,-0.24424740567337722
24117248,0.14056141581386328,-0.2258235818681086,-0.07350507529918104,-0.007366364348854404,-0.03621068084612489,-0.020962047317880206,-0.023004753558780067,0.0001068115234375,-0.2462023834232241
24248320,0.1436721485806629,-0.22616419058887496,-0.07450690487166867,-0.004450468871709745,-0.03781973008881323,-0.01952267695014598,-0.021323880449926946,0.0,-0.24011381505988538
24379392,0.12317820225143805,-0.226504799309641,-0.08237455470953137,-0.021571594279521378,-0.04803272962453775,-0.017197894485434517,-0.028804817440686747,-0.0001068115234375,-0.30141282302793115
24510464,0.0882542675244622,-0.22684540803040695,-0.07501156936632469,-0.022863259247969836,-0.037140733416890725,-0.01659197580011096,-0.027004926567315124,-0.0001068115234375,-0.31730792415328324
24641536,0.12069360946770757,-0.22718601675117334,-0.07309104374144226,-0.015360080782556906,-0.03438168526918162,-0.017446063393435907,-0.025061389242182486,-0.000213623046875,-0.27204217691905797
24772608,0.14469069696497172,-0.22752662547193933,-0.07244883995736018,-0.008618546849902486,-0.034357355994870886,-0.017601432104129344,-0.022661769573460333,-0.000213623046875,-0.23873387451749295
24903680,0.15015087299980223,-0.22786723419270694,-0.0734507234301418,-0.006796367113565793,-0.03529806571896188,-0.017760172195266932,-0.022036854483303614,-0.0007476806640625,-0.23379033792298287
25034752,0.1458170476835221,-0.22820784291347332,-0.07305609172908589,-0.005011747649405152,-0.03479995181260165,-0.017183924064738676,-0.020983956317650154,0.001708984375,-0.23171050264500082
25165824,0.13411892903454464,-0.22854845163423487,-0.020825833483296304,-0.0014005223264931816,-0.0073318356542385246,-0.007518128727911257,-0.012799338094227336,-0.00010065184049079755,-0.1444050674469559
25296896,0.146393324714154,-0.2288890603550053,-0.07612897781655192,-0.0009420475671504391,-0.037425053800689057,-0.019525103562045842,-0.019592782875406556,0.0,-0.23610970610752702
25427968,0.1482668414246291,-0.22922966907577166,-0.07472052599769086,-0.0008945351864895201,-0.03674459797912277,-0.01899119450536091,-0.019214933927287348,-0.000213623046875,-0.23173868365120143
25559040,0.1463731889380142,-0.22957027779653766,-0.07414248527493328,-0.0011010093026015966,-0.03517112252302468,-0.01844253197486978,-0.018746590503724292,0.000213623046875,-0.23058721295092255
25690112,0.1179714918253012,-0.2299108865173053,-0.07791171647841111,-0.011837659677354395,-0.03929703772882931,-0.01570380120392656,-0.03497545181744499,0.0001068115234375,-0.29155824158806354
25821184,0.09873938001692295,-0.23025149523807165,-0.07285448192851618,-0.014017834088008385,-0.03344782118801959,-0.01650340381456772,-0.022155509228468873,0.0,-0.2904911597725004
25952256,0.13240591320209205,-0.23059210395883764,-0.07334163482300937,-0.005754686184445745,-0.03339809186581988,-0.01652999026555335,-0.018760130915325135,0.0,-0.24597072217147797
26083328,0.14505234849639237,-0.23093271267960355,-0.07473362213931978,-0.0027156771247973666,-0.03435719065601006,-0.01665717600553762,-0.01843925964203663,0.0,-0.23278328916057944
26214400,0.14547253213822842,-0.23127332140037,-0.07591673213755712,-0.0020175977479084395,-0.035146416135830805,-0.016873041640792508,-0.018492141520255245,0.0,-0.23424672114197165
26345472,0.14470809255726635,-0.231613930121136,-0.07563688443042338,-0.0014748439371032873,-0.035310990671860054,-0.01680926823610207,-0.018354200874455273,0.0001068115234375,-0.23438521730713546
26476544,0.14106915026035124,-0.2319545388419043,-0.019943429387708024,-0.0020104351124791277,-0.00556271197907265,-0.006744411910061263,-0.010824847650867933,0.0007167779126213593,-0.1352544526669007
26607616,0.13577259541489184,-0.23229514756266997,-0.07187324680853635,-0.0032004523563955445,-0.032293395095621236,-0.0186291245627217,-0.019330965296830982,0.0005340576171875,-0.2413120229030028
26738688,0.13062010129215196,-0.23263575628343597,-0.07941585866501555,-0.01013700227940717,-0.040283796115545556,-0.017553424113430083,-0.028479734413849656,-0.0001068115234375,-0.277990436530672
26869760,0.08839541394263506,-0.23297636500420188,-0.07514526200247929,-0.021600712134386413,-0.034114928683266044,-0.017036836012266576,-0.026688986443332396,0.0,-0.3191676735877991
27000832,0.1234000840340741,-0.23331697372496787,-0.07281038747169077,-0.012151316819654312,-0.032466392367496155,-0.018390975601505488,-0.021714713700930588,0.0,-0.26745067443698645
27131904,0.14591111184563488,-0.2336575824457343,-0.07443022029474378,-0.004286576111553586,-0.034234775172080845,-0.018402721936581656,-0.02074885521142278,0.0,-0.23984962131362408
27262976,0.1521632260410115,-0.2339981911665019,-0.0752127910964191,-0.002448173509037588,-0.03522016786155291,-0.01831691150437109,-0.020846193117904477,0.0,-0.23387920565437526
27394048,0.15200408757664263,-0.23433879988726786,-0.07502606109483168,-0.0018047981884592446,-0.03556696872692555,-0.01770432508783415,-0.019498087975080125,0.000213623046875,-0.23171958641614765
27525120,0.15631038486026227,-0.23467940860803432,-0.07504096103366464,-0.001957091726580984,-0.035386182833462954,-0.017428985724109225,-0.018889237762778066,-0.0005340576171875,-0.22759695106651634
27656192,0.15998430491890758,-0.23502001732880023,-0.07342790142865852,-0.002920988454206963,-0.034796656254911795,-0.0171898163825972,-0.018806677835527807,0.0009613037109375,-0.22121644474100322
27787264,0.141837957126972,-0.2353606260495628,-0.02128128657833888,-0.0037028004810566438,-0.006567303248179647,-0.0068821718080494644,-0.011090807502802748,0.0008133012820512821,-0.1422334924722329
27918336,0.13706452818587422,-0.23570123477033267,-0.074082397215534,-0.005030526783230016,-0.03487511273124255,-0.01763634875533171,-0.018202470280812122,0.0,-0.24846356234047562
28049408,0.14342271361965686,-0.23604184349110022,-0.07649797148769721,-0.004642806825359003,-0.03771663925726898,-0.017037470555806067,-0.020073556086572353,0.000213623046875,-0.24837395187932998
28180480,0.12068230984732509,-0.2363824522118662,-0.07949568436015397,-0.01808482397609623,-0.04087094313581474,-0.017889700648083817,-0.0320635573589243,0.0,-0.3041048562154174
28311552,0.10977580153848976,-0.23672306093263268,-0.07431691809324548,-0.016650229241349734,-0.0342794565949589,-0.016283510565699544,-0.021147138468222693,0.000213623046875,-0.2894108956679702
28442624,0.13975724764168262,-0.23706366965339856,-0.07347185449907556,-0.006417633452656446,-0.03384254011325538,-0.016224705810600426,-0.017813734375522472,0.0001068115234375,-0.24497008544858545
28573696,0.15167000086512417,-0.23740427837416456,-0.07517301151528955,-0.003777323561735102,-0.03540952049661428,-0.016786899795988575,-0.018045641991193406,0.0,-0.23492666822858155
28704768,0.1582028493285179,-0.23774488709493088,-0.07582025555893779,-0.004027517908980371,-0.036621028441004455,-0.01702129172917921,-0.01854639730299823,0.000213623046875,-0.23136490234173834
28835840,0.15434677537996322,-0.23808549581569857,-0.07483098696684465,-0.004854563027038239,-0.03572476500994526,-0.016794535746157635,-0.01850829113391228,0.000213623046875,-0.234238235745579
28966912,0.14781681215390563,-0.23842610453646457,-0.07321035320637748,-0.005954743581241928,-0.034903391016996466,-0.016964874943369068,-0.01943602091341745,0.00384521484375,-0.23722962813917547
29097984,0.14537430320339031,-0.2387667132572329,-0.022434993533709324,-0.007543175178941524,-0.008060595752385233,-0.008409802943008042,-0.012629024933810424,0.0010542168674698795,-0.15141578710761414
29229056,0.13479710090905428,-0.23910732197799692,-0.07341669831657782,-0.0037464449560502544,-0.03433292073896155,-0.01918511194526218,-0.019324827211676165,0.0,-0.2543162265792489
29360128,0.12997395993443206,-0.23944793069876288,-0.07348946237470955,-0.003002219900736236,-0.034516606174292974,-0.01897074596490711,-0.01886996340181213,0.000213623046875,-0.2581093532498926
29491200,0.13233360141748562,-0.23978853941952924,-0.07388237514533103,-0.0029346931664804288,-0.0351991815114161,-0.01823069767851848,-0.01804475428070873,-0.0001068115234375,-0.25585144327487797
29622272,0.1293738218373619,-0.24012914814029693,-0.08121200371533632,-0.03846526186680421,-0.043440648791147396,-0.017848002760729287,-0.029268554848385975,0.0001068115234375,-0.32088298338931054
29753344,0.10736667405581102,-0.2404697568610629,-0.07400649215560406,-0.06513916366384365,-0.03589381722849794,-0.01845652832707856,-0.02520205317705404,0.000213623046875,-0.3515875132288784
29884416,0.13992898527067155,-0.24081036558182925,-0.07262492692098022,-0.04606707581842784,-0.03378056737710722,-0.019552032346837223,-0.02095256080792751,0.0,-0.2938585428055376
30015488,0.15586219704709947,-0.24115097430259524,-0.07510446675587445,-0.014465964213741245,-0.036470037055551074,-0.01956198010884691,-0.020529984511085786,0.0,-0.2514212098903954
30146560,0.15875916695222259,-0.24149158302336124,-0.07442907395306975,-0.0049531879121786915,-0.03638737843721174,-0.017858383274869993,-0.019232298116548918,0.000213623046875,-0.23537554149515927
30277632,0.150226223282516,-0.24183219174412757,-0.07368895201943815,-0.004329859923018375,-0.03578235814347863,-0.01695467945683049,-0.01839865076181013,0.0030975341796875,-0.23766105889808387
30408704,0.14074675276641258,-0.24217280046489248,-0.02505160026148664,-0.006366453124256819,-0.00943750290970398,-0.007989313542401415,-0.012595845995630794,0.0010580411124546554,-0.16180872916274378
30539776,0.13803151191677898,-0.24251340918566125,-0.07579303701641038,-0.0022926497094886145,-0.03809240020927973,-0.017579022387508303,-0.019219113761209883,-0.000213623046875,-0.2576658959733322
30670848,0.1377077903598547,-0.24285401790642758,-0.07505937368841842,-0.002280066898492805,-0.037334955035476014,-0.017183948133606464,-0.018881706084357575,0.0,-0.2558823508443311
30801920,0.1358872443670407,-0.24319462662719357,-0.07433587621198967,-0.0018223866406970046,-0.03699598342063837,-0.01650775029702345,-0.01766410558775533,0.0,-0.2546334834769368
30932992,0.12933537020580843,-0.24353523534795946,-0.08140288561116904,-0.019234672565289657,-0.04510998330079019,-0.01930933639232535,-0.03587722768133972,0.000213623046875,-0.3149203467182815
31064064,0.1002956383745186,-0.2438758440687259,-0.07345786591758952,-0.013898914512537885,-0.03633436726522632,-0.017235936167708132,-0.021825816278578714,0.0,-0.30633310601115227
31195136,0.14313171757385135,-0.2442164527894919,-0.07162993436213583,-0.006695084826787934,-0.03438231170002837,-0.016433692377177067,-0.019153411689330824,0.0,-0.24937917524948716
31326208,0.15219790756236762,-0.2445570615102595,-0.07146471075247973,-0.0038088661967776716,-0.035095936866127886,-0.016517430296516977,-0.019503455827361904,-0.0001068115234375,-0.23885453247930855
31457280,0.15360482805408537,-0.24489767023102593,-0.07123747904552147,-0.004967632437910652,-0.03612261338275857,-0.01678090302448254,-0.020586253987858072,0.0009613037109375,-0.24002641369588673
31588352,0.150136997574009,-0.24523827895179193,-0.07218769250903279,-0.00603937816049438,-0.036999989359173924,-0.017424874895368703,-0.021213282976532355,0.002777099609375,-0.24618372810073197
31719424,0.1410908791082651,-0.24557888767256267,-0.022080804019785454,-0.023042888423977285,-0.008878050199250262,-0.008247949989727398,-0.011865317993703233,0.0010241713733650415,-0.17757884560066511
31850496,0.13046071445569396,-0.24591949639332425,-0.07224153401330113,-0.030780946544837207,-0.03557168919360265,-0.017400066019035876,-0.01893559392192401,0.0,-0.2903886092826724
31981568,0.12653439008863643,-0.24626010511409022,-0.07373957202071324,-0.02111368610349018,-0.03665680644917302,-0.017559491010615602,-0.018704271409660578,0.0,-0.28749954304657876
32112640,0.12700020283227786,-0.24660071383485788,-0.07597093802178279,-0.010161687420350063,-0.04040234940475784,-0.017669075932644773,-0.019634744749055244,0.000213623046875,-0.28322568722069263
32243712,0.11555704096099362,-0.2469413225556243,-0.08208125387318432,-0.01892581304127816,-0.04735398170305416,-0.019128344763885252,-0.03069126135960687,0.0,-0.3295623443555087
32374784,0.12749725440517068,-0.24728193127639025,-0.07481320144142956,-0.023802056501153857,-0.03937468785443343,-0.018634652107721195,-0.024705708216060884,0.0,-0.3011149757076055
32505856,0.1517978198826313,-0.24762253999715617,-0.07251691044075415,-0.022012627450749278,-0.03771232609869912,-0.019105963947367854,-0.022754860794520937,0.0,-0.26992740225978196
32636928,0.15299898444209248,-0.24796314871792213,-0.07235825393581763,-0.013640106866660062,-0.03755771476426162,-0.019205067816074006,-0.021539940673392266,-0.0001068115234375,-0.259370107203722
32768000,0.15291130542755127,-0.24830375743868854,-0.07313491229433566,-0.006968936420889804,-0.03876591514563188,-0.01899175817379728,-0.021244875388219953,0.0039520263671875,-0.2505410237936303
32899072,0.1449401321588084,-0.2486443661594562,-0.07441900216508657,-0.005195584766624961,-0.03901125650736503,-0.018546114486525767,-0.020857563329627737,0.0018157958984375,-0.2599159461678937
33030144,0.14251149224017656,-0.24898497488021795,-0.024152319675374075,-0.0028039618666171203,-0.011084595209760023,-0.008360693145399521,-0.012848663671524409,0.0010896637608966376,-0.16463405561922198
33161216,0.13439941662363708,-0.2493255836009886,-0.07374372897902504,-0.0009045998881447304,-0.03866334640770219,-0.017316472993115894,-0.01843180149444379,0.0,-0.2639861204661429
33292288,0.13011362974066287,-0.2496661923217545,-0.0750182784977369,-0.0007776656252644898,-0.03927377550280653,-0.017446072117309086,-0.018268755287863314,0.0,-0.2703371162060648
33423360,0.12441961781587452,-0.2500068010425205,-0.07546093582641333,-0.0007232929397105181,-0.03904661021078937,-0.017528161624795757,-0.018074560852255672,0.000213623046875,-0.2762071161996573
33554432,0.125755981891416,-0.2503474097632869,-0.08344497968209907,-0.011775813369354182,-0.04856418972485699,-0.019092399852524977,-0.03411123240221059,0.0,-0.3215775891439989
33685504,0.12182009249227121,-0.25068801848405453,-0.0749651956721209,-0.012508136569522321,-0.038868388801347464,-0.01902965056069661,-0.023508554993895814,0.0,-0.2977478487882763
33816576,0.14605630631558597,-0.25102862720482055,-0.07378640823299065,-0.005179668942218996,-0.037919186434010044,-0.018741606691037305,-0.020422031739144586,0.0,-0.26102122478187084
33947648,0.15441496996209025,-0.25136923592558696,-0.07408680469961837,-0.002575793403593707,-0.0390756921551656,-0.018257038202136755,-0.0198370704165427,0.0,-0.2507866678060964
34078720,0.15404813829809427,-0.2517098446463529,-0.07505599490832537,-0.0024089928301691543,-0.040144236729247496,-0.017945694024092518,-0.020298306961194612,0.00213623046875,-0.251378703978844
34209792,0.14137195597868413,-0.25205045336711884,-0.07623425871133804,-0.0029424214335449506,-0.040822073904564604,-0.018220420490251854,-0.02090408734511584,0.0025634765625,-0.2672279110411182
34340864,0.14624962095542834,-0.2523910620878881,-0.026646900335168172,-0.003587151062607466,-0.012453620864753668,-0.010003167306528475,-0.013850603114990314,0.0009480497262773723,-0.1717337469531817
34471936,0.13001542194979265,-0.2527316708086529,-0.07874583132797852,-0.0016064156743595959,-0.04473495276761241,-0.021194642031332478,-0.021104981176904403,0.000213623046875,-0.2898894601967186
34603008,0.12495691695949063,-0.25307227952941885,-0.07796692929696292,-0.0017021335534082027,-0.04373232676880434,-0.02066737877612468,-0.020708390889922157,0.0,-0.2928881077095866
34734080,0.12284561136038974,-0.25341288825018515,-0.07759649713989347,-0.0015845275506762846,-0.04294792242581025,-0.019729624094907194,-0.01974390257964842,0.0,-0.29216755693778396
34865152,0.13288195669883862,-0.25375349697095123,-0.08353829098632559,-0.019204587482363422,-0.049555929901544005,-0.01966463035205379,-0.034404932157485746,0.0,-0.327239899430424
34996224,0.13870707794558257,-0.25409410569171725,-0.07429182779742405,-0.012358056897937786,-0.03838317943154834,-0.018682351292227395,-0.023137440846767277,0.0,-0.2822398722637445
35127296,0.1503957990789786,-0.2544347144124835,-0.07399800076382235,-0.005100960333948024,-0.03820554239791818,-0.01784321025479585,-0.01953830526326783,0.0,-0.2587249220814556
35258368,0.14841300784610212,-0.2547753231332495,-0.07399553660070524,-0.0031535631860606372,-0.03908263306948356,-0.017453068765462376,-0.019188585472875275,0.000640869140625,-0.2585929180495441
35389440,0.13763074623420835,-0.25511593185401715,-0.07459450763417408,-0.003190174744304386,-0.03866120698512532,-0.017169494210975245,-0.020042568794451654,0.00555419921875,-0.26558893371839076
35520512,0.1275899377069436,-0.2554565405747835,-0.07498544588452205,-0.0025132934242719784,-0.03851170829148032,-0.017260834312764928,-0.018830615212209523,0.0,-0.279968494316563
35651584,0.14215594450920677,-0.25579714929554653,-0.02581811586961798,-0.002372964282462919,-0.010342896976429466,-0.009094977962271567,-0.01264210055573227,0.0010072275060386473,-0.17290503169063498
35782656,0.13443630968686193,-0.2561377580163155,-0.0727153715561144,-0.0008645319453535194,-0.03584117381251417,-0.01722877923748456,-0.01706389461469371,0.0,-0.2654152007307857
35913728,0.12805860594380647,-0.2564783667370819,-0.07348342699697241,-0.0008233380126512202,-0.03656036005122587,-0.017627831373829395,-0.01734167909307871,0.000213623046875,-0.2740427756216377
36044800,0.12639573746128008,-0.2568189754578478,-0.07364550471538678,-0.0009703164763550376,-0.038182321208296344,-0.017278184539463837,-0.017335493925202172,0.0,-0.2778329907450825
36175872,0.11061137937940657,-0.25715958417861545,-0.08665661414852366,-0.03632077893416863,-0.05400305302464403,-0.021707935724407434,-0.03584390407195315,0.0,-0.38108049565926194
36306944,0.13106353569310158,-0.25750019289938175,-0.07292654004413635,-0.019881437860021833,-0.03697753214510158,-0.020320275783888064,-0.024093363332212903,0.0001068115234375,-0.3005290029104799
36438016,0.15302234760019928,-0.25784080162014783,-0.07154185272520408,-0.00611466254122206,-0.03603863614262082,-0.01885172029142268,-0.020763833832461387,0.0,-0.2581291695823893
36569088,0.15447139937896281,-0.25818141034091385,-0.07134210166987032,-0.003767459165828768,-0.03729682191624306,-0.018121459128451534,-0.01997090398799628,0.0,-0.2542048611212522
36700160,0.14330985338892788,-0.25852201906168015,-0.07321259705349803,-0.00568509711229126,-0.03908673659316264,-0.018310799729079008,-0.021045196102932096,0.0045928955078125,-0.26795562566258013
36831232,0.13180585496593267,-0.25886262778244623,-0.07393173075979576,-0.004818019200683921,-0.0390588209265843,-0.018272221364895813,-0.021019677675212733,-0.001068115234375,-0.28520149318501353
36962304,0.14161741477947165,-0.2592032365032172,-0.025552933207438882,-0.003472835004091491,-0.011237012069454811,-0.009467639431806051,-0.01275807951005978,0.0010312119829683699,-0.1790429060132109
37093376,0.125776969071012,-0.2595438452239802,-0.0713266528910026,-0.0009886809539239039,-0.035605619283160195,-0.017198959350935183,-0.017195594788063318,0.0001068115234375,-0.2759755610022694
37224448,0.12023435847368091,-0.2598844539447461,-0.07038838847074658,-0.0009891013201013266,-0.034765588512527756,-0.017176836685393937,-0.017135172005509958,0.0003204345703125,-0.2797847397159785
37355520,0.12974144704639912,-0.2602250626655121,-0.07016043207840994,-0.0009764336172111143,-0.035298501563374884,-0.016947974683716893,-0.016771586269896943,0.0,-0.2706385380588472
37486592,0.11515595694072545,-0.26056567138627823,-0.09011658740928397,-0.03724023260656395,-0.05803749687038362,-0.023074972370523028,-0.03481614386691945,-0.0001068115234375,-0.3887989481445402
37617664,0.12206984107615426,-0.2609062801070445,-0.0762287526158616,-0.02763796535145957,-0.03991487581515685,-0.02160606331017334,-0.0255662010749802,0.0,-0.32979029580019414
37748736,0.14679336792323738,-0.26124688882781216,-0.07365381956333295,-0.009142577542661456,-0.03775904030771926,-0.01956544298445806,-0.021391879039583728,0.0,-0.2759662813041359
37879808,0.15203097346238792,-0.261587497548578,-0.07399948494276032,-0.005571635345404502,-0.03868679568404332,-0.018926368473330513,-0.020687228010501713,-0.0001068115234375,-0.2675328522454947
38010880,0.14801636757329106,-0.26192810626934454,-0.07621306710643694,-0.0058386404198245145,-0.040038943698164076,-0.018936046821181662,-0.021794292508275248,0.0041656494140625,-0.27255658817011863
38141952,0.13236028247047216,-0.26226871499011056,-0.07572464237455279,-0.005472017783176852,-0.03967554398695938,-0.018750463816104457,-0.021544891016674228,-0.0007476806640625,-0.29180365242064
38273024,0.14077116128052716,-0.26260932371087625,-0.0272024518030527,-0.007889950796690613,-0.012461383067431293,-0.009878754591170975,-0.012804242383964803,0.00106318347509113,-0.19101177077210832
38404096,0.12682901648804545,-0.26294993243164294,-0.07143213867675513,-0.001889079902866797,-0.035825777624268085,-0.017563112880452536,-0.017417932729586028,0.0,-0.2802489693276584
38535168,0.12904251250438392,-0.26329054115241035,-0.07226556818932295,-0.0014614194615205633,-0.03717662507551722,-0.017997839968302287,-0.017902140112710185,0.0001068115234375,-0.280944820959121
38666240,0.12994824553607032,-0.2636311498731765,-0.07392321794759482,-0.0012431431873665133,-0.0386530585528817,-0.018425060326990206,-0.018243457408971153,-0.000213623046875,-0.2843801227863878
38797312,0.1177484464715235,-0.26397175859394273,-0.09214854543097317,-0.041182132459653076,-0.05924553089425899,-0.024668230587849393,-0.03543509132578038,0.0,-0.3989028292708099
38928384,0.11821198917459697,-0.2643123673147088,-0.07822073879651725,-0.035497229066095315,-0.04354381622397341,-0.022704901624820195,-0.026576581469271332,0.0,-0.3526436355896294
39059456,0.14764278824441135,-0.26465297603547494,-0.0742161896196194,-0.014195971358276438,-0.039902456337586045,-0.02104854935896583,-0.02269170711224433,0.0,-0.2890650515910238
39190528,0.15971780940890312,-0.264993584756241,-0.07497438369318843,-0.007871104644436855,-0.04090099869063124,-0.01977436340530403,-0.02113919160910882,0.0,-0.26993376878090203
39321600,0.1481830591801554,-0.2653341934770089,-0.07740785193163902,-0.00854322421582765,-0.04380298330215737,-0.020100875946809538,-0.022087534132879227,0.0042724609375,-0.2848079721443355
39452672,0.13637018878944218,-0.2656748021977747,-0.07688046881230548,-0.008378829952562228,-0.04346465802518651,-0.019887313465005718,-0.021403464139439166,0.000213623046875,-0.2990943363402039
39583744,0.14192111806757518,-0.26601541091853553,-0.030969502999503695,-0.020879749169745655,-0.015623945821127284,-0.011840331644436854,-0.013597292857813305,0.0010815822002472187,-0.2159235323831089
39714816,0.1268635545275174,-0.26635601963930733,-0.07458524371031672,-0.008987960285594454,-0.04158783319871873,-0.01901309199456591,-0.018364796516834758,-0.000213623046875,-0.3022403810173273
39845888,0.12792274804087356,-0.2666966283600731,-0.0743941052351147,-0.005414129725977546,-0.04182037981809117,-0.019258955464465544,-0.01821633974032011,0.0,-0.29787555802613497
39976960,0.12667582015274093,-0.2670372370808396,-0.07454138161847368,-0.004048646196679329,-0.04089431930333376,-0.019285540343844332,-0.018239015218568966,0.0,-0.2973680440336466
40108032,0.1261264363420196,-0.26737784580160534,-0.09444529173197225,-0.036181675885018194,-0.06489124972722493,-0.024758554602158256,-0.035685716415173374,0.0,-0.39721099101006985
40239104,0.11958516592858359,-0.2677184545223732,-0.08351968735223636,-0.04408350121229887,-0.05067651148419827,-0.025123508341494016,-0.027281229631626047,0.0,-0.37881773826666176
40370176,0.14926494774408638,-0.2680590632431393,-0.07737801078474149,-0.017962971607630607,-0.043135130690643564,-0.02349889834295027,-0.023473176916013472,0.0,-0.30424231523647904
40501248,0.16271352639887482,-0.2683996719639054,-0.07790333003504202,-0.008062241402512882,-0.04278054658789188,-0.021868599418667145,-0.021697164746001363,0.0003204345703125,-0.2776776070240885
40632320,0.15025797102134675,-0.26874028068467165,-0.07982541510136798,-0.0066714301574393176,-0.04539870491134934,-0.021409317501820624,-0.02234212774783373,0.0041656494140625,-0.289959060261026
40763392,0.1333358697593212,-0.26908088940543773,-0.07958057132782415,-0.004835610019654268,-0.045241055864607915,-0.0210762864589924,-0.02152851573191583,0.000213623046875,-0.3077794483397156
40894464,0.14338185777375986,-0.26942149812620597,-0.03183853140462449,-0.005486886134911313,-0.014699204773124721,-0.0115779917448377,-0.013499293362059982,0.0010683760683760685,-0.20207316119119215
41025536,0.120337052969262,-0.26976210684697116,-0.07896052399883047,-0.0014490048852167092,-0.04413582541747019,-0.01952422379690688,-0.018354437910602428,0.0,-0.31184906233102083
41156608,0.11589245987124741,-0.2701027155677378,-0.07872828526888043,-0.001207499878546514,-0.04334264979115687,-0.01955134331365116,-0.018459695114870556,0.000213623046875,-0.3152836293447763
41287680,0.11942314374027774,-0.27044332428850354,-0.0784878003760241,-0.0013075165446707615,-0.04333792594843544,-0.019470586892566644,-0.018363203067565337,-0.0001068115234375,-0.3120916308835149
41418752,0.11606178630609065,-0.2707839330092697,-0.09524490562034771,-0.0388812065939419,-0.06546860380331054,-0.02499913572682999,-0.03494323625636753,0.0,-0.41425923397764564
41549824,0.1230988095048815,-0.2711245417300363,-0.08372676064027473,-0.02973343488702085,-0.04892731999279931,-0.02372100786305964,-0.027116461380501278,0.0,-0.36125071765854955
41680896,0.149692322476767,-0.27146515045080205,-0.07969995687017217,-0.01420038782816846,-0.04413967509754002,-0.021724581136368215,-0.022808201581938192,0.0,-0.3043456308078021
41811968,0.15778215741738677,-0.2718057591715698,-0.08010976109653711,-0.009533200820442289,-0.04480800955207087,-0.02043670583225321,-0.021799586233100854,-0.000213623046875,-0.2909200896974653
41943040,0.15265474596526474,-0.27214636789233587,-0.08001619396964088,-0.00988604955637129,-0.045091541338479146,-0.019852632613037713,-0.021895243189646862,0.004486083984375,-0.29174269502982497
42074112,0.1354279931401834,-0.2724869766131021,-0.07950329373124987,-0.00801121078984579,-0.044981653336435556,-0.019740887291845866,-0.021566137176705524,-0.000213623046875,-0.31105682416819036
42205184,0.1433323317053128,-0.272827585333865,-0.031106619597441213,-0.0191704681828879,-0.01408078151817885,-0.011665194106796768,-0.01317806593970927,0.0010568443251533742,-0.21763916587902724
42336256,0.12424804328475147,-0.2731681940546344,-0.07550317171262577,-0.010291201120708138,-0.041453826386714354,-0.019140149815939367,-0.018227700886200182,-0.000213623046875,-0.31374512682668865
42467328,0.11949073034338653,-0.2735088027754007,-0.07581196172395721,-0.007085983659635531,-0.04129938196274452,-0.019411216911976226,-0.018496834600227885,0.000213623046875,-0.31590742617845535
42598400,0.12014084728434682,-0.27384941149616787,-0.07595458469586447,-0.0057159994103130884,-0.041839139215881005,-0.019773114239796996,-0.01871906673477497,0.0001068115234375,-0.31560364412143826
42729472,0.13202828873181716,-0.2741900202169345,-0.09667896165046841,-0.04149637646605697,-0.0672990767925512,-0.027141092694364488,-0.03539103152434109,0.0,-0.4101682580076158
42860544,0.12650792434578761,-0.27453062893770014,-0.08517316897632554,-0.05339640431338921,-0.053110927663510665,-0.025550617414410226,-0.027691750743542798,0.0,-0.3929455643519759
42991616,0.14744200056884438,-0.2748712376584664,-0.07747468759771436,-0.024794782148092054,-0.043994442850816995,-0.022890579362865537,-0.023828775811125524,0.0,-0.3204124947078526
43122688,0.15608476160559803,-0.2752118463792326,-0.07784462859854102,-0.012664451736782212,-0.04341738868970424,-0.021659985126461834,-0.02216009884432424,0.0001068115234375,-0.29676455981098115
43253760,0.1542426070664078,-0.2755524550999987,-0.0797497506137006,-0.01001368612924125,-0.04566031604190357,-0.02148908030358143,-0.022356255052727647,0.0048065185546875,-0.295767790870741
43384832,0.13175011717248708,-0.2758930638207665,-0.08026037696981803,-0.008502442829922074,-0.04640504386043176,-0.021376848308136687,-0.02215134390280582,0.0001068115234375,-0.3227224184665829
43515904,0.14482951190953497,-0.276233672541535,-0.033788753173812504,-0.010170469945262694,-0.01564260952724938,-0.012671710355771413,-0.014210086177726022,0.0010815822002472187,-0.216806208192197
43646976,0.116319022141397,-0.2765742812622988,-0.07756877754582092,-0.003686311796627706,-0.0436575734638609,-0.02019391291833017,-0.01973333665227983,0.0,-0.32509517576545477
43778048,0.11308645637473091,-0.27691488998306507,-0.0770587750012055,-0.002628921589348465,-0.043458574305986986,-0.020276991737773642,-0.01964683945698198,-0.0001068115234375,-0.32699537463486195
43909120,0.11308903846656904,-0.2772554987038307,-0.07757895032409579,-0.002557986317697214,-0.04389953162171878,-0.020267738087568432,-0.01975269451213535,-0.000213623046875,-0.3284294551704079
44040192,0.14474539656657726,-0.2775961074245973,-0.0970297148451209,-0.03224773015631399,-0.07037348364247009,-0.025671037619758863,-0.03493017578148283,-0.0001068115234375,-0.3932071814779192
44171264,0.12399762636050582,-0.2779367161453645,-0.08735242090187967,-0.04712516814470291,-0.05789979614201002,-0.026272133967722766,-0.029018089087912813,0.0,-0.4016067076008767
44302336,0.14068370673339814,-0.2782773248661308,-0.0777087098103948,-0.019703946381923743,-0.044335497193969786,-0.02298536071612034,-0.023465824269806035,0.0,-0.32579296827316284
44433408,0.15405432099942118,-0.2786179335868967,-0.07673686294583604,-0.00701400045727496,-0.042697505617979914,-0.02118763000180479,-0.020740362961078063,0.000640869140625,-0.2922991197556257
44564480,0.14184102194849402,-0.2789585423076631,-0.0779621321707964,-0.006220045754162129,-0.044910801225341856,-0.020699900604085997,-0.021268180935294367,0.004913330078125,-0.3032628195360303
44695552,0.12345444434322417,-0.2792991510284294,-0.07695693167624995,-0.004286273127945606,-0.04415609172428958,-0.020061787450686097,-0.019990154600236565,0.0,-0.3212934802286327
44826624,0.14198984887687532,-0.27963975974919375,-0.03328718772508287,-0.0056685762114739476,-0.015348580637471205,-0.011898171052262466,-0.013765272688454627,0.0010726377646326276,-0.21654505184289083
44957696,0.11967469833325595,-0.27998036846996316,-0.07421443937346339,-0.0017634021714911796,-0.039660282112890854,-0.018384027454885654,-0.01784214671351947,0.0,-0.3121699618641287
45088768,0.11661077727330849,-0.2803209771907288,-0.07429732533637434,-0.0014597651156691427,-0.03934393380768597,-0.018232072179671377,-0.01737199777562637,0.00042724609375,-0.3139880415983498
45219840,0.11986522580264136,-0.2806615859114954,-0.07423036557156593,-0.0012203449969092617,-0.03895758686121553,-0.01865758562053088,-0.01780535363650415,-0.000213623046875,-0.3118765288963914
45350912,0.12214769230922684,-0.2810021946322617,-0.09589549381053075,-0.03364025424025385,-0.06915093041607179,-0.026008128799730912,-0.035918436107749585,0.0,-0.4194677455816418
45481984,0.111287253908813,-0.28134280335302736,-0.08366584003670141,-0.042552616650937125,-0.05255884025245905,-0.02652693235722836,-0.02835127362050116,0.0,-0.40371105214580894
45613056,0.14563181344419718,-0.281683412073794,-0.07439913385314867,-0.013162576302420348,-0.04080893992795609,-0.022321799100609496,-0.022591433866182342,-0.0003204345703125,-0.30964894173666835
45744128,0.16310541320126504,-0.28202402079455957,-0.07594644249184057,-0.006759926702216035,-0.042578764143399894,-0.02168685322976671,-0.021742304554209113,0.0,-0.28763290401548147
45875200,0.15439226652961224,-0.2823646295153275,-0.07697955844923854,-0.006060915100533748,-0.044193669833475724,-0.0211700570944231,-0.02168185738264583,0.0043792724609375,-0.29367221239954233
46006272,0.13682921847794205,-0.28270523823609334,-0.07532747922232375,-0.004659000565879978,-0.04338838820694946,-0.02049439870461356,-0.021048452370450832,-0.0003204345703125,-0.31109994393773377
46137344,0.14580170197188486,-0.28304584695686086,-0.03533387324476183,-0.006870410211319473,-0.014881426802013518,-0.012358948196569524,-0.01458030412795283,0.0010842627013630732,-0.2201848559847847
46268416,0.11816950497450307,-0.28338645567762616,-0.07561973360134289,-0.002258150816487614,-0.042089657770702615,-0.01956121598777827,-0.018717710743658245,0.0001068115234375,-0.3233566207345575
46399488,0.11665135965449736,-0.28372706439839196,-0.07538320810999721,-0.0023126054866224877,-0.04134053341113031,-0.019089941153652035,-0.018294810026418418,0.0003204345703125,-0.32317137345671654
46530560,0.11558340274496004,-0.28406767311915837,-0.07522808166686445,-0.002480038023350062,-0.04151184612419456,-0.019315948462462984,-0.018460841703927144,-0.0001068115234375,-0.3255853659939021
46661632,0.14859821775462478,-0.28440828183992534,-0.09499403869267553,-0.023366794201365337,-0.06677532379399054,-0.025461194236413576,-0.03529051611258183,0.0,-0.38169792178086936
46792704,0.12360926042310894,-0.2847488905606921,-0.08650700969155878,-0.02890810179815162,-0.055065809428924695,-0.024125827170792036,-0.02680721318756696,0.0,-0.3825535823125392
46923776,0.14342726313043386,-0.28508949928145766,-0.08018228004220873,-0.013510191784007475,-0.04671560024144128,-0.02112287242198363,-0.021698393233236857,0.0,-0.3248915665317327
47054848,0.1488841132959351,-0.28543010800222396,-0.07926128129474819,-0.007576074309326941,-0.04688103013904765,-0.0211608906975016,-0.020936336295562796,0.0,-0.31236160290427506
47185920,0.14475540444254875,-0.28577071672299076,-0.079190767952241,-0.006748367995896842,-0.04624581019743346,-0.02087603473046329,-0.020490559050813317,0.00299072265625,-0.31157612591050565
47316992,0.12961156450910494,-0.2861113254437563,-0.07833921595010906,-0.005359555900213309,-0.04578482304350473,-0.01974020902707707,-0.02002973204071168,0.003204345703125,-0.32254894683137536
47448064,0.14234363658861682,-0.2864519341645196,-0.030282007785457553,-0.004745804727685316,-0.014008416155296745,-0.010678439729028578,-0.013419322151916496,0.001027462121212121,-0.21621420679670392
47579136,0.11814471014076844,-0.28679254288529,-0.07490533025702462,-0.001937584180268459,-0.04049357454641722,-0.017918023208039813,-0.01755823772691656,0.0,-0.32146058534272015
47710208,0.11795899231219664,-0.2871331516060564,-0.07558755250647664,-0.0018630061886142357,-0.04083872147020884,-0.018369198151049204,-0.0177405455178814,0.0003204345703125,-0.3232527547515929
47841280,0.11769871646538377,-0.28747376032682276,-0.07599550939630717,-0.0015968131474437541,-0.04198430335964076,-0.01821063227544073,-0.01745521300472319,0.000213623046875,-0.32480390137061477
47972352,0.1353798974887468,-0.2878143690475883,-0.09648599731735885,-0.033122477751021506,-0.07064233589335345,-0.027120111393742263,-0.03700777255289722,-0.0001068115234375,-0.4169170658569783
48103424,0.11623529740609229,-0.288154977768355,-0.08263367577455938,-0.021788109042972792,-0.04963797773234546,-0.022490562769235112,-0.025814691733103245,0.0001068115234375,-0.37417789828032255
48234496,0.1426428162958473,-0.288495586489122,-0.07679001399083063,-0.008032361845835112,-0.043116233457112685,-0.019900911865988746,-0.020728013012558222,0.0,-0.3144203186966479
48365568,0.15742381219752133,-0.2888361952098884,-0.07660269091138616,-0.005193030214286409,-0.04405107264756225,-0.019338096142746508,-0.020104616836761124,-0.0001068115234375,-0.2968064278829843
48496640,0.1542047276161611,-0.28917680393065426,-0.08028068498242646,-0.005903973345994018,-0.04751040393603034,-0.020536444542813115,-0.021337577301892452,0.00384521484375,-0.3066959339194
48627712,0.1365185818867758,-0.28951741265142067,-0.07736751111224294,-0.005023040612286422,-0.04458627410349436,-0.01955049227399286,-0.020563177560688928,0.001068115234375,-0.31900903047062457
48758784,0.14530875392258166,-0.2898580213721907,-0.032492010383866725,-0.007591208366297266,-0.015360326840891503,-0.01202861093915999,-0.01366592593025416,0.00104248046875,-0.22464396009221674
48889856,0.11685491888783872,-0.29019863009295294,-0.0721231295610778,-0.0012927109492011368,-0.03848168140393682,-0.01796571590239182,-0.017245220209588297,0.0003204345703125,-0.3201317300554365
49020928,0.11629705037921667,-0.2905392388137208,-0.07149517326615751,-0.0010576277941254375,-0.037966736970702186,-0.017892949865199625,-0.017080720921512693,0.0001068115234375,-0.319628581404686
49152000,0.11629707820247859,-0.2908798475344863,-0.07184711203444749,-0.001054661938269419,-0.03838475595694035,-0.01825353584717959,-0.01755997103464324,0.0,-0.3216828026343137
49283072,0.14433635672321543,-0.2912204562552531,-0.09479347063461319,-0.027502059940843537,-0.06746752047911286,-0.02586831501685083,-0.03422862098523183,0.0,-0.396744086407125
49414144,0.12092111597303301,-0.2915610649760195,-0.08581376582151279,-0.04791942425072193,-0.05442190830945037,-0.025855107625829987,-0.028248130693100393,0.0,-0.41289828927256167
49545216,0.13546432025032118,-0.291901673696785,-0.07526686578057706,-0.022966736207308713,-0.042402709572343156,-0.02238540575490333,-0.02264331748301629,-0.000213623046875,-0.3423109215218574
49676288,0.15221790899522603,-0.2922422824175517,-0.07674156676512212,-0.01217002683551982,-0.04362386156572029,-0.02228957525221631,-0.021961295933579095,0.0005340576171875,-0.31627177563495934
49807360,0.1415239271009341,-0.29258289113831865,-0.07682273129466921,-0.009825435918173753,-0.04523975669872016,-0.0216869895812124,-0.021419281416456215,0.0054473876953125,-0.3206032607704401
49938432,0.1353497157106176,-0.2929234998590851,-0.07479356770636514,-0.00912013319612015,-0.043569500325247645,-0.020519797093584202,-0.02063990358146839,0.0,-0.3262166955973953
50069504,0.14971765119426603,-0.2932641085798484,-0.037894114715027113,-0.016317749944997878,-0.016719061809300394,-0.013826762182350035,-0.015413542635767179,0.0012302954689480355,-0.2424861476278577
50200576,0.12433109217090532,-0.2936047173006173,-0.07173439243342727,-0.008001974409125978,-0.04048339172732085,-0.01980839963653125,-0.019476429777569138,0.0005340576171875,-0.32824416854418814
50331648,0.12638711760519072,-0.29394532602138385,-0.0725016719661653,-0.006619191695790505,-0.04078749709879048,-0.02030336851021275,-0.019704281468875706,0.00042724609375,-0.32704447605647147
50462720,0.12423546815989539,-0.29428593474214954,-0.07241027901181951,-0.005121863927342929,-0.04085831297561526,-0.020065343400347047,-0.019390327841392718,0.0,-0.3278840403072536
50593792,0.1634843921638094,-0.2946265434629175,-0.09279344626702368,-0.01580887090131,-0.06739622604800388,-0.02497615260654129,-0.030537051665305626,-0.0001068115234375,-0.3627581619657576
50724864,0.127026806876529,-0.2949671521836829,-0.09010087279602885,-0.03203519330418203,-0.06132016540504992,-0.02502449076564517,-0.029670587377040647,0.0,-0.406091648619622
50855936,0.1420434649917297,-0.29530776090444966,-0.08021411864319816,-0.02601782765123062,-0.04846248740796,-0.02148880074673798,-0.024321558288647793,0.0,-0.35376626369543374
50987008,0.15397358150221407,-0.2956483696252151,-0.07895806099986658,-0.015731924861029256,-0.047019085264764726,-0.020914055305183865,-0.021386359774623998,0.0009613037109375,-0.32472296548075974
51118080,0.1370384703623131,-0.29598897834598165,-0.0804535872885026,-0.010118559235706925,-0.04896804931922816,-0.02136551788134966,-0.021732931592850946,0.005340576171875,-0.3362485743127763
51249152,0.12404697894817218,-0.29632958706674845,-0.0791497555328533,-0.0065218077616009396,-0.04774054171866737,-0.020451902761124074,-0.020524007239146158,0.0,-0.3466706245671958
51380224,0.14422331056262874,-0.2966701957875197,-0.03598441000131867,-0.00779480522018422,-0.014508042856166728,-0.013269924944195944,-0.014480488801587232,0.001072982594936709,-0.23741157666037355
51511296,0.11445541924331337,-0.2970108045082817,-0.07563350565033033,-0.0008702118479959609,-0.04203138960292563,-0.019385448642424308,-0.018110023840563372,0.0001068115234375,-0.3384766145609319
51642368,0.11253002501325682,-0.2973514132290475,-0.07567484461469576,-0.0009307090153924946,-0.04239163879537955,-0.01945230338606052,-0.01811104826629162,0.000213623046875,-0.3411683151498437
51773440,0.11525977757992223,-0.297692021949814,-0.07615674653789029,-0.0011330108072797884,-0.04306719999294728,-0.01974394371791277,-0.0184940942999674,0.0,-0.3410272509790957
51904512,0.12596714834216982,-0.29803263067058045,-0.09601415426004678,-0.02278029657827574,-0.07081338434363715,-0.027235462577664293,-0.03389580856310204,0.0,-0.42280460125766695
52035584,0.11927814380032942,-0.2983732393913462,-0.08920349640538916,-0.0447500484297052,-0.06015882908832282,-0.02661682790494524,-0.029672834993107244,0.0,-0.42949714278802276
52166656,0.14070715254638344,-0.2987138481121127,-0.08059196145040914,-0.0225383160286583,-0.04737927802489139,-0.02283715584781021,-0.023175844849902205,0.0,-0.3545264496933669
52297728,0.15017240250017494,-0.2990544568328795,-0.08113161165965721,-0.01196507114218548,-0.04837822640547529,-0.022203464308404364,-0.02247999249084387,0.000640869140625,-0.33439697325229645
52428800,0.13670136290602386,-0.29939506555364637,-0.08054353902116418,-0.009490344928053673,-0.04870652797399089,-0.02151600702200085,-0.022682458642520942,0.005126953125,-0.3405029489658773
52559872,0.13205439457669854,-0.2997356742744118,-0.07900858554057777,-0.006958651098102564,-0.046515257679857314,-0.020969635719666258,-0.021815071115270257,0.0,-0.34294592472724617
52690944,0.14757845044860143,-0.30007628299517825,-0.0346234826671193,-0.01576133948494053,-0.01705192834498537,-0.01433158132171406,-0.015261088081699846,0.0010140265345268543,-0.248509997344764
52822016,0.11545863974606618,-0.30041689171594477,-0.07825258380034938,-0.003481627587461844,-0.044088729948271066,-0.020887671402306296,-0.02014160818362143,0.0005340576171875,-0.3512764098122716
52953088,0.1144065519911237,-0.3007575004367105,-0.07796435564523563,-0.0033380725799361244,-0.04313999507576227,-0.020427972893230617,-0.01972814032342285,0.0001068115234375,-0.350840013474226
53084160,0.1161421847064048,-0.3010981091574784,-0.07802297436865047,-0.0029245905170682818,-0.04341151480912231,-0.020426554707228206,-0.019709897052962333,0.000213623046875,-0.34923782967962325
53215232,0.14659886847948655,-0.3014387178782438,-0.09447873232420534,-0.02755880260065169,-0.06850666843820363,-0.02743475909664994,-0.03518018074828433,0.0,-0.4079989946912974
53346304,0.12900343583896756,-0.3017793265990107,-0.09021931397728622,-0.09956363297533244,-0.06206186566851102,-0.030173917330102995,-0.030364632286364213,0.0,-0.4851592581253499
53477376,0.14453119970858097,-0.3021199353197772,-0.08080819953465834,-0.05066202730813529,-0.04660263497498818,-0.02558384876465425,-0.023748831925331615,0.0,-0.3849942833185196
53608448,0.1522471869830042,-0.30246054404054257,-0.0818008614005521,-0.01905850124603603,-0.04824846633709967,-0.025901315166265704,-0.023331753283855505,0.00042724609375,-0.3481270151678473
53739520,0.14274372393265367,-0.3028011527613095,-0.08227322390303016,-0.012593652092618868,-0.048721397819463164,-0.025571681107976474,-0.023553007122245617,0.0045928955078125,-0.34817475243471563
53870592,0.12794735212810338,-0.30314176148207617,-0.08257103466894478,-0.008292596914543537,-0.048530913481954485,-0.02381283308204729,-0.02296034709434025,0.0,-0.3613511517178267
54001664,0.14648307921335646,-0.3034823702028368,-0.04077956746015405,-0.012312940400953619,-0.015821585273223866,-0.015468821358008807,-0.016543448665569394,0.0010021269633507853,-0.25692141181862477
54132736,0.11045113339787349,-0.30382297892360843,-0.08017028128961101,-0.0021768508522654884,-0.045647692517377436,-0.02174721243500244,-0.020448717623366974,-0.0001068115234375,-0.3636638829484582
54263808,0.1039197092759423,-0.30416358764437496,-0.08007778553292155,-0.0020636224562622374,-0.04499409283744171,-0.021256766776787117,-0.019819137887679972,0.0003204345703125,-0.36813483806326985
54394880,0.1040916457423009,-0.3045041963651415,-0.07948968355776742,-0.0017691790644676075,-0.045036472991341725,-0.020827201777137816,-0.01937052170978859,0.0,-0.3669056005310267
54525952,0.1302775215008296,-0.30484480508590717,-0.0933522519771941,-0.013981176836864506,-0.06704552209703252,-0.02507562735263491,-0.03155870880436851,0.0,-0.4055805627722293
54657024,0.11561265616910532,-0.30518541380667513,-0.0928407491883263,-0.051026852161157876,-0.06597073990269564,-0.027712735420209356,-0.03195748099824414,0.0,-0.45908130961470306
54788096,0.12894752953434363,-0.30552602252744043,-0.0829506783047691,-0.02151253716147039,-0.05004923915839754,-0.024232880954514258,-0.023870511882705614,0.0,-0.37919433671049774
54919168,0.1454882899997756,-0.3058666312482073,-0.08196350187063217,-0.009375718094815966,-0.04753571259789169,-0.022946584620513022,-0.022706728006596677,0.0001068115234375,-0.34479977283626795
55050240,0.13970307703129947,-0.3062072399689739,-0.08296952286036685,-0.007262563802214572,-0.05006450868677348,-0.023366759225609712,-0.023243665214977227,0.004058837890625,-0.3493496561422944
55181312,0.12661849346477538,-0.3065478486897392,-0.08174306445289403,-0.006142213052953593,-0.04969563981285319,-0.022833948634797707,-0.02329545379325282,0.0003204345703125,-0.36330808280035853
55312384,0.13959528517191577,-0.306888457410508,-0.04105833020939189,-0.02910329422237365,-0.018121589666861258,-0.017151223367471605,-0.016746319771097723,0.001149482484076433,-0.2883244513136566
55443456,0.12355756998294964,-0.3072290661312714,-0.08182233420666307,-0.005933558488322888,-0.04915898764738813,-0.02778991470404435,-0.02506057999562472,-0.0001068115234375,-0.37354085501283407
55574528,0.11909661133540794,-0.3075696748520394,-0.08341557439416647,-0.0032490986359334784,-0.05053286103066057,-0.028175591505714692,-0.02550610405160114,0.0,-0.37934944313019514
55705600,0.11873755091801286,-0.307910283572805,-0.0842059274436906,-0.002045588076725835,-0.051608889509225264,-0.027743982354877517,-0.02605313177627977,0.0001068115234375,-0.3807234507985413
55836672,0.13989052135730162,-0.30825089229357155,-0.0978218374075368,-0.01679672244017638,-0.07444336320622824,-0.027917124214582145,-0.03509786420909222,0.0,-0.4204372956883162
55967744,0.1159976264461875,-0.30859150101433824,-0.0948139347601682,-0.0370820589014329,-0.06832572788698599,-0.02693866916524712,-0.031513276902842335,-0.0001068115234375,-0.45137099642306566
56098816,0.13164362125098705,-0.30893210973510377,-0.08739748928928748,-0.025579049746738747,-0.054966123920166865,-0.024973424631753005,-0.026215592719381675,-0.00042724609375,-0.39683575625531375
56229888,0.1481699018040672,-0.3092727184558704,-0.0859252818627283,-0.01361443793575745,-0.05233203148236498,-0.023907847906230018,-0.02507719241839368,0.0,-0.36195683712139726
56360960,0.14417085994500667,-0.3096133271766371,-0.08475291065406054,-0.008909880511055235,-0.05285099541652016,-0.02339178694819566,-0.0248153796128463,0.0045928955078125,-0.3555677398107946
56492032,0.1302232246962376,-0.309953935897404,-0.08401873812545091,-0.006639479692239547,-0.052280973439337686,-0.02297356561757624,-0.024425988376606256,0.000640869140625,-0.36942289490252733
56623104,0.14219122262329842,-0.3102945446181651,-0.0360409342168965,-0.03263711979606552,-0.015602336704214969,-0.015478999521424891,-0.015218031993826098,0.00106318347509113,-0.2820175548116897
56754176,0.11479006317676976,-0.3106351533389358,-0.0849498740863055,-0.02034699970681686,-0.053575573867419735,-0.02602860049228184,-0.023923777349409647,0.0,-0.40466991323046386
56885248,0.10698900552233681,-0.31097576205970284,-0.08522894326597452,-0.015237472900480498,-0.05317568642203696,-0.025075211204239167,-0.02313943806802854,0.000213623046875,-0.40562988515011966
57016320,0.10892853897530586,-0.3113163707804681,-0.08661363698774949,-0.0103142279349413,-0.05460698591195978,-0.024325425823917612,-0.022343310542055406,0.0,-0.40058534895069897
57147392,0.14153064298443496,-0.31165697950123605,-0.09808134951163083,-0.022619273549935315,-0.07581132865743712,-0.027778029849287122,-0.034638139928574674,0.0,-0.42905446188524365
57278464,0.12945444061188027,-0.31199758822200163,-0.09128702356247231,-0.025634163641370833,-0.06241068977396935,-0.024017186588025652,-0.02869411870779004,0.0,-0.41458633355796337
57409536,0.14104367699474096,-0.31233819694276826,-0.08665064262459055,-0.02020333278051112,-0.053811740333912894,-0.02185768642812036,-0.025207932412740774,-0.0001068115234375,-0.3791298186406493
57540608,0.14429323188960552,-0.3126788056635349,-0.08561587752774358,-0.013134072287357412,-0.05225614763912745,-0.021624844943289645,-0.02351439927588217,-0.0001068115234375,-0.3646349795162678
57671680,0.14111970836529508,-0.3130194143843005,-0.08542770444182679,-0.009099375733057968,-0.05257643142249435,-0.021849550103070214,-0.023524810298113152,0.006195068359375,-0.3581825194414705
57802752,0.1225205107475631,-0.3133600231050671,-0.08306042558979243,-0.008307390096888412,-0.04981088079512119,-0.021291960059897974,-0.023109876856324263,-0.0001068115234375,-0.3765210988931358
57933824,0.13880948883606425,-0.31370063182583713,-0.03948697717559167,-0.060405477882994205,-0.015244422313080758,-0.017762473505511602,-0.01625906792816831,0.0010883084577114428,-0.32296126745455894
58064896,0.11767658381722867,-0.31404124054660065,-0.08507063484285027,-0.05269606289220974,-0.05073175352299586,-0.029659278588951565,-0.026272919087205082,0.0,-0.44079529331065714
58195968,0.11584497970761731,-0.3143818492673659,-0.08614856313215569,-0.04247988425777294,-0.052217797900084406,-0.030007107023266144,-0.027590079320361838,0.0,-0.436976971803233
58327040,0.1200839735683985,-0.31472245798813253,-0.08790269790915772,-0.03161116791306995,-0.05430543364491314,-0.03134098775626626,-0.0303159693867201,-0.00042724609375,-0.4305222111288458
58458112,0.14303407701663673,-0.3150630667088992,-0.0974579524481669,-0.018618615958985174,-0.07265153407934122,-0.027002121933037415,-0.03185330434644129,-0.0003204345703125,-0.41992319701239467
58589184,0.14142372133210301,-0.31540367542966474,-0.09287604928249493,-0.022378248526365496,-0.06396064630826004,-0.023809554550098255,-0.02978653955506161,-0.00042724609375,-0.4072058203164488
58720256,0.14279308449476957,-0.3157442841504327,-0.08988268219400197,-0.016986693161015864,-0.05805011774646118,-0.022399465859052725,-0.02787356854241807,-0.00042724609375,-0.3885591987054795
58851328,0.14514578832313418,-0.31608489287119795,-0.08648031146731228,-0.01319372774742078,-0.05348494424833916,-0.021457995564560406,-0.025828852434642613,0.0,-0.3713849338237196
58982400,0.14636425802018493,-0.316425501591965,-0.0849302148562856,-0.010440524521982297,-0.05171339915250428,-0.02076630671217572,-0.024141871865140274,0.00042724609375,-0.3616235922090709
59113472,0.13174408406484872,-0.3167661103127316,-0.08389379503205419,-0.007841716153052403,-0.05045160261215642,-0.020658619861933403,-0.02282082973397337,0.005340576171875,-0.36534801544621587
59244544,0.1423980919589259,-0.3171067190334959,-0.028315335369219184,-0.009758059030950027,-0.012760605769168142,-0.012482866176998918,-0.013580657209686434,0.0010330578512396695,-0.2505730976743146
59375616,0.11788684473140165,-0.3174473277542639,-0.08183590334374458,-0.0011837647239190119,-0.0453058258863166,-0.02157689628074877,-0.02107668697135523,0.0,-0.3705395683646202
59506688,0.11454502504784614,-0.31778793647503034,-0.08251038281014189,-0.0010968758347189578,-0.046024456911254674,-0.021866587121621706,-0.021019434221670963,0.00042724609375,-0.37533341185189784
59637760,0.1210525548667647,-0.31812854519579703,-0.08646377245895565,-0.002023022915409456,-0.05352412426145747,-0.022426707044360228,-0.022706897296302486,0.0,-0.38422052492387593
59768832,0.1462289523333311,-0.3184691539165625,-0.09548212576191872,-0.044256053006392904,-0.06896442046854645,-0.029629925978952087,-0.03487499880429823,0.0,-0.4454477389808744
59899904,0.14372599811758846,-0.31880976263732924,-0.08659816073486581,-0.04054196321521886,-0.05329022911610082,-0.026792123477207497,-0.028389634171617217,0.0,-0.4106958876363933
60030976,0.15393097628839314,-0.31915037135809593,-0.08042655035387725,-0.013137107125658076,-0.04251803140505217,-0.023598145678988658,-0.022836195959826,0.0,-0.3477354117203504
60162048,0.1550331412581727,-0.31949098007886134,-0.08108091715257615,-0.006382117684552213,-0.0435130400583148,-0.02330950081523042,-0.022155728118377738,0.0035247802734375,-0.3373743493575603
60293120,0.13195315090706572,-0.3198315887996294,-0.08260989841073751,-0.006505526056571398,-0.04553971491986886,-0.023655073091504164,-0.022919977316632867,0.0025634765625,-0.36654227366670966
60424192,0.11714507982833311,-0.3201721975203946,-0.08226408186601475,-0.005128557033458492,-0.044927250331966206,-0.022703868249664083,-0.021754745321231894,-0.0001068115234375,-0.37990955146960914
60555264,0.14280823792928704,-0.32051280624116346,-0.03680788801247806,-0.009581673480888673,-0.01370664491713949,-0.015377771713292934,-0.016191585140342708,0.0011034047919293822,-0.26826672218411146
60686336,0.10828340006992221,-0.3208534149619283,-0.08379807788878679,-0.0009778310454748862,-0.04673243791330606,-0.023064670182066038,-0.020997970525058918,0.0001068115234375,-0.38803418539464474
60817408,0.10497370344819501,-0.3211940236826935,-0.08381897449726239,-0.0009235192846972495,-0.04673758821445517,-0.022067572848754935,-0.020342809832072817,0.0001068115234375,-0.3900039722211659
60948480,0.10537442582426593,-0.3215346324034605,-0.08353879966307431,-0.001036642227518314,-0.04674435788183473,-0.021457067123265006,-0.020084651914658025,0.0,-0.38901878893375397
61079552,0.11949805164476857,-0.3218752411242256,-0.09510384581517428,-0.014094925202016384,-0.06702719564782456,-0.023825646901968867,-0.03226864813041175,0.0,-0.4346974533982575
61210624,0.12467933556763455,-0.32221584984499374,-0.08952962030889466,-0.02390355631359853,-0.0557364261476323,-0.022001063684001565,-0.029862483715987764,0.0,-0.41856967052444816
61341696,0.1413434847490862,-0.32255645856575915,-0.0882875652750954,-0.01941433576575946,-0.05226301233051345,-0.021355415708967485,-0.0237917312188074,-0.000213623046875,-0.38653284683823586
61472768,0.15045884298160672,-0.32289706728652584,-0.08749757916666567,-0.013952005363535136,-0.052491856447886676,-0.020738036080729216,-0.02241295509156771,0.0,-0.36953066498972476
61603840,0.1525763487443328,-0.32323767600729264,-0.08554259041557088,-0.011632172609097324,-0.051076076371828094,-0.02020614813955035,-0.02189009459107183,0.0045928955078125,-0.3564155262429267
61734912,0.13370778050739318,-0.32357828472805805,-0.08441794174723327,-0.008186629718693439,-0.04999398556537926,-0.019864664995111525,-0.021776687470264733,0.0,-0.3740961761213839
61865984,0.14408745106360685,-0.3239188934488212,-0.03196283566601955,-0.015194663488920514,-0.013475339193416674,-0.012329477820589508,-0.014111889817938672,0.0010896637608966376,-0.26581597055400147
61997056,0.1212080997065641,-0.3242595021695912,-0.0826234552077949,-0.001789005937098409,-0.0457447478256654,-0.021467255719471723,-0.020182377033052035,0.0,-0.374858230818063
62128128,0.12111408408964053,-0.3246001108903583,-0.08094722399255261,-0.0018938305129267974,-0.043293617403833196,-0.020855290043982677,-0.02043989770754706,0.0,-0.3709046614822
62259200,0.11650932166958228,-0.3249407196111234,-0.08041833050083369,-0.002258173894006177,-0.04239099324331619,-0.020679870489402674,-0.019917321551474743,-0.000213623046875,-0.37430400284938514
62390272,0.13818034116411582,-0.3252813283318901,-0.09546610526740551,-0.028565017637447454,-0.0695500478032045,-0.0246949070278788,-0.03323762075888226,0.0,-0.43861467740498483
62521344,0.13501774112228304,-0.3256219370526572,-0.08942310855491087,-0.0617788276867941,-0.0586882084608078,-0.02703280326386448,-0.029839140581316315,0.0,-0.45736627955920994
62652416,0.14487986732274294,-0.3259625457734223,-0.0814298611949198,-0.028905711806146428,-0.04614585844683461,-0.024520905426470563,-0.023417065589455888,0.0,-0.38550207973457873
62783488,0.15656925924122334,-0.32630315449419034,-0.08185648603830487,-0.010537686801399104,-0.04647625403595157,-0.023400875492370687,-0.02266591979423538,0.0,-0.3546711162198335
62914560,0.15008239343296736,-0.3266437632149558,-0.08144992653978989,-0.007774548208544729,-0.045954383618663996,-0.02181658892368432,-0.021322234359104186,0.0039520263671875,-0.35092703020200133
