collected_frames,torque/flipper_torque_FL,torque/flipper_torque_FL_max,torque/flipper_torque_FL_min,torque/flipper_torque_FR,torque/flipper_torque_FR_max,torque/flipper_torque_FR_min,torque/flipper_torque_RL,torque/flipper_torque_RL_max,torque/flipper_torque_RL_min,torque/flipper_torque_RR,torque/flipper_torque_RR_max,torque/flipper_torque_RR_min
131072,792.968466758728,1000.0,2.5496498607099056,793.6865515708923,1000.0,2.4686398189514875,798.6963515281677,1000.0,2.6326614413410425,792.681028842926,1000.0,2.18101804330945
262144,791.8179178237915,1000.0,2.4655306935310364,792.1537890434265,1000.0,2.713755358941853,794.8359851837158,1000.0,2.4841194339096546,790.8623847961426,1000.0,2.2111792769283056
393216,791.0337309837341,1000.0,2.0780334286391735,788.552396774292,1000.0,2.3388296253979206,792.0549311637878,1000.0,2.864748865365982,788.6933641433716,1000.0,2.3259050510823727
524288,789.7030572891235,1000.0,2.247371830046177,786.547643661499,1000.0,2.388967625796795,789.3035969734192,1000.0,2.1440662126988173,787.4795536994934,1000.0,2.362507425248623
655360,789.5656638145447,1000.0,2.2634089179337025,791.7533769607544,1000.0,2.1013147281482816,786.3165845870972,1000.0,2.623194195330143,785.6315751075745,1000.0,2.2378222732804716
786432,788.6509885787964,1000.0,2.135178305208683,788.2593755722046,1000.0,2.4086003731936216,784.2676391601562,1000.0,2.508318193256855,786.4747829437256,1000.0,2.4565101116895676
917504,787.3809609413147,1000.0,2.189959103241563,784.2086057662964,1000.0,2.1019809767603874,786.1547956466675,1000.0,2.2115659452974796,785.0507998466492,1000.0,2.116974677890539
1048576,785.0146560668945,1000.0,2.0872572734951973,782.1406588554382,1000.0,2.539907505735755,782.7674789428711,1000.0,2.079806095920503,782.586998462677,1000.0,2.036036191508174
1179648,786.1034212112427,1000.0,2.178126946091652,779.4599285125732,1000.0,2.313091419637203,782.4331002235413,1000.0,2.2113005686551332,785.0276684761047,1000.0,2.2386989928781986
1310720,779.2908000946045,1000.0,2.0480608213692904,770.8373670578003,1000.0,2.386917967349291,778.7752251625061,1000.0,1.6384830512106419,779.3244967460632,1000.0,2.2088469825685024
1441792,788.5167388916016,1000.0,2.268675222992897,784.9110131263733,1000.0,2.125319756567478,784.0424680709839,1000.0,2.4991282671689987,786.4231939315796,1000.0,2.4481728971004486
1572864,435.73157743387554,999.9920609355565,0.7699431046324583,354.2769712229866,999.9750784043649,0.634061348467917,405.6979970144395,1000.0,0.7482101011335553,444.5732946898807,1000.0,0.8274739110054662
1703936,790.6720719337463,1000.0,1.9327346682548523,772.0236148834229,1000.0,2.049409255385399,784.4012141227722,1000.0,2.289641773328185,784.3593564033508,1000.0,2.232239866629243
1835008,783.1565027236938,1000.0,2.2471700999885798,766.0568103790283,1000.0,1.8976164013147354,777.4378943443298,1000.0,2.4254921078681946,779.2203760147095,1000.0,2.7257111445069313
1966080,786.557550907135,1000.0,2.5543191712349653,778.6549034118652,1000.0,2.1074573807418346,780.7345733642578,1000.0,2.2408553808927536,781.5355978012085,1000.0,2.179699905216694
2097152,785.0120329856873,1000.0,2.137523878365755,777.9479432106018,1000.0,2.059765262529254,783.584743976593,1000.0,1.9828985035419464,781.6182417869568,1000.0,2.0726518109440804
2228224,782.3214130401611,1000.0,2.029932051897049,774.3375072479248,1000.0,2.2748651914298534,780.9785780906677,1000.0,2.2584331780672073,780.6948184967041,1000.0,2.3099673725664616
2359296,781.0521731376648,1000.0,2.029973109252751,773.563898563385,1000.0,1.9427348598837852,778.4074721336365,1000.0,2.445346061140299,776.8084988594055,1000.0,1.98115358594805
2490368,781.4434700012207,1000.0,2.062321904115379,753.8966145515442,1000.0,2.158217277377844,777.3482942581177,1000.0,2.1292772628366947,777.6291952133179,1000.0,2.1400150898844004
2621440,780.650933265686,1000.0,2.039288207888603,719.6014022827148,1000.0,1.950867524370551,775.8858914375305,1000.0,2.0342809427529573,774.0089168548584,1000.0,2.3010721933096647
2752512,778.9901523590088,1000.0,2.2355130277574062,696.7374711036682,1000.0,1.4704895690083504,772.2610292434692,1000.0,1.963391282595694,771.2753863334656,1000.0,2.222606137394905
2883584,420.1269358305256,1000.0,0.8416102831608459,365.1020005440767,1000.0,0.5940538759228802,421.1629204805379,1000.0,0.7747050616069072,388.5088753401542,1000.0,0.7859450209445024
3014656,779.23823595047,1000.0,2.1150591261684895,746.0802249908447,1000.0,2.188085298985243,768.5254712104797,1000.0,1.9537690449506044,772.2310647964478,1000.0,2.284868746995926
3145728,779.9051189422607,1000.0,1.8351419568061829,758.7410187721252,1000.0,2.0438339058309793,767.6096563339233,1000.0,2.362973887473345,771.4202313423157,1000.0,1.872051652520895
3276800,769.6174836158752,1000.0,2.104528855998069,756.1769962310791,1000.0,1.7974188178777695,759.8763418197632,1000.0,1.872456543147564,765.6723690032959,1000.0,1.822453822940588
3407872,776.2687768936157,1000.0,2.48662468791008,769.5796003341675,1000.0,2.195245213806629,763.5639877319336,1000.0,2.2949000895023346,767.8358325958252,1000.0,2.1454917264636606
3538944,776.3979411125183,1000.0,1.6838178969919682,766.0217380523682,1000.0,1.6134854182600975,764.8833503723145,1000.0,1.841514464467764,767.7468767166138,1000.0,2.194003981538117
3670016,777.9715738296509,1000.0,2.1396091654896736,763.6644043922424,1000.0,1.9479282721877098,764.4536786079407,1000.0,2.0212633148767054,766.1344127655029,1000.0,1.8837715610861778
3801088,775.5656604766846,1000.0,1.75715846195817,743.3001046180725,1000.0,1.8496345691382885,764.4675025939941,1000.0,2.2646246533840895,764.2588114738464,1000.0,2.246472340077162
3932160,771.6026649475098,1000.0,2.094068441540003,691.7547078132629,1000.0,1.496202307753265,760.2684960365295,1000.0,2.015812126919627,764.9988417625427,1000.0,1.8795567881315947
4063232,764.6396751403809,1000.0,1.9237679447978735,657.5050845146179,1000.0,1.1095670387148857,753.0089378356934,1000.0,1.8467148467898369,760.8619079589844,1000.0,1.7425682712346315
4194304,393.45767572108565,1000.0,0.7324694674921097,348.4498787965292,999.8338254144375,0.575339695513635,432.29869144899834,1000.0,0.8320165141238004,392.0429716394724,1000.0,0.7077500120520437
4325376,761.7419590950012,1000.0,2.114760871976614,679.4485378265381,1000.0,1.3119756579399109,717.1734027862549,1000.0,1.5285039655864239,672.5450778007507,1000.0,1.2692330852150917
4456448,760.4008665084839,1000.0,2.083321027457714,695.0417666435242,1000.0,1.4985671639442444,677.294020652771,1000.0,1.2876367042772472,640.9660468101501,1000.0,1.3124340719077736
4587520,760.876015663147,1000.0,2.115993544459343,698.8868737220764,1000.0,1.6203199159353971,644.3372435569763,1000.0,1.1310021467506886,636.5821704864502,1000.0,1.2874917490407825
4718592,745.5216083526611,1000.0,1.795019661076367,703.9566626548767,1000.0,1.4202129058539867,685.5875072479248,1000.0,1.6135108107700944,686.3905129432678,1000.0,1.4758435655385256
4849664,750.029305934906,1000.0,1.9901964268647134,741.3527612686157,1000.0,1.7642455408349633,704.7154488563538,1000.0,1.6325685060583055,720.0765910148621,1000.0,1.6599448192864656
4980736,746.7987375259399,1000.0,1.700475881807506,750.60675573349,1000.0,1.8879857659339905,665.7305498123169,1000.0,1.1541035016998649,707.475323677063,1000.0,1.570600664243102
5111808,696.4292850494385,1000.0,1.3512832620181143,749.6170082092285,1000.0,1.9767766147851944,668.525110244751,1000.0,1.3036049669608474,701.763325214386,1000.0,1.5826505608856678
5242880,629.2541446685791,1000.0,1.1003139363601804,737.5464148521423,1000.0,1.7977103050798178,665.4920797348022,1000.0,1.3618213832378387,699.4835729598999,1000.0,1.258720325306058
5373952,610.6940774917603,1000.0,1.0619832202792168,707.6560306549072,1000.0,1.4729465246200562,656.1870465278625,1000.0,1.2919481415301561,702.5558280944824,1000.0,1.707422662526369
5505024,266.9022306350977,971.6079638887112,0.4542990338141732,328.8313942436007,999.713259680145,0.5406288423901541,322.19737076459063,999.9953305799354,0.4838333348333085,319.20707896734666,998.6064431601268,0.5746230066423151
5636096,597.8736085891724,1000.0,0.8368585668504238,633.4209127426147,1000.0,1.155257048085332,632.6828556060791,1000.0,1.1478383839130402,659.3820924758911,1000.0,1.328215841203928
5767168,602.9187660217285,1000.0,0.9653628268279135,627.6781320571899,1000.0,0.9740277212113142,627.3488731384277,1000.0,1.0920322607271373,659.2835206985474,1000.0,1.3280764650553465
5898240,620.3715524673462,1000.0,1.128985844552517,623.5847020149231,1000.0,1.1533697070553899,620.5794463157654,1000.0,1.0825733207166195,650.1519179344177,1000.0,1.178992297500372
6029312,704.5889658927917,1000.0,1.3704135082662106,698.9410047531128,1000.0,1.5608120039105415,692.7481565475464,1000.0,1.3673231471329927,706.0353412628174,1000.0,1.682227659970522
6160384,723.7622261047363,1000.0,1.491872951388359,723.7101397514343,1000.0,1.8195166159421206,721.8090643882751,1000.0,1.8552157715894282,724.1226935386658,1000.0,1.5998002728447318
6291456,695.8985228538513,1000.0,1.4448630660772324,685.6851086616516,1000.0,1.2935803942382336,683.7311282157898,1000.0,1.3797916546463966,688.0068874359131,1000.0,1.482258751988411
6422528,670.0071024894714,1000.0,1.3184993267059326,669.6335535049438,1000.0,1.61287497356534,660.3473739624023,1000.0,1.3273018915206194,652.1609673500061,1000.0,1.2527758814394474
6553600,663.0890636444092,1000.0,1.3680582493543625,662.5275387763977,1000.0,1.0211983020417392,650.1672434806824,1000.0,1.1930569540709257,639.8730034828186,1000.0,1.0969987902790308
6684672,666.858124256134,1000.0,1.4303769217804074,661.6589956283569,1000.0,1.2825867906212807,642.4607515335083,1000.0,1.149651451036334,637.0246930122375,1000.0,1.1515210052020848
6815744,315.32524515028615,998.9393717447916,0.4780277284371912,313.65695032907365,996.2805546243393,0.4882435893723324,307.76062880938326,998.9314815843876,0.4561451197930829,292.0409769845839,996.536868878265,0.4877968612150173
6946816,650.5322380065918,1000.0,1.3709342386573553,664.9901447296143,1000.0,1.2784847896546125,617.4729070663452,1000.0,1.1255026627331972,621.0504245758057,1000.0,1.0880392082035542
7077888,636.659999370575,1000.0,1.1278161257505417,672.4584455490112,1000.0,1.4335461650043726,610.823860168457,1000.0,0.9584141364321113,621.0837631225586,1000.0,1.0964623736217618
7208960,639.5476765632629,1000.0,1.1398551049642265,673.4024710655212,1000.0,1.2389632277190685,597.9448318481445,1000.0,0.922030190937221,629.4444260597229,1000.0,1.1661375677213073
7340032,727.7354044914246,1000.0,1.7921094689518213,720.6553425788879,1000.0,1.7715484257787466,698.6727485656738,1000.0,1.3463333994150162,713.5834293365479,1000.0,1.922045742161572
7471104,728.2238640785217,1000.0,1.7727523483335972,730.3199105262756,1000.0,1.5722692841663957,701.3996171951294,1000.0,1.5318679176270962,706.2567172050476,1000.0,1.2473728498443961
7602176,719.0638947486877,1000.0,1.928287249058485,710.5684838294983,1000.0,1.3549984386190772,654.7641448974609,1000.0,1.3267559632658958,674.2373356819153,1000.0,1.4015635075047612
7733248,712.2283501625061,1000.0,1.6118939071893692,675.8136563301086,1000.0,1.4753107037395239,643.76416015625,1000.0,1.2131112553179264,650.2281103134155,1000.0,1.0483563374727964
7864320,698.01416015625,1000.0,1.5299475034698844,659.9500169754028,1000.0,1.0966406650841236,646.773699760437,1000.0,1.2458569584414363,646.943416595459,1000.0,1.442875673994422
7995392,678.7647414207458,1000.0,1.3395279261749238,654.9131860733032,1000.0,1.2278689546510577,641.940019607544,1000.0,1.371577912941575,631.5304136276245,1000.0,1.165667938068509
8126464,354.6598892779859,1000.0,0.5595890069495951,297.03064858410556,995.8084048136292,0.4885999070984258,311.232173645171,999.9212743413656,0.4944762618052161,293.3423285661797,998.5990232557576,0.48470979115507445
8257536,661.6343007087708,1000.0,1.2947629997506738,652.5447974205017,1000.0,1.1812221091240644,621.135015964508,1000.0,1.1211782079190016,619.0071568489075,1000.0,1.1463864454999566
8388608,645.1371622085571,1000.0,1.1365056911017746,655.9255223274231,1000.0,1.2236889880150557,614.9787402153015,1000.0,1.1123580485582352,615.8037424087524,1000.0,1.0208765473216772
8519680,627.5652933120728,1000.0,1.1808880865573883,654.2440791130066,1000.0,1.2264097398146987,596.3021583557129,1000.0,0.9471064209938049,594.9836587905884,1000.0,0.8068999475799501
8650752,722.4559097290039,1000.0,1.5764638911932707,723.1525950431824,1000.0,1.7387012243270874,696.1659927368164,1000.0,1.8113684970885515,704.3545475006104,1000.0,1.6501673497259617
8781824,719.996551990509,1000.0,1.559483202174306,728.4629588127136,1000.0,1.6794283059425652,694.11177110672,1000.0,1.4608149845153093,705.4849376678467,1000.0,1.6138820266351104
8912896,700.6699814796448,1000.0,1.7142653670161963,713.8349175453186,1000.0,1.6223296895623207,628.9700441360474,1000.0,1.0545232649892569,665.3749580383301,1000.0,1.2377610029652715
9043968,678.5071811676025,1000.0,1.332623427733779,682.1607666015625,1000.0,1.3363468907773495,610.519211769104,1000.0,1.093008179217577,653.2852668762207,1000.0,1.192236518021673
9175040,647.0048317909241,1000.0,1.081812066026032,658.1816520690918,1000.0,1.0877498090267181,604.8165678977966,1000.0,1.0861906725913286,644.9416055679321,1000.0,1.2153899827972054
9306112,641.8786115646362,1000.0,1.3511649696156383,640.3323469161987,1000.0,1.3382775075733662,606.9700880050659,1000.0,0.9628505706787109,641.7691564559937,1000.0,1.1074219038709998
9437184,322.2466410209922,999.6302098333036,0.49501381191267724,290.9931491309772,995.580827237454,0.47219511658832153,312.65772803667085,999.8585764703419,0.5056936984966651,308.70814186893904,999.4700935097866,0.5336576678637844
9568256,632.446831703186,1000.0,0.9648871393874288,618.3918566703796,1000.0,1.004914389923215,594.2891702651978,1000.0,0.8630906548351049,620.649730682373,1000.0,1.0332135874778032
9699328,618.3123126029968,1000.0,0.9513452630490065,603.9051380157471,1000.0,1.1244122702628374,583.2709817886353,1000.0,1.037814284209162,611.7178573608398,1000.0,1.1241716109216213
9830400,608.2316670417786,1000.0,1.0291576674208045,604.3586144447327,1000.0,1.1271276511251926,579.026445388794,1000.0,0.8906407998874784,602.3158221244812,1000.0,0.831981586292386
9961472,650.6371788978577,1000.0,1.5808918252587318,648.2347474098206,1000.0,1.3531455751508474,633.3960900306702,1000.0,1.0918835401535034,647.5532279014587,1000.0,1.2480637319386005
10092544,710.7556777000427,1000.0,1.5702945441007614,716.1383390426636,1000.0,1.5417478363960981,700.86168384552,1000.0,1.5401257313787937,708.6051964759827,1000.0,1.5728201642632484
10223616,691.789155960083,1000.0,1.580056892707944,691.1310968399048,1000.0,1.6684231646358967,671.8912773132324,1000.0,1.3159686606377363,684.590081691742,1000.0,1.383534574881196
10354688,658.0999612808228,1000.0,1.2987724314443767,629.7152600288391,1000.0,1.063109815120697,600.976390838623,1000.0,1.005616701208055,642.0134873390198,1000.0,1.3082731552422047
10485760,640.2113103866577,1000.0,1.1605554455891252,614.0858726501465,1000.0,1.1645486503839493,586.9247660636902,1000.0,0.9702366981655359,613.0295696258545,1000.0,1.1254878640174866
10616832,628.5110654830933,1000.0,1.177568543702364,605.6883506774902,1000.0,1.1388658788055182,589.7426447868347,1000.0,0.999270498752594,583.0204949378967,1000.0,0.9100940646603703
10747904,324.5156297995004,999.841930717672,0.5162361481998017,291.43758768143925,987.6488521587247,0.5056076843059382,309.58044904488133,998.2304294484305,0.5006313222606917,291.0151419257552,997.1173067630575,0.4716264066957932
10878976,618.3433637619019,1000.0,1.1801710575819016,623.2680420875549,1000.0,1.2058536559343338,582.1700019836426,1000.0,1.082101734355092,562.7806997299194,1000.0,0.9155382886528969
11010048,613.0854935646057,1000.0,1.1865729368291795,604.9579539299011,1000.0,1.1702443277463317,564.786292552948,1000.0,0.9414853858761489,549.7405915260315,1000.0,0.8675326071679592
11141120,610.078516960144,1000.0,1.0072103319689631,600.3755555152893,1000.0,1.2167275249958038,558.2120714187622,1000.0,0.8408866487443447,550.4425277709961,1000.0,0.7644432080560364
11272192,594.2032089233398,1000.0,0.8076884150505066,594.1651248931885,1000.0,0.9021927490830421,549.1166715621948,1000.0,0.8795873336493969,543.9159936904907,1000.0,0.7747461525723338
11403264,688.5476131439209,1000.0,1.3473793473094702,684.778404712677,1000.0,1.4178551137447357,659.0056114196777,1000.0,1.3712040893733501,667.3589510917664,1000.0,1.5604792013764381
11534336,689.4466857910156,1000.0,1.4327945113182068,690.216682434082,1000.0,1.5439198724925518,668.6227173805237,1000.0,1.2348954328335822,679.4238080978394,1000.0,1.4633018672466278
11665408,666.4837355613708,1000.0,1.458599857520312,605.8394236564636,1000.0,0.9882258679717779,594.3026237487793,1000.0,0.7969824001193047,614.9210209846497,1000.0,1.0408768337219954
11796480,654.5522179603577,1000.0,1.1804173570126295,580.6804795265198,1000.0,1.0237560458481312,578.005823135376,1000.0,0.9439326655119658,603.7799468040466,1000.0,1.0917555186897516
11927552,642.6330761909485,1000.0,1.1714101652614772,583.9001212120056,1000.0,0.9395517781376839,576.0891766548157,1000.0,0.8363476255908608,602.1650552749634,1000.0,0.8851122492924333
12058624,315.84461053564394,999.973207593404,0.5052267604061892,266.45208171548876,984.1276809673615,0.42682366016312867,277.48181416979577,988.2840978568477,0.46945797372494824,275.58398236677067,990.5862282615747,0.4238322381328833
12189696,612.8876209259033,1000.0,1.2122828857973218,595.720413684845,1000.0,1.0170986540615559,559.5049066543579,1000.0,0.9717580443248153,588.6339030265808,1000.0,1.031293649226427
12320768,601.3906860351562,1000.0,0.982036579400301,591.4428935050964,1000.0,1.0557895880192518,552.2139983177185,1000.0,0.7388614527881145,571.1802659034729,1000.0,0.8677838295698166
12451840,595.6941533088684,1000.0,1.0356425866484642,592.5294985771179,1000.0,0.9200650653801858,546.257933139801,1000.0,0.8050537956878543,567.066367149353,1000.0,1.0248409621417522
12582912,695.0566229820251,1000.0,1.5753629528917372,689.374933719635,1000.0,1.4787811152637005,669.6243100166321,1000.0,1.2281587645411491,678.2460536956787,1000.0,1.3216467276215553
12713984,693.225790977478,1000.0,1.3902231119573116,697.9939341545105,1000.0,1.5360072404146194,682.2567281723022,1000.0,1.4369293302297592,689.1830697059631,1000.0,1.37214957177639
12845056,670.0268540382385,1000.0,1.237534187734127,635.0336532592773,1000.0,1.2706616292707622,626.4573493003845,1000.0,1.2637769812718034,657.6112589836121,1000.0,1.2083586961962283
12976128,653.4331450462341,1000.0,1.1733141969889402,583.8510456085205,1000.0,0.9114614659920335,580.7262954711914,1000.0,0.951328732073307,632.855731010437,1000.0,1.023507866077125
13107200,648.1807765960693,1000.0,1.260834015905857,592.4494633674622,1000.0,0.9229604136198759,585.8636994361877,1000.0,1.0303964731283486,623.2677459716797,1000.0,1.0548030883073807
13238272,637.9493775367737,1000.0,1.1527240443974733,594.0737113952637,1000.0,1.023785138502717,588.3193564414978,1000.0,1.0185240395367146,610.9560675621033,1000.0,1.121371972374618
13369344,352.7185631408316,1000.0,0.5601885172127211,262.7455653604693,968.4084734664485,0.44193630005252466,269.21385307358935,974.8898309423768,0.44661688751473494,261.07664654908876,973.8979330778416,0.4438457516506589
13500416,648.1595973968506,1000.0,1.405182834714651,577.1391477584839,1000.0,1.06294808909297,554.7779211997986,1000.0,0.8330844738520682,576.8814945220947,1000.0,0.9947056919336319
13631488,628.9122633934021,1000.0,1.2531447522342205,572.5389289855957,1000.0,0.8971544466912746,550.5482602119446,1000.0,0.967453844845295,568.7326588630676,1000.0,0.892045387532562
13762560,614.4846749305725,1000.0,0.9484777394682169,569.5397119522095,1000.0,0.8798819856019691,555.4908151626587,1000.0,0.8490126533433795,563.5028367042542,1000.0,0.9864050522446632
13893632,681.238362789154,1000.0,1.437276691198349,676.013171672821,1000.0,1.3317132219672203,668.5540590286255,1000.0,1.294423395767808,675.4037470817566,1000.0,1.3861731365323067
14024704,685.7778882980347,1000.0,1.4753485061228275,678.0244965553284,1000.0,1.4538210746832192,670.324435710907,1000.0,1.2975235767662525,672.570309638977,1000.0,1.5815566778182983
14155776,689.7544622421265,1000.0,1.6756815910339355,632.0673685073853,1000.0,1.2251026486046612,634.8531928062439,1000.0,1.1330807264894247,634.2370429039001,1000.0,1.140116540773306
14286848,686.9751944541931,1000.0,1.463995274156332,597.4352688789368,1000.0,0.8797655319795012,589.7370438575745,1000.0,0.8621202255599201,595.7811918258667,1000.0,0.9876558296382427
14417920,668.925853729248,1000.0,1.2966038566082716,587.5318069458008,1000.0,0.9045372810214758,578.1016960144043,1000.0,0.951654601842165,586.0393109321594,1000.0,0.8803370678797364
14548992,651.7596492767334,1000.0,1.1683524791151285,587.048496723175,1000.0,0.8742083539254963,568.2957892417908,1000.0,0.8337360578589141,558.9902505874634,1000.0,0.8120703548192978
14680064,358.1602699973366,999.9703514702627,0.5546655969555713,253.77260403143333,954.5885711633891,0.46532671060303166,255.85771033276916,972.6547755001568,0.47212078249018197,244.09426065600326,950.7338829716093,0.39907487932209984
14811136,641.6950144767761,1000.0,1.2604573927819729,586.6413974761963,1000.0,0.966778114438057,539.7517788410187,1000.0,0.8065935829654336,535.8340921401978,1000.0,0.8340987227857113
14942208,629.8989109992981,1000.0,1.1613461505621672,577.1197910308838,1000.0,0.9398277997970581,507.04004764556885,1000.0,0.6212497856467962,536.2405383586884,1000.0,0.7175950650125742
15073280,641.8879613876343,1000.0,1.2165545858442783,606.3687195777893,1000.0,1.0766096264123917,547.6959114074707,1000.0,0.9731554090976715,581.8584778308868,1000.0,0.953433595597744
15204352,699.5701375007629,1000.0,1.5636992529034615,688.0875568389893,1000.0,1.552171304821968,675.1422958374023,1000.0,1.3554754136130214,691.6540050506592,1000.0,1.389213828369975
15335424,691.2480616569519,1000.0,1.764128666371107,649.7714409828186,1000.0,1.2475086729973555,609.7797479629517,1000.0,1.0476761795580387,653.5857448577881,1000.0,1.3830003160983324
15466496,698.875518321991,1000.0,1.4158402998000383,574.5588321685791,1000.0,1.1016780650243163,550.9469847679138,1000.0,0.8312849309295416,597.6062922477722,1000.0,1.0169491404667497
15597568,697.8409914970398,1000.0,1.3541750577278435,568.81281042099,1000.0,0.9800988333299756,542.153470993042,1000.0,0.7519798926077783,563.1959233283997,1000.0,0.8746389131993055
15728640,680.737494468689,1000.0,1.6767899096012115,563.5331597328186,1000.0,0.9110565539449453,524.1021325588226,1000.0,0.8209859458729625,544.1065120697021,1000.0,0.7729309019632638
15859712,653.5509767532349,1000.0,1.259753292426467,562.167486667633,1000.0,0.9885389655828476,518.9557962417603,1000.0,0.7052778145298362,542.6129131317139,1000.0,0.9613815806806087
15990784,347.7021746674845,999.9040917190498,0.5685574330714968,245.15505401359115,958.1587708888679,0.4423036195839169,231.7801922614628,952.6371022554328,0.44543434456078757,230.0803368218252,933.8628679115628,0.38404528092958007
16121856,633.9232411384583,1000.0,1.2213808838278055,574.4406957626343,1000.0,0.8081640731543303,506.79020738601685,1000.0,0.7428841441869736,515.7590336799622,1000.0,0.8005211260169744
16252928,637.5244846343994,1000.0,1.2535974523052573,578.8609929084778,1000.0,1.1275097858160734,501.6914384365082,1000.0,0.7689516795799136,508.8029146194458,1000.0,0.7831660979427397
16384000,655.1675519943237,1000.0,1.5301573779433966,607.785964012146,1000.0,1.1358600771054626,538.5415306091309,1000.0,0.7786233350634575,552.5494413375854,1000.0,0.8702764334157109
16515072,691.8387937545776,1000.0,1.7120243031531572,686.8516688346863,1000.0,1.380341264884919,669.7307615280151,1000.0,1.3704252541065216,688.2295770645142,1000.0,1.5158770009875298
16646144,692.5028991699219,1000.0,1.4006470385938883,645.9529919624329,1000.0,1.286154406145215,584.4502530097961,1000.0,0.8969109775498509,646.6742339134216,1000.0,1.2976439138874412
16777216,701.7011394500732,1000.0,1.4066015258431435,598.697144985199,1000.0,1.1486652679741383,559.236424446106,1000.0,0.8902600295841694,605.3167896270752,1000.0,1.120017530862242
16908288,697.9366302490234,1000.0,1.443900141865015,578.5597252845764,1000.0,0.830181434750557,545.7891502380371,1000.0,0.6293673040345311,579.8506379127502,1000.0,0.894191992469132
17039360,679.3665356636047,1000.0,1.5091089755296707,574.1150226593018,1000.0,0.8720614537596703,543.1415195465088,1000.0,0.8533810921944678,564.6850099563599,1000.0,0.8848023815080523
17170432,661.9819722175598,1000.0,1.2226703371852636,586.9840631484985,1000.0,1.0090610776096582,555.291205406189,1000.0,0.9713279565330595,562.3325891494751,1000.0,0.8351569278165698
17301504,347.5801408945289,1000.0,0.5909726846841543,252.87837745085304,968.8723498048056,0.4300769416856362,245.65746714212585,968.2123354043465,0.46231102301967764,240.1736874932101,933.9374702573543,0.4292243787930983
17432576,625.6548185348511,1000.0,1.159112997353077,580.1003065109253,1000.0,0.8492136707063764,552.3025388717651,1000.0,0.9374081455171108,563.461446762085,1000.0,0.8281578123569489
17563648,613.698851108551,1000.0,1.1715928576886654,581.4788699150085,1000.0,1.0896444898098707,532.3916647434235,1000.0,0.7164143528789282,568.1508431434631,1000.0,0.8640428762882948
17694720,625.2093000411987,1000.0,1.240786476060748,594.3643255233765,1000.0,1.1689602620899677,514.8205091953278,1000.0,0.8296226225793362,584.0598516464233,1000.0,1.1538815218955278
17825792,681.1778802871704,1000.0,1.4032500889152288,687.1924343109131,1000.0,1.465591053944081,665.9558815956116,1000.0,1.209752343595028,693.528395652771,1000.0,1.4929103199392557
17956864,678.543643951416,1000.0,1.4487916082143784,675.2862701416016,1000.0,1.3293207427486777,575.6379776000977,1000.0,0.9148076847195625,681.3905611038208,1000.0,1.4558481005951762
18087936,663.6504936218262,1000.0,1.3273391537368298,629.4430041313171,1000.0,0.9626888558268547,519.518226146698,1000.0,0.8602904416620731,656.1874403953552,1000.0,1.2093819677829742
18219008,651.688419342041,1000.0,1.2394863730296493,603.7431740760803,1000.0,0.9351382576860487,518.2918646335602,1000.0,0.7683572359383106,628.1420760154724,1000.0,1.0486708898097277
18350080,648.6865000724792,1000.0,1.0640159137547016,586.6023368835449,1000.0,0.9375417800620198,519.48175740242,1000.0,0.705707460641861,610.13054895401,1000.0,0.9935832172632217
18481152,643.1490693092346,1000.0,1.2897012749454007,573.0938396453857,1000.0,0.942644331138581,523.5762231349945,1000.0,0.86981051415205,598.6805663108826,1000.0,1.0048345918767154
18612224,350.30820472319544,999.979361945419,0.5931084761969851,243.37213693410865,957.9957992047496,0.45542741362093747,230.53244226464727,944.5806661307529,0.40318439628981867,254.52143975569737,952.0210728939111,0.46740725858940335
18743296,674.8277344703674,1000.0,1.2845169641077518,554.840723991394,1000.0,0.8109435103833675,482.17572355270386,1000.0,0.7115510711446404,564.3646626472473,1000.0,0.9552631247788668
18874368,650.2143878936768,1000.0,1.1971138827502728,558.18958568573,1000.0,1.0038520428352058,473.7797944545746,1000.0,0.7099825255572796,564.0407133102417,1000.0,0.9231621008366346
19005440,636.2394499778748,1000.0,1.145819263998419,576.0407867431641,1000.0,0.9615923687815666,515.1819179058075,1000.0,0.7455983487889171,582.3516035079956,1000.0,1.0386173417791724
19136512,678.3754844665527,1000.0,1.355758160352707,677.7871389389038,1000.0,1.2238808125257492,654.9006814956665,1000.0,1.3292982373386621,688.6375374794006,1000.0,1.4344905819743872
19267584,689.1966767311096,1000.0,1.371679164469242,650.2802133560181,1000.0,1.0650539346970618,537.1859257221222,1000.0,0.7401716015301645,653.9776411056519,1000.0,1.238241570070386
19398656,690.0710391998291,1000.0,1.552879672497511,613.5172009468079,1000.0,0.9830080606043339,500.066287279129,1000.0,0.7138937655836344,611.1161813735962,1000.0,1.1544590461999178
19529728,687.4185104370117,1000.0,1.4875580361112952,606.0180940628052,1000.0,1.1093626115471125,503.6805508136749,1000.0,0.8801179672591388,592.2376465797424,1000.0,0.9314440675079823
19660800,666.0279941558838,1000.0,1.5948287229984999,602.5246415138245,1000.0,1.0530077992007136,514.0657823085785,1000.0,0.7406991496682167,582.1383018493652,1000.0,1.0956982020288706
19791872,660.9366564750671,1000.0,1.2888448033481836,602.8951439857483,1000.0,1.0305482049006969,522.9133303165436,1000.0,0.8042953971307725,587.46337890625,1000.0,1.0127884866669774
19922944,329.0353445938329,999.1496714176744,0.5121110872004591,263.1121160516328,970.6373865592993,0.4427038784089841,237.84041945900074,957.4844841477974,0.47719967624163656,261.1292429289749,954.5917373730235,0.46613282842214027
20054016,634.225715637207,1000.0,1.232037389650941,583.0194315910339,1000.0,1.0894935447722673,485.3824303150177,1000.0,0.6367368777282536,578.5714430809021,1000.0,0.9280342431738973
20185088,639.1237354278564,1000.0,1.2187863837461919,586.2958664894104,1000.0,1.0410743616521358,482.73422503471375,1000.0,0.7105239825323224,567.6694359779358,1000.0,0.7648257222026587
20316160,641.5334439277649,1000.0,1.1949844267219305,602.4311656951904,1000.0,1.1588140986859798,513.6829807758331,1000.0,0.7650321153923869,574.8020224571228,1000.0,0.9376614894717932
20447232,683.8007478713989,1000.0,1.363425511866808,682.2147512435913,1000.0,1.416311077773571,671.7482647895813,1000.0,1.340607786551118,691.848349571228,1000.0,1.7210759073495865
20578304,676.4658946990967,1000.0,1.3820196390151978,670.9240097999573,1000.0,1.3726025260984898,568.6739735603333,1000.0,0.8395632503088564,672.234073638916,1000.0,1.497412919998169
20709376,671.7365455627441,1000.0,1.1630619931966066,642.329261302948,1000.0,1.327233113348484,493.11131477355957,1000.0,0.6638697674497962,628.9647278785706,1000.0,1.2605929244309664
20840448,665.3720073699951,1000.0,1.4908794639632106,615.6995525360107,1000.0,1.1483170688152313,505.74971866607666,1000.0,0.6881850641220808,608.8058943748474,1000.0,1.0336653655394912
20971520,650.0868635177612,1000.0,1.277044139802456,616.1940522193909,1000.0,1.1091057397425175,533.5000586509705,1000.0,0.8958791941404343,604.113534450531,1000.0,1.1768809780478477
21102592,635.2143907546997,1000.0,1.1160999201238155,614.6595687866211,1000.0,1.0854911711066961,533.2427954673767,1000.0,0.7930922508239746,602.7394666671753,1000.0,0.9882959946990013
21233664,279.03914803140896,983.7654714830028,0.48524181156111684,269.23135427792124,975.9984571112961,0.47975055213834417,254.22951923879583,967.5437792882987,0.4914123159451563,260.4194975770329,953.8962721813479,0.46769790148986307
21364736,590.7517528533936,1000.0,0.9941296335309744,595.6871509552002,1000.0,1.283576488494873,527.3097655773163,1000.0,0.7856894540600479,588.9172019958496,1000.0,1.061576522886753
21495808,595.2528214454651,1000.0,1.0505658846814185,601.1799759864807,1000.0,1.067664124071598,515.1469945907593,1000.0,0.7835582203697413,582.373058795929,1000.0,0.9697533892467618
21626880,620.9272060394287,1000.0,1.1640261262655258,624.0404806137085,1000.0,1.170759592205286,562.5528726577759,1000.0,0.9035203587263823,609.2730193138123,1000.0,1.289482246618718
21757952,694.0745978355408,1000.0,1.6682164296507835,697.7419681549072,1000.0,1.6015899330377579,679.2554712295532,1000.0,1.3241693526506424,703.7851896286011,1000.0,1.5388624146580696
21889024,671.6654024124146,1000.0,1.1938017830252647,669.055947303772,1000.0,1.6112044788897038,599.3985548019409,1000.0,0.9967982638627291,681.9184169769287,1000.0,1.2542257066816092
22020096,648.9599194526672,1000.0,1.1561096776276827,645.8581037521362,1000.0,1.2118760980665684,524.1860008239746,1000.0,0.8609036062844098,654.2025036811829,1000.0,1.2348584439605474
22151168,648.7909741401672,1000.0,1.2182007394731045,628.2895383834839,1000.0,1.23205711459741,515.6751208305359,1000.0,0.6789261498488486,624.305061340332,1000.0,1.1377351637929678
22282240,651.0541024208069,1000.0,1.3983143772929907,617.3663430213928,1000.0,1.2303402069956064,523.7178494930267,1000.0,0.7579033439978957,603.8722429275513,1000.0,1.1547849606722593
22413312,654.0164260864258,1000.0,1.436356581747532,619.1784071922302,1000.0,1.1293605118989944,523.7503168582916,1000.0,0.8316965191625059,588.8081817626953,1000.0,1.0447399206459522
22544384,318.93740919341667,997.3044047087503,0.5446577957287103,280.5271185243042,984.672818284163,0.4930847655881588,260.492270322767,978.9607810321239,0.4978884910085309,255.88572954023962,961.9895200845956,0.46600073521323776
22675456,631.6917805671692,1000.0,1.238179162144661,604.603120803833,1000.0,0.9064931161701679,529.3535990715027,1000.0,0.771802133647725,547.4570698738098,1000.0,0.9233532310463488
22806528,634.0602884292603,1000.0,1.1593845710158348,607.2264862060547,1000.0,1.1347540728747845,521.8600888252258,1000.0,0.800081878900528,548.828369140625,1000.0,0.8789677526801825
22937600,635.6114501953125,1000.0,1.3491982640698552,607.453248500824,1000.0,1.0040397439152002,510.49459433555603,1000.0,0.7580040893517435,553.7537159919739,1000.0,0.998218170600012
23068672,690.6430387496948,1000.0,1.4917801949195564,694.0246696472168,1000.0,1.3822986613959074,690.4436764717102,1000.0,1.4795908350497484,704.565034866333,1000.0,1.5319683253765106
23199744,684.7099890708923,1000.0,1.1759072486311197,680.8708367347717,1000.0,1.6912965043447912,645.5994491577148,1000.0,1.2491007782518864,677.2259855270386,1000.0,1.3995235115289688
23330816,671.8091888427734,1000.0,1.5013311170041561,660.0103902816772,1000.0,1.4418824277818203,601.5333881378174,1000.0,1.0753391655161977,643.672703742981,1000.0,1.3664570190012455
23461888,661.0074949264526,1000.0,1.2731109634041786,649.4468293190002,1000.0,1.1346278560813516,607.7633533477783,1000.0,1.1182949375361204,632.806215763092,1000.0,1.1224449826404452
23592960,657.1100764274597,1000.0,1.2236378770321608,648.862669467926,1000.0,1.3033234319736948,622.0338129997253,1000.0,1.2650142442435026,636.4807729721069,1000.0,1.3054265552200377
23724032,647.7316651344299,1000.0,1.2165809823200107,649.0337176322937,1000.0,1.2828082963824272,621.5252199172974,1000.0,1.1074133776128292,638.3543820381165,1000.0,1.403622372657992
23855104,326.1291355897828,999.8960848255318,0.5216243393710253,320.87974964155586,999.8941729523841,0.5475382078595522,331.2325211029236,1000.0,0.5656041584524358,322.09073203866507,999.7884338305635,0.5470271861138177
23986176,656.8491864204407,1000.0,1.4656256176531315,634.6843409538269,1000.0,1.1721325013786554,614.8279666900635,1000.0,0.962854903191328,653.8330655097961,1000.0,1.2151313237845898
24117248,639.6264991760254,1000.0,1.5760213397443295,626.9786424636841,1000.0,1.202926380559802,610.6757626533508,1000.0,1.1264453576877713,643.6508011817932,1000.0,1.2582121924497187
24248320,633.0009331703186,1000.0,1.284851056523621,638.4315986633301,1000.0,1.2994798421859741,610.5559287071228,1000.0,1.0372078018262982,645.057460308075,1000.0,1.0840032182168216
24379392,703.1176691055298,1000.0,1.8831488378345966,718.3229665756226,1000.0,1.6460344940423965,713.326991558075,1000.0,1.3934030588716269,718.114438533783,1000.0,1.6977190412580967
24510464,668.298342704773,1000.0,1.3405999951064587,687.7149133682251,1000.0,1.3302444014698267,659.8346061706543,1000.0,1.5737452637404203,678.8934206962585,1000.0,1.3639331390149891
24641536,621.5790634155273,1000.0,1.1625101175159216,667.7916417121887,1000.0,1.2947732768952847,617.6690516471863,1000.0,1.0514016170054674,637.4144234657288,1000.0,1.093939651735127
24772608,595.6847152709961,1000.0,1.0865967376157641,660.2967448234558,1000.0,1.3884199131280184,571.4200992584229,1000.0,0.758527122437954,592.3845653533936,1000.0,1.066512645687908
24903680,597.8510308265686,1000.0,1.0837326226755977,654.8804407119751,1000.0,1.153226312249899,568.4441995620728,1000.0,0.8135208087041974,563.3869624137878,1000.0,0.8950958121567965
25034752,608.9068932533264,1000.0,0.9600318586453795,647.7203164100647,1000.0,1.371388217434287,573.870906829834,1000.0,1.1025815503671765,550.3862619400024,1000.0,0.9671430550515652
25165824,279.2157069481224,979.3568298714292,0.5223294538588612,270.51244971152465,968.6841109386983,0.503488206278327,248.2902812185463,948.2772457193012,0.4471430824212501,234.25264136191527,932.9680997321942,0.4160036657485494
25296896,606.879068851471,1000.0,1.1323951235972345,628.3621983528137,1000.0,1.167694385163486,539.6734108924866,1000.0,0.8851359700784087,515.408234834671,1000.0,0.7783111548051238
25427968,606.9006743431091,1000.0,0.9616825203411281,623.4891257286072,1000.0,1.2363218702375889,528.9757618904114,1000.0,0.7957291286438704,508.2455630302429,1000.0,0.7848935853689909
25559040,604.1787476539612,1000.0,1.1243257550522685,627.2920532226562,1000.0,1.0322413984686136,520.894345998764,1000.0,0.7357948629651219,506.72724080085754,1000.0,0.8455829173326492
25690112,671.5165047645569,1000.0,1.3777388036251068,690.4273419380188,1000.0,1.462274570018053,686.0521490573883,1000.0,1.490990735590458,681.0073027610779,1000.0,1.4704843703657389
25821184,676.977041721344,1000.0,1.292782187461853,679.6587591171265,1000.0,1.5455508269369602,599.6142830848694,1000.0,1.1688247858546674,633.9077425003052,1000.0,1.2063499493524432
25952256,669.502471446991,1000.0,1.2699605943635106,646.9809050559998,1000.0,1.1944755259901285,528.2236580848694,1000.0,0.7078181020915508,567.1994881629944,1000.0,0.9782606093212962
26083328,663.7111206054688,1000.0,1.4746767412871122,634.0139350891113,1000.0,1.2344607803970575,518.6004927158356,1000.0,0.8417817875742912,555.3048596382141,1000.0,0.772484103217721
26214400,655.9862885475159,1000.0,1.3929850510321558,621.0976548194885,1000.0,1.1845157388597727,508.5129473209381,1000.0,0.7545467119198292,552.7372145652771,1000.0,0.7189961234107614
26345472,650.1005764007568,1000.0,1.0661257971078157,614.1048736572266,1000.0,1.1570163909345865,512.5425505638123,1000.0,0.7435659728944302,551.9802479743958,1000.0,0.7617072011344135
26476544,269.0933232279657,987.829649753015,0.4500939715255811,240.16259476745012,953.6611728112674,0.42299081519680115,227.04841538216303,938.2056986095836,0.4254593548120804,247.6589549536844,970.6440055773096,0.4329413956085455
26607616,605.5516967773438,1000.0,1.1772226090542972,599.7698087692261,1000.0,0.9329448826611042,512.3534471988678,1000.0,0.8372257193550467,563.6509699821472,1000.0,0.9795727031305432
26738688,660.9930591583252,1000.0,1.3047129083424807,671.4375677108765,1000.0,1.3967809490859509,636.837372303009,1000.0,1.4217436127364635,656.5020818710327,1000.0,1.440163585357368
26869760,674.6309094429016,1000.0,1.3452410157769918,685.576904296875,1000.0,1.4735113997012377,647.9411578178406,1000.0,1.1752813439816236,683.453941822052,1000.0,1.4463035315275192
27000832,648.6611976623535,1000.0,1.0519476160407066,640.2457385063171,1000.0,1.3100564554333687,508.6849298477173,1000.0,0.784757626708597,659.1808190345764,1000.0,1.5454085543751717
27131904,625.731032371521,1000.0,1.1133397985249758,616.8422961235046,1000.0,0.9244845733046532,482.11213755607605,1000.0,0.6557627795264125,637.0212965011597,1000.0,1.2996314838528633
27262976,613.9664716720581,1000.0,1.157192699611187,616.9957022666931,1000.0,0.9865433108061552,487.33669900894165,1000.0,0.8170205838978291,622.76930809021,1000.0,1.26370706979651
27394048,610.8769855499268,1000.0,1.085131037980318,624.0518136024475,1000.0,1.2346917819231749,491.00450682640076,1000.0,0.6642764452844858,598.4964208602905,1000.0,1.1078109415248036
27525120,609.1757187843323,1000.0,0.999260388314724,622.5593085289001,1000.0,1.0575613752007484,490.4401021003723,1000.0,0.8538149073719978,575.5288834571838,1000.0,0.8768574371933937
27656192,611.7026801109314,1000.0,0.9951099175959826,622.6414289474487,1000.0,1.1492464393377304,499.48708605766296,1000.0,0.7261757315136492,565.5736956596375,1000.0,0.83185850456357
27787264,275.5057498873197,990.327744516226,0.46037112486668125,294.52201794746594,991.7624609375,0.518389253677466,221.8418197240585,940.2924784655448,0.42965462499704116,256.59518449832234,990.2639093174079,0.42862004864674347
27918336,611.1982049942017,1000.0,1.0193468388170004,623.9616332054138,1000.0,1.2364335861057043,489.3014042377472,1000.0,0.7016278272494674,528.1319491863251,1000.0,0.7678461521863937
28049408,631.7644090652466,1000.0,0.9969177590683103,647.7051000595093,1000.0,1.1818420328199863,534.6973352432251,1000.0,0.9414007799932733,565.138099193573,1000.0,0.9760951437056065
28180480,684.9799060821533,1000.0,1.5403007492423058,703.4562373161316,1000.0,1.7274648491293192,674.7858591079712,1000.0,1.4282089248299599,691.1480240821838,1000.0,1.4777890779078007
28311552,674.3905220031738,1000.0,1.3580791745334864,690.8159313201904,1000.0,1.1708377674221992,562.4304411411285,1000.0,0.9260257389396429,641.8962907791138,1000.0,1.1849537179805338
28442624,655.6968231201172,1000.0,1.2812625244259834,655.5271391868591,1000.0,1.4385988339781761,488.038311958313,1000.0,0.5638406686484814,583.4303331375122,1000.0,0.8057552808895707
28573696,652.2178606987,1000.0,1.2163989753462374,636.1078872680664,1000.0,0.8453970784321427,490.2044575214386,1000.0,0.6350908987224102,566.7138576507568,1000.0,0.9432434784248471
28704768,645.5347743034363,1000.0,1.2656150255352259,626.7064433097839,1000.0,1.0934332348406315,503.1229918003082,1000.0,0.7011469230055809,565.346263885498,1000.0,0.9257609564810991
28835840,634.2171921730042,1000.0,1.3338395347818732,623.3244533538818,1000.0,1.2291382178664207,510.032075881958,1000.0,0.8253342555835843,564.3777213096619,1000.0,0.9137771036475897
28966912,632.3946933746338,1000.0,1.1231081895530224,617.7389087677002,1000.0,1.181479623541236,524.567764043808,1000.0,0.7345756143331528,596.1357831954956,1000.0,1.1815039957873523
29097984,292.30394614346056,988.6074421710279,0.47781463096658866,276.1317189044263,977.5678057199501,0.4897894308689129,243.92957230533463,958.3155380065183,0.4178383821823511,307.167983990405,999.2360108892601,0.49097642999097524
29229056,604.1754775047302,1000.0,1.2330276649445295,607.5127053260803,1000.0,1.0830128900706768,491.739294052124,1000.0,0.7778514185920358,575.9928350448608,1000.0,0.8339688023552299
29360128,602.8732433319092,1000.0,1.0075963297858834,613.9923820495605,1000.0,0.9808446699753404,479.4708774089813,1000.0,0.6397906541824341,561.0362157821655,1000.0,0.9172194320708513
29491200,601.131486415863,1000.0,1.2080914257094264,621.9552493095398,1000.0,1.0492873238399625,500.5819442272186,1000.0,0.7032451732084155,572.6528263092041,1000.0,0.8697694747243077
29622272,692.8435525894165,1000.0,1.1774812787771225,704.988730430603,1000.0,1.3737560212612152,671.2990679740906,1000.0,1.2983251437544823,693.2637748718262,1000.0,1.6423931363970041
29753344,667.4858551025391,1000.0,1.3984676524996758,694.4782910346985,1000.0,1.456506023183465,615.8582735061646,1000.0,1.0467467345297337,680.883969783783,1000.0,1.2973642125725746
29884416,635.0383377075195,1000.0,1.2835395894944668,678.2173857688904,1000.0,1.3620044253766537,501.20679926872253,1000.0,0.7005466744303703,663.3591918945312,1000.0,1.489163488149643
30015488,627.7833871841431,1000.0,1.2601913700345904,658.8022675514221,1000.0,1.1224336996674538,474.89193201065063,1000.0,0.6045646890997887,637.6384983062744,1000.0,1.1610370241105556
30146560,611.7625012397766,1000.0,1.093048577196896,631.6580109596252,1000.0,1.1456581465899944,478.70046639442444,1000.0,0.5717247016727924,592.903160572052,1000.0,1.0600716136395931
30277632,619.6637969017029,1000.0,1.0703271515667439,633.6394381523132,1000.0,1.286397042684257,497.98332047462463,1000.0,0.7770668254233897,544.7080192565918,1000.0,0.7356517538428307
30408704,297.44489385196636,994.3608718004884,0.5211076851767525,297.91309396358616,987.7830324922536,0.546621630790372,243.8578333087815,963.2586062522436,0.428132133839929,257.40626243582085,981.3916513057833,0.4231326113913339
30539776,604.0050525665283,1000.0,1.2361738737672567,629.4951176643372,1000.0,1.3076312057673931,509.3648736476898,1000.0,0.7008518371731043,483.00225472450256,1000.0,0.7806866969913244
30670848,601.8140482902527,1000.0,0.9732562527060509,629.5230841636658,1000.0,1.0808698204346001,488.20275616645813,1000.0,0.7521926132030785,494.1992607116699,1000.0,0.7575369840487838
30801920,604.0101318359375,1000.0,1.0843556753825396,633.8010859489441,1000.0,1.2975713647902012,488.2773599624634,1000.0,0.6870790029643103,513.611083984375,1000.0,0.8363188710063696
30932992,699.0504961013794,1000.0,1.4901061113923788,705.0187759399414,1000.0,1.5954272523522377,667.9665307998657,1000.0,1.3075556922703981,682.6408424377441,1000.0,1.4322484135627747
31064064,682.1240181922913,1000.0,1.286326832138002,688.297345161438,1000.0,1.4303569830954075,577.3962504863739,1000.0,1.1019885204732418,671.2160158157349,1000.0,1.452707715332508
31195136,661.938681602478,1000.0,1.2070402726531029,669.5987691879272,1000.0,1.3102550376206636,513.1782763004303,1000.0,0.7656520567834377,629.8904495239258,1000.0,1.246106513775885
31326208,651.3780941963196,1000.0,1.2730135945603251,663.2841124534607,1000.0,1.180968038737774,543.6876451969147,1000.0,0.8380486695095897,615.103283405304,1000.0,1.1200250128749758
31457280,658.3443222045898,1000.0,1.2472615949809551,658.3452506065369,1000.0,1.622338991612196,574.9046020507812,1000.0,0.8469823962077498,619.902421951294,1000.0,0.9921110682189465
31588352,665.9808387756348,1000.0,1.4042224530130625,662.9270076751709,1000.0,1.402030024677515,591.6809606552124,1000.0,0.9383225720375776,625.2638101577759,1000.0,1.2264399118721485
31719424,348.0697628932957,999.9285437258472,0.6299082887371145,325.2407648764666,999.2652418792035,0.5790451893695895,305.12570529715487,999.7452817138962,0.5067598964137499,340.9456482296466,999.9978151446148,0.5381436173258156
31850496,698.3050241470337,1000.0,1.7533224523067474,653.8172645568848,1000.0,1.0411843284964561,527.174259185791,1000.0,0.7466877573169768,610.5434579849243,1000.0,1.016178220976144
31981568,700.8657994270325,1000.0,1.365378649905324,656.1320142745972,1000.0,1.371819938533008,507.7543845176697,1000.0,0.7473510501440614,597.951494216919,1000.0,1.2334405756555498
32112640,699.1613373756409,1000.0,1.5990438535809517,669.6725687980652,1000.0,1.1728074289858341,537.1081159114838,1000.0,0.8726920176995918,611.9212532043457,1000.0,1.2301785200834274
32243712,708.0139207839966,1000.0,1.6104658637195826,706.8718647956848,1000.0,1.4447924084961414,683.9026260375977,1000.0,1.4285237789154053,707.7448539733887,1000.0,1.5067879557609558
32374784,690.5051627159119,1000.0,1.6372650228440762,693.2468633651733,1000.0,1.6490854658186436,642.5047698020935,1000.0,1.1922426503151655,698.406328201294,1000.0,1.5404277881607413
32505856,671.8055033683777,1000.0,1.5083649046719074,687.7841439247131,1000.0,1.5206780759617686,577.329357624054,1000.0,0.8824442829936743,680.8050374984741,1000.0,1.2923566233366728
32636928,649.9657793045044,1000.0,1.1410818099975586,686.2279529571533,1000.0,1.3032514825463295,548.6651287078857,1000.0,0.9458314962685108,661.9343585968018,1000.0,1.4809247013181448
32768000,631.6259417533875,1000.0,1.1102560888975859,680.7702779769897,1000.0,1.4982046075165272,545.1498761177063,1000.0,0.96397365629673,652.818708896637,1000.0,1.1166583355516195
32899072,632.0290670394897,1000.0,1.3890563305467367,665.2513184547424,1000.0,1.3748856633901596,544.5812163352966,1000.0,0.8425518870353699,631.632251739502,1000.0,1.1708078673109412
33030144,317.6966159198234,998.4336174647805,0.5070613904080237,277.48006105719884,980.3984776327055,0.4729185803963862,268.30640672657586,989.4953364732108,0.49055950141339044,318.5863848884554,999.7381351608714,0.5056036272982731
33161216,605.3202619552612,1000.0,1.0805857153609395,597.9237523078918,1000.0,1.0404673926532269,519.3605945110321,1000.0,0.8502378650009632,542.2648010253906,1000.0,0.7862435281276703
33292288,604.9312748908997,1000.0,0.9230472948402166,605.6853795051575,1000.0,1.0203285478055477,514.0498692989349,1000.0,0.9637863868847489,534.4861147403717,1000.0,0.8542320048436522
33423360,594.1546320915222,1000.0,0.8914204984903336,609.5453858375549,1000.0,1.012994364835322,502.1361904144287,1000.0,0.5783212967216969,525.2698385715485,1000.0,0.7789297432173043
33554432,692.6542239189148,1000.0,1.3855811804533005,684.8444128036499,1000.0,1.5981258787214756,665.7567870616913,1000.0,1.5411276295781136,680.5505728721619,1000.0,1.4490952137857676
33685504,666.2467932701111,1000.0,1.3507064580917358,677.1160168647766,1000.0,1.222887646406889,618.0414423942566,1000.0,1.2175089288502932,685.7962193489075,1000.0,1.4598749168217182
33816576,619.5202722549438,1000.0,1.100313851609826,652.5293011665344,1000.0,1.2250732686370611,531.3745477199554,1000.0,0.8930028368486091,636.816150188446,1000.0,1.1148876883089542
33947648,617.0105233192444,1000.0,1.090846847742796,639.8159871101379,1000.0,1.0543322898447514,535.7627112865448,1000.0,0.9530533365905285,603.5941023826599,1000.0,1.0186603181064129
34078720,618.764955997467,1000.0,1.0130193950608373,621.6564712524414,1000.0,1.0984131135046482,549.3965172767639,1000.0,0.8297530729323626,585.1065306663513,1000.0,1.0077614728361368
34209792,628.9186186790466,1000.0,1.0416028574109077,619.3198094367981,1000.0,1.057202037423849,568.2138934135437,1000.0,0.9357190802693367,574.5586218833923,1000.0,0.8548678825609386
34340864,307.5535809964739,995.0659792266623,0.46913493673006695,265.8758166607859,971.0502661637727,0.47075983838443336,263.4177674527876,986.8277988851505,0.4148728604770635,261.39699591569365,984.2854259333182,0.42220759558561655
34471936,627.179295539856,1000.0,1.0834358353167772,599.7118535041809,1000.0,0.9722096538171172,551.9288377761841,1000.0,0.768007411621511,510.2820816040039,1000.0,0.6443893369287252
34603008,621.5180411338806,1000.0,1.2014134377241135,605.2773752212524,1000.0,1.1173384077847004,548.1733055114746,1000.0,0.7158546643331647,514.1441233158112,1000.0,0.8379668146371841
34734080,623.442024230957,1000.0,1.3290440328419209,604.2904696464539,1000.0,0.9389366917312145,546.759343624115,1000.0,0.8185733947902918,533.0905253887177,1000.0,0.8598200045526028
34865152,710.611400604248,1000.0,1.4695593379437923,698.0274705886841,1000.0,1.6700900495052338,685.0539298057556,1000.0,1.2966512218117714,692.4819555282593,1000.0,1.4479376412928104
34996224,674.8497920036316,1000.0,1.335676722228527,660.597770690918,1000.0,1.2494045039638877,619.1708087921143,1000.0,1.0116122867912054,642.47620677948,1000.0,1.1830821819603443
35127296,651.4624791145325,1000.0,1.3569353288039565,626.5232667922974,1000.0,1.4313203506171703,561.8217506408691,1000.0,1.010858432855457,560.4054079055786,1000.0,0.8153835469856858
35258368,627.4755444526672,1000.0,1.074792386032641,623.60910987854,1000.0,1.1352243730798364,560.2501831054688,1000.0,0.9460358330979943,539.3285512924194,1000.0,0.824151590000838
35389440,622.170307636261,1000.0,1.065852116793394,621.8654599189758,1000.0,1.0173633662052453,575.1960797309875,1000.0,0.9197964798659086,534.8759887218475,1000.0,0.7757690232247114
35520512,606.5993566513062,1000.0,1.139634613879025,611.1232194900513,1000.0,1.0698372875340283,559.2917613983154,1000.0,0.7438533855602145,522.3382215499878,1000.0,0.7849041274748743
35651584,271.2186542639986,980.2656577289969,0.4619495444863603,269.294041748784,972.457838933825,0.48139006038002924,243.5124943498252,977.8520717160137,0.39094784575096075,241.8175379988076,970.6813411251934,0.42056347244387665
35782656,564.303225517273,1000.0,0.9973435439169407,602.1591582298279,1000.0,1.0350362285971642,521.7105488777161,1000.0,0.8005292294546962,424.6227033138275,1000.0,0.6080241943709552
35913728,564.0685534477234,1000.0,0.762945284601301,612.6148090362549,1000.0,1.1012139283120632,523.0788221359253,1000.0,0.7758418289013207,429.711953163147,1000.0,0.46195040410384536
36044800,572.9094939231873,1000.0,0.902710011228919,624.5873656272888,1000.0,1.1325317416340113,534.7442319393158,1000.0,0.8676712510641664,460.35344552993774,1000.0,0.6153231370262802
36175872,718.7112936973572,1000.0,1.4081662595272064,701.906436920166,1000.0,1.433277152478695,693.36110496521,1000.0,1.2374918372370303,705.2888960838318,1000.0,1.6649876786395907
36306944,668.3442192077637,1000.0,1.404348500072956,667.8066692352295,1000.0,1.3667171085253358,612.321849822998,1000.0,1.2015249989926815,652.6442351341248,1000.0,1.3276002556085587
36438016,647.0062050819397,1000.0,1.2469775918871164,639.641104221344,1000.0,1.279669875279069,557.3586115837097,1000.0,0.8077868320979178,584.2728381156921,1000.0,0.7807179018855095
36569088,635.842278957367,1000.0,1.1368769742548466,636.1522226333618,1000.0,1.124739859253168,576.8352794647217,1000.0,0.8872097521089017,560.3521327972412,1000.0,0.7234629304148257
36700160,635.1322913169861,1000.0,1.0858918987214565,624.8472123146057,1000.0,1.1153896250762045,598.1079888343811,1000.0,0.9157009422779083,565.1419534683228,1000.0,0.7863636398687959
36831232,632.3232502937317,1000.0,1.192494798451662,610.0411629676819,1000.0,0.974492747336626,599.6772389411926,1000.0,1.0113425813615322,544.1433868408203,1000.0,0.808996057137847
36962304,317.23896217810267,997.8209987371217,0.49961921849136226,275.12250257060475,980.7608462145729,0.48325633761584036,263.0057917685404,982.4157606435808,0.43933533034185424,250.39956735578477,976.6283156494735,0.4331010030061369
37093376,591.7201051712036,1000.0,0.9240898641292006,597.7148747444153,1000.0,0.9843265991657972,537.176727771759,1000.0,0.7572501907125115,434.4166660308838,1000.0,0.543338262476027
37224448,579.7841210365295,1000.0,0.9129716157913208,605.8092951774597,1000.0,1.1066608428955078,528.967780828476,1000.0,0.9153491337783635,447.7810354232788,1000.0,0.644611619412899
37355520,570.151460647583,1000.0,0.8867180030792952,615.120388507843,1000.0,1.1601743809878826,523.5645098686218,1000.0,0.7315835170447826,463.62969517707825,1000.0,0.639551076805219
37486592,728.91321849823,1000.0,1.5411970280110836,715.8287682533264,1000.0,1.4520997367799282,704.722559928894,1000.0,1.5425089355558157,724.3464360237122,1000.0,1.9567464776337147
37617664,669.9216470718384,1000.0,1.4563351348042488,690.6116089820862,1000.0,1.4192571118474007,623.4941864013672,1000.0,0.9673108868300915,661.3645248413086,1000.0,1.226024303585291
37748736,642.8623151779175,1000.0,1.155462184920907,674.1961050033569,1000.0,1.4414332956075668,548.3594369888306,1000.0,0.7206078441813588,581.5107312202454,1000.0,0.9429281977936625
37879808,637.7995309829712,1000.0,1.1366547532379627,663.9723386764526,1000.0,1.3959285244345665,556.9238619804382,1000.0,0.8748641703277826,560.2324056625366,1000.0,0.9354396164417267
38010880,652.7196822166443,1000.0,1.2963421763852239,657.4899072647095,1000.0,1.4308106768876314,584.9362897872925,1000.0,1.0343594257719815,561.8945732116699,1000.0,0.9357155933976173
38141952,651.272759437561,1000.0,1.2012941385619342,645.9979152679443,1000.0,1.2143845036625862,573.8415503501892,1000.0,0.9526988696306944,540.4467630386353,1000.0,0.8334433678537607
38273024,342.4604741185722,999.8875271877135,0.5926637854494996,285.63333513670096,983.2194268005297,0.5187545001217111,254.37374394023982,984.1016884267258,0.41751790807139977,253.15121528560596,974.650643739202,0.42950759895082524
38404096,654.107581615448,1000.0,1.5125460512936115,602.3423366546631,1000.0,1.0556382117792964,512.5559861660004,1000.0,0.8604559814557433,444.6074044704437,1000.0,0.48872980289161205
38535168,631.778754234314,1000.0,1.1061705201864243,617.5302262306213,1000.0,1.2694807648658752,537.1775379180908,1000.0,0.8216427844017744,463.83281803131104,1000.0,0.761940130032599
38666240,622.6444873809814,1000.0,1.0816179998219013,637.8497242927551,1000.0,1.171676017343998,542.801198720932,1000.0,0.9281877474859357,498.697203874588,1000.0,0.6949102766811848
38797312,740.7512221336365,1000.0,2.0762191601097584,729.3205409049988,1000.0,1.5576522536575794,719.1092481613159,1000.0,1.731641136109829,739.2465491294861,1000.0,1.981380084529519
38928384,692.8624892234802,1000.0,1.661929115653038,700.9261503219604,1000.0,1.5003416538238525,652.7664251327515,1000.0,1.096336543560028,685.2000632286072,1000.0,1.4072934463620186
39059456,663.8763089179993,1000.0,1.2818869408220053,676.1897249221802,1000.0,1.4841855196282268,560.1009435653687,1000.0,0.8782320618629456,614.1340942382812,1000.0,1.1641526794992387
39190528,656.2823667526245,1000.0,1.2213355414569378,668.1835708618164,1000.0,1.3532734401524067,560.2750382423401,1000.0,0.8938928917050362,579.5158910751343,1000.0,0.8120466694235802
39321600,669.9539170265198,1000.0,1.3537145052105188,661.298496723175,1000.0,1.3653759956359863,587.4032845497131,1000.0,0.8936330582946539,580.0551533699036,1000.0,0.9337476741056889
39452672,671.005786895752,1000.0,1.1825131811201572,653.4655365943909,1000.0,1.0404586321674287,591.7225823402405,1000.0,0.9198564261314459,557.7439665794373,1000.0,0.7211364666000009
39583744,353.37998153252715,999.9798013618762,0.5758388090247867,304.03059209910845,988.2571799675526,0.5322780724619464,277.17701896601466,994.4148617663107,0.45188019608869245,270.0959711063041,988.6785508428133,0.4314603837499365
39714816,683.5326724052429,1000.0,1.3518597218208015,617.8133444786072,1000.0,0.9430815894156694,518.6804258823395,1000.0,0.9559783739969134,465.0809988975525,1000.0,0.6435838872566819
39845888,654.2861895561218,1000.0,1.236766841262579,619.7167983055115,1000.0,0.9994173711165786,507.61187744140625,1000.0,0.8003456508740783,465.8146593570709,1000.0,0.6287416340783238
39976960,616.468316078186,1000.0,1.0112635386176407,618.2677502632141,1000.0,1.1252561789005995,497.9353313446045,1000.0,0.7109035104513168,479.59356689453125,1000.0,0.571982998168096
40108032,741.9633455276489,1000.0,1.7297149375081062,732.6414074897766,1000.0,1.8545305021107197,715.6605076789856,1000.0,1.7028422486037016,736.5884985923767,1000.0,1.6087546348571777
40239104,705.3527221679688,1000.0,1.6752786338329315,706.2149195671082,1000.0,1.5070961536839604,652.9350881576538,1000.0,1.3208761103451252,700.2471060752869,1000.0,1.6076339799910784
40370176,653.0279841423035,1000.0,1.260737780481577,650.5114712715149,1000.0,1.35099633410573,528.0445687770844,1000.0,0.8015180989168584,651.5987191200256,1000.0,1.2836921159178019
40501248,622.9793639183044,1000.0,0.9989519203081727,635.2384738922119,1000.0,1.0990994526073337,508.18405508995056,1000.0,0.731256976723671,614.6849937438965,1000.0,0.9933750070631504
40632320,639.3660955429077,1000.0,1.1734337210655212,645.3587098121643,1000.0,1.2341022863984108,524.125910282135,1000.0,0.7704129552002996,592.6928715705872,1000.0,1.0056490786373615
40763392,628.2797374725342,1000.0,1.0234197620302439,636.8816704750061,1000.0,1.1037988318130374,524.6362066268921,1000.0,0.7687815586104989,567.2664341926575,1000.0,0.7666365886107087
40894464,309.0788156884348,994.7048787732991,0.5273301647623525,286.09828802721256,984.2799210880265,0.5079255569476057,249.85222650884273,987.1546911069616,0.3954975185631541,265.28496628832323,983.5466114086109,0.424017183077823
41025536,608.7489619255066,1000.0,0.9425526214763522,603.5919966697693,1000.0,1.0760872215032578,502.6263258457184,1000.0,0.7761973012238741,458.61307406425476,1000.0,0.6068328842520714
41156608,599.0251078605652,1000.0,1.0287657910957932,598.2437500953674,1000.0,1.1146800220012665,505.0398106575012,1000.0,0.8396623786538839,461.8771152496338,1000.0,0.6097662951797247
41287680,599.6202549934387,1000.0,1.023664727807045,612.0669231414795,1000.0,1.2201014887541533,509.6926357746124,1000.0,0.6957361826207489,485.33268904685974,1000.0,0.7779248435981572
41418752,743.0650672912598,1000.0,2.2184939682483673,743.2960557937622,1000.0,1.6772377900779247,722.4689846038818,1000.0,1.5971510596573353,747.6064701080322,1000.0,2.048819825053215
41549824,712.4466562271118,1000.0,1.5075402036309242,712.0232286453247,1000.0,1.6354123037308455,645.5364942550659,1000.0,1.351945768110454,688.9925475120544,1000.0,1.5515462681651115
41680896,698.0796456336975,1000.0,1.5725500578992069,676.0440468788147,1000.0,1.5810000244528055,552.5781197547913,1000.0,0.7274582330137491,619.135365486145,1000.0,1.1052362024784088
41811968,696.1786141395569,1000.0,1.5281511507928371,669.3045115470886,1000.0,1.4848165735602379,568.6411986351013,1000.0,0.8892920622602105,583.7142214775085,1000.0,0.8093460835516453
41943040,698.7031774520874,1000.0,1.685553627088666,677.745668888092,1000.0,1.3762950105592608,581.3449683189392,1000.0,0.8797565791755915,570.7522625923157,1000.0,0.7650670222938061
42074112,690.8339309692383,1000.0,1.6752786412835121,671.4900617599487,1000.0,1.3910640524700284,569.6823182106018,1000.0,0.8695734380744398,561.9881935119629,1000.0,0.8633184828795493
42205184,353.2303784703916,999.8479057826879,0.6327263788851493,332.2497100830078,999.0082262659365,0.5837650077108957,271.9520573715491,987.3225300607505,0.42806895122937627,279.20760554214195,988.4811208900499,0.46120529902493296
42336256,679.936047077179,1000.0,1.4550992026925087,627.9591164588928,1000.0,1.0356860551983118,509.07604789733887,1000.0,0.6603721491992474,468.80784726142883,1000.0,0.6657628552056849
42467328,651.4643859863281,1000.0,1.2383660320192575,633.8853492736816,1000.0,1.111711274832487,501.4327383041382,1000.0,0.8173056491650641,485.9145851135254,1000.0,0.6233506626449525
42598400,628.944818019867,1000.0,1.1914395736530423,641.1459450721741,1000.0,0.9644972067326307,494.22709679603577,1000.0,0.7012116173282266,503.7541024684906,1000.0,0.7457824423909187
42729472,751.6807980537415,1000.0,1.7309100795537233,745.6579184532166,1000.0,1.7673770003020763,732.8923964500427,1000.0,1.9951006509363651,760.174298286438,1000.0,1.941713236272335
42860544,719.960654258728,1000.0,1.601361925713718,713.8240704536438,1000.0,1.4167824387550354,678.450008392334,1000.0,1.3186040890868753,700.1680865287781,1000.0,1.3056908883154392
42991616,679.2517619132996,1000.0,1.2515380717813969,681.3114204406738,1000.0,1.5375118125230074,575.9776840209961,1000.0,1.0786982644349337,635.8000349998474,1000.0,1.0267953658476472
43122688,650.8300313949585,1000.0,1.2336116982623935,669.2553691864014,1000.0,1.2320162868127227,545.2699685096741,1000.0,0.737154383212328,600.3526434898376,1000.0,0.951584680005908
43253760,669.3248491287231,1000.0,1.3236896814778447,669.1371245384216,1000.0,1.2853391896933317,572.5134830474854,1000.0,0.9140717182308435,593.1940097808838,1000.0,0.9475744618102908
43384832,658.7609524726868,1000.0,1.0589527562260628,655.0202717781067,1000.0,1.08469565724954,591.2553658485413,1000.0,0.9856422655284405,581.8336296081543,1000.0,0.9468631260097027
43515904,335.79182543477555,999.7136435679658,0.5480652756169346,300.6553177804086,991.795892401885,0.5296352815127049,276.9255665707205,992.5531877251284,0.4375783128039946,271.4084978516229,982.8942973699204,0.4436425469051333
43646976,628.8751339912415,1000.0,1.2328638546168804,606.0045990943909,1000.0,0.9600169844925404,567.1403813362122,1000.0,0.8728017648681998,507.6585590839386,1000.0,0.724214531481266
43778048,619.3786134719849,1000.0,1.10583858191967,599.3102922439575,1000.0,0.8981816489249468,557.2407903671265,1000.0,0.9835760574787855,512.7190730571747,1000.0,0.8914631921797991
43909120,614.1931157112122,1000.0,1.1210604421794415,600.8888649940491,1000.0,0.948989674448967,545.5736978054047,1000.0,0.8089597821235657,533.9998831748962,1000.0,0.6977740582078695
44040192,754.2208271026611,1000.0,2.0567556731402874,746.5429162979126,1000.0,1.5410991534590721,736.9368963241577,1000.0,1.7819738201797009,753.3177528381348,1000.0,1.5287905540317297
44171264,727.3672804832458,1000.0,1.68362002260983,719.8562569618225,1000.0,1.6817393228411674,691.5066862106323,1000.0,1.3528646985068917,714.5601634979248,1000.0,1.7620530873537064
44302336,681.8728513717651,1000.0,1.1603822512552142,648.2702617645264,1000.0,1.0592987164855003,533.2002830505371,1000.0,0.8830322846770287,653.4513025283813,1000.0,1.185176596045494
44433408,660.9137539863586,1000.0,1.6115029146894813,627.6245770454407,1000.0,1.1161507666110992,472.70350098609924,1000.0,0.7683338988572359,602.4266662597656,1000.0,1.0050514116883278
44564480,657.0241732597351,1000.0,1.2081794943660498,633.2348484992981,1000.0,1.1245802901685238,497.52756547927856,1000.0,0.7081850729882717,580.6393890380859,1000.0,0.8897995054721832
44695552,637.3666400909424,1000.0,1.3169332537800074,617.795503616333,1000.0,1.0728793237358332,503.9864137172699,1000.0,0.6857234674971551,534.581524848938,1000.0,0.7807763088494539
44826624,294.33366445348986,988.5275151500963,0.5149487003331463,287.2804734169472,986.2397216188804,0.497294640852832,246.14345695904154,976.4047063350083,0.4096636710546976,262.35540391439815,985.787876304921,0.44161327812324275
44957696,573.1004567146301,1000.0,1.0207489700987935,575.4409141540527,1000.0,0.9764836318790913,508.8619821071625,1000.0,0.7562626600265503,435.806791305542,1000.0,0.7081871451810002
45088768,568.7725577354431,1000.0,0.8010710859671235,573.4630465507507,1000.0,0.9748794650658965,488.0295376777649,1000.0,0.6690516415983438,436.59496426582336,1000.0,0.6496041268110275
45219840,567.3544373512268,1000.0,1.0753585156053305,581.4756617546082,1000.0,0.9723514681681991,483.7678701877594,1000.0,0.6238911738619208,459.4846954345703,1000.0,0.651579293422401
45350912,736.2600703239441,1000.0,1.9181108940392733,740.149929523468,1000.0,2.206245107576251,712.9474651813507,1000.0,1.6229706034064293,734.1373450756073,1000.0,1.9007070250809193
45481984,701.3601455688477,1000.0,1.6284924373030663,705.7375769615173,1000.0,1.7886163983494043,630.2808403968811,1000.0,1.168288204818964,694.8236174583435,1000.0,1.5647773817181587
45613056,628.319586277008,1000.0,1.1123461462557316,642.9516959190369,1000.0,1.282769110519439,459.23374366760254,1000.0,0.5948914792388678,635.2614793777466,1000.0,1.5153036452829838
45744128,622.086745262146,1000.0,1.0860588513314724,638.2755947113037,1000.0,1.2877960298210382,459.712687253952,1000.0,0.6409613415598869,617.029034614563,1000.0,1.11028110422194
45875200,615.8757524490356,1000.0,1.1639068387448788,644.0009422302246,1000.0,1.2240595743060112,477.93531227111816,1000.0,0.7059666230343282,605.2583680152893,1000.0,1.068484763498418
46006272,602.3416504859924,1000.0,1.0269802613183856,629.9476351737976,1000.0,1.0778142251074314,466.60528087615967,1000.0,0.6386696137487888,552.184534072876,1000.0,0.7836343506351113
46137344,302.1788785761912,995.6051108586005,0.45830084459193726,314.0651199170648,996.2183289557437,0.5093483488794411,236.21892862426304,974.9536734088202,0.3536533188753412,259.44974970669847,981.1158749794281,0.4363207009423621
46268416,588.5806894302368,1000.0,0.9878911739215255,605.7855796813965,1000.0,1.1724551133811474,475.5574471950531,1000.0,0.7025657682679594,475.56736397743225,1000.0,0.5560734970495105
46399488,586.5517148971558,1000.0,0.9311238583177328,610.0860505104065,1000.0,1.1857167407870293,472.4658179283142,1000.0,0.7018178319558501,482.58374285697937,1000.0,0.7864401182159781
46530560,592.3347148895264,1000.0,1.0433367872610688,615.8736629486084,1000.0,1.1897172220051289,480.80943965911865,1000.0,0.6371148377656937,497.53549432754517,1000.0,0.731341146863997
46661632,737.3948378562927,1000.0,2.2061896082013845,749.7708315849304,1000.0,1.913694562856108,713.2860903739929,1000.0,1.83078815927729,738.936586856842,1000.0,1.9673273041844368
46792704,713.7757792472839,1000.0,1.5288319559767842,729.73548412323,1000.0,1.6471144668757915,657.1043725013733,1000.0,1.2503205090761185,712.2196950912476,1000.0,1.4994812565855682
46923776,668.0084834098816,1000.0,1.4326930530369282,697.4570021629333,1000.0,1.7292218850925565,524.6553783416748,1000.0,0.7529160510748625,644.7320122718811,1000.0,1.0780922072008252
47054848,639.049174785614,1000.0,1.1371002013329417,674.7326745986938,1000.0,1.2266559302806854,504.1281816959381,1000.0,0.6876891107531264,606.6077547073364,1000.0,1.0019625378772616
47185920,615.7758617401123,1000.0,1.0418021269142628,653.7914128303528,1000.0,1.1521132197231054,506.79447531700134,1000.0,0.7052823193371296,584.7517380714417,1000.0,1.0654441397637129
47316992,607.9139218330383,1000.0,1.1954622734338045,630.7652812004089,1000.0,0.9223680570721626,497.1701235771179,1000.0,0.7545495349913836,553.5888028144836,1000.0,0.7354460582137108
47448064,280.25126681241125,991.1301649058948,0.48144318465030556,263.1680644642223,976.0941167288115,0.4687696333365007,242.4151436175722,977.2131374289772,0.40456143735033095,267.90663026751895,993.4837128610322,0.4611658412398714
47579136,553.2599935531616,1000.0,1.022341338917613,567.5102996826172,1000.0,0.9676827564835548,484.0036623477936,1000.0,0.6771489260718226,450.85900044441223,1000.0,0.5474509922787547
47710208,554.6980843544006,1000.0,0.7766390414908528,579.4410438537598,1000.0,1.0024050576612353,473.8854455947876,1000.0,0.6855907300487161,460.4448118209839,1000.0,0.6774820941500366
47841280,559.7020797729492,1000.0,0.8690567426383495,598.5206570625305,1000.0,0.9760518446564674,489.2195839881897,1000.0,0.7369060111232102,480.3618655204773,1000.0,0.7437291690148413
47972352,742.9358978271484,1000.0,1.9528020173311234,759.7339067459106,1000.0,2.168370634317398,734.7453804016113,1000.0,1.6402060082182288,753.0738706588745,1000.0,1.802821647375822
48103424,690.8687033653259,1000.0,1.3293775729835033,716.8056688308716,1000.0,1.4156920909881592,631.2818155288696,1000.0,1.2400584388524294,678.5699148178101,1000.0,1.4228803385049105
48234496,648.8492565155029,1000.0,1.211682215332985,667.2526507377625,1000.0,1.2932686321437359,512.8918888568878,1000.0,0.7993556233122945,592.0382447242737,1000.0,0.8817796176299453
48365568,626.7499876022339,1000.0,1.2288429057225585,639.814537525177,1000.0,1.028252047020942,497.0478901863098,1000.0,0.799603495746851,575.0640783309937,1000.0,0.8096359334886074
48496640,636.8273282051086,1000.0,1.1728675495833158,656.9561109542847,1000.0,1.248649213463068,516.9213008880615,1000.0,0.7596884723752737,607.7125887870789,1000.0,0.9542543040588498
48627712,609.323347568512,1000.0,0.9765324853360653,626.0481286048889,1000.0,1.104889277368784,497.47931694984436,1000.0,0.6786910407245159,572.6116986274719,1000.0,0.8394807953154668
48758784,264.0906265258789,980.5339364624024,0.4458453051373363,260.32024950027466,977.5780301666259,0.457092813141644,241.90294509887696,974.1274841308593,0.420482091140002,284.75012510299683,995.9144344329834,0.46052432522177694
48889856,524.7132966518402,1000.0,0.7678980901837349,541.036826133728,1000.0,0.7120865117758512,476.3821597099304,1000.0,0.7099043880589306,456.09575748443604,1000.0,0.5746716503053904
49020928,523.3117024898529,1000.0,0.7657883348874748,551.5291242599487,1000.0,0.8538482580333948,463.5635325908661,1000.0,0.6405402580276132,449.9852180480957,1000.0,0.667365426197648
49152000,525.7916224002838,1000.0,0.8234233688563108,572.5729651451111,1000.0,0.9444378037005663,476.09824538230896,1000.0,0.6002538846805692,445.00246691703796,1000.0,0.5999618396162987
49283072,723.5701534748077,1000.0,1.906082483008504,736.0572605133057,1000.0,2.2001661099493504,713.7197780609131,1000.0,1.5496715679764748,725.1047360897064,1000.0,2.1039813552051783
49414144,700.3825597763062,1000.0,1.6234715394675732,720.5861353874207,1000.0,1.53737473487854,676.6693277359009,1000.0,1.4619449544698,698.577305316925,1000.0,1.3252154905349016
49545216,661.8968815803528,1000.0,1.191449910402298,682.3857421875,1000.0,1.4186011850833893,513.6180708408356,1000.0,0.6885246813762933,627.4204254150391,1000.0,1.17421093583107
49676288,649.3585443496704,1000.0,1.148616686463356,680.2808909416199,1000.0,1.3983971029520035,483.88857793807983,1000.0,0.6969750025309622,621.5671319961548,1000.0,0.8838215284049511
49807360,636.0842232704163,1000.0,1.2382963495329022,669.065336227417,1000.0,1.2807641415856779,495.09472370147705,1000.0,0.619188024662435,598.623556137085,1000.0,0.8648303868249059
49938432,622.1517372131348,1000.0,1.0496765188872814,635.9473118782043,1000.0,1.164746961556375,475.96007800102234,1000.0,0.5993646578863263,540.4036543369293,1000.0,0.7528182025998831
50069504,342.54499145817243,999.6557060986266,0.5678669078646201,307.85746331934087,997.2378807696401,0.5052081210720524,259.9339033158258,992.0451580477909,0.39623385873659783,275.13658387700264,996.5815180595988,0.43901775545040467
50200576,628.090006351471,1000.0,0.9383376855403185,566.8664588928223,1000.0,1.0083087123930454,475.40961480140686,1000.0,0.6946098292246461,480.9206488132477,1000.0,0.5460185222327709
50331648,611.5967874526978,1000.0,1.194957496598363,572.5460948944092,1000.0,0.8947736155241728,474.60189747810364,1000.0,0.6323441127315164,502.14598631858826,1000.0,0.7922429256141186
50462720,590.9978342056274,1000.0,0.9918861985206604,567.0579285621643,1000.0,0.9917147578671575,473.41124629974365,1000.0,0.5618635406717658,505.0186867713928,1000.0,0.767787043005228
50593792,716.4803776741028,1000.0,1.8857819540426135,719.3629417419434,1000.0,1.992907028645277,688.9996266365051,1000.0,1.5441038832068443,719.2772748470306,1000.0,1.905231025069952
50724864,724.7135047912598,1000.0,1.669589001685381,730.4887952804565,1000.0,1.605993777513504,700.955840587616,1000.0,1.480060875415802,729.0251173973083,1000.0,1.7541196700185537
50855936,685.6919655799866,1000.0,1.4760264372453094,697.3399057388306,1000.0,1.8750522274058312,577.4784936904907,1000.0,0.8936231510015205,665.0865726470947,1000.0,1.1406374326907098
50987008,669.1464204788208,1000.0,1.406784299761057,681.2245783805847,1000.0,1.1960329227149487,491.68511056900024,1000.0,0.741868695942685,632.8258061408997,1000.0,1.087235989049077
51118080,661.9544992446899,1000.0,1.2726016361266375,676.6065287590027,1000.0,1.1980661149136722,480.1159861087799,1000.0,0.6014320496469736,640.3385214805603,1000.0,1.223265215754509
51249152,646.7922258377075,1000.0,1.3312389710918069,649.4109253883362,1000.0,1.2583409883081913,459.6819922924042,1000.0,0.6487175754737109,601.3616609573364,1000.0,0.99168317951262
51380224,295.69068157340905,991.0154483070856,0.5085697502275056,294.23911192688763,989.9091528011273,0.5065427371595479,230.1114280797258,974.1271467377868,0.3613626994852778,301.3430927324899,997.7213322506675,0.5090026084003569
51511296,575.7174429893494,1000.0,1.118671590462327,559.5593061447144,1000.0,0.9285022746771574,440.38131761550903,1000.0,0.5798203181475401,472.234263420105,1000.0,0.6376049313694239
51642368,569.6233186721802,1000.0,0.9810077780857682,568.1189513206482,1000.0,0.9265819909051061,447.6219434738159,1000.0,0.5708491243422031,470.3123173713684,1000.0,0.6549306269735098
51773440,571.3952236175537,1000.0,0.9132829159498215,579.5226945877075,1000.0,0.944817328825593,463.63909339904785,1000.0,0.5906150029040873,469.2511579990387,1000.0,0.6050112161319703
51904512,727.6033320426941,1000.0,1.8992907404899597,737.961658000946,1000.0,1.9532810486853123,701.5645277500153,1000.0,1.6921196291223168,718.001097202301,1000.0,1.793785268906504
52035584,714.162868976593,1000.0,1.5966212302446365,732.8274321556091,1000.0,1.778142411261797,683.1977286338806,1000.0,1.5464539006352425,714.1465172767639,1000.0,1.5128161795437336
52166656,676.2956476211548,1000.0,1.4636100037023425,712.5237812995911,1000.0,1.247008454054594,522.9252474308014,1000.0,0.6964233284816146,635.841944694519,1000.0,1.3797962460666895
52297728,647.4625964164734,1000.0,1.245269012171775,709.5753493309021,1000.0,1.6187347676604986,523.6421782970428,1000.0,0.8324675150215626,620.7038645744324,1000.0,0.9750473061576486
52428800,633.8903732299805,1000.0,1.054162533953786,693.9754662513733,1000.0,1.4340713024139404,527.8262512683868,1000.0,0.8307117447257042,600.7788271903992,1000.0,0.8640542204957455
52559872,616.0683131217957,1000.0,1.0890215262770653,662.4902467727661,1000.0,1.1098917536437511,517.2930233478546,1000.0,0.6885060388594866,573.0631532669067,1000.0,0.9021502682007849
52690944,293.28734393497865,991.7405691317585,0.5220161457653241,291.50567064992606,990.5512885754675,0.5211775390921957,254.13129723590353,983.356837123861,0.412479185425412,318.1198775152416,999.375566487422,0.5339955854446382
52822016,591.3425140380859,1000.0,1.0296000838279724,596.3513231277466,1000.0,1.0187051182147115,496.40791845321655,1000.0,0.6711200112476945,547.5912590026855,1000.0,0.8332177209667861
52953088,576.693347454071,1000.0,0.9383655051933601,608.8649773597717,1000.0,1.0818810313940048,500.77916860580444,1000.0,0.5890700798481703,539.7761549949646,1000.0,0.7743902369402349
53084160,579.0110282897949,1000.0,1.0554618966998532,619.9825859069824,1000.0,1.205573769286275,498.41294527053833,1000.0,0.6643006652593613,535.1101479530334,1000.0,0.8862857958301902
53215232,716.9484539031982,1000.0,1.78029465675354,730.6900463104248,1000.0,1.7620863411575556,675.796243429184,1000.0,1.4970250027254224,715.7323088645935,1000.0,1.448270171880722
53346304,717.1091041564941,1000.0,1.6108407406136394,729.7079091072083,1000.0,1.726136401295662,680.1129059791565,1000.0,1.5040230685845017,708.6233954429626,1000.0,1.49252612516284
53477376,664.0181584358215,1000.0,1.3685957118868828,697.0921583175659,1000.0,1.562143562361598,500.57307052612305,1000.0,0.7266175695694983,674.5875449180603,1000.0,1.313710117712617
53608448,637.4710626602173,1000.0,1.286800468340516,679.731231212616,1000.0,1.3274565748870373,459.02923798561096,1000.0,0.5921592265367508,681.6680583953857,1000.0,1.3810600498691201
53739520,649.5992999076843,1000.0,1.2257785126566887,673.5154838562012,1000.0,1.1625383105129004,466.5280694961548,1000.0,0.6803695964626968,677.9357061386108,1000.0,1.348880484700203
53870592,631.2038116455078,1000.0,1.1995390295051038,660.3882155418396,1000.0,0.9113980382680893,457.2182831764221,1000.0,0.6393376484047621,652.359540939331,1000.0,1.235200336202979
54001664,285.4261497577448,989.3604238619979,0.5163161170264189,326.37770446058346,996.3497858496861,0.5597943041805198,234.02578767307142,972.7467144072368,0.3485686288785716,341.2413932440793,999.842409623231,0.5473439908776608
54132736,605.3208470344543,1000.0,1.0204649176448584,628.653745174408,1000.0,0.9409865951165557,456.0907566547394,1000.0,0.5871576797217131,550.9702596664429,1000.0,0.9464614354074001
54263808,609.2672491073608,1000.0,1.1254377458244562,627.5514936447144,1000.0,1.32383790332824,463.7105052471161,1000.0,0.5663650948554277,541.1723899841309,1000.0,0.8452475219964981
54394880,606.5467553138733,1000.0,1.1240552375093102,625.3714227676392,1000.0,1.3969744928181171,467.0890130996704,1000.0,0.6002722578123212,533.947669506073,1000.0,0.769132025539875
54525952,701.6070189476013,1000.0,1.7467628195881844,716.5238881111145,1000.0,1.830133344978094,643.0118570327759,1000.0,1.5966679342091084,685.5525727272034,1000.0,1.835030635818839
54657024,731.9171395301819,1000.0,1.9245237410068512,736.7920269966125,1000.0,1.6057844823226333,693.3642153739929,1000.0,1.5911697437986732,734.2753310203552,1000.0,1.613657783716917
54788096,685.8423457145691,1000.0,1.3691186122596264,703.4200587272644,1000.0,1.41033473610878,524.704300403595,1000.0,0.7669527484104037,678.562228679657,1000.0,1.4083830304443836
54919168,659.5804028511047,1000.0,1.3260884247720242,697.0503344535828,1000.0,1.4336105473339558,495.83128547668457,1000.0,0.6766340895555913,657.5706763267517,1000.0,1.2372205574065447
55050240,659.1516718864441,1000.0,1.218384712934494,689.4855875968933,1000.0,1.626533572562039,501.82255482673645,1000.0,0.6492276303470135,657.0578556060791,1000.0,1.185596514493227
55181312,646.502763748169,1000.0,1.1973389722406864,666.3021597862244,1000.0,1.4710211977362633,506.10943579673767,1000.0,0.6098387059755623,634.2733306884766,1000.0,1.1147622000426054
55312384,295.5228796697726,987.2484992349224,0.5121589395270986,297.3508697121007,986.0027668752488,0.5313681732886916,233.6472226088214,969.6157057063594,0.3824308334642155,366.38526506363206,999.9285514685758,0.6271579146005546
55443456,592.5124950408936,1000.0,0.9877555770799518,604.122326374054,1000.0,0.9471537992358208,478.69831109046936,1000.0,0.6141788205131888,693.4897298812866,1000.0,1.381909441202879
55574528,598.501380443573,1000.0,1.1505432613193989,619.950671672821,1000.0,1.08820659853518,483.74068665504456,1000.0,0.6536982003599405,695.950484752655,1000.0,1.4605967998504639
55705600,603.569333076477,1000.0,0.9052272140979767,622.1623930931091,1000.0,1.1324063055217266,503.0249927043915,1000.0,0.6787940650247037,687.0053992271423,1000.0,1.2889207638800144
55836672,731.4280209541321,1000.0,1.859532526228577,733.54270362854,1000.0,1.9895230829715729,706.3071641921997,1000.0,1.6807042369619012,759.9775466918945,1000.0,1.7343427767045796
55967744,747.2673206329346,1000.0,1.921742477454245,743.8742980957031,1000.0,1.8640918843448162,716.9139189720154,1000.0,1.2603242825716734,754.3388986587524,1000.0,1.7639858797192574
56098816,716.8584566116333,1000.0,1.4358464628458023,703.2614498138428,1000.0,1.7005222216248512,606.9651656150818,1000.0,1.0042344871908426,718.196316242218,1000.0,1.8066707020625472
56229888,701.9048538208008,1000.0,1.5854600723832846,708.5413918495178,1000.0,1.5219256822019815,570.8900566101074,1000.0,0.8871266879141331,712.3400340080261,1000.0,1.728789372369647
56360960,695.4251751899719,1000.0,1.411379222292453,713.8923497200012,1000.0,1.556572763249278,579.1353416442871,1000.0,0.9813727233558893,700.142210483551,1000.0,1.7395007144659758
56492032,685.3253302574158,1000.0,1.300826482474804,718.4773054122925,1000.0,1.7564198672771454,571.8325028419495,1000.0,0.9197065383195877,685.1133170127869,1000.0,1.4835917921736836
56623104,316.4574983580579,996.8677622539016,0.5386521194519459,356.78738451525476,999.860720814071,0.654722540882639,249.88200026149448,980.6301879141195,0.3851408184588607,370.1247605686489,1000.0,0.5858978825018154
56754176,603.9188566207886,1000.0,1.09912109375,743.7806568145752,1000.0,1.752379072830081,513.1861097812653,1000.0,0.6507956888526678,688.1804857254028,1000.0,1.5731578022241592
56885248,607.6536259651184,1000.0,0.9122181972488761,741.8645391464233,1000.0,1.8351989220827818,517.8330600261688,1000.0,0.8239045236259699,670.1368737220764,1000.0,1.4329127240926027
57016320,629.331865310669,1000.0,1.0442643351852894,742.4849376678467,1000.0,1.8867150265723467,544.9623260498047,1000.0,0.6770328441634774,654.6995830535889,1000.0,1.254498701542616
57147392,764.8695950508118,1000.0,2.0615685544908047,770.4596643447876,1000.0,2.0228234492242336,756.1209282875061,1000.0,1.936535818502307,766.3659224510193,1000.0,2.3129611741751432
57278464,744.8889293670654,1000.0,1.8277845177799463,748.0640869140625,1000.0,1.8969320766627789,723.2863955497742,1000.0,1.7996978089213371,730.5746431350708,1000.0,1.510464509949088
57409536,729.0885457992554,1000.0,1.8489060699939728,731.809766292572,1000.0,1.566732194274664,657.8552370071411,1000.0,1.32771189045161,691.5751304626465,1000.0,1.6033251471817493
57540608,722.9284157752991,1000.0,1.5394216403365135,728.1063270568848,1000.0,1.5053395740687847,610.4994797706604,1000.0,0.954005153849721,674.5414624214172,1000.0,1.6164551582187414
57671680,721.0418410301208,1000.0,1.4520739167928696,721.2033944129944,1000.0,1.377746470272541,597.0332770347595,1000.0,1.0151300933212042,685.244291305542,1000.0,1.2331044105812907
57802752,710.2353649139404,1000.0,1.7829930782318115,705.6131119728088,1000.0,1.5383767317980528,575.7315607070923,1000.0,0.8589287176728249,678.7480759620667,1000.0,1.2589761512354016
57933824,348.5010610931548,999.8368718541084,0.631432368758306,325.75984317153245,996.9779657771932,0.506089484902905,245.83136963725684,975.3706910242489,0.3425649766861206,376.4211371122901,999.989611725309,0.6013696281174522
58064896,663.4588503837585,1000.0,1.1773586366325617,606.3428339958191,1000.0,0.9348936420865357,494.59465765953064,1000.0,0.675044983625412,722.8967618942261,1000.0,1.5842068493366241
58195968,663.4914178848267,1000.0,1.2068315278738737,608.5884504318237,1000.0,1.2356396825052798,507.4421057701111,1000.0,0.6741077750921249,724.5470552444458,1000.0,1.5535200946033
58327040,663.9324884414673,1000.0,1.3848658427596092,612.5840539932251,1000.0,1.066586147993803,543.6718375682831,1000.0,0.9097178094089031,728.72101354599,1000.0,1.5850362330675125
58458112,754.857346534729,1000.0,1.954166037030518,743.7971949577332,1000.0,1.8598404042422771,729.8538222312927,1000.0,1.567636527121067,766.5820288658142,1000.0,2.2381651699543
58589184,747.5554060935974,1000.0,1.4552511796355247,741.4915976524353,1000.0,1.5417954500298947,735.5715179443359,1000.0,1.9424063772894442,748.4648776054382,1000.0,1.9192801075987518
58720256,740.8126349449158,1000.0,1.745544370263815,721.1683616638184,1000.0,1.3681452833116055,720.8661866188049,1000.0,1.6706174053251743,729.8752846717834,1000.0,1.6750301010906696
58851328,728.9308695793152,1000.0,1.7843057718127966,698.404082775116,1000.0,1.3887459449470043,682.8128619194031,1000.0,1.3575043892487884,691.2814702987671,1000.0,1.3910375516861677
58982400,718.1013040542603,1000.0,1.4954994330182672,691.1046438217163,1000.0,1.6338838310912251,649.4450311660767,1000.0,1.157779686152935,647.3388895988464,1000.0,1.1288933518808335
59113472,705.0248565673828,1000.0,1.394420851022005,696.8052306175232,1000.0,1.4389390898868442,618.9795327186584,1000.0,0.9634658079594374,628.735592842102,1000.0,1.045736606232822
59244544,309.0859182238438,996.3936468527478,0.5353958404050104,319.83373971193714,998.5846128857826,0.5541363901765456,272.3188709317582,995.8358176635599,0.4442338100782955,298.81140093482514,997.6860619627176,0.5187224706078505
59375616,622.5490951538086,1000.0,1.2117593046277761,643.0302700996399,1000.0,1.1031002774834633,536.6624908447266,1000.0,0.814167944714427,580.9684252738953,1000.0,0.8660096637904644
59506688,621.1555013656616,1000.0,1.2085623499006033,643.362871170044,1000.0,1.1792957875877619,523.6641464233398,1000.0,0.7824383489787579,594.7626051902771,1000.0,0.9696536045521498
59637760,647.7929720878601,1000.0,1.1840891651809216,674.4677767753601,1000.0,1.5472328141331673,563.3156759738922,1000.0,0.9202417838387191,645.9827351570129,1000.0,1.0744395405054092
59768832,746.8450899124146,1000.0,1.7692419867962599,748.4138422012329,1000.0,2.011556006036699,740.871256351471,1000.0,1.753358080983162,745.2229862213135,1000.0,1.9751110188663006
59899904,711.0818252563477,1000.0,1.6519346702843904,709.639078617096,1000.0,1.4593008812516928,655.3191957473755,1000.0,1.1715761041268706,701.5337553024292,1000.0,1.5134649807587266
60030976,685.190927028656,1000.0,1.7301158402115107,673.8708591461182,1000.0,1.6819742359220982,502.50226163864136,1000.0,0.8100316999480128,678.3814859390259,1000.0,1.385834913700819
60162048,690.435338973999,1000.0,1.5030138259753585,657.3210678100586,1000.0,1.0606872499920428,476.22449588775635,1000.0,0.6164429844357073,677.8227734565735,1000.0,1.347973975352943
60293120,688.9268841743469,1000.0,1.657705768942833,632.1251010894775,1000.0,1.1062835585325956,483.9122748374939,1000.0,0.6696667298674583,673.2504434585571,1000.0,1.1709970906376839
60424192,674.3537340164185,1000.0,1.3222969323396683,601.7954244613647,1000.0,1.1247637243941426,475.63526606559753,1000.0,0.6527098920196295,647.174795627594,1000.0,1.3830868024379015
60555264,340.4417355358225,999.6042717528373,0.5560159193913242,263.83053606184853,978.224536948667,0.48908988740600523,233.49659636643014,978.6821799356429,0.347900738688315,347.9084601576662,999.9754829551052,0.5918638724246512
60686336,666.3179898262024,1000.0,1.1671326411888003,547.896080493927,1000.0,0.865222068503499,453.88352966308594,1000.0,0.5444595946464688,629.2585287094116,1000.0,1.22975086979568
60817408,666.0175499916077,1000.0,1.3626347482204437,564.3553071022034,1000.0,1.0102056814357638,465.64318227767944,1000.0,0.6373290941119194,595.1931800842285,1000.0,0.9184938427060843
60948480,667.5837578773499,1000.0,1.2238985635340214,570.7130150794983,1000.0,1.1195039749145508,487.82383012771606,1000.0,0.6768597979098558,561.3595342636108,1000.0,0.9676821865141392
61079552,743.3350048065186,1000.0,1.8131603077054024,721.1697478294373,1000.0,1.5549716539680958,703.8422915935516,1000.0,1.770391782745719,709.7106137275696,1000.0,1.7523537930101156
61210624,732.7931308746338,1000.0,1.9752635955810547,712.74596118927,1000.0,1.5654929466545582,716.3602094650269,1000.0,1.5724200860131532,684.535117149353,1000.0,1.409466763958335
61341696,730.5805954933167,1000.0,1.5139779122546315,678.0203948020935,1000.0,1.3971097934991121,635.9847192764282,1000.0,1.0955979693681002,624.5064454078674,1000.0,1.1039963091607206
61472768,731.3128352165222,1000.0,1.892583018168807,687.5330052375793,1000.0,1.6162117514759302,599.0335865020752,1000.0,0.9066531429998577,607.0409026145935,1000.0,0.8500982257537544
61603840,722.1062030792236,1000.0,1.6247712224721909,688.4480657577515,1000.0,1.484467951580882,600.902045249939,1000.0,0.901522790780291,589.2892651557922,1000.0,0.9269374185241759
61734912,715.9928188323975,1000.0,1.539658181834966,686.4325566291809,1000.0,1.6018544733524323,579.6021366119385,1000.0,0.9689286630600691,585.1436142921448,1000.0,0.9431110508739948
61865984,352.40754648401014,999.9138937602156,0.5821918199026718,329.33901401771556,998.7347352062335,0.6089889218434599,250.21371634781434,983.2265169706618,0.4056627209649733,270.6229895452782,984.5844675636529,0.47269778933427103
61997056,689.26389503479,1000.0,1.341251122765243,636.8006763458252,1000.0,1.1911272183060646,481.2607023715973,1000.0,0.6361366380006075,513.0146377086639,1000.0,0.7615876793861389
62128128,673.7205834388733,1000.0,1.2616685219109058,624.5463123321533,1000.0,1.0846360558643937,482.4038426876068,1000.0,0.5977606200613081,506.7371439933777,1000.0,0.6580363507382572
62259200,663.1518530845642,1000.0,1.1828848626464605,618.4926147460938,1000.0,0.9760827980935574,475.07206082344055,1000.0,0.6305728470906615,526.1975798606873,1000.0,0.934438987635076
62390272,741.4469113349915,1000.0,2.0627532061189413,744.6652913093567,1000.0,1.9942436087876558,720.4237020015717,1000.0,1.6787234973162413,734.0406546592712,1000.0,1.8670476712286472
62521344,726.909788608551,1000.0,1.6233075130730867,728.9973540306091,1000.0,1.6625902857631445,680.5132160186768,1000.0,1.4668249376118183,701.64621925354,1000.0,1.3724986724555492
62652416,712.6879749298096,1000.0,1.6957728378474712,700.1361789703369,1000.0,1.558966502547264,518.5351510047913,1000.0,0.6428499701432884,668.806613445282,1000.0,1.2682768125087023
62783488,713.2699003219604,1000.0,1.5957041252404451,694.1361675262451,1000.0,1.7234601378440857,491.4349374771118,1000.0,0.6220139488577843,663.7369441986084,1000.0,1.214181624352932
62914560,708.4912095069885,1000.0,1.7610818147659302,687.3702459335327,1000.0,1.44199457205832,498.0183627605438,1000.0,0.650445562787354,623.776180267334,1000.0,0.9972323924303055
