collected_frames,var_decomp/shaping,var_decomp/legacy_joint_vel_var_penalty,var_decomp/legacy_joint_angle_var_penalty,var_decomp/legacy_track_vel_var_penalty,var_decomp/legacy_roll_rate_penalty,var_decomp/legacy_pitch_rate_penalty,var_decomp/terminal_bonus
262144,0.09744875133037567,0.012511511333286762,0.2106035202741623,0.03644292429089546,-0.016892101615667343,-0.0022814704570919275,0.011195575818419456
393216,0.07244499027729034,0.016178693622350693,0.027658671140670776,0.0749066099524498,0.00589802535250783,0.013361934572458267,0.014519821852445602
524288,0.07552918791770935,0.008889013901352882,0.01620243676006794,0.0636366754770279,0.017503105103969574,0.017167620360851288,
655360,0.0306895412504673,0.0150430453941226,0.07360029220581055,0.0589495487511158,0.018719539046287537,0.0036613489501178265,0.006193860433995724
786432,0.10836350172758102,0.0035000734496861696,-0.0331292487680912,0.045908063650131226,0.003902724012732506,0.0057480065152049065,0.007417222484946251
917504,0.0716264396905899,0.015345513820648193,-0.005006752442568541,0.06722070276737213,-0.004505624528974295,-0.0039871009066700935,0.03882114961743355
1048576,0.03841153159737587,0.01339209545403719,0.0575488805770874,0.044712215662002563,0.012558883987367153,0.02167244255542755,0.02205922082066536
1179648,0.07376822084188461,0.009201383218169212,-0.02779885195195675,0.028468633070588112,0.0037296342197805643,0.009608713909983635,0.025351455435156822
1310720,0.1567797064781189,0.0011967022437602282,0.04163850471377373,0.0009704997064545751,0.008990255184471607,0.026146791875362396,0.00043287320295348763
1441792,0.10062000900506973,0.0011894224444404244,0.08295014500617981,0.00022312950750347227,0.019011974334716797,0.03756866231560707,
1572864,0.011040312238037586,7.763937901472673e-05,-0.04679828882217407,-0.0009937552968040109,-0.0006895430269651115,0.0006416377145797014,
1703936,0.015334038995206356,0.00378534197807312,-0.02976756915450096,0.006724024191498756,0.005707933101803064,0.006784592289477587,
1835008,0.08284563571214676,0.0001338878646492958,0.16242335736751556,-7.130693848012015e-05,0.014311217702925205,0.011082605458796024,0.00014412662130780518
1966080,0.0692075565457344,0.0014168459456413984,0.005331238731741905,0.0012709664879366755,0.03796917200088501,0.03917677700519562,
2097152,-0.05852627754211426,0.01309920847415924,0.13659270107746124,0.0775219202041626,0.00015422921569552273,0.03850578889250755,
2228224,0.041613347828388214,0.01278237346559763,0.010480090044438839,0.0692107081413269,0.025754231959581375,0.009004673920571804,
2359296,-0.014624403789639473,0.0033337341155856848,0.16270603239536285,0.01680597849190235,0.04139075055718422,-0.0019500718917697668,
2490368,0.01875595934689045,0.0007886224193498492,0.347300261259079,0.004241840448230505,-0.012978291139006615,0.0018239527707919478,0.0014679324813187122
2621440,-0.09080429375171661,0.003684094175696373,-0.45715266466140747,0.016859114170074463,0.0744597390294075,0.024095546454191208,0.015931006520986557
2752512,-0.005496815778315067,0.0012689902214333415,-0.028686150908470154,0.010440942831337452,0.01143613737076521,0.004099915269762278,0.005640571936964989
2883584,-0.0009178800391964614,0.0005021781544201076,0.00033791709574870765,-0.0007215323275886476,0.004913489334285259,-0.00022815147531218827,-0.0002908009337261319
3014656,0.0078360540792346,0.0008160595316439867,0.10068680346012115,0.010384948924183846,0.004017561674118042,0.004693035501986742,0.009074870496988297
3145728,0.009164822287857533,0.002796615706756711,0.21184208989143372,0.016456633806228638,-0.0023400357458740473,0.0050923642702400684,0.012410423718392849
3276800,0.13296392560005188,0.00028235840727575123,0.09459042549133301,-0.001145876944065094,0.010275927372276783,0.008557918481528759,0.00031543898512609303
3407872,0.02968696504831314,-0.0014420996885746717,-0.00027374265482649207,-0.00129766168538481,-0.004270840436220169,0.030447237193584442,
3538944,0.08367780596017838,0.004534315317869186,0.1069883480668068,0.003532384755089879,-0.018089501187205315,-0.0020547015592455864,
3670016,0.059290383011102676,-0.002101575955748558,0.3149332106113434,0.0020247926004230976,0.0071337865665555,0.00405532494187355,
3801088,-0.028703875839710236,0.010508783161640167,-0.33350104093551636,0.0523681566119194,0.0039229425601661205,0.007937366142868996,0.007228925824165344
3932160,-0.027392102405428886,0.0049608685076236725,0.05666166916489601,0.004058126825839281,0.00319583248347044,0.0017009777948260307,0.011335469782352448
4063232,-0.019332028925418854,0.006728873588144779,0.2388530820608139,0.014764854684472084,0.005097500514239073,0.003231843002140522,0.07809703797101974
4194304,0.0049423943273723125,-0.0007558139623142779,-0.016635434702038765,0.00434905244037509,0.0015718246577307582,-0.0037410391960293055,0.00422989297658205
4325376,-0.011136256158351898,0.0009518204024061561,0.005616484209895134,0.0037402366288006306,0.02767805941402912,0.021473350003361702,0.019998006522655487
4456448,0.034365054219961166,0.005094966385513544,0.06324326992034912,0.020056355744600296,0.01905536651611328,0.021309230476617813,0.04699761047959328
4587520,0.037104327231645584,0.015115362592041492,0.04678642004728317,0.038729216903448105,0.011504459194839,0.011297672055661678,0.0571049265563488
4718592,0.14938139915466309,-0.002570298034697771,0.03291337192058563,-0.0013678125105798244,0.009607050567865372,-0.0016625497955828905,-0.00010045347880804911
4849664,0.11166328936815262,0.001429443247616291,0.023550191894173622,0.009654835797846317,0.018444644287228584,0.0007568976143375039,0.0020661423914134502
4980736,-0.03565294295549393,0.00416272459551692,0.08152537047863007,0.03293410316109657,0.013756068423390388,0.044091254472732544,0.01831117272377014
5111808,0.1477939933538437,0.0019209019374102354,-0.03160739690065384,0.02470797672867775,0.007881640456616879,0.006965934298932552,0.038923315703868866
5242880,0.07491781562566757,0.011707748286426067,-0.010570776648819447,0.05769208073616028,0.010186047293245792,0.015381287783384323,0.02386767975986004
5373952,0.04636527597904205,0.005887218751013279,0.0021981801837682724,0.04799077287316322,0.00969337671995163,0.008834759704768658,0.04595840349793434
5505024,0.0488862469792366,0.000105247825558763,-0.005325691774487495,0.0004643505671992898,-0.004180630203336477,0.015997204929590225,0.025204017758369446
5636096,0.0034427742939442396,0.007049304898828268,0.015773551538586617,0.021158263087272644,0.009457974694669247,0.019358567893505096,-0.0006142992060631514
5767168,0.03130657970905304,0.017793485894799232,0.0032498438376933336,0.05597969517111778,0.009973511099815369,0.018749302253127098,
5898240,0.03401833772659302,0.013347434811294079,0.0002031535841524601,0.06948012858629227,0.01133706048130989,0.00717058265581727,0.0054037016816437244
6029312,0.09914733469486237,-0.0012360813561826944,0.02260887436568737,0.0003992138954345137,0.006835116073489189,0.008084435947239399,0.0006803925498388708
6160384,0.30278709530830383,0.002042890526354313,-0.09197575598955154,0.004980249796062708,0.005312369670718908,-0.02094896510243416,0.005310935899615288
6291456,0.12565724551677704,0.006261215079575777,-0.02172772027552128,0.026000216603279114,0.009277870878577232,-0.00999694038182497,0.02250448614358902
6422528,0.13287757337093353,0.009990854188799858,-0.0052284668199718,0.041499216109514236,0.00759101053699851,0.005384507123380899,0.021065734326839447
6553600,0.029089048504829407,0.018864024430513382,0.0018368519376963377,0.043510258197784424,0.0048259710893034935,0.006341975647956133,0.009427578188478947
6684672,0.030132850632071495,0.008501388132572174,-0.0004811192338820547,0.02837793342769146,0.0048824334517121315,0.006891552824527025,0.09746704995632172
6815744,0.029012013226747513,0.0004356486024335027,-0.0030576165299862623,0.0006599485641345382,-0.005066270940005779,0.004429147113114595,0.0002767222176771611
6946816,0.0034260505344718695,0.007146005984395742,0.003714925143867731,0.010874941945075989,0.003749595023691654,0.011874579824507236,
7077888,0.025365887209773064,0.016397567465901375,0.00250751874409616,0.04210769012570381,0.009706982411444187,0.01748044788837433,0.0015078604919835925
7208960,0.04042920097708702,0.016167987138032913,0.00022993581660557538,0.04023866727948189,0.008835882879793644,0.012681848369538784,0.027410060167312622
7340032,0.08770941942930222,-0.0024522258900105953,0.018822727724909782,-0.0040827118791639805,0.006154370028525591,0.011128060519695282,-0.00011171904770890251
7471104,0.24627995491027832,-0.0012205644743517041,-0.02276226505637169,-0.0002914740762207657,-0.003622502787038684,-0.0247812457382679,0.018077906221151352
7602176,0.10925448685884476,0.008609426207840443,-0.021311772987246513,0.06241462752223015,0.0061995601281523705,-0.010864761658012867,
7733248,0.13651792705059052,0.006562833208590746,-0.008721649646759033,0.026588156819343567,0.008503294549882412,0.004031403921544552,0.00791669450700283
7864320,0.03403250500559807,0.013158591464161873,-0.0002709289256017655,0.04786264896392822,0.008473328314721584,0.007516270969063044,0.009323950856924057
7995392,0.04011740908026695,0.0067239017225801945,0.0003228218702133745,0.03683930262923241,0.009133126586675644,0.00917403120547533,0.0385965034365654
8126464,0.025239473208785057,-0.0008355233585461974,-0.00661687133833766,-0.0013339925790205598,-0.009517677128314972,-0.001465264824219048,0.0027103929314762354
8257536,-0.006185619626194239,0.007283579558134079,0.006668581627309322,0.004659956321120262,0.004767014645040035,0.015525280497968197,0.007910175248980522
8388608,0.04467504471540451,0.011105777695775032,0.005278680473566055,0.03464758023619652,0.015297679230570793,0.009200459346175194,
8519680,0.058400318026542664,0.01119102444499731,-0.0011934677604585886,0.050025273114442825,0.005949759855866432,0.009139489382505417,0.007588805630803108
8650752,0.09027217328548431,-0.0007644823053851724,0.012718064710497856,-0.002410366665571928,0.0062349834479391575,0.0116202924400568,-7.723862654529512e-05
8781824,0.25673994421958923,-0.006654151249676943,0.011253291741013527,-0.004910144954919815,-0.003629312152042985,-0.034772392362356186,0.00701827323064208
8912896,0.05367226153612137,0.008227366954088211,0.028098054230213165,0.026832105591893196,0.008321085944771767,0.03630406782031059,
9043968,0.12993431091308594,0.0030213946010917425,-0.0030372687615454197,0.018012644723057747,0.009431791491806507,-0.002714881906285882,0.010162288323044777
9175040,0.07917775213718414,0.008092003874480724,-4.0322007407667115e-05,0.039353009313344955,0.01049993559718132,0.007452833466231823,0.023957615718245506
9306112,0.049286119639873505,0.006129251793026924,0.0025679771788418293,0.037318918853998184,0.004822312388569117,0.007857367396354675,0.06120904162526131
9437184,0.01794607937335968,0.00046196760376915336,-0.004457367118448019,-0.001624935888685286,-0.005575820337980986,1.3290638889884576e-05,-0.006232161074876785
9568256,-0.03303119167685509,0.0023341767955571413,0.015004336833953857,0.008585862815380096,0.0030789063312113285,-0.0015210261335596442,0.012686572037637234
9699328,0.046573471277952194,0.0035628704354166985,0.003473981050774455,0.01625870168209076,0.011154105886816978,0.024187279865145683,0.08105064928531647
9830400,0.05188991501927376,0.01775815524160862,0.0006400445709004998,0.04428620636463165,0.01036918442696333,0.007545821368694305,0.03727467358112335
9961472,0.1734408587217331,-0.002689553890377283,-0.0015786320436745882,-0.006050338037312031,0.008650359697639942,0.006224516313523054,-0.00011409603030188009
10092544,0.15590493381023407,-0.007825029082596302,-0.0057280221953988075,-0.019813185557723045,0.016409650444984436,0.025423485785722733,0.0016855045687407255
10223616,-0.062481824308633804,0.0016190683236345649,0.05377891659736633,0.018944337964057922,0.02058270014822483,0.05714999884366989,0.00779263349249959
10354688,0.11730790883302689,0.008747050538659096,-0.011265318840742111,0.017794106155633926,0.01211353950202465,-0.016455866396427155,0.023552514612674713
10485760,0.07254799455404282,0.017315831035375595,-0.0009237108752131462,0.042273275554180145,0.00470889825373888,0.006063390057533979,0.01918511651456356
10616832,0.02718207985162735,0.009140128269791603,0.0005283630453050137,0.01952340453863144,0.005028243642300367,0.0022917799651622772,0.10828997194766998
10747904,0.004048159811645746,0.0014233201509341598,-0.004955057054758072,0.00022287121100816876,-0.006869945675134659,-0.0004959903890267015,0.006948508787900209
10878976,-0.011362955905497074,0.004122949671000242,0.00537481065839529,0.008742828853428364,0.00698820548132062,0.010150130838155746,0.018323803320527077
11010048,0.019306721165776253,0.01934114284813404,0.0034472085535526276,0.04003305733203888,0.010364067740738392,0.017312783747911453,
11141120,0.03701324760913849,0.014017184264957905,0.0008039723034016788,0.04836564138531685,0.006725025363266468,0.008143242448568344,0.03609761595726013
11272192,0.04445731267333031,0.017023557797074318,-0.0006386573659256101,0.04161695018410683,0.004944919608533382,0.007162137888371944,0.037612754851579666
11403264,0.12041378766298294,-0.003298545954748988,0.007814949378371239,-0.003972199279814959,0.006986330263316631,0.01107372809201479,0.0007885646191425622
11534336,0.20004501938819885,-0.007105985656380653,0.007016192190349102,-0.011171411722898483,-0.0002953055372927338,-0.01753372699022293,0.012215474620461464
11665408,0.06902726739645004,0.013846001587808132,0.0009972145780920982,0.045554399490356445,0.0036667711101472378,0.00909416750073433,0.02326144464313984
11796480,0.10063491016626358,0.022735238075256348,-0.006345493718981743,0.04014331474900246,0.0048784296959638596,0.008895146660506725,0.010309268720448017
11927552,0.009630360640585423,0.0037484210915863514,-0.0017694104462862015,0.017828838899731636,0.005480422638356686,0.002186254598200321,0.12485963851213455
12058624,-0.003970962483435869,0.0017271973192691803,-0.0027006869204342365,0.0006540145841427147,-0.004234245512634516,0.0017793893348425627,-0.0013956044567748904
12189696,-0.017935605719685555,0.002114319708198309,0.0034841811284422874,0.004297667648643255,0.0051879589445889,0.012863533571362495,
12320768,0.009994891472160816,0.008853367529809475,0.0026472588069736958,0.02827870287001133,0.011033565737307072,0.012601864524185658,0.02621668577194214
12451840,0.03473297506570816,0.015329986810684204,0.00028031610418111086,0.04623615741729736,0.010849907994270325,0.008691634051501751,0.034395888447761536
12582912,0.08247366547584534,-0.0015857608523219824,0.012410802766680717,-0.001261367928236723,0.006979234982281923,0.013210548087954521,9.16521021281369e-05
12713984,0.23796525597572327,-0.006448882631957531,-0.010228663682937622,0.002998797222971916,-0.0061321561224758625,-0.023126283660531044,0.011748196557164192
12845056,0.015417012386023998,0.012717788107693195,0.028316546231508255,0.013602768070995808,0.0066342768259346485,0.05598984286189079,0.017164617776870728
12976128,0.08926977962255478,0.010285155847668648,-0.007536609191447496,0.04328474402427673,0.0052323853597044945,-0.0006848456105217338,0.010716143995523453
13107200,0.022784214466810226,0.006820669397711754,-0.0007614807109348476,0.022527724504470825,0.0037583480589091778,0.004157225135713816,0.10537593066692352
13238272,0.041365575045347214,0.0012347724987193942,0.0015252886805683374,0.007525692693889141,0.0016934550367295742,0.004226429853588343,0.2049267441034317
13369344,-0.008116686716675758,3.306516373413615e-05,-0.001664466573856771,0.00033965372131206095,-0.003589862724766135,0.0011839516228064895,0.002081990009173751
13500416,0.0034063535276800394,0.006354992277920246,0.003087566467002034,0.010982971638441086,0.004649437963962555,0.003475804813206196,0.015130198560655117
13631488,-0.002560273976996541,0.013338347896933556,0.0011754072038456798,0.0350249707698822,0.006081015802919865,0.01861923187971115,0.053621526807546616
13762560,0.027702122926712036,0.008986357599496841,0.00034159980714321136,0.050345707684755325,0.008940059691667557,0.009594331495463848,0.05601849406957626
13893632,0.09998413175344467,-0.0072774579748511314,0.01753106899559498,-0.007084047421813011,0.0050194161012768745,0.010381131432950497,0.0005786792607977986
14024704,0.069161556661129,0.010979757644236088,0.002458631293848157,0.04032966494560242,0.004019618034362793,0.004733153153210878,
14155776,0.06802938878536224,0.014302401803433895,-0.013326896354556084,0.04009825363755226,0.005486247129738331,0.0038792721461504698,
14286848,0.04313414916396141,0.009375988505780697,0.0037048228550702333,0.04646829143166542,0.008610653690993786,0.006848601158708334,0.015147102065384388
14417920,0.06686273217201233,0.008889682590961456,0.00462818518280983,0.023997025564312935,0.0008730869158171117,0.0020272021647542715,0.03751737251877785
14548992,0.01689111441373825,0.008233297616243362,-0.0003833910159301013,0.025327853858470917,0.004016540013253689,0.00433385232463479,0.13520050048828125
14680064,0.018719833344221115,0.0028589959256350994,-0.0028243206907063723,-0.0024549311492592096,-0.00459392461925745,-0.007683826610445976,-0.00629839114844799
14811136,0.0027073791716247797,0.006418041884899139,0.0033645248040556908,0.02261498011648655,0.0073800296522676945,0.012781457975506783,0.0024752800818532705
14942208,0.014123729430139065,0.015617809258401394,0.0001719208958093077,0.03126594424247742,0.008590960875153542,0.013763799332082272,0.03342491388320923
15073280,0.18602627515792847,-0.025784136727452278,0.00301096448674798,-0.02415979653596878,0.009546920657157898,0.01645658165216446,0.006222398020327091
15204352,-0.17755673825740814,0.08208492398262024,0.05297458916902542,0.0925610139966011,0.015119586139917374,0.09182753413915634,0.007232990115880966
15335424,0.10348915308713913,0.005884261801838875,0.016790010035037994,0.015010077506303787,0.0028744798619300127,0.0168728306889534,
15466496,0.02074071764945984,0.030598647892475128,-0.017394162714481354,0.04193103685975075,0.0104058887809515,0.004785281606018543,
15597568,0.052369944751262665,0.01670920103788376,-0.00010985120752593502,0.04307954013347626,0.00941561721265316,0.0035502866376191378,0.013370683416724205
15728640,0.0370447002351284,0.013762271031737328,0.0011322295758873224,0.03490746393799782,0.003011127468198538,0.006645893678069115,0.04757602885365486
15859712,0.03555607795715332,0.0036470647901296616,0.0010586893185973167,0.024237075820565224,0.005307966843247414,0.004963751416653395,0.09922131896018982
15990784,0.004352356772869825,0.002337226178497076,-0.0012978247832506895,0.002481007482856512,-0.0006019721040502191,-0.000927202170714736,0.005752552766352892
16121856,0.011662323959171772,0.007270876318216324,0.003472265787422657,0.017145751044154167,0.0043123215436935425,0.008369117975234985,
16252928,0.037197720259428024,0.008548544719815254,0.0009919131407514215,0.026966840028762817,0.004342603962868452,0.006715928670018911,0.015653716400265694
16384000,0.13731876015663147,-0.010365225374698639,0.003695271909236908,-0.011379900388419628,0.006608440075069666,0.017930680885910988,0.0016039680922403932
16515072,-0.2607146203517914,0.07005012780427933,0.015475524589419365,0.09934226423501968,0.012547625228762627,0.13844741880893707,0.005042355507612228
16646144,0.10157430917024612,0.0016363895265385509,0.058243248611688614,0.004054670687764883,0.004001992288976908,0.021003374829888344,0.009989199228584766
16777216,-0.009681089781224728,0.03059438429772854,-0.016854804009199142,0.051643192768096924,0.006594630889594555,0.007640543859452009,0.015366725623607635
16908288,0.0866638794541359,0.011807703413069248,-0.0030395747162401676,0.024865714833140373,0.0036848897580057383,0.0023531268816441298,
17039360,0.041882406920194626,0.021502407267689705,-0.0005726809031330049,0.038952164351940155,0.006418281700462103,0.004720933735370636,0.017453251406550407
17170432,0.05209074169397354,0.0031772498041391373,-0.00030390650499612093,0.015392685309052467,0.0018435134552419186,0.0045568980276584625,0.09729902446269989
17301504,-0.02325711026787758,0.0011510757030919194,-0.0011261629406362772,0.0025921110063791275,-0.002257042331621051,-0.0023574859369546175,0.012601087801158428
17432576,0.008106694556772709,0.003336707130074501,0.0007079349597916007,0.007662363350391388,0.0035438977647572756,0.004617393482476473,0.024434292688965797
17563648,0.07579375058412552,0.003549447050318122,0.0017660455778241158,0.013550488278269768,0.006084537133574486,0.007006400264799595,
17694720,0.13814346492290497,-0.00368473120033741,0.00017580737767275423,-0.002149821724742651,0.006322674918919802,0.006695975083857775,0.0005898771341890097
17825792,0.20873615145683289,-0.012422223575413227,0.026351498439908028,-0.01440859492868185,0.005618918687105179,-0.03254738077521324,
17956864,0.09356091916561127,0.00026721731410361826,0.03657490760087967,-0.0007696156390011311,8.267425437225029e-05,0.015185943804681301,0.006241165101528168
18087936,0.07894507050514221,0.013108579441905022,0.006229881662875414,0.034588783979415894,0.008505837991833687,0.013954637572169304,
18219008,0.03030625358223915,0.015962494537234306,-0.0038142697885632515,0.024106889963150024,0.004242308903485537,0.002358201192691922,
18350080,0.05404434725642204,0.015319015830755234,-0.0016075605526566505,0.035598818212747574,0.008229419589042664,0.004773722495883703,0.021115899085998535
18481152,0.06465838849544525,0.011622341349720955,0.0007485839887522161,0.021140392869710922,0.00610382528975606,0.007402095943689346,0.010078813880681992
18612224,-0.004497533664107323,-0.002167151076719165,-0.0002664905332494527,-0.0011271366383880377,-0.0028263861313462257,-0.0030526421032845974,
18743296,-0.020945578813552856,0.007183026056736708,0.0016012656269595027,0.00806041993200779,0.0028046804945915937,0.004526877775788307,
18874368,-0.007309156935662031,0.01109012309461832,0.0005526209133677185,0.011710939928889275,0.002115919953212142,0.002466722624376416,0.06525276601314545
19005440,0.14342902600765228,-0.005452204495668411,0.004049602895975113,-0.0033668074756860733,0.00802645180374384,0.028658561408519745,0.006838185712695122
19136512,0.09555713087320328,0.0030911474023014307,0.013689786195755005,0.004816606640815735,0.006712170317769051,0.005298399832099676,
19267584,0.116887666285038,0.0020709289237856865,0.04620489850640297,0.0037245198618620634,0.002302336972206831,0.012721741572022438,
19398656,-0.059387389570474625,0.018362104892730713,-0.014224070124328136,0.02354661375284195,0.003502380335703492,0.002402666723355651,
19529728,0.034909237176179886,0.009057566523551941,-0.005638048052787781,0.022228244692087173,0.0044939639046788216,0.006876579485833645,
19660800,0.04475802183151245,0.0096294479444623,6.257482164073735e-05,0.034755364060401917,0.0046082753688097,0.005295415408909321,0.016033809632062912
19791872,0.07764943689107895,0.008189964108169079,-0.0023141405545175076,0.020918596535921097,0.004195716697722673,0.0018552617402747273,0.00417022081092
19922944,-0.005346817430108786,-0.0033284907694905996,-0.0004387641965877265,-0.001137523096986115,-0.002923673717305064,-0.003222932107746601,0.0006236190092749894
20054016,0.04239223524928093,0.0003816616372205317,0.0005446299910545349,0.001900522387586534,0.0009009396308101714,0.004313018172979355,0.013345065526664257
20185088,0.06682506948709488,0.015102539211511612,8.64664907567203e-05,0.028261885046958923,0.00021420813573058695,0.0030187361408025026,0.015069344080984592
20316160,0.11312390863895416,-0.0010814903071150184,0.0002983040176331997,-0.0010159770026803017,0.005673672538250685,0.007041831500828266,7.029928383417428e-05
20447232,0.04827355220913887,0.011597753502428532,0.014031188562512398,0.02191806212067604,0.005811001639813185,0.011516157537698746,0.000801360234618187
20578304,0.09669775515794754,0.0021899223793298006,0.030391516163945198,0.003169637406244874,-0.0015170720871537924,0.015563247725367546,0.002288906602188945
20709376,0.1094895452260971,0.009639359079301357,0.02284545637667179,0.020410586148500443,0.004344213753938675,0.007559324149042368,
20840448,0.04743316397070885,0.0017658360302448273,-0.004294098820537329,0.005768276751041412,3.466781345196068e-05,-0.0003595257003325969,
20971520,0.04493807256221771,0.009659063071012497,0.0020167105831205845,0.008253755047917366,0.0033117299899458885,0.003997909836471081,0.045953910797834396
21102592,0.06442198157310486,0.005541719496250153,-1.940686343004927e-05,0.0036877815145999193,0.0026127800811082125,0.007092238403856754,0.08885230123996735
21233664,-0.0034239678643643856,-0.002389427972957492,-0.003753537544980645,-0.0011785083916038275,-0.0034345390740782022,-0.0040053208358585835,0.006538751535117626
21364736,-0.005862589459866285,0.0027204358484596014,0.004739913623780012,0.004516798071563244,0.0015387446619570255,0.0021901039872318506,0.006051314063370228
21495808,0.022494733333587646,0.008943241089582443,0.00033910127240233123,0.004708414431661367,0.0028358662966638803,0.005782319698482752,0.03147304058074951
21626880,0.11061804741621017,-0.0017569016199558973,0.008306045085191727,-0.003651990322396159,0.0043311938643455505,0.017886821180582047,
21757952,-0.08808200806379318,0.021153129637241364,0.04613160714507103,0.03318750113248825,0.007055256050080061,0.010059541091322899,0.0005940329283475876
21889024,0.0830674096941948,0.0063312542624771595,0.03609003871679306,0.010510982945561409,-0.0029401874635368586,0.01479137223213911,
22020096,0.008938922546803951,0.007526105735450983,-0.0037631697487086058,0.013031704351305962,0.0057509541511535645,0.004415813833475113,0.012927383184432983
22151168,0.020596900954842567,0.00901482068002224,-0.005786166526377201,0.011218583211302757,0.0006673837779089808,-0.0031111459247767925,
22282240,0.10321754217147827,0.011495727114379406,-0.004137896932661533,0.01479959674179554,0.0012145581422373652,0.004230228252708912,0.012857252731919289
22413312,0.04139697924256325,0.0010587946744635701,0.00976674072444439,0.011790277436375618,0.0035037498455494642,0.00852048397064209,0.027843613177537918
22544384,-0.013353868387639523,-0.0011115203378722072,-0.002453277353197336,-0.002382510108873248,-0.002392418449744582,-0.0015218463959172368,0.0034533943980932236
22675456,-0.0002483354473952204,0.004101513419300318,-0.00024587506777606905,0.006990775931626558,0.00456413347274065,0.002630367409437895,0.011312978342175484
22806528,0.03624201565980911,0.01303871814161539,-0.001056823180988431,0.013287555426359177,0.00885870959609747,0.004837734624743462,0.04081316664814949
22937600,0.02909453772008419,0.008445835672318935,0.001933668158017099,0.030628709122538567,-0.0008983654552139342,0.006264769472181797,0.07590590417385101
23068672,0.13254445791244507,0.005588300991803408,0.02216312848031521,-0.00028126416145823896,0.004786938428878784,0.019356468692421913,0.00035026908153668046
23199744,0.04106780141592026,0.014522362500429153,0.0150213073939085,0.01665104180574417,0.002245900686830282,0.01622346229851246,0.001099592656828463
23330816,0.23599939048290253,0.009403826668858528,0.03180072084069252,0.018114736303687096,-0.0017445317935198545,0.011788494884967804,
23461888,0.014257011003792286,0.005400348920375109,-0.0018497094279155135,0.01660667546093464,-0.0034684038255363703,-0.001858541858382523,0.005406961310654879
23592960,0.023706918582320213,0.006340386811643839,0.01128081139177084,0.019525092095136642,0.003540990874171257,0.00551324337720871,0.03464538976550102
23724032,0.024107063189148903,0.008201304823160172,0.0005423424299806356,0.008650409989058971,0.0007952784653753042,9.557786688674241e-05,0.14103633165359497
23855104,0.01570047065615654,-0.00011027416621800512,-0.003641245188191533,-0.002050675917416811,-0.003793321317061782,-0.0017509432509541512,
23986176,0.002073790179565549,0.0046904259361326694,0.012770802713930607,0.009622843004763126,-0.0010023295180872083,0.004713103175163269,0.0016219292301684618
24117248,0.01270514540374279,0.006985391024500132,0.016956262290477753,0.01521327719092369,0.003147335257381201,0.001706757233478129,0.026307309046387672
24248320,0.13023671507835388,-0.011941180564463139,0.007283014710992575,-0.019784562289714813,0.014366555958986282,0.020383769646286964,0.0012354239588603377
24379392,0.15702535212039948,-0.0006759340176358819,0.05278962850570679,-0.0028741739224642515,0.006374333053827286,0.010612715035676956,0.0007460553315468132
24510464,0.05161484330892563,0.014200340956449509,0.013132196851074696,0.018514063209295273,0.0005809690919704735,0.006096444092690945,0.001535584800876677
24641536,0.1695154756307602,0.014199253171682358,0.04047297686338425,0.015975425019860268,-0.003044979413971305,0.013813749887049198,0.01641024462878704
24772608,-0.009001392871141434,0.007365476805716753,-0.018663115799427032,0.00722636329010129,-0.0009652614826336503,-0.009640788659453392,0.010598474182188511
24903680,0.02339608035981655,0.002908195834606886,0.0020271383691579103,0.012281390838325024,7.867559907026589e-05,-0.005230720154941082,0.050606630742549896
25034752,0.05125142261385918,0.005914448294788599,-0.006878884509205818,0.007020485121756792,0.0035073610488325357,-0.0003285851562395692,0.11858372390270233
25165824,-0.014515991322696209,-0.0008274592109955847,-0.0004601120308507234,0.0001452563883503899,-0.001565899234265089,-0.0019022418418899179,
25296896,0.0015194205334410071,0.0017528303433209658,0.0005597800482064486,0.006843577604740858,0.0018386940937489271,0.0008770503918640316,
25427968,0.05370455980300903,0.011194240301847458,-1.7421823940821923e-05,0.01938573643565178,0.004085493739694357,0.0029718708246946335,0.01715649664402008
25559040,0.07884329557418823,0.011050599627196789,0.000568609160836786,0.01759720966219902,0.002346053486689925,0.003737512743100524,0.017134705558419228
25690112,0.11091142892837524,0.0038944354746490717,0.022024115547537804,0.00381122762337327,0.004989169538021088,0.031545110046863556,0.001028567785397172
25821184,0.084691122174263,0.0028529176488518715,0.014193038456141949,0.006502196192741394,0.00016707208123989403,0.01723395846784115,
25952256,-0.04719410464167595,0.023931965231895447,-0.029605867341160774,0.02916646935045719,-0.0004075228935107589,-0.005496546160429716,
26083328,-0.0037305739242583513,0.01157981064170599,-0.0076896813698112965,0.01785968244075775,0.00202865875326097,0.0028114086017012596,
26214400,0.04375740513205528,0.011164111085236073,-0.000984413200058043,0.03468465805053711,0.0064993263222277164,0.0076531614176929,
26345472,0.053023986518383026,0.016894709318876266,0.0009122067131102085,0.02221880853176117,0.003480671439319849,0.0035598394460976124,0.013534667901694775
26476544,-0.055708274245262146,0.0036531754303723574,-0.006100967526435852,0.0035083775874227285,-0.0034565841779112816,-0.0038652129005640745,0.015803687274456024
26607616,0.022174667567014694,0.007839999161660671,0.0014447813155129552,0.01238378044217825,0.00491040013730526,0.00700528547167778,0.009066338650882244
26738688,0.08727029711008072,0.02209741435945034,0.03913107514381409,0.02444397658109665,0.0021190596744418144,0.04726038873195648,-0.00027110136579722166
26869760,0.030427690595388412,0.02096373960375786,-0.0022722601424902678,0.022147726267576218,-0.0006024828762747347,0.01982441358268261,
27000832,0.17445915937423706,-0.0025394978001713753,0.07308642566204071,0.0024533127434551716,-0.002173778135329485,0.017209367826581,
27131904,0.0023345143999904394,0.010707149282097816,-0.010640960186719894,0.01378396525979042,0.002483365824446082,0.0025439176242798567,
27262976,0.037514813244342804,0.01095776166766882,-0.003555598668754101,0.014571688137948513,0.0012535523856058717,-0.00032759306486696005,
27394048,0.041241876780986786,0.011415107175707817,-0.00010909056436503306,0.019404880702495575,0.0030006696470081806,0.0021210911218076944,0.04723646864295006
27525120,0.04147341847419739,0.012030625715851784,0.002329719951376319,0.016372444108128548,0.0009498005965724587,0.0013570088194683194,0.05224024876952171
27656192,0.025906147435307503,0.0040965317748487,0.013820269145071507,0.015397178940474987,0.004582465626299381,0.004561921115964651,0.05738750100135803
27787264,-0.014265825971961021,0.0034638650249689817,-0.009135596454143524,0.006374171935021877,-0.00256681302562356,-0.002451011911034584,0.0005547002074308693
27918336,0.03259697183966637,-0.0007540083024650812,0.007091235369443893,0.006292908918112516,0.0014856818597763777,0.000858837622217834,
28049408,0.09391123801469803,-0.0059365928173065186,0.009156562387943268,-0.005249004811048508,0.006532527506351471,0.02919929288327694,0.00159959658049047
28180480,0.06472783535718918,0.01847638376057148,0.024249408394098282,0.01640176959335804,0.007121335249394178,0.007493576034903526,
28311552,0.08211766183376312,0.0060719377361238,0.023119695484638214,0.0070179058238863945,0.0020042569376528263,0.01908981055021286,0.001788706867955625
28442624,-0.029360109940171242,0.010343394242227077,-0.02667098678648472,0.016773637384176254,8.80317747942172e-05,0.0005251347320154309,0.003994249738752842
28573696,-0.0017006826819851995,0.02093196101486683,-0.003604324534535408,0.02468254044651985,0.0053748441860079765,0.0036273114383220673,
28704768,0.043123066425323486,0.017453143373131752,0.00034494310966692865,0.03289658948779106,0.006823246832937002,0.0035718674771487713,0.017767779529094696
28835840,0.04732475429773331,0.019604573026299477,-0.00018002319848164916,0.028711019083857536,0.0048471009358763695,0.00666582677513361,0.029304061084985733
28966912,0.09326068311929703,0.0006447933265008032,0.007640211842954159,0.0026994305662810802,0.0027226184029132128,0.008223130367696285,0.1075226217508316
29097984,-0.042584534734487534,0.0036833463236689568,-0.001280292053706944,0.0030222241766750813,-0.0019736913964152336,-0.002093867165967822,0.0035120686516165733
29229056,0.018224017694592476,0.004050362389534712,0.0053776283748447895,0.005348362028598785,0.0021688032429665327,0.003967972006648779,
29360128,0.027721701189875603,0.01046429481357336,0.0030211862176656723,0.01898854225873947,0.005208857823163271,0.005452779121696949,0.01446235179901123
29491200,0.13806967437267303,-0.018403125926852226,0.003183277091011405,-0.02306547574698925,0.009506719186902046,0.015340029262006283,0.0010702305007725954
29622272,0.1173861101269722,-0.002305362606421113,0.07978218793869019,-0.003708847798407078,0.005448250565677881,0.013332149013876915,6.554851279361174e-05
29753344,0.06153387203812599,0.011284626089036465,-0.04514491930603981,0.016128307208418846,-0.0055032167583703995,0.01966901123523712,0.0024278350174427032
29884416,0.09811360388994217,0.0006951530813239515,0.16161133348941803,0.003064521122723818,-0.0013107925187796354,0.007650464773178101,
30015488,-0.017112238332629204,0.011355830356478691,-0.08516688644886017,0.02169506996870041,-0.009051123633980751,-0.003760711755603552,
30146560,0.03304027393460274,-0.0035570329055190086,-0.008161789737641811,0.005758223123848438,-0.004293757490813732,-0.001100655528716743,0.01997303031384945
30277632,0.047360748052597046,0.0005114267696626484,-0.0011187141062691808,0.005987309385091066,-0.0006850046338513494,0.0009523907210677862,0.124372698366642
30408704,0.013645474798977375,0.0028909859247505665,-0.0004526476259343326,0.003458960447460413,-0.0004470178100746125,-0.0017367301043123007,-0.0007426940719597042
30539776,0.0008761626668274403,0.009750167839229107,0.003660180140286684,0.0022268265020102262,0.0013503975933417678,-0.00034168941783718765,0.0076409741304814816
30670848,0.03131198137998581,0.013143453747034073,0.0002886356378439814,0.02666662260890007,0.005634857341647148,0.008135830983519554,0.03649064898490906
30801920,0.16258713603019714,-0.020652640610933304,0.001552461995743215,-0.023536959663033485,0.004742916207760572,0.013047439977526665,
30932992,0.18036039173603058,0.0011105830781161785,0.05368391051888466,-0.0026158010587096214,0.011588296853005886,-0.021663252264261246,0.001217039069160819
31064064,0.09292012453079224,0.00904148630797863,0.016750693321228027,0.012087802402675152,0.004105155821889639,0.013142294250428677,
31195136,-0.07644374668598175,-4.790573439095169e-05,-0.03001616895198822,0.019954534247517586,-0.00010612767800921574,-0.0019306153990328312,
31326208,0.033558160066604614,0.007463106419891119,-0.006832895800471306,0.014709917828440666,0.0007787536014802754,0.002765330485999584,0.0023411260917782784
31457280,0.03631305322051048,0.005771620199084282,0.01057357992976904,0.02086104452610016,0.00462473975494504,0.007277979515492916,0.03294610604643822
31588352,0.04049326479434967,0.0016494023147970438,0.0021770705934613943,0.00644831033423543,0.003412340534850955,0.0035099710803478956,0.1614101678133011
31719424,0.005723863840103149,0.0031424914486706257,0.0032339892350137234,0.0036130500957369804,0.002246273448690772,0.003210644703358412,
31850496,0.02529655583202839,0.00017147581093013287,0.03406232222914696,0.0027321709785610437,0.0010015721200034022,0.0019837236031889915,
31981568,0.046599842607975006,0.0010556174675002694,0.043967753648757935,0.01176176406443119,-0.002084661042317748,0.0005027022561989725,
32112640,0.12527096271514893,-0.02202603407204151,0.031188927590847015,-0.03160270303487778,0.0062896148301661015,0.014933067373931408,0.0011191406520083547
32243712,0.04672515019774437,0.017048722133040428,0.0027185024227946997,0.019625432789325714,0.00533979432657361,0.011966448277235031,0.0014001920353621244
32374784,0.15775947272777557,0.028363225981593132,-0.018662072718143463,0.03188014030456543,-0.00025784943136386573,0.021733876317739487,
32505856,0.02006685733795166,0.0019744010642170906,-0.023229209706187248,0.010946942493319511,0.0031713966745883226,-0.004961139056831598,
32636928,0.057292673736810684,0.014106104150414467,-0.05642908066511154,0.02072925493121147,0.004808323923498392,-0.001016812864691019,0.0106816366314888
32768000,0.03214248642325401,0.004365623462945223,-0.006473875604569912,0.013052372261881828,-0.0004276439140085131,-0.0003058298316318542,0.10422296077013016
32899072,0.07906827330589294,0.01737692765891552,-0.007130239624530077,0.02004890888929367,0.007648326922208071,0.0023873134050518274,0.17221879959106445
33030144,0.005084185395389795,0.0034769373014569283,-0.00015997246373444796,0.002888384507969022,0.0001610281178727746,-0.0003067846118938178,
33161216,0.012884204275906086,0.0003288770676590502,0.0013705964665859938,0.0059626344591379166,0.001152070239186287,0.004071635659784079,
33292288,0.041775405406951904,0.006520336493849754,-0.00024853055947460234,0.019468940794467926,0.0004779034061357379,0.005146439652889967,
33423360,0.05649418383836746,0.007384509313851595,-0.0005648629157803953,0.016641462221741676,0.0017852704040706158,0.0034822970628738403,0.006442136596888304
33554432,0.06392776966094971,0.011811926029622555,0.03394889086484909,0.009716550819575787,0.008269766345620155,0.04921812191605568,0.0020553634967654943
33685504,0.09501642733812332,0.01997409015893936,0.02624497190117836,0.026350021362304688,0.000999924843199551,0.016659751534461975,
33816576,-0.026799801737070084,0.008128722198307514,-0.025313884019851685,0.02241232618689537,-0.0029143416322767735,-0.0053178309462964535,
33947648,0.04216896742582321,0.009936203248798847,-0.005076329689472914,0.0138262789696455,0.0009085119818337262,0.00019110753783024848,
34078720,0.05211205035448074,0.005187337286770344,0.0038699235301464796,0.011802088469266891,0.0014290355611592531,0.0034309644252061844,0.0626782774925232
34209792,0.08291115611791611,0.008669661357998848,0.0007981085800565779,0.01114564947783947,0.003977600485086441,0.0023933632764965296,0.18480251729488373
34340864,-0.007209744304418564,0.005401671398431063,-0.001648849225603044,0.005614305380731821,-0.0004945712280459702,-0.0007439679466187954,0.0014583257725462317
34471936,0.0017682352336123586,0.006821527145802975,0.0005929996259510517,0.011931384913623333,0.004975726827979088,0.0036507053300738335,0.0038336801808327436
34603008,0.036646388471126556,0.012970584444701672,0.002101222751662135,0.014858387410640717,0.006221400108188391,0.001492979470640421,0.020522642880678177
34734080,0.13308608531951904,-0.02451314590871334,0.004217354580760002,-0.01971360668540001,0.012853763997554779,0.028924737125635147,0.00456668296828866
34865152,0.04406706988811493,0.014790368266403675,0.025878550484776497,0.015395032241940498,0.005131882149726152,0.027076315134763718,
34996224,0.10004337877035141,0.030875133350491524,0.06710802763700485,0.041282910853624344,0.01194691564887762,0.04163970425724983,
35127296,0.008206707425415516,0.007921083830296993,-0.015015892684459686,0.02257893607020378,-6.172616849653423e-05,-0.0033964787144213915,
35258368,0.046094655990600586,0.012895203195512295,-0.0050415643490850925,0.02003229223191738,0.0053214519284665585,0.00624437490478158,0.026848765090107918
35389440,0.09356360137462616,0.004744032397866249,0.0020874489564448595,0.003914933186024427,-0.0010436481097713113,0.002218557521700859,0.16274183988571167
35520512,0.11093217134475708,0.004335292614996433,0.018012691289186478,0.024872712790966034,0.001112021622247994,0.01287076249718666,
35651584,-0.008653305470943451,0.0060370792634785175,-0.0006268785218708217,0.007268217857927084,0.0020215101540088654,0.0011678880546241999,0.0010434152791276574
35782656,0.012824395671486855,-0.0034248263109475374,-0.00041447000694461167,0.013921686448156834,-0.0012139170430600643,0.0008723075734451413,
35913728,0.01646438241004944,0.004104545805603266,0.0005922242999076843,0.012509874999523163,0.0010062596993520856,0.0007087314152158797,0.014941097237169743
36044800,-0.0317426398396492,0.06258368492126465,0.0009193028090521693,0.07853802293539047,0.0017301124753430486,0.01352190226316452,0.0027777503710240126
36175872,-0.0010875510051846504,0.021547956392169,-0.027499089017510414,0.029652485623955727,0.00039062040741555393,0.02541271597146988,
36306944,0.11313604563474655,0.02725888416171074,0.13619059324264526,0.03589737415313721,0.00835599284619093,0.025829002261161804,0.004228867590427399
36438016,-0.008450472727417946,0.003945172764360905,-0.026650674641132355,0.009837706573307514,-0.00816282257437706,-0.010173894464969635,
36569088,0.03748641908168793,0.018459323793649673,-0.003614306915551424,0.01681067980825901,0.0029731360264122486,0.00464888010174036,0.009141015820205212
36700160,0.10747771710157394,-0.0023927667643874884,0.013589893467724323,0.0031408064533025026,-0.0002318394253961742,0.0013958064373582602,0.13336394727230072
36831232,0.022147124633193016,-0.003095662919804454,0.03727162629365921,0.006896417587995529,0.005613839253783226,0.015144933946430683,0.08462082594633102
36962304,-0.003705922281369567,0.00892928522080183,-0.0005030555184930563,0.007990678772330284,0.002543517854064703,0.0012603442883118987,
37093376,0.025098079815506935,0.0011175544932484627,-0.00037474214332178235,0.0018432008801028132,0.001316826674155891,0.0012613075086846948,0.005198053549975157
37224448,0.05573737621307373,0.014744700863957405,-0.0007696256507188082,0.010994942858815193,0.004414974711835384,0.0036000791005790234,0.00730493851006031
37355520,-0.027702728286385536,0.06607446819543839,-0.0018679006025195122,0.07883108407258987,0.007713599596172571,-0.008053421974182129,
37486592,-0.009707434102892876,0.020158419385552406,-0.03222891688346863,0.02860621176660061,0.003009839914739132,0.027475442737340927,0.0009559423779137433
37617664,0.06791984289884567,0.02320156618952751,0.09591720998287201,0.026953300461173058,0.0035625300370156765,0.012228070758283138,
37748736,-0.03843452036380768,0.006161040160804987,-0.040349267423152924,0.016021108254790306,-0.0074789985083043575,-0.009343354031443596,
37879808,0.005226298701018095,0.028156746178865433,-0.006266969256103039,0.025578027591109276,0.005321373697370291,0.009488382376730442,0.0017485388088971376
38010880,0.0815969854593277,0.0016760918078944087,0.0017662009922787547,0.006786273326724768,4.5777225750498474e-05,0.000559171661734581,0.12130830436944962
38141952,0.01470225676894188,0.01195997092872858,0.014029698446393013,0.029989050701260567,-0.0034343779552727938,-0.00044024389353580773,0.11913503706455231
38273024,-0.010126294568181038,0.010780618526041508,0.0005489621544256806,0.012509198859333992,0.003697361331433058,0.0022571017034351826,
38404096,0.034013327211141586,0.0037732096388936043,0.0017811659490689635,0.010171234607696533,0.0030947148334234953,0.00041319732554256916,
38535168,0.051007334142923355,0.009592526592314243,-0.00029853489832021296,0.017993910238146782,0.005816215183585882,0.0030227159149944782,0.013318142853677273
38666240,-0.01300297025591135,0.07007385045289993,-0.002399950521066785,0.07568295300006866,0.00024651375133544207,-0.010824093595147133,0.008575037121772766
38797312,0.016250161454081535,0.01565411314368248,0.008742316626012325,0.021069593727588654,0.006856401450932026,0.020593808963894844,
38928384,0.049288105219602585,0.03011438064277172,0.08863294869661331,0.033773262053728104,0.006221810355782509,0.00944062415510416,
39059456,-0.048348963260650635,0.014471744187176228,-0.051673706620931625,0.02570325694978237,-0.013420290313661098,-0.013591278344392776,
39190528,0.022297674790024757,0.019401004537940025,-0.014716277830302715,0.018920039758086205,0.0009367206366732717,0.00315265916287899,0.002249006647616625
39321600,0.10718361288309097,0.000903643318451941,0.007293643429875374,0.006064068526029587,-0.0011776973260566592,0.0009139644098468125,0.10712194442749023
39452672,0.02953626960515976,0.01325397752225399,0.0012576216831803322,0.04315243661403656,0.009444575756788254,0.01021411269903183,0.1440252810716629
39583744,-0.006763155572116375,0.008692688308656216,0.0084347203373909,0.007373407483100891,0.002761228010058403,0.0014054799685254693,
39714816,0.030010929331183434,0.0037912940606474876,0.015840763226151466,0.006442565005272627,0.002245586132630706,0.003029109910130501,0.006279094144701958
39845888,0.057176001369953156,0.012582072988152504,0.009875190444290638,0.024341505020856857,0.004215477500110865,0.004231959581375122,0.017816975712776184
39976960,0.05583976209163666,0.017852401360869408,0.004061185289174318,0.027516787871718407,0.006335907150059938,0.0029463465325534344,0.024472380056977272
40108032,0.03092215023934841,0.02548452652990818,0.08604099601507187,0.036633387207984924,0.016070125624537468,0.04286041483283043,0.0021846401505172253
40239104,0.04079866781830788,0.027742840349674225,0.06816273182630539,0.03242023289203644,0.0032020395155996084,0.008259972557425499,
40370176,0.028051093220710754,0.002072405070066452,-0.02746621146798134,0.02339196391403675,0.0008077140082605183,-0.0014364162925630808,
40501248,-0.0022371835075318813,0.018044762313365936,-0.018106793984770775,0.021192973479628563,0.0008106401655822992,0.001852312358096242,0.001224989420734346
40632320,0.14706961810588837,-0.002133527072146535,0.00035953897167928517,0.001117197098210454,-0.0037087963428348303,-0.0041132657788693905,0.09115423262119293
40763392,0.004301003646105528,0.006398953963071108,0.006231313105672598,0.03226213902235031,0.00733967637643218,0.007990237325429916,0.15718862414360046
40894464,-0.0010500871576368809,0.006490055005997419,-0.0007987514836713672,0.005792472045868635,0.0009428937919437885,0.0004304485337343067,
41025536,0.025434201583266258,0.0028133445885032415,0.0016275986563414335,0.006098255980759859,-1.9137773051625118e-05,0.001236572628840804,
41156608,0.0397317111492157,0.011889171786606312,0.0006805245066061616,0.01879172958433628,0.006250462494790554,0.004808544181287289,0.014177386648952961
41287680,0.018612883985042572,0.04405960440635681,-0.0015801553381606936,0.06630042940378189,0.004558208864182234,-0.005712540354579687,0.005061384756118059
41418752,-0.02545972540974617,0.011322339996695518,0.0064675817266106606,0.024399563670158386,0.006178221665322781,0.03154216334223747,
41549824,0.06533681601285934,0.030179472640156746,0.07745494693517685,0.04328271374106407,0.007947412319481373,0.01630759797990322,
41680896,-0.03839409351348877,0.00559079647064209,-0.05023368448019028,0.004898950923234224,-0.007456106599420309,-0.01120268739759922,
41811968,0.0006203605444170535,0.023788146674633026,-0.011590356007218361,0.027606433257460594,0.0016927729593589902,0.005884445272386074,0.00854580570012331
41943040,0.0874699130654335,0.0009110997198149562,-0.006010847631841898,0.0011652159737423062,-0.002294780220836401,0.0010584304109215736,0.11121426522731781
42074112,0.0517621785402298,0.015963390469551086,9.37111399252899e-05,0.028890034183859825,0.007186708971858025,0.00674277450889349,0.14545847475528717
42205184,-0.00017669631051830947,0.007166705559939146,0.006733929272741079,0.009307910688221455,0.0017361969221383333,0.00038048758869990706,-0.0001811529800761491
42336256,0.0214217659085989,0.007395104970782995,0.015258558094501495,0.010168831795454025,0.0007468836847692728,0.0011291602859273553,0.001356127904728055
42467328,0.04106547310948372,0.009831488132476807,0.012045198120176792,0.01965716853737831,0.004178009461611509,0.000494019768666476,0.025127973407506943
42598400,0.06695014238357544,0.00969469640403986,0.0010489783016964793,0.0321040153503418,0.006700706202536821,0.0074413190595805645,0.01422439981251955
42729472,0.027481097728013992,0.012341078370809555,0.11799108237028122,0.02097085863351822,0.02506754733622074,0.033290743827819824,
42860544,0.005502282176166773,0.034011103212833405,0.07796268910169601,0.04020687937736511,0.010777551680803299,0.008195014670491219,
42991616,0.11275080591440201,0.024679919704794884,0.058653395622968674,0.037733979523181915,0.010747409425675869,0.01310079824179411,
43122688,-0.01953434944152832,0.029385365545749664,-0.028608577325940132,0.02759430557489395,0.006287908181548119,0.009598431177437305,0.004937931429594755
43253760,0.11488589644432068,0.001266289851628244,-0.004163177218288183,0.0077138626947999,0.001421379391103983,-0.002226978074759245,0.053382281213998795
43384832,0.04516589641571045,-6.02350446570199e-05,0.011245683766901493,0.020780442282557487,0.011385167948901653,0.009252404794096947,0.11649779230356216
43515904,-0.004970749374479055,0.00675830477848649,0.0012882932787761092,0.008371474221348763,0.002355896169319749,0.0011392903979867697,
43646976,0.03217197209596634,0.000978459371253848,0.009277564473450184,0.0022496525198221207,0.00031145059620030224,-0.0004896457539871335,
43778048,0.03938169777393341,0.011885851621627808,0.0022632768377661705,0.024124201387166977,0.004487893544137478,0.0035989200696349144,0.024958644062280655
43909120,0.03841731697320938,0.007628771010786295,0.0016546169063076377,0.033241093158721924,0.008065848611295223,0.0025858203880488873,0.04863334819674492
44040192,0.042326878756284714,0.014256221242249012,0.13721276819705963,0.021589849144220352,0.022119903936982155,0.025650907307863235,-0.0012604905059561133
44171264,-0.017281556501984596,0.03498690575361252,0.0629875510931015,0.04505476728081703,0.010658666491508484,0.011110997758805752,
44302336,0.15533316135406494,0.027168646454811096,0.11539162695407867,0.045711129903793335,0.011537276208400726,0.026873338967561722,
44433408,0.004020472057163715,0.019445277750492096,-0.009042637422680855,0.024414103478193283,0.00353226182051003,0.0056149279698729515,-0.004498721566051245
44564480,0.13596153259277344,-0.009727018885314465,-0.0019903623033314943,0.000255816790740937,-0.005899583920836449,-0.0017892459873110056,0.11898906528949738
44695552,0.04906906932592392,0.020707735791802406,0.02520756423473358,0.03186760097742081,0.008746339939534664,0.010489605367183685,0.01307675801217556
44826624,-0.004935404285788536,0.007983971387147903,-0.00048651351244188845,0.010903618298470974,0.0026259152218699455,0.0015047501074150205,
44957696,0.03304838389158249,0.005962207913398743,-8.733422873774543e-05,0.007850674912333488,0.003041907912120223,0.002382049337029457,
45088768,0.03460023179650307,0.009119260124862194,0.004229189362376928,0.013724271208047867,0.001626097597181797,0.0007615262293256819,0.027891552075743675
45219840,0.06156912073493004,0.012135305441915989,0.0003902213938999921,0.0264111515134573,0.0037185619585216045,0.0037450098898261786,0.02254013530910015
45350912,-0.014664536342024803,0.04485365003347397,0.058976706117391586,0.06231505796313286,0.016077689826488495,0.04430076479911804,
45481984,0.022966986522078514,0.030803337693214417,0.06536874920129776,0.03971628099679947,0.00833474937826395,0.012253202497959137,
45613056,-0.08511373400688171,0.0028815525583922863,-0.04476676508784294,0.001975409919396043,-0.007654635235667229,-0.009389967657625675,0.013667555525898933
45744128,-0.01421236339956522,0.024143675342202187,-0.008900614455342293,0.03181993216276169,0.0052530039101839066,0.00853293389081955,
45875200,0.13861459493637085,-0.0036235845182090998,-0.005402461625635624,-0.008478549309074879,-0.003142415778711438,-0.00107394449878484,0.06894007325172424
46006272,0.04005458950996399,0.00562578160315752,0.0012403592700138688,0.03674432262778282,0.006864985451102257,0.008489814586937428,0.12077194452285767
46137344,-0.0046490151435136795,0.010309233330190182,-0.00042423297418281436,0.012463625520467758,0.003454358782619238,0.002840300789102912,
46268416,0.00906765554100275,0.00971777644008398,0.0004896142054349184,0.021038826555013657,0.005857122130692005,0.007378747686743736,0.00610203156247735
46399488,0.036413002759218216,0.006742049008607864,0.001136740786023438,0.01721382513642311,0.002985594794154167,0.00564564298838377,0.06277374923229218
46530560,0.05507504940032959,0.01869574934244156,-0.002756536705419421,0.03302336111664772,0.008357173763215542,0.008014058694243431,0.013144982978701591
46661632,-0.01786770485341549,0.03056170977652073,0.11119227111339569,0.04125235974788666,0.025464989244937897,0.05427513271570206,
46792704,-0.01819855347275734,0.034758735448122025,0.037105951458215714,0.052884411066770554,0.011477065272629261,0.022889913991093636,
46923776,0.07649411261081696,0.01546746026724577,0.03801235929131508,0.03290001302957535,0.012633703649044037,0.011067706160247326,
47054848,-0.013358230702579021,0.018973058089613914,-0.008383287116885185,0.030658887699246407,0.012941874563694,0.011509898118674755,
47185920,0.03042449802160263,0.011037249118089676,0.00034012270043604076,0.02140989527106285,0.0033291804138571024,0.0017359337070956826,0.10042715072631836
47316992,0.046452611684799194,0.0060778832994401455,-0.004713728558272123,0.01998472586274147,0.0016367011703550816,0.0019980783108621836,0.19974792003631592
47448064,-0.009231583215296268,0.011641924269497395,0.00022778006677981466,0.013308691792190075,0.0031594540923833847,0.0015797845553606749,0.0014026594581082463
47579136,0.037861067801713943,0.00694942707195878,0.0020951253827661276,0.00974932499229908,0.003935688640922308,0.004249364137649536,
47710208,0.033532556146383286,0.015050285495817661,0.0004953207680955529,0.022957462817430496,0.004212541040033102,0.004679087083786726,0.02653784491121769
47841280,-0.0683528482913971,0.07484414428472519,-0.0015384445432573557,0.11109564453363419,0.015357584692537785,0.002276704180985689,0.0027462071739137173
47972352,-0.14421239495277405,0.03256357088685036,-0.02110416628420353,0.05673711374402046,0.013713419437408447,0.03917642682790756,0.0011565055465325713
48103424,0.019463147968053818,0.03796573728322983,0.07199381291866302,0.047989651560783386,0.014621489681303501,0.02685127966105938,-0.0011262450134381652
48234496,-0.09255927056074142,-0.0036321391817182302,-0.021914999932050705,0.020870229229331017,-0.0007782611646689475,-0.0048081842251122,
48365568,-0.02556297741830349,0.025206739082932472,-0.0052125537768006325,0.032277584075927734,0.0064285327680408955,0.0062871091067790985,0.004821258131414652
48496640,0.07622428983449936,-0.005061331205070019,0.00016177466022782028,0.010056872852146626,-0.002308556577190757,-0.002044911030679941,0.1128169447183609
48627712,0.07041803747415543,-0.0002683235506992787,0.000176699148141779,0.012100588530302048,0.0024376618675887585,0.0048059201799333096,0.1784432828426361
48758784,-0.013912012800574303,0.012264284305274487,-0.0008259575115516782,0.011806212365627289,0.005257075652480125,0.0033205323852598667,0.0010211106855422258
48889856,0.017689410597085953,0.0008859478402882814,0.0018694049213081598,0.00848366878926754,-0.0017477211076766253,-0.0017710252432152629,0.011912924237549305
49020928,0.061331845819950104,0.006474217399954796,0.0021229786798357964,0.011413593776524067,0.0022653050255030394,0.0039016196969896555,0.01038037333637476
49152000,0.07396432757377625,0.009398958645761013,0.00023555483494419605,0.0242394357919693,0.0004895521560683846,-0.00016432016855105758,
49283072,-0.020744342356920242,0.03963208571076393,0.09799723327159882,0.048853397369384766,0.02330727130174637,0.048680275678634644,
49414144,-0.03816194087266922,0.038421232253313065,0.05407389998435974,0.04797614738345146,0.01141897402703762,0.013146082870662212,
49545216,0.10597873479127884,0.024728182703256607,0.06225630268454552,0.036334287375211716,0.009690712206065655,0.020544882863759995,0.008458961732685566
49676288,-0.020700708031654358,0.03215242549777031,-0.017114033922553062,0.03340629115700722,0.010350700467824936,0.00995563343167305,0.002510098274797201
49807360,0.13264237344264984,-0.010950997471809387,-0.0029306027572602034,-0.0028597889468073845,-0.008051014505326748,-0.007115640677511692,0.13166457414627075
49938432,0.0981125608086586,0.02416956052184105,0.02580183744430542,0.04634943976998329,0.001113789970986545,0.006687209941446781,
50069504,-0.023968739435076714,0.014635059051215649,0.003667559241876006,0.015564720146358013,0.0024858482647687197,0.003032470354810357,0.004657810553908348
50200576,0.006706250831484795,0.015552998520433903,0.0033757484052330256,0.014678094536066055,0.007519017439335585,0.006745768710970879,0.026108674705028534
50331648,0.05127556249499321,0.02399170957505703,-0.006728578824549913,0.036904264241456985,0.006360337138175964,0.009756817482411861,0.063789002597332
50462720,0.03373726084828377,0.012595582753419876,0.0006287124706432223,0.028843825682997704,0.003320278599858284,0.004639307502657175,0.09621572494506836
50593792,0.0056374166160821915,0.04396011307835579,0.08108356595039368,0.05199730396270752,0.022506391629576683,0.04078175127506256,-0.00037013107794336975
50724864,-0.037376586347818375,0.03613562509417534,0.005866528023034334,0.05301953852176666,0.012435682117938995,0.011874827556312084,
50855936,0.14840084314346313,0.03459358960390091,0.03879797086119652,0.041357189416885376,0.011545958928763866,0.035296082496643066,0.006763993296772242
50987008,-0.0009864072781056166,0.03618820011615753,-0.04442324861884117,0.03909114748239517,0.014038048684597015,0.007338173687458038,0.003683896502479911
51118080,0.10807502269744873,-0.005260268691927195,-0.010723909363150597,-0.0001448879047529772,-0.0032527928706258535,0.0002026514703175053,0.1839531809091568
51249152,0.04479474946856499,0.024082759395241737,0.03029862977564335,0.06102566048502922,0.010374408215284348,0.014480197802186012,
51380224,-0.008673982694745064,0.008466687053442001,-0.00042371859308332205,0.012507527135312557,0.0034815033432096243,0.002045832574367523,
51511296,0.01992706023156643,9.41705729928799e-05,0.0005625936901196837,0.0037056605797261,0.00025930674746632576,-0.0005458424566313624,0.0068106441758573055
51642368,0.05996791273355484,0.005763644352555275,-0.0002881594409700483,0.012592324055731297,-4.0890292439144105e-05,-1.889929990284145e-05,0.012041103094816208
51773440,0.07038578391075134,0.011680652387440205,-0.0010347086936235428,0.027211127802729607,0.003579523414373398,0.004064691253006458,
51904512,-0.04458058625459671,0.05570915713906288,0.06590071320533752,0.08027283847332001,0.025576990097761154,0.04758781939744949,
52035584,0.011787556111812592,0.029139172285795212,0.04106837883591652,0.04384857416152954,0.008605219423770905,0.014464789070189,
52166656,0.03395290672779083,0.011119665578007698,-0.01569353975355625,0.023702561855316162,-0.0027794253546744585,0.007412413600832224,0.020037958398461342
52297728,0.025216972455382347,0.019361251965165138,-0.02236141636967659,0.025661004707217216,0.005846625659614801,0.005348736885935068,0.0013768309727311134
52428800,0.14444823563098907,-0.012266693636775017,-0.0023768432438373566,-0.0022995187900960445,-0.00640821224078536,-0.0031188642606139183,0.12240906804800034
52559872,0.09333296120166779,0.020584044978022575,0.02198789268732071,0.03685130551457405,0.013606063090264797,0.01174373272806406,0.022863345220685005
52690944,-0.019111910834908485,0.014993433840572834,-0.0016736474353820086,0.019235819578170776,0.008376018144190311,0.006103455554693937,0.003951406106352806
52822016,0.0035149313043802977,0.015211289748549461,-0.0002820550580509007,0.016885405406355858,0.009246698580682278,0.006507982034236193,0.016402717679739
52953088,0.054446276277303696,0.00797936599701643,0.0022078303154557943,0.023519715294241905,0.005897111725062132,0.005006908904761076,0.02445935644209385
53084160,0.03206228092312813,0.01714635081589222,0.00017419096548110247,0.04709019139409065,0.007970375008881092,0.010022608563303947,0.025356747210025787
53215232,-0.006458318326622248,0.02410397306084633,0.10854655504226685,0.03953304886817932,0.020475000143051147,0.03719235956668854,
53346304,-0.0031591772567480803,0.020203083753585815,0.01851969212293625,0.034892961382865906,0.0056344750337302685,0.012382120825350285,
53477376,0.09747260808944702,0.014914823696017265,0.22557872533798218,0.029155081138014793,0.014422949403524399,0.018708080053329468,
53608448,-0.012189149856567383,0.020173292607069016,-0.06601642072200775,0.03148268908262253,0.014160411432385445,0.010165846906602383,-0.0014566334430128336
53739520,0.11428621411323547,-0.005843222141265869,-0.011336546391248703,0.003351757535710931,-0.00622000964358449,-0.0002854513004422188,0.08898467570543289
53870592,0.06094259023666382,0.004886548034846783,0.007162044290453196,0.03675379604101181,0.00690941046923399,0.00944599974900484,0.08728168159723282
54001664,-0.01057289820164442,0.01081047486513853,-0.000993850757367909,0.013149249367415905,0.005492080934345722,0.003999523818492889,0.001123254420235753
54132736,0.01724621281027794,0.008012873120605946,0.004581528715789318,0.01358382124453783,0.004356852266937494,0.004308526404201984,0.008335255086421967
54263808,0.051886074244976044,0.009040510281920433,-0.0006945218774490058,0.016794046387076378,0.004373052157461643,0.002334033604711294,0.014169309288263321
54394880,0.05675646662712097,0.009025691077113152,0.0004891131538897753,0.04630463570356369,0.008125984109938145,0.0056885285302996635,
54525952,-0.06395810842514038,0.04137663543224335,0.0836569145321846,0.06926698237657547,0.01891903579235077,0.05579230561852455,
54657024,-0.01197759248316288,0.022205764427781105,0.030696894973516464,0.039572861045598984,0.0012874529929831624,0.01760806329548359,
54788096,0.09406798332929611,0.02709371969103813,0.10764756053686142,0.05807275325059891,0.021508948877453804,0.028737647458910942,
54919168,-0.013485750183463097,0.014944707043468952,-0.021476296707987785,0.018459048122167587,0.004693963564932346,0.005034933798015118,0.00477113900706172
55050240,0.08381909132003784,-0.0005346033722162247,-0.0019272444769740105,0.013880129903554916,0.0012806410668417811,0.0011569225462153554,0.0782659500837326
55181312,0.06876558065414429,0.005037924274802208,0.005033413879573345,0.03444819152355194,0.001743558095768094,0.008544756099581718,0.11528564989566803
55312384,-0.006869134493172169,-0.001134731457568705,0.018921952694654465,-0.0013159258523955941,0.0004058968333993107,-0.0001864423102233559,0.002034384524449706
55443456,-0.013562849722802639,0.0027404476422816515,0.019263654947280884,0.015652062371373177,0.005868134554475546,0.0033815319184213877,0.003396253800019622
55574528,0.052709273993968964,0.0002533004153519869,0.006490889936685562,0.01985926926136017,0.0034677134826779366,0.000385200692107901,0.011802387423813343
55705600,0.04904504865407944,0.011035568080842495,0.0005747635150328279,0.0425439327955246,0.00748644582927227,0.00618814816698432,0.01641768589615822
55836672,-0.01326226256787777,0.032126884907484055,0.10107649117708206,0.059481073170900345,0.008303407579660416,0.044235073029994965,
55967744,-0.03389903903007507,0.02895810268819332,0.0020124996080994606,0.05412755906581879,0.002382215578109026,0.021762317046523094,-0.0005580056458711624
56098816,0.12115582823753357,0.02756163477897644,0.06327789276838303,0.05338742211461067,0.008498887531459332,0.016401806846261024,0.01157210860401392
56229888,-0.008668065071105957,0.0025803931057453156,-0.04466506093740463,0.027171751484274864,0.0032279961742460728,0.002694186754524708,0.012079508975148201
56360960,0.0897383764386177,-0.0040313019417226315,-0.011181480251252651,0.004833419807255268,-0.00023263182083610445,0.0022613885812461376,0.07597348093986511
56492032,0.06218656152486801,0.010804831981658936,-0.0022084740921854973,0.03797140344977379,0.010240995325148106,0.005832482594996691,0.12354843318462372
56623104,-0.0017989014741033316,-0.00027767798746936023,0.008129890076816082,0.00044245205936022103,0.0007763745379634202,0.0004658933321479708,
56754176,0.009674989618360996,-0.002010330092161894,0.020304741337895393,0.008444968611001968,0.0029916323255747557,0.0014679633313789964,
56885248,0.04322483763098717,0.0038974799681454897,0.020009521394968033,0.021870246157050133,0.007602239027619362,0.00662350095808506,0.0007206741720438004
57016320,0.04593294858932495,0.014473441056907177,0.007983510382473469,0.03278283774852753,0.019810356199741364,0.00809739250689745,0.01491378154605627
57147392,0.0350300595164299,-0.000812100013718009,0.062523253262043,0.011398359201848507,0.025706462562084198,0.027711447328329086,
57278464,-0.008314847014844418,0.03917611017823219,0.03550276532769203,0.09538553655147552,0.02004430629312992,0.022381776943802834,
57409536,0.06839921325445175,0.03456889092922211,0.018793653696775436,0.07760918885469437,0.012275333516299725,0.013187898322939873,0.012681905180215836
57540608,0.03486102819442749,0.016045359894633293,-0.03663128614425659,0.03579958900809288,0.010327879339456558,0.0016697453102096915,0.0033966030459851027
57671680,0.09674457460641861,-0.004714266397058964,-0.00442534638568759,0.004693646915256977,0.0004445428494364023,0.00040411518421024084,0.10555081814527512
57802752,0.02060922607779503,0.030221426859498024,0.019239621236920357,0.0685499832034111,0.00044388140668161213,0.011997297406196594,0.0422370582818985
57933824,-0.009905977174639702,-0.0034680827520787716,0.026457929983735085,-0.0023853944148868322,-0.0011915559880435467,-0.0028208293952047825,
58064896,0.02703879214823246,-0.0069345748052001,0.03737805038690567,-0.0028956991154700518,-0.005604218691587448,-0.006768496241420507,
58195968,0.06531858444213867,-0.0013523070374503732,0.04505065456032753,0.005875090602785349,-0.0001403578935423866,-0.00433717155829072,0.006657596677541733
58327040,0.012843076139688492,0.014039050787687302,-0.003994108643382788,0.04183276370167732,0.01215276774019003,0.006036404054611921,0.06812045723199844
58458112,0.04581327363848686,-0.011489673517644405,0.0799737349152565,-0.02142857015132904,0.017861424013972282,0.037218622863292694,0.004822234157472849
58589184,0.10674206912517548,0.000545969873201102,-0.029588546603918076,0.006697962526232004,0.0018733589677140117,-8.972430805442855e-05,0.03583473712205887
58720256,0.05755070596933365,-0.004077602177858353,-0.01207712572067976,0.010316755622625351,0.0019338020356371999,-0.00238883588463068,0.0494549423456192
58851328,0.07235678285360336,0.011261646635830402,-0.01955549232661724,0.03216365724802017,0.002519801491871476,-0.006213447544723749,
58982400,0.054076313972473145,0.0018618021858856082,-0.002089907182380557,0.021810773760080338,0.000980543321929872,-0.0008193872636184096,0.05973223224282265
59113472,0.11347390711307526,0.0044403462670743465,-0.008933156728744507,0.006816231645643711,0.004903001710772514,0.002935208845883608,0.11887463927268982
59244544,-0.0020925395656377077,0.004799505230039358,-0.0003083045594394207,0.0037234839983284473,0.0012263646349310875,-0.00044268011697568,
59375616,0.02900584042072296,-0.0008443105034530163,0.001293703680858016,0.005714644677937031,0.002425573533400893,0.0014485155697911978,
59506688,0.02591557614505291,0.009789380244910717,0.00025347989867441356,0.016167739406228065,0.003078639740124345,0.00153488595969975,0.028839444741606712
59637760,-0.0867682695388794,0.06286722421646118,0.01683174818754196,0.11320718377828598,0.014799277298152447,0.04039199650287628,
59768832,-0.03606420010328293,0.032288629561662674,-0.1589217185974121,0.0677628219127655,0.014425751753151417,0.030906660482287407,
59899904,0.02873201109468937,0.02738659828901291,0.08089561015367508,0.04692190885543823,0.008591931313276291,0.01837438903748989,
60030976,0.018557477742433548,-0.0006439341232180595,-0.08577267825603485,-0.001735517056658864,-0.005441873334348202,-0.009297019802033901,
60162048,0.024428552016615868,0.0203873161226511,-0.009573034942150116,0.0264785997569561,0.0056650531478226185,0.00361427990719676,0.010399200022220612
60293120,0.13755425810813904,-0.01580156572163105,0.013896840624511242,-0.011980375275015831,-0.015328504145145416,-0.004300866741687059,0.23800773918628693
60424192,0.04885699227452278,0.002782579977065325,0.03023403137922287,0.011758428066968918,0.007358692120760679,0.008085189387202263,0.008407519198954105
60555264,-0.010165813378989697,0.0010685467859730124,0.0008501745760440826,-0.00045594217954203486,0.0017649611691012979,0.00027710935682989657,
60686336,0.024405112490057945,0.0034505361691117287,0.0010434442665427923,0.0017067830776795745,0.0033404307905584574,0.0031188942957669497,0.003026473568752408
60817408,0.05249776318669319,-0.0014852285385131836,-0.00048771934234537184,0.010005452670156956,0.008093639276921749,0.0041412971913814545,0.0072769043035805225
60948480,0.060606904327869415,0.01053660362958908,-0.0008117118268273771,0.028710562735795975,0.003901486750692129,0.0010557834757491946,0.02042330428957939
61079552,-0.03136271983385086,0.0410599447786808,0.004372561350464821,0.08090512454509735,0.009575311094522476,0.0330476388335228,
61210624,0.0389060452580452,0.025852739810943604,0.007848633453249931,0.05458677187561989,0.009242378175258636,0.036684129387140274,
61341696,0.022636495530605316,0.011421657167375088,-0.019118284806609154,0.031486134976148605,0.003150515491142869,-0.0035566408187150955,0.04068269208073616
61472768,0.057375986129045486,0.00754470843821764,-0.013037248514592648,0.02829786390066147,0.0034516314044594765,0.0024928287602961063,
61603840,0.11143334954977036,-0.00504198856651783,-0.014972218312323093,0.0033821752294898033,-0.0010594632476568222,-0.002799625974148512,0.02234911546111107
61734912,0.07268276065587997,0.012297027744352818,0.007132980041205883,0.025775043293833733,0.002674051793292165,0.00837370753288269,0.11266116052865982
61865984,-0.01090203132480383,0.004443009849637747,0.0005203605396673083,0.008009850047528744,0.0015377786476165056,-0.0002017911319853738,
61997056,0.024380015209317207,0.0035497252829372883,0.0007233567303046584,0.0057709431275725365,0.0018461305880919099,-5.6495991884730756e-05,
62128128,0.04278624430298805,0.011574300937354565,-0.001650650636292994,0.021747538819909096,0.008520158939063549,0.005381335504353046,0.030558284372091293
62259200,0.05235311761498451,0.015050838701426983,0.0002170775696868077,0.025140907615423203,0.008864381350576878,0.008268490433692932,0.024408327415585518
62390272,-0.05889208987355232,0.044564925134181976,0.1181710734963417,0.08274425566196442,0.016357237473130226,0.050160691142082214,
62521344,-0.0252190250903368,0.024670708924531937,0.045172933489084244,0.04481473192572594,-0.002197254914790392,0.0179975014179945,
62652416,0.06709001958370209,0.029857926070690155,0.17031848430633545,0.0516354963183403,0.020068129524588585,0.02333012782037258,
62783488,-0.025971125811338425,0.02261578105390072,-0.029548896476626396,0.037301283329725266,0.007698964327573776,0.009619568474590778,
62914560,0.09587804228067398,0.00020681050955317914,-0.006872707512229681,0.010075194761157036,-0.001395003404468298,-0.0038749773520976305,0.04979385435581207
