collected_frames,grad_contrib/shaping,grad_contrib/roll_penalty,grad_contrib/roll_rate_penalty,grad_contrib/pitch_penalty,grad_contrib/pitch_rate_penalty,grad_contrib/shock_penalty,grad_contrib/action_bonus,grad_contrib/flipper_action_bonus,grad_contrib/terminal_bonus
262144,0.1229203197486257,0.1553805021005879,-0.011208973383996549,0.18311955824524112,0.0480458981713294,-0.24567249470871355,-0.21883872883464672,0.006402656360855692,0.008410868446003365
393216,0.24117239319094075,0.12893767373552656,0.003341910598297365,0.14028016508162366,0.03169402358418603,-0.11577293496371938,0.3327213719211255,0.004797862008908602,0.0012816649156721597
524288,0.2956824145363648,0.07628243413549994,-0.04277359837982033,0.11990879443142279,-0.0022428588193161565,-0.0901049410673115,0.364870572317873,0.006290832783562961,-0.0018435535288285681
655360,0.2364302716999811,0.04863068766238741,-0.014955836894693592,0.13214479506800222,0.005381691746330578,-0.07132247742694604,0.47685982186392517,0.009004591094984702,0.005269826542749179
786432,0.2149221090512053,-0.012075049480333954,-0.010869374767197727,0.19275103245525635,-0.007261230930723077,-0.07833195445582328,0.4405074645273934,0.019679527770515466,-0.023602256561551415
917504,0.1731642212077591,-0.17420077249210333,-0.05067384639752469,0.20121528253004067,-0.04333932482849992,-0.07737845693875789,0.19144837272386406,0.03690379908227296,-0.05167592379917739
1048576,0.03968129733206115,-0.06508278102826563,-0.07633477599433638,-0.2055575291327419,-0.08874242541043115,-0.14206934080051317,0.13295452447599757,0.15991559551362883,-0.08966173031202422
1179648,0.2530870486707611,-0.04666273561202846,-0.07225479786611474,0.13576074146088765,-0.10390471883110583,-0.07363990718559513,0.22496960215184517,0.0748674323655511,-0.014853015856110801
1310720,-0.17348672828297135,-0.04931553278341105,-0.0025156152444866485,-0.08518830177698447,0.006173953920037024,0.01606716190093903,-0.65049416627905,0.01648210718869474,-0.00027643262342570994
1441792,-0.24710160333636924,-0.03345036932823796,0.02736160718533495,-0.006720191822004037,0.04082337289582719,0.03896563710048285,-0.588261870076624,0.014054080467230598,-0.0032612677878892226
1572864,0.26878232277049724,0.017488071521020845,0.11891964347545214,0.1268961283319269,0.12546621944877684,-0.0463201233492441,0.2304669437793816,-0.050123243750041735,-0.015537303573658606
1703936,-0.26665552274726,-0.034860333324502855,0.006049388019422414,0.0304672111325421,0.016214020110098815,0.007008387730301405,-0.6235503492435758,-0.0005228588668135399,-0.014671928825483106
1835008,-0.1148398943938552,-0.0044356135990960815,-0.0038263084972884197,0.02493732803722494,0.006997965512206117,0.04787092611314454,-0.6438415616476223,-0.016335367629928647,0.13691503456963378
1966080,0.029098157641381926,0.00641232946713818,0.012520212304597255,-0.004544893092122061,-0.04352524984721462,0.043775985030416596,0.8092750950935782,0.014434512498347783,-0.03641356502520336
2097152,-0.16405836670475407,-0.03417256501323974,0.03414883527003378,-0.15472794770847353,0.03794627672593612,0.13168479720670664,0.32826493623524505,0.03891894593163222,0.07607732920397882
2228224,-0.04912317994055094,0.017545896461567904,0.022718742184446594,-0.002082270868242692,-0.0005497653628244753,0.04230074811579165,0.7570883635801157,-0.022443248748004376,0.08614778473845565
2359296,0.11453556143893329,-0.0038080039362158582,-0.02627861103980178,0.0227256105348623,-0.011007246117101466,0.031148853475049507,0.7197190553180326,-0.014711923047750571,-0.05606513509225266
2490368,-0.023077223270119882,-0.0411282816609162,-0.018609675205359902,-0.017486713709917473,0.014223387217635832,0.025722066241421097,0.715948087538121,0.02461273678771773,-0.11919182836879087
2621440,-0.06128305592261489,0.10632930445512177,-0.000472005356101767,0.01995198458828668,-0.01700370892644468,-0.03841004583034402,-0.5350145042891297,0.05253708035068628,-0.16899831028127021
2752512,-0.20570240390251762,-0.011507173092176857,-0.010119427518796352,-0.01720782426271603,0.001176001189248836,0.023890386363281186,-0.7146999883821479,0.014019205661142333,0.001677589627972912
2883584,-0.06645534121457755,0.0024106191721617355,0.03592783113277606,0.04044956029761916,0.03488588929157306,-0.036274155175953365,-0.7751924335408948,0.0021120520617591326,-0.006292118112685075
3014656,-0.15772080823974963,0.0016360121527319049,0.027376047402538226,-0.015962972098772666,0.0006091175831935929,0.005991552410273437,-0.7665575286108673,-0.01586893595235591,0.008277025549517264
3145728,0.039502385858278304,-0.03986277197936785,0.011670883192729771,0.022424907782035798,-0.003766461086269342,0.003524627534964851,0.7820188001902623,-0.0242126396646435,0.07301652271144832
3276800,-0.1809140212477957,-0.015720578753582334,0.1043065530538747,0.0912811208699747,0.11156050356461808,0.04566896038187483,-0.34676903987550756,0.011638652709456137,-0.09214056954331595
3407872,-0.19441294601947784,-0.0294591714498863,0.05219875865487086,-0.13367150835620611,0.07415402764854166,0.03970641013811823,-0.3570661715887506,0.013588078206184207,0.1057429279379642
3538944,0.0164381313072855,0.10175182378891608,0.02183998629969423,0.011277906431434672,0.017660855911266805,0.013372754773138406,0.7015932267083564,-0.019697253665950896,-0.09636806111395699
3670016,-0.08271802715824493,0.0006960465331842782,-0.02061402326501331,-0.05195886128441322,-0.006768298286634053,-0.011031895833920058,-0.7765116670142371,-0.0015948382361728054,-0.04810634238818021
3801088,0.023401362155694296,0.07217484909467825,0.02650038480375009,0.03172119384468252,0.06475071493066095,-0.03745810817585394,-0.6660717679652669,-0.03650953525513012,0.04141208377428299
3932160,-0.03908723912212884,-0.008251304090717676,0.03120276392383784,0.1285390391421154,0.03720815361270962,0.023421524555327047,-0.6926914571420777,0.021931859341614627,-0.017666659069471295
4063232,-0.18845968292953938,-0.0164584458816294,-0.008079245663829565,-0.028360793851377658,-0.0004081482288037024,0.014997015330790233,-0.723540383093254,0.01928302787786146,-0.0004132571429145774
4194304,-0.18167348234609743,-0.017926744633005306,-0.02290369926683121,-0.037729510051893865,-0.009065486808782037,0.05686565000736193,-0.6386275626330699,0.03382647595163205,-0.0013813883013263585
4325376,-0.2630174861624946,-0.041256124977424265,-0.010086293685830725,-0.042049851528805256,-0.0022899283398574656,0.006547925539041081,-0.6069000942965247,0.005873226722239797,-0.021979068747782143
4456448,-0.23851765082000825,0.0033212106566420495,-0.041994554389553594,0.06992164632449482,-0.006040963079873683,0.012662016509708152,0.34732907157995,-0.01750486716349373,0.2627080194762757
4587520,-0.10396340524363015,-0.016536665685100718,-0.026464940162299302,-0.03858601867551347,-0.006446119747457534,0.00902012444333549,-0.72262556110209,0.012170573158706736,-0.06418659178186667
4718592,-0.12957015261777538,-0.003054250961885567,0.016831962463738866,0.020450164573611925,0.012391168659783618,0.001653570236332094,-0.6775586675727646,-0.0038898619170216484,-0.13460020099708628
4849664,-0.3419642295391265,0.09665493387246864,-0.01621909284330648,0.08521222864611265,-0.0013458156765134522,0.032889396605079994,0.13958129838699732,0.04561914546727986,-0.2405138589631151
4980736,0.15004340228506324,0.007820798134842056,0.028450443245595095,-0.03680823269521088,-0.012874538720728967,-0.00413450643874295,0.6339858500070348,0.02144338345947646,-0.10443884501330561
5111808,-0.03940746194258555,0.05200644737908777,-0.021486179412988325,-0.12727080513281833,-0.05921985321906449,-0.02039811270200978,0.5710204158841452,-0.027378401335980854,0.08181232299131973
5242880,-0.008715342957300231,-0.018837830751349746,0.018812901028809975,-0.01172600236160059,-0.011564863113963824,0.012994009640600155,-0.6619054607996036,-0.007836620643844204,-0.2476069687029277
5373952,-0.20053235838620764,-0.013765020610678054,-0.004053495252162639,-0.025964507977043274,0.007386729245616147,0.010735915820624501,-0.7088737785443597,0.022384160797619058,0.006304033365688983
5505024,0.033571401700342104,0.0012227566747680554,0.10439630576739826,0.071730691064839,0.11650656090428231,-0.06014654604315262,-0.5739707377404619,-0.03778251569434073,-0.0006724844104150305
5636096,-0.20410854683384652,0.022016463465304753,0.0044169984507564635,-0.02055824869768805,-0.006745923729358162,-0.0020154050135561515,-0.6749743853203025,-0.0038620527729763495,0.06130197571621101
5767168,-0.11395164923522925,-0.0054237084559634555,-0.019449671376641137,0.010615301769159063,0.012459962441168164,0.013294573035938607,-0.7189060211889153,0.022142582821668828,-0.08375652967531615
5898240,-0.08582255799360315,-0.0013661346184976875,-0.03377467499649493,-0.023324576094515145,0.013196056334330773,0.002569036914605826,-0.7112395902738385,0.03100752275910789,-0.0976998500150061
6029312,-0.25809581299494716,0.04961748660067441,-0.03160172332754061,-0.09730995973959028,-0.03338389216422174,-0.031186301209412726,-0.33951456199469976,0.06678817790681468,-0.09250208406209864
6160384,-0.01181130849224568,0.041761581027941766,0.03456922419835462,-0.020128035818586555,0.032297563632055035,0.008269181900780404,0.6611956590771688,-0.02831536195724674,0.16165208389562033
6291456,-0.12549847998129504,0.0003461678313370622,0.07100885917280628,0.08045910070302055,0.03369288327790181,0.02729392337490147,-0.5188951052663102,-0.03900539655172622,-0.10380008384070133
6422528,-0.09291837881458133,0.059115776025791295,0.07903708188574753,-0.009509769318865388,-0.005145179403699276,0.04141258479784751,-0.5336137765946903,-0.05210169534764043,0.12714575781113696
6553600,-0.027986503576480973,0.042173066512910994,-0.014311693130286742,-0.05470855260897078,-0.010731359712329783,-0.0032249752157129403,-0.7204012626652122,0.01999977503762686,-0.10646281154046869
6684672,-0.17215352159857955,-0.006666424365484841,-0.004904355217710622,-0.009002443606088121,0.0076486938634042255,0.012341184684436802,-0.7612482721307238,0.02105957417532138,0.0049755303582507135
6815744,-0.15935788406263512,-0.006864071141636187,-0.030677535725807434,-0.06447617239474566,-0.02202405507195979,0.026835266099416017,-0.6258993598617282,0.05865654898693541,-0.005209106655136232
6946816,-0.5170525487069316,0.0074354677610561455,-0.00023439399540038937,-0.13365482291933065,0.004866776499660265,-0.002442322590292582,-0.13683086477676748,-0.08296680557862157,-0.11451599717193935
7077888,0.034215595193594364,0.009657129089846676,-0.005389379542979622,0.06233466262828413,-0.0013965299285550392,-0.010600989249214347,0.7037099824889567,-0.009115987826424428,0.16357974405214473
7208960,-0.08887042500568554,-0.0034169684871150872,0.056213091438444995,-0.03563544704564052,0.04258753418573434,0.004234963558958632,-0.594294507874504,0.01672204587914361,-0.15802501652477327
7340032,-0.19137900439985414,-0.019297949445823116,0.026119046223345058,-0.08915814280330213,0.032331457832889966,0.024155804911099605,-0.6099467325470571,-0.0017050666682538736,0.005906795168374954
7471104,-0.23005896336525503,-0.04885931398040723,-0.029717788602204177,0.12681026839165502,-0.014029936786906567,0.008811748444659356,0.13062065252093247,0.00013884642989879875,0.4109524814780814
7602176,-0.16995754067247615,-0.014119534486159512,0.009168166935859515,-0.0530205207110328,0.08397585303012983,-0.044423764796228206,-0.23424776733666064,0.020716016532768774,-0.3703708354986846
7733248,0.10077537839976183,-0.08570319763605762,-0.1572956433372494,0.10052904337985454,-0.0433676887410146,-0.07343102493196638,0.24659233077740966,-0.10334478112338709,-0.08896091167329888
7864320,-0.14418341300791607,-0.05678704385690962,-0.010673571974629814,0.051965781077350094,-0.07165852692707125,-0.08818900039254214,0.4224162799796778,-0.10022493334042663,0.053901449443476586
7995392,-0.1661896560029625,-0.014584200762507162,-0.008601057990421209,-0.03679692781210257,0.007212529105456764,0.00969423861097841,-0.7249557678612807,0.009789490224143332,-0.022176131630147356
8126464,-0.14339721569967695,-0.00970715720816818,-0.010098474390788396,-0.04118487418998097,-0.003857454046915174,0.01686134247633692,-0.7372761353023947,0.02788552714775188,0.009731819537986896
8257536,-0.31673352750330086,0.023558211987831323,0.003961402895357967,-0.08879746258691884,-0.01099378836288538,0.005997774930950755,-0.4580336102466838,-0.022701622096730913,0.06922259938934015
8388608,-0.11031834923579258,0.024286785828263373,0.00228991667345346,-0.05566986745253437,0.004030510641420144,0.019667351124287098,-0.6522685226013701,-0.015322118617099359,-0.1161465778257795
8519680,-0.14234295430152538,-0.01758952539837412,-0.025188760345704206,-0.04424462674254943,0.020259988180896513,0.016626215655290617,-0.5975096209588618,-0.03671377644353663,-0.09952453197326126
8650752,-0.15375150739580293,-0.003927931491269348,0.026052320480774892,0.02561767813318711,0.026247035446171643,0.041292125647783645,-0.5151554508189672,-0.06492176975656912,0.14303418082947414
8781824,-0.2197647519820853,-0.015340683385770828,-0.017885959862481714,-0.11608937751697287,0.003132815338358363,-0.01817877611109541,-0.5307451972363185,0.026519897791371004,-0.05234254077554596
8912896,-0.16713194311163132,-0.0121921020302463,-0.0699091002384749,0.038829602229745824,0.033696141243067294,-0.039827661977817334,0.169068000994107,-0.06015793298849788,0.40918751518641217
9043968,0.02032367672487243,-0.0017731587205788383,0.003592998223397799,0.016826981294225024,-0.019253195509138007,-0.0032614345575304707,-0.5804917388073367,-0.008505020175339741,-0.345971795987581
9175040,0.05520508371370405,-0.06844617178945078,-0.05540343512289885,0.08140401180178095,-0.024070348530805648,-0.01044322045315964,0.16863938790777688,-0.0016300764721765102,0.5347582642082467
9306112,-0.16434765956335912,-0.008146179611628118,-0.000997150437150184,-0.01578251252604588,0.013789661575734033,0.0161629795640123,-0.7445203204487919,0.007242559048467594,0.02901097722481091
9437184,-0.13171269136620192,-0.005713084246662311,-0.00944604832710985,-0.040515763186695024,-0.004346022072984612,0.008128659196124703,-0.7690200080951768,0.025365411235668132,-0.005752312273376653
9568256,-0.3227229242833304,0.01856937327288612,-0.01525419265611814,-0.040265180662533026,-0.0039957315369706405,0.005985304119857761,-0.5144843756439993,-0.039473120887832946,0.0392497969364717
9699328,-0.16354735482119576,-0.015154213733216307,-0.006616363806914467,-0.024109015429548443,0.018923556038050272,0.010300554982347894,-0.7254734381422868,0.0037831050922735743,-0.032092397954166414
9830400,-0.04919846255667309,0.047211057515571725,-0.04650768161690308,0.017239936723688443,0.051328462814339684,-0.030509304048025696,0.41781293508376904,0.037603088998202715,-0.30258907064282653
9961472,-0.11499239589435938,-0.006095162882064678,0.018106110712353914,0.0369084990151773,0.018633459383983076,0.016367641331646934,-0.5612932956716713,0.04150131842538815,-0.18610211668335527
10092544,-0.06781663406146174,-0.01933962360817302,0.01621256032861602,0.007942742619663172,0.017219663217374344,0.004299924953340997,-0.6240096306827141,0.01749350938073887,-0.22566571114791778
10223616,-0.0225888870164292,-0.001292984384409643,-0.00873612667359008,-0.061222803120285614,-0.012510691854305277,0.029891453736281277,-0.8004796384558605,-0.008209158696433282,0.055068256062405174
10354688,0.17665495541403034,0.07993425097785453,0.10765051523641764,-0.0524571327273937,0.09538656292447602,0.024800563132911423,-0.2659563828739145,-0.10928529744401742,-0.08787433926898446
10485760,-0.11717122066944709,0.0027580014314288795,0.006822300518453674,-0.0409904571656472,0.004591789498569837,0.014737729891718985,-0.7217316666112252,0.0238863426440583,-0.06731049156945076
10616832,-0.1841036359990262,-0.009114996537420242,-0.012134184230739992,-0.03954140278909447,0.003503342170004693,0.017170948068892578,-0.7092463342924887,0.014778877224180514,-0.010406278688152509
10747904,-0.14300321298219304,-0.011404653950258489,-0.01393295081156294,-0.029406430498089508,-0.00787463417137651,0.018480090591671217,-0.7384071202413074,0.021219527233461453,0.0162713795200795
10878976,-0.3677872729579659,0.04859965679733464,-0.02954959551872343,-0.1706642457485801,-0.0672718292674125,-0.009071040559371558,0.17133397174594975,-0.11867663390549159,-0.01704575349917051
11010048,-0.11497913265424461,0.0007723765533097171,0.013236885500049695,-0.032085960583552,0.01680916743227729,0.022513657365702478,-0.6644343105734046,-0.008737040274761453,-0.1264314690626981
11141120,-0.020128723998112708,-0.005154172069233601,-0.019227360768469044,-0.09241214544210118,-0.008043063662157155,-0.023763196160799006,0.6906037876734127,-0.01262628942364633,0.12804126080206824
11272192,0.04269685128924924,-0.02748935841084249,0.1688975890339387,-0.06413341212922714,0.044591540949238714,-0.03323825755241786,-0.09649785775777726,0.15721007514830462,0.36524505772900395
11403264,-0.12701367138935016,-0.038318484571262044,0.010068813863940651,-0.0345275111268344,0.05025602661021282,0.023112335863673405,-0.4768626510400543,0.01355100147594173,-0.2262895040587305
11534336,-0.09168175997055686,0.07624745234332068,0.05557831149730684,-0.06011319357550458,0.02456228136146149,0.04406663806132649,-0.5182821140008389,-0.014474584157175127,-0.11499366503250907
11665408,-0.016555904230186116,0.016625484634118646,0.02080826924377665,-0.010911611284603055,0.046306636994320055,0.0225864096767832,0.6314228079363162,-0.03275971995791396,0.20202315604198212
11796480,-0.06359282718231332,0.000740549099320252,-0.0016437160013913644,0.0024341899274493025,0.04910546622337862,0.013463077312639541,-0.8471775589837793,-0.0012023498929140714,-0.02064026537681416
11927552,-0.1589514273796709,-0.007077499587360056,-0.011957417235141602,-0.033411912239973106,-0.00419242688459918,0.010252230203300437,-0.7418739603571971,-0.0007665780033902516,0.031516548109367326
12058624,-0.13577752588505235,-0.011060375974577017,-0.02349170700991264,-0.039045649084798635,-0.01620517173128311,0.01640176951946308,-0.722275178998956,0.011659645015042871,0.02408297678091434
12189696,-0.36908127595456547,-0.013109416472778374,0.06597580432792974,-0.03696753199096292,0.015691450008788684,-0.006721472550679556,-0.36413039438260497,-0.016077312888452433,0.11224534142323787
12320768,-0.16123932901045857,-0.0031649385926437053,0.0008055918531313247,-0.008495225369031507,0.010397194341705456,0.00777898205296644,-0.6560190619984901,0.02034643908134277,-0.13175323770023006
12451840,0.1873226924890261,0.02955688038292207,0.05656935001563176,-0.13675157286825504,-0.04714446910613637,0.042894136381035355,0.16755448237114842,-0.1890188554373294,0.14318756094851548
12582912,-0.1569713059171297,0.056622520824673984,0.05585875103313662,0.027910388917808202,0.0246849743803803,0.02264194343228991,0.4868247260951632,0.009493146977969515,0.15899224242144855
12713984,-0.09331360765214407,-0.05187920997034395,0.00870677801637844,-0.0772506147261033,-0.037977225278337405,0.0632606516032613,-0.21221610764453733,0.05135709915350951,-0.4040387059553847
12845056,0.020405553346059643,0.047346586584661024,-0.017707744376716,-0.09983704735416597,0.006681730568319254,0.049951224610171124,0.534903216659672,0.07398228604202575,0.14918461045820927
12976128,0.06549077439645767,-0.006206370552457188,-0.03587826354315042,0.03613507900677282,-0.11086053376282572,-0.01719946808081344,0.6930157037268312,0.004357143337784859,-0.03085666359290666
13107200,-0.13325568288511333,0.04123547105026254,0.06639012897066589,0.05141013151751759,0.05644475069506421,0.08800695238208787,-0.5454050713333843,0.015047824701933929,-0.002803986463970251
13238272,-0.1432807965814302,-0.0166939611695535,0.004253182471853958,-0.014078620450626876,0.01534192541929677,0.008529810807430625,-0.7594187230101126,0.0074624770491748165,0.030940503040520692
13369344,-0.07658773557834267,-0.008001990591963576,0.038448278514236205,0.044232152741906824,0.05391379649528227,-0.02188041992320189,-0.7194127435980066,0.02106761786046628,0.016455264696593665
13500416,-0.21627334631319395,0.08635111834966672,-0.004160524400214517,-0.0898928074973364,-0.004462428829335114,0.012778222883462207,-0.5420787915175099,-0.029218731698273385,-0.014784028511007808
13631488,-0.10863549892687015,0.013310119291045622,-0.012242751360193252,-0.018597278216660136,0.015106101008821392,0.017798672257358993,-0.7134868509263252,-0.005214204559163624,-0.09560852345356163
13762560,-0.015036856674112864,0.06218948603667357,-0.061932320603007796,-0.037363625778467836,-0.06516105785264702,-0.022820517275756208,-0.7022445151143412,0.0009549491241885765,-0.032296671540805025
13893632,-0.17271313793034984,0.07007254684387244,-0.003911983381137802,0.036693195464785215,-0.003942445909873348,0.03028347552174081,-0.613985037562018,0.048538135005911864,-0.019860042380310645
14024704,-0.07083439961518784,-0.13272410083371255,-0.06012724444368036,-0.10148443668161203,0.0016013362049157208,0.010629659407518371,-0.5723502278064891,-0.011803938544381061,0.03844465646250297
14155776,0.07093080483820335,-0.08951479652488588,-0.06603407306268837,0.1494640744513125,0.014361790109793441,-0.062041976154713345,0.25566921701123774,0.08146767587977455,0.2105155919673908
14286848,-0.04256706848111251,-0.06171608890165767,-0.015868065786219413,-0.028708449068867496,-0.0064250413686749944,0.007082258647928033,-0.8260596319306145,0.00944833300566407,-0.0021250628092613047
14417920,0.0970776492816171,-0.09393386864724196,-0.014472338584423466,0.139211546923401,0.030305071992186197,-0.0026895869269301887,-0.553515124152952,-0.042797463961021194,-0.02599734953022689
14548992,-0.1973336903243771,-0.0397678661714274,-0.011567654179824388,-0.0098816451778741,0.008857644107674015,0.0062370024529238965,-0.6974575872144838,0.021912954407415287,-0.00698395596400004
14680064,-0.13811397582230273,-0.006830362558496135,0.020081848313645335,0.036239291707485015,0.04568406839875549,0.06325500135997808,-0.649713035709529,-0.03606344427163134,0.0040189718581768955
14811136,-0.24952571935516477,-0.00342581277687214,0.03860794595899092,-0.0933944062514098,-0.01988250139111086,0.01951099160725414,-0.47816025391335315,-0.08369989769708334,-0.013792471048760913
14942208,-0.1597978073569973,-0.025261616353594127,-0.016147618002407587,0.01520935761574103,0.008982946682910043,0.017620277857702774,-0.676613714773018,0.009870162444782905,-0.07049649891284626
15073280,0.03677285000392308,0.004919493641084276,0.007686696415365061,-0.0017233596457161718,-0.02046240676440067,0.0031899054070920955,0.8689422832701489,-0.014391251527139715,0.0419117533251301
15204352,0.09028905249334541,0.011771108544949367,-0.028177792314883106,-0.14523912828919167,-0.05203369525589699,-0.013203422768749322,-0.40835978836896913,0.13241407928127333,-0.11851193268274167
15335424,0.0029530937324782694,-0.018137108393705425,-0.029012565796386718,-0.005816904507586796,0.049629381295295684,-0.019051565558791107,0.5762879750007414,-0.006989188263312472,-0.29212221745170214
15466496,-0.019344600501935007,0.041766591006245433,0.05005634294715231,0.11236190853209656,0.07114594021354545,0.03499747187259144,0.3463458483853073,0.08559855910439876,0.23838273743672772
15597568,-0.22662793466597128,0.037336580811041534,-0.1219264988189977,-0.07822648106885033,0.01719776500210015,-0.0015239296705394712,-0.4664466542460213,0.04626314129188261,0.004451014424595643
15728640,0.01646402711497507,-0.009645767191638503,-0.021075482028722305,-0.03301428244749669,0.011098196553513141,0.012893256528086563,-0.7840873258753828,0.06721838272760494,0.04450327953258001
15859712,-0.18047156159517194,-0.0032373668386925544,-0.01693459118127581,-0.014086458400646882,-0.003935763193458216,0.01639385953456115,-0.7553213945975683,-0.008251232031126597,0.0013677726274985678
15990784,-0.1344935818398036,-0.008840645402152838,-0.018545766883517577,-0.02689686390073923,-0.01511839061704022,0.015144572096276253,-0.7709003591045008,0.0017176886603912287,-0.008342131495578239
16121856,-0.38393900280007626,0.005585420885897085,0.11151232708907348,-0.09593277914483282,-0.012145909225689522,0.012030616827668473,-0.1620140536838543,-0.12696706433934984,-0.08987282600355824
16252928,-0.1558310841737283,-0.016390742454931384,-0.01394929848526515,0.009048492243926773,0.017341553110606856,0.012749838782087073,-0.7515517910103047,-0.00197802893615762,-0.02115917080299214
16384000,0.046136715070695965,-0.017113240613047007,0.012437889799711166,0.05193883649238701,-0.006145645059215845,0.010076561734308678,0.7897101931834,0.004732304922006351,0.061708613125228046
16515072,0.10435134163063514,0.037589025713929296,-0.11152361943684079,-0.17446261201467778,0.022649280899696617,0.009030496837060859,0.2572396274461408,0.12589937930933034,-0.15725461671168833
16646144,-0.1872237206625277,0.002264096589111106,0.016548785966759762,-0.11479551019103207,-0.015115499054451009,0.004089417624899252,-0.4245191018117754,-0.00020776197694724532,0.23523610612249649
16777216,0.0030808477225172147,0.019091861675891487,0.03495439454233992,-0.0646943981055148,-0.02810472511648457,-0.012168386797757197,0.6330947448846205,-0.035175057727420835,-0.16963558342745347
16908288,-0.04258146270873054,-0.0038082529303048044,-0.023173531759064114,0.05420197117498833,0.02498227634922225,-0.016646479336164987,-0.3706996368547983,0.03724974231895549,0.4266566465677712
17039360,-0.0015793822649850932,0.08185877795883269,-0.0011927948567967228,-0.02057865073823161,0.007440866931046334,0.022186041380363244,0.8530720006908461,0.007901978462695861,0.004189506716202405
17170432,-0.15882912500339388,0.0015549975784135987,-0.004414415992279349,-0.0022191962896944296,0.010092796784553259,0.016042177701971246,-0.7539594535856492,0.008019484055631668,-0.04486835300841341
17301504,-0.12427116717055828,-0.006656919456724249,-0.020114568353672046,-0.05257218065705845,-0.01640216987397485,0.020426401274619088,-0.7449798723752311,0.01262190411581715,-0.0019548167223447373
17432576,-0.3351299784609053,0.012938790146534797,0.015394478507629568,0.041571297007253746,-0.006697073210513478,0.012331215017680317,-0.44772689477222766,-0.11531836912175364,0.012891903755501491
17563648,-0.07164661275234308,0.025478105052409977,-0.04064663964302539,-0.16325413462645957,-0.02354772877606649,0.04858509658356288,-0.22912535748019072,0.03860526025352618,-0.35911106483241567
17694720,-0.0598399630015487,0.03587724536001313,0.03419802093640504,-0.03688759983871654,0.015136881159313244,0.026738664701695822,-0.7145209794751307,0.009890100669028271,-0.06691054485814855
17825792,-0.2777585803277203,0.1589949061049039,0.030709883415806667,-0.17840703627351973,0.0789077274366938,0.033638150568688886,0.027025463751297486,-0.06523836432400909,0.1493198877973602
17956864,-0.15178836092678274,-0.06884089900829596,0.022482552394014484,-0.0032916636830468025,-0.028149852373105824,0.039081479683408867,-0.4019353488882947,0.06980432209278299,0.21462552095026763
18087936,0.1450910033479562,-0.06148774135393937,-0.06757641314475325,0.15867114392863033,-0.018293167318632265,-0.0636751453718461,-0.40614162514529417,0.020467689132913334,0.058596071256034964
18219008,0.08323485582730951,0.013139061029119301,0.03292835426729791,-0.06389001880113032,0.017815442416937416,0.06354977119182993,0.45464946221522146,-0.03376224330549555,-0.23703079094565857
18350080,-0.16322835879265507,0.06497394226427365,0.12902974933967026,-0.10147843031505271,0.050749434727680474,-0.0069171813122947115,-0.0058670756562825745,0.022829731679118906,0.4549260959129717
18481152,-0.14802752648302944,-0.021858046999142428,-0.006642550045451443,-0.028288371476645525,-0.0002280544188659795,0.012920722136882256,-0.7439103873489191,0.02691260448010076,0.01121173661096301
18612224,-0.12245635284054335,-0.003309912448330982,-0.01953473912213803,-0.032464500552211784,-0.011213949182693823,0.01578718661332093,-0.7800443986343045,0.006681695096828966,0.008507265509627573
18743296,-0.37554780952600175,-0.00769355735207832,-0.030348753010815775,-0.003124431710612079,-0.011814552801629593,0.01199794291164726,-0.4232857036642762,-0.10768429072850604,0.028502958294433004
18874368,-0.15774770170039504,-0.02768178160504415,-0.006111623138368417,0.012421472720664415,0.005402074910358701,0.008976490465671472,-0.7164659435831612,-0.006264247144296871,-0.058928664732039726
19005440,-0.239431929934164,-0.15327951947392798,0.01566161233957847,0.025217010007525294,-0.06521090020365396,0.005751236351591302,0.14901162418650282,-0.07581791554008123,-0.2706182519629749
19136512,-0.27917593029052445,0.03193512559720789,0.00924791727435543,0.12635936229760716,0.04147577018704444,-0.03204535976169921,-0.2964901568946566,-0.03343317366600791,0.14983720403089695
19267584,-0.27051151506148047,0.02387988666930747,-0.03898525117284682,-0.09153976200631542,-0.03961908252248251,-0.023187346830424713,-0.15838667618690155,-0.039796429931164314,0.3140940496190768
19398656,0.34759403684307316,0.036972352758045446,-0.052262561209227044,0.0038237045075472974,0.06980319549228975,-0.07097111013885858,0.16916405681062435,-0.0535932086749517,-0.19581577356538268
19529728,-0.14768119357026346,-0.008548831896136089,0.015798972274243466,-0.007644953756901385,-0.01656415881093309,0.004917940664120978,-0.6888506347655703,0.046837666094160575,0.06315564816767064
19660800,-0.11805132584311348,0.012438953446436862,0.02753488956113754,-0.020748933662856316,-0.00021795253132324827,0.02190496003080191,-0.5851414814970154,-0.0035143731141396147,-0.2104471303131756
19791872,-0.1756196546029951,-0.02575779300783209,-0.014419137833580847,0.005948155518399412,-0.002264435203887041,0.01224931353269253,-0.7511511030910148,0.0122027515837735,-0.0003876556258246646
19922944,-0.1287681750590474,-0.006375636932028066,-0.022341252201434122,-0.04376061709190442,-0.018492975453045277,0.02589107395823473,-0.7324535361227114,-0.003869394979154206,0.01804733820244037
20054016,-0.20133883718977952,0.036012104626926035,0.03048999091320988,-0.016337340293231264,0.01864138124073236,0.02015032613546487,-0.5822652486740297,-0.07415592301278667,-0.020608847913839684
20185088,-0.12008378815587151,-0.023381132972151396,-0.017570152229839042,-0.03972247290122774,0.012340802803921533,0.02208679982731642,-0.5959214651935695,0.0026894047933160733,-0.1662039811227868
20316160,0.09614107778400571,0.04761601436783811,0.04321447524531288,0.08117927779196146,0.06911808634494405,0.05577977734746494,-0.49737519066817476,-0.0665448309191735,-0.043031269531124586
20447232,-0.07052417055187567,-0.024077768361363553,-0.009883827928989529,-0.012872787370937399,0.026032301302839962,0.09777182472270549,0.43878488929696685,-0.23483741537641903,0.0852150150879025
20578304,-0.07845972413781009,-0.05749917798994649,0.03901102764847255,-0.05409593887577083,0.03774884808991168,0.03884050549891845,-0.4971109963463297,-0.06990337019737886,0.12733041121546132
20709376,-0.01790117600344241,0.015763049197894553,0.02569471690238386,-0.05033313671590677,0.014787530927448991,0.07258651098608745,-0.4837207921715549,0.02958798524796204,-0.28962510184731904
20840448,-0.09644814530490735,-0.027974947484458997,-0.02354550686544373,-0.06262611835432608,0.005480651213143997,0.010610086759873702,-0.6351837992846278,0.046785214998263436,-0.09134552973495493
20971520,0.04768925054977715,0.011746801605642565,-0.015103136470567453,-0.02360654419542827,-0.03681706153159952,-0.0003306388753206423,0.7087724554495899,-0.04956839689874769,-0.10636571442332687
21102592,-0.16435881898789534,-0.01206019767263324,0.014956292494843027,0.006133888027956244,0.016245934378602653,0.01752275688744923,-0.7446907163681488,0.012607867861495536,-0.011423527320975924
21233664,-0.11898657311251278,-0.0009345189350950885,-0.014497638657317218,-0.04823441995481768,-0.008973881073370717,0.019263744622007663,-0.7655970024223991,0.009362667589578029,0.014149553632901707
21364736,-0.24687552480605307,-0.02106044828618369,0.004501056742899192,-0.012006959903287305,0.01215564296572998,0.02404825699100568,-0.5547532344054453,-0.06915110696648474,-0.05544776893291105
21495808,-0.14212565558480608,-0.02409132687102491,-0.016687634320154635,0.0005615607219308043,0.02756187427977252,0.01326918807596074,-0.6514499936681625,0.005921620359209917,-0.11833114611897794
21626880,-0.15209505307015703,-0.00019491988234224576,0.04152440613187544,0.03433688551980392,0.020814083741049986,0.001960589340214429,-0.4911512166796894,0.04444189898898088,0.21348094664588663
21757952,-0.2324241372633857,-0.0008926844051098886,-0.002844063344641762,-0.10648367967134888,-0.0008113526744813318,0.007430080289395247,-0.4508492328049823,-0.0356187174761823,-0.16264605207047256
21889024,-0.12267579383960907,0.021052036808880088,0.06466074832302912,-0.14965802289461116,0.10584040236978348,0.006305534356311652,-0.12309883018427348,-0.023067330059756534,0.3836413011637454
22020096,-0.009905066333518895,-0.020635333585944,0.04071143074216732,-0.012574029909175295,0.06370849343127197,0.03959035920837622,-0.6459873600629222,0.052667110791368266,-0.11422081593525575
22151168,-0.11044862813694842,0.006591863705591517,0.030664366107637394,-0.0353618313200673,-0.01100671351340979,0.026817450151819584,-0.5549507612643838,0.04972462021634867,0.17443376558379356
22282240,-0.02661997173083003,-0.011724877136807173,-0.05560186650896415,-0.08101584976677915,-0.03169960459822828,0.017365192649623,0.15671706031037425,0.11429399503422952,-0.5049615822641644
22413312,-0.14571957065327976,-0.011638121975837525,-0.008346499401403086,-0.029171481638173454,0.0003749846523215656,0.008510383327881857,-0.7740920100311434,0.010086948768289632,0.012059999551669818
22544384,-0.13948911668336791,-0.0065094077097577795,-0.022649315237210678,-0.03163235891454883,-0.013808183396188821,0.022507291431595796,-0.7497998258519593,-0.0016487919791201892,0.011955708796250773
22675456,-0.2966705071190809,0.0339439211931043,0.012075676863916824,-0.1263073945842887,-0.01175279472420179,-0.0017463271441827074,-0.4422555965944289,-0.07418737263999457,0.001060409136801325
22806528,-0.12391608931901124,-0.014580534626700389,-0.006917815624560023,-0.05192013786772983,0.0061114127847952185,0.011873439369027388,-0.7174513085433278,0.02246485113556473,-0.04476441072928332
22937600,-0.21963336425909957,0.11910600474083255,0.08594014419487198,0.10579249933464469,0.07889013308889435,0.07388703507623283,-0.045370687886666435,0.21580567398815031,-0.05557445743060727
23068672,-0.11812233782792597,-0.04411675262133764,-0.03137365346138668,-0.10701661635816266,-0.07334338212022974,-0.018596146015367635,-0.47437979517296935,-0.03926211065019288,-0.09378920577242744
23199744,-0.0338340282871287,-0.07920643140171442,-0.024987900757596212,-0.07988238292097455,-0.03488112505291502,0.00398261200355255,-0.6022719586979145,0.04265855449735744,0.09829500638084665
23330816,-0.06525670256090504,-0.019666511087014893,-0.03202536430726893,-0.07682401515745252,-0.017063530052986543,0.009909219004902365,-0.7387905578271748,-0.01656117360016518,-0.023902926402129706
23461888,-0.18546973779840173,-0.00957320549587873,-0.10608914911158676,0.054420678481235524,-0.013301677576462535,0.00804842817885374,0.2836662120994241,-0.06252334160697759,-0.2769075696511793
23592960,0.12207012284208607,0.016792486859491567,-0.060122629075896834,0.006268447246327114,-0.022169663751053385,0.07834622799860082,0.5595113551505007,-0.047768297903151645,-0.08695076917289193
23724032,-0.14846587906611672,-0.011162278222838738,-0.012157611860487262,-0.02745704736916157,0.01197110665682045,0.011465928531884419,-0.7632974133274338,0.0128534917604934,-0.0011692432047636437
23855104,-0.12382712333096633,-0.008274634785781514,-0.027229585032078545,-0.03407322746941516,-0.018532078650693416,0.015130932656998313,-0.7484583307492094,0.0026595426815226725,0.021814544643334592
23986176,-0.2113034742820469,0.0003541060262563698,0.03364063668852208,-0.0781790485679909,0.008450065193615724,0.018472571277639887,-0.5973174233660642,-0.033729810454574,0.018552864143289896
24117248,-0.14219627367962775,-0.008922978474688342,-0.0009943040549206647,-0.022290653015916588,0.017146746420406225,0.01629600504131678,-0.7236001267316814,0.01134859089480704,-0.05720432168663528
24248320,-0.14744119742529602,0.001590498974934163,0.04689442621713899,-0.19229448108205435,0.022163329274436625,0.018186505611876878,0.08419047510882516,-0.03074386236361797,-0.45649522394181985
24379392,-0.00506338956403513,-0.02311327811208559,0.006826408839599741,-0.1061172694102657,-0.0427889156501014,-0.0012860353007238285,0.5063238444469329,0.05478001814253344,-0.25370084053372227
24510464,-0.06303396362322056,-0.010709626364886477,-0.02820727784540694,0.059712409238650066,-0.026704436948799756,-0.009601964347684407,0.28609014473342503,-0.02197443552366286,-0.4939657413742639
24641536,-0.10233943702833823,-0.015782642969989446,-0.08145472991435548,-0.11929631202401643,-0.0005236108260317542,0.01566751399685079,-0.42567436116850993,0.11688312942172097,0.12237826265018698
24772608,-0.2364450908069874,-0.03399641182084254,-0.027625806250553362,-0.11193263626449683,-0.02214103472352107,0.02317988161534377,0.037669247442993534,0.0233786330366321,0.4836312580386294
24903680,0.20105829646812057,0.0477856980274394,-0.021638439995395477,0.20676102028847307,0.10668460361164804,0.023750706466433045,-0.03357591557630993,-0.031906577667924096,-0.3268387418982564
25034752,-0.16143613813172675,-0.012901664144211546,-0.00653396972452171,-0.016212660358205858,0.0056100862603872936,0.007977405903292201,-0.7728129104131267,0.012613743276428488,0.0039014217880994698
25165824,-0.12960359063788443,-0.007851780735492479,-0.01591935200993651,-0.04517971057046918,-0.005214019235636822,0.01992535948424024,-0.7672518655232085,-0.003155794066386439,0.0058985277367454856
25296896,-0.2056852839210325,-0.024122378311342573,-0.004700795552312785,-0.0956566045041395,-0.02642607286604731,0.02347492787523998,-0.49783617661401497,-0.011445832220113033,-0.11065192813575733
25427968,-0.11147249790522007,-0.016368597116930735,0.008800987982301632,-0.01111912460545118,0.017988374287058705,0.022280881550336928,-0.7048882171051633,0.02071902882327538,-0.08636229062426212
25559040,0.06766648747734522,-0.02742121919368079,-0.03366407548110562,-0.08176785594296442,-0.013593412228043512,-0.022965288550767328,-0.2528736434676533,0.06523591709899634,0.43481210055944347
25690112,-0.09458979762444325,-0.009457530787257735,0.025912505067387726,0.01676125354522764,-0.006490270152082774,0.06369622329154559,-0.14326279567097952,0.1253611627141969,-0.5144684611468788
25821184,-0.1272423539974987,0.02661649950571385,-0.025991417394726244,-0.01807631940413123,0.08826357089280075,-0.03545528798766637,-0.6118722276739478,-0.04128970638550652,-0.02519261675800857
25952256,-0.03515716781650645,0.0028441025351812585,-0.03791351558878088,-0.07877924015247169,-0.001190595116376128,-0.00846132973702846,0.6088881148170417,-0.014229094714471483,-0.21253683952214186
26083328,0.02249984497262172,0.026412145562630895,0.027760171931481684,-0.008687231757303742,0.0468887511245167,0.046322961886003294,-0.44377659061711666,-0.025207622545583418,0.3524446796027419
26214400,-0.3150970816519295,-0.03524874669512808,-0.00174082680410783,-0.0574990722610302,-0.016027895949966318,-0.02439643609560879,0.16525448176718463,0.0817464713787737,-0.30298898739627095
26345472,-0.17327003983907885,-0.009472550852437134,-0.003554200981116127,-0.017902073488029805,-0.002618860576000952,0.019574224044458327,-0.7019506354675737,-0.008272369379604594,-0.0633850453717005
26476544,-0.12170297029454086,-0.006652158659498632,-0.021627110083263817,-0.03241492193256334,-0.011878589463764758,0.018188307615626592,-0.7691037454710347,-0.002194848046453505,-0.016237348433253886
26607616,-0.27727643482606007,-0.004154551968920636,0.03446161972386558,-0.19663913956217435,-0.025993653427787367,0.02631709386327448,-0.3653159530878779,-0.04980259584042081,-0.02003895769961881
26738688,-0.22631106157995545,-0.018701015551524407,-0.01732535482788539,-0.00761798008508404,0.022616117254476948,0.02013706383188964,-0.611429696197441,-0.009287311812588099,-0.06657439885915505
26869760,-0.008339179102184279,0.03462092729673195,0.00042234063643247215,-0.07775239417654825,0.07010048887763706,0.017097185793424265,-0.6101507511636697,-0.03551685647301231,-0.1459998764803597
27000832,-0.09512807564286196,-0.009333599348730003,-0.0037115474607541284,-0.017366829429188674,0.01606188659076572,0.0076772637059586936,-0.710865464603625,-0.01284982770128711,-0.12700550551682874
27131904,0.042418634496551984,-0.05057226973946509,-0.007888492515068802,-0.10845980697220882,0.013360582877545279,0.014292587550448373,0.552489802708847,-0.087888258882751,-0.12262956425711373
27262976,-0.08128051343839125,0.018809253518171046,-0.011547918637055102,-0.1554273326901491,-0.11374185589815088,-0.04016313189268589,0.19224127261531418,0.1676696705291439,0.21911905078093868
27394048,-0.17939008154957395,0.028750742483301433,-0.0335256402433032,-0.24219777269492898,-0.03818153720558246,-0.0038042794687817,-0.33558725714662824,-0.011998544209072702,0.12656414499882734
27525120,0.04564434190157516,0.031211308278666677,-0.02576063265610314,-0.09661894545734802,-0.023087300510977144,0.056906767090342245,0.5547599941146305,-0.07221134791757065,0.09379936207278643
27656192,-0.1409395032962688,-0.0005834544212531478,-0.0013710583454691085,-0.03841675854058637,-0.011829283379204874,0.018273593879376306,-0.7283086595913576,-0.0007109898681270667,-0.05956669867835667
27787264,-0.13268569139056596,-0.004659052562039505,-0.027275335316203075,-0.02422590371840957,-0.023151931865630714,0.020598005741621725,-0.7548781195014037,-0.0008682327159737594,0.011657727188151931
27918336,-0.3396403680992485,0.014723254847655052,0.043295045602661945,-0.07176217135780814,0.04214820731890605,0.034318663963575004,-0.3411457244428025,-0.10103106625696295,0.011935498110379793
28049408,-0.15966536357817424,-0.00418206473957518,-0.006472389290775998,-0.021191328652692704,0.010305540927743398,0.026576018640569375,-0.6451035319193802,-0.006633677829847488,-0.1198700844212414
28180480,0.0817845563694913,0.010680862730639888,0.009907783583403959,0.05530537277673418,-0.0040025601887229735,-0.012880506488197111,0.520111474639259,0.01153391491873844,0.2937929683048131
28311552,-0.05972908433207278,0.010107794355099675,-0.02565457421640701,0.03271559245781806,0.010695852016249697,-0.016827146299561967,-0.6675721448987445,0.053079110567949325,0.12361870085609697
28442624,0.021892492631616245,-0.21100033571075835,-0.1344302071869628,0.024763078608182585,0.02253965628047145,0.110839786265991,-0.08271183996279993,-0.07088209571718954,-0.3209405076360281
28573696,0.06235946029992079,0.020972644467499427,0.04697052252756653,0.022092651836245366,0.02432943035133197,0.000359336604308856,0.6126894986825594,-0.09030888692505493,0.11991756830551271
28704768,-0.24394742752462212,0.026241637347207608,0.04650043309113777,-0.2551157067492855,0.028445178937578856,0.04505774161523867,-0.2688375086399981,0.012749875802324286,0.07310449029260706
28835840,0.04914529226618656,0.04165249184970818,0.009150461095952028,-0.005297262257808606,0.03707634568888413,0.005172989983269159,0.7122234489650277,-0.019324551810813516,0.12095715608235014
28966912,-0.1774894587499505,-0.009071218325249727,-0.005215434696427106,-0.025456272634778117,-0.010953475153172727,0.015089713315445837,-0.6830363697661394,-0.016250272707035357,-0.05743778465180129
29097984,-0.11410599020170584,-0.010077067967985506,-0.02105903280656021,-0.03910526259514765,-0.009050270569264884,0.01796609828867253,-0.7830093762392331,0.003999292723801413,0.0016276086076289437
29229056,-0.16216582398089302,-0.003221088531663318,-0.02221082739900187,-0.14885847376504352,-0.02997892010244151,-0.00017084587730410185,-0.43494628089358983,-0.05532009037719179,-0.14312764907287104
29360128,-0.125340066942926,-0.018377559355686333,-0.006602870651347178,-0.02941641424223518,0.0006891967212532887,0.010240099393204513,-0.7859145187500649,0.014428041395532658,-0.00899123254774995
29491200,-0.11615293371525091,-0.03985586923947561,-0.10706121413288594,-0.08969597459064454,-0.08986715233798144,-0.0009693647490652952,-0.46407702398434525,0.04012308743794894,-0.052197379812402085
29622272,-0.023750498063653962,-0.008815657137128705,0.036412622363459365,-0.09767037425192897,0.002046407612319386,0.018606451173685524,-0.5429247242671802,0.05673541332492739,-0.21303785180571652
29753344,0.07184496319650199,0.02328161411619348,0.008345551685024427,-0.0498276738500213,-0.018238822496574436,0.0004885119303633056,-0.69325617782327,0.0681298925525623,-0.06658679234948878
29884416,-0.025293747756771796,-0.03032392854218225,-0.016003100822194073,-0.09170426553547954,-0.003788840734311459,0.03074448235332449,0.6435341531077322,-0.05684879557595852,-0.10175868557204563
30015488,-0.01690836028480919,-0.003236756650547205,0.03315429564499471,0.06231021678126818,-0.004742372703136994,-0.005338828407275693,-0.654814718533851,-0.019562503192261382,0.1999319478018556
30146560,0.20389785877766753,0.01679642597028176,0.02878210403831186,0.02804966599684421,0.07181779963953222,-0.02249134582093443,0.5020657233278275,-0.06052168399215419,0.06557739243644627
30277632,-0.16497629282454893,-0.01360882049475869,-0.015829817275851348,0.005533479051667219,0.015209504052062756,0.015178665814865619,-0.7255312768575019,-0.015527706950192928,0.028604436678550622
30408704,-0.13231381566086975,-0.003895668144880653,-0.015206428909007846,-0.028144261354022003,-0.010243004014343372,0.017523952211549395,-0.7855004464958283,0.005450706366685783,0.001721716842812929
30539776,-0.20880620748132164,0.015791641040487494,0.028318823492609176,-0.045565944159185856,-0.0013724128547876367,0.018545879273598194,-0.5750478527942355,-0.03954469763547023,0.0670065412683042
30670848,-0.14157362756445382,-0.009195218874364667,0.012879204606072909,-0.02453608064171936,0.014575019868316207,0.022556067071794087,-0.737434521413721,0.017845647449756457,-0.019404612509801463
30801920,-0.10050014578153847,-0.01583267468348345,-0.038412342158890424,-0.06146795891304886,-0.013123043083792592,0.006277407626478925,-0.5883853623110396,0.03045591912117406,0.14554514632055363
30932992,0.37546639203983895,0.01956950966401806,0.06819148005837249,-0.0019947964041465466,-0.06982792295734816,-0.029109625935206156,-0.21368145069096237,0.008903371043920826,0.21325545120618647
31064064,-0.12597988914630479,0.012424816472140032,0.01091391448918133,0.05116704981761886,0.05534863261831057,0.04601359264716823,-0.4291799610225258,0.0641796222485013,-0.2047925215382491
31195136,-0.004686910775146905,0.004838175929747345,-0.04950916064342953,0.09642284990361423,0.0533696065690026,0.025110171525494496,-0.4643596272205054,0.022383768670588597,0.2793197287624709
31326208,0.13209397226681127,-0.04826219350701644,-0.02684546740509012,0.10730072082445115,0.04587749691026431,-0.013553649778982046,0.4941299657618081,0.03226117210076237,0.09967536144481415
31457280,0.04418542249899375,-0.05726006739316023,0.05642527433963572,-0.0274669027870863,0.01386865017356968,0.006957122451342593,-0.6287790369352232,0.08025218972772964,0.08480533369325885
31588352,-0.17276609255068034,-0.006672902108868812,-0.003884150924818839,-0.03291641614392238,0.0018591785448517457,0.01355074839361503,-0.7498598150385941,-0.004884335892488314,-0.013606360402160402
31719424,-0.10957980737225194,-0.006470614014101806,-0.028162565019326388,-0.06830453562617698,-0.013619350890369095,0.016440514954788443,-0.7220787672459118,-0.00518944327877515,-0.030154401598298356
31850496,-0.16794795463934958,-0.020081003981308774,0.01741127505520957,-0.08978306767204966,-0.009717768426325383,0.017369098719409275,-0.6206123410904851,-0.03047245951848486,-0.02660503089737782
31981568,-0.08748480518615664,-0.00030026925000291624,0.01320108360031023,-0.05201290714597573,0.008767020273721421,0.030162536860734807,-0.6747824918837702,0.0053207505949554165,-0.12796813520437267
32112640,-0.10063828853367707,0.03276240500191808,-0.032108909252464415,-0.029654310143580286,-0.045417862153475284,0.025939033486740405,-0.09757342887790099,-0.05840343981945044,0.577502322730793
32243712,0.023182442252524017,0.02050134175288337,0.02336418624336764,-0.11598973740235814,-0.01872826854594878,0.0014494028722684966,0.3663653530212948,-0.02438563339536706,-0.4060336345139877
32374784,-0.12987613039818408,-0.022664808187469524,0.10434073596250656,0.021660147728744313,0.03187476007352265,-0.014344330183918808,-0.18138778639772501,0.18638952861981548,0.30746177244811357
32505856,-0.03623521794496959,-0.018091185507560968,-0.08343968913753531,0.18866238639959726,-0.04076256057306428,0.06945576569593385,0.35879944551266457,-0.03988026365656686,0.16467348557210731
32636928,0.1297941155390858,0.05453971064424826,-0.05065927145068334,0.15492754805675288,-0.009427262210910874,0.04348692829203442,0.4118763996244442,0.003270593648284817,0.14201817053355542
32768000,0.07255258844048106,0.03511364275871161,0.01079685747068002,0.08182264375232005,0.015910396902364492,0.004269877068029033,0.615452960839713,-0.06247407546454734,-0.10160695730315333
32899072,-0.15352786017253872,-0.016858402028157866,-0.021059171598285756,-0.06691837357017955,0.0015426601741836505,0.015122482052342049,-0.7069761712395871,0.0053260552359019955,0.012668823928823363
33030144,-0.10841218143487998,-0.009366391473597812,-0.012059225827953685,-0.05553782243149705,-0.0012215334019106778,0.018996780822203675,-0.7498204763737897,0.010688220450006064,0.03389736778416135
33161216,-0.23652892743374407,0.03926713787097912,0.009531252351348659,-0.04163349272505518,-0.008064210919682789,0.0006953598150808652,-0.5980983442615675,-0.03578261883897599,-0.0303986557835658
33292288,0.04288948182564008,-0.07524145834875323,0.02288446397133723,0.052818353582226724,0.020672750039025887,0.13322305718492108,0.08393750016535996,-0.06765562144410023,-0.5006773134386355
33423360,0.09550495636656404,0.010933539701973319,-0.06135287781057361,-0.008980212545386848,0.004919658507257333,0.0013653813809789066,0.5438423079829114,-0.006524545071324102,0.26657652063303044
33554432,0.06920152347862818,0.010340342478736001,-0.02973481770554082,-0.01011440239776176,0.007010063528386253,0.01551363572426585,0.5011812082315118,-0.0022924614510268877,0.35461154500414244
33685504,-0.05665852610543832,-0.009071379633492943,-1.986381801415945e-05,-0.07072906714944427,9.882072406774232e-05,-0.013442728022316235,-0.6310391918769076,0.07443625701834201,0.14450416565197677
33816576,-0.009702924827489356,0.06802075188577307,-0.011937852281162271,-0.020017469101027585,-0.01750696059742229,-0.0206566531647513,-0.40349818738861354,-0.028858842338773512,-0.41980035841498703
33947648,0.05385134290993913,0.008319005046980188,-0.03693415160369025,-0.14752316054047793,-0.03784492641767891,0.036143448527648184,0.49827561628296235,-0.028498920568805864,0.15260942810181718
34078720,-0.16743930105988744,-0.04533678110946483,-0.18188869678470565,-0.010613458550220707,-0.03586669933215252,-0.07260229366871367,-0.10123873321183374,0.14354402293844054,-0.2414700133445809
34209792,-0.14484620087878394,0.03152114051776328,-0.0007285620996969716,0.004728705697704349,0.007689270533506155,0.023128862882155547,-0.7556732419745439,-0.020255241956334668,0.011428773459511175
34340864,-0.11657315081185687,-0.0038836422155228098,-0.01966958286740717,-0.05939717874496332,-0.014668720668537338,0.01904594314579617,-0.7317809057029061,0.010765022903440339,0.024215852939569883
34471936,-0.14091196902296677,-0.007182661205973517,0.026968982985701884,-0.060616966106792514,0.001453216782558562,0.033599799549030036,-0.6255489768984035,-0.016113086580570105,0.08760434086800307
34603008,0.113770839470672,-0.007645529905231914,-0.003869471833492778,0.1109829029037827,-0.014078865199298782,0.015877442971960455,0.6692038607248321,-0.03446819175357226,0.030102895237157014
34734080,-0.09641439142982144,0.001567546864921349,-0.011931130683544785,-0.021608270750189097,-0.01572849172369668,0.002017114543023528,-0.7064505129638824,0.05243651522963852,0.09184602581128222
34865152,-0.07914724728882931,-0.009307342537313718,0.01952932450411172,0.013432496389607619,0.0037584403888689887,0.0003768688340848379,-0.718832051039705,-0.022715697681132723,-0.1329005313363461
34996224,-0.08871122243159779,-0.03125140310194579,-0.034601439388550835,-0.015479036528808197,-0.028129415618151157,0.017786681728854548,-0.6963500211781368,0.008370593505132652,-0.07932018651882217
35127296,-0.08730363361190842,-0.08128758652253282,-0.11715014872385217,-0.12115296641030078,-0.08967178184112301,-0.03425280378424853,-0.2367814343021838,0.08243002096515611,-0.14996962383869436
35258368,-0.06864518999069998,-0.008005117008845748,-0.02176422719644761,-0.027539686824836117,0.005371024053323553,0.015369252768064695,-0.7485167778636216,0.004589381291331764,-0.100199343002829
35389440,-0.15554495096120952,-0.045065510242151885,-0.0649287690516532,-0.08994712507141217,-0.012035810816263409,-0.015746681226609632,0.5171380201006283,0.06769790245626277,-0.03189523007380914
35520512,-0.19048849670546464,-0.009393577177599215,-0.026368968613672755,-0.05783594468080544,-0.013742339431780456,0.023327947736001404,-0.6118323537618908,0.020992968730120007,-0.04601740316266531
35651584,-0.11354858572209539,-0.015349082429271561,-0.023411334259647493,-0.04776212377250282,-0.008259245266768475,0.012402929963632315,-0.7670893891061725,0.0040382889832320905,-0.00813902049667738
35782656,-0.28824007520250244,-0.017913413853939363,0.027099550413996573,-0.11648858201782014,0.005696391209737796,0.03096423065346792,-0.42688474810388166,-0.01851576657730669,-0.06819724196734739
35913728,-0.08118717455429436,-0.08407748221512015,-0.04425950459006661,-0.015849700977909373,-0.011998715471911075,-0.011666665521018547,-0.6742059830628988,0.023797046316651894,0.052957727290129195
36044800,-0.1490938036888543,-0.04384680040557436,-0.027884903902073214,-0.034486649489469334,-0.004507468734406214,-0.004289335824550996,0.23006545108087828,0.019707028614790924,0.48611855825940237
36175872,-0.15859128651069976,-0.02339584984953668,-0.016659252308748155,-0.024233867202269197,-0.012061516896599303,0.03068930498828678,-0.567887822152617,0.019538475803892563,-0.14694262428735053
36306944,-0.08287560202921669,-0.044453436322247616,-0.03360203344748421,-0.1320836820209728,-0.02132200172633077,-0.041088015376494987,0.32406337093728604,-0.021134425776834723,-0.29937743236313213
36438016,0.056553649030650986,0.0036730719950469905,-0.03161422022490011,0.0118635585833292,-0.008997756216600029,-0.014952000277149444,-0.6720207531252252,0.071440199552078,-0.12888479099501995
36569088,0.05522855349178501,0.005183605731971505,0.04469055323613172,-0.25762610362441696,-0.0006910279295114321,0.007793687171974133,0.12331895446773898,-0.18116024813272144,0.32430726621374883
36700160,-0.19471693059602307,0.07116785967318459,0.03461784651391692,-0.04002899968478008,0.025882824595040998,0.07334823804115606,-0.40028254768899435,0.044207929848642406,-0.11574682335826154
36831232,-0.12712210555818682,-0.0036609692535853125,-0.006437014160602836,-0.08117579716038928,0.002169333660870272,-0.00042673453655066746,-0.7218805043581247,0.031818238371729424,0.025309302939960764
36962304,-0.108589736390555,-0.01616289286387472,-0.016444658029602335,-0.05183014093622077,-0.00763862735792611,0.015843113905704267,-0.7290659897720574,0.00999352743500806,-0.04443131330905134
37093376,-0.16026322330337225,0.046874584438999396,-0.0023738806199804373,-0.059424177490326566,0.015175192450566566,0.008500676089296463,-0.6025455426736301,-0.024197663983652556,-0.08064505895017558
37224448,0.029198367156853963,-0.0035317517126266652,0.017174582816430594,-0.018704519645341696,0.0024593925160386857,-0.011057013036177385,0.6517826438628261,-0.03202480346403117,-0.23406692578967375
37355520,0.040228317027686825,0.03722197542160084,-0.07718262424537384,0.09169992947330424,-0.010875176225031704,0.02289393060111777,-0.24849349437206766,-0.07966070836737457,0.39174384426644254
37486592,-0.08670659364967859,0.08236811919938353,-0.010292269327810596,0.009796317316124993,0.024557725277260432,-0.02665698237169288,0.2997332838238554,0.05461338683698079,-0.4052753221972128
37617664,0.13605381368528482,-0.014765544292795469,0.04717179051105924,0.04808195757586699,0.033134446254239905,0.057418634817819086,0.5128041269523327,-0.07916738992063337,0.0714022959899684
37748736,0.05521380562684748,-0.005935025423491506,0.0012289160157237453,-0.008802164771054683,-0.004202192783926469,-0.000878260445210687,0.775882885403431,-0.022521958724840713,0.12533479080547374
37879808,-0.01485297993290053,0.07532489425600554,-0.018251679993623867,0.12219919098416653,0.0012533865523149668,0.050543213906664435,0.30394925871926903,0.03902352233762972,0.3746018733174254
38010880,-0.039371968478108005,-0.01481669195218448,0.020062953182912725,0.07476542514300805,0.030624952978841807,0.0068993201350480435,-0.604460931963179,0.029699691657730978,-0.17929806450898694
38141952,-0.16654467244221366,0.0207154560928016,-0.019189900074651853,-0.032074940823413424,0.016845419310406267,-0.005591302385292673,-0.6644175281194349,0.03053169032897486,-0.04408909042281083
38273024,-0.11843547013961042,-0.001787426063674069,-0.015882857563918527,-0.05768086545471129,-0.010575316267622271,0.01451764918196579,-0.7765664859484128,0.0006465932043202453,-0.003907336175764551
38404096,-0.12548667430790603,-0.015742488466372856,-0.018316466329016096,-0.09834876851014902,-0.011862738214980878,0.002066337256701869,-0.6157205616548457,-0.012529426621333202,-0.09992653863869437
38535168,-0.12215103163408204,-0.01128281298064125,0.03688661691278009,-0.01950914166090486,0.0678371574732139,-0.002375995053440068,-0.5830441152856969,0.01377639250534329,-0.1431367364938976
38666240,0.07584572890769875,-0.009100803354635057,-0.05049280834860375,0.025221630785683673,-0.07346065951767017,-0.01817769945422299,0.5054421665685618,-0.022850924777375457,0.21940757828554844
38797312,-0.11217243645447263,-0.014917966768671848,-0.004239092436427978,-0.02697819234741748,-0.02083498386548765,-0.010540842751638932,-0.66207639186787,0.01077109135698247,0.13746900215103097
38928384,-0.08270780302465444,-0.07860444779731783,-0.05388273494087976,0.05607157333764882,-0.0006081422199048924,0.07395291055516728,0.36885956882041615,-0.07975367217739301,-0.20555914712661782
39059456,-0.04302562153709301,-0.04761069280716961,-0.001778925794191532,-0.0014397080598013456,0.06365765493423584,0.052181502370389314,-0.5936790267261918,-0.05407615887892583,0.14255070889200175
39190528,-0.11151299393345823,0.03882148901594455,0.020461802175840343,0.05808251365493956,0.052161093602320574,0.01326578633510217,-0.50184097154683,0.03344519842036847,-0.17040815131519604
39321600,-0.11850096846010433,0.026410310336478032,-0.06457669570518934,-0.01829115309924064,-0.057248076062903275,-0.03157898896712235,-0.49939843908709863,-0.0038747289464322056,-0.1801206393354312
39452672,-0.12093796393667113,-0.011752897269277635,-0.006505414983740515,-0.0546175571355499,-0.01664326806912413,0.030080585664460778,-0.44382783453184865,0.0124608500532751,-0.30317362835605216
39583744,-0.10474923377655597,-0.011470930567009882,-0.014644974743125243,-0.04795627112172314,0.0002370678487850752,0.008924893044185395,-0.7555654004350519,0.02444232651029232,0.032008901953271024
39714816,-0.24665291165826086,0.08292264792337928,0.0804480677354006,-0.17374495229328438,0.05178686591322167,0.06420971554631796,-0.13838837813501573,0.005181583843529793,0.15666487695158973
39845888,-0.14709117744825528,0.09505147746425312,0.05533080439541881,0.1972495260227191,-0.020659494589894044,-0.03350783206415638,0.24882260479738225,0.07472821715226628,-0.1275588660656547
39976960,-0.05112105323735505,-0.019037779028769356,-0.011935435847659624,0.06152328772681738,-0.039850878599155475,-0.03777257719690696,0.6954324833213149,-0.028907295330681898,0.0544192097113393
40108032,-0.19353941535532435,-0.051718476647882164,0.03783968027459228,-0.03214056095025212,0.03902500153179812,0.01665317325770284,-0.4774714379658599,0.062293717934743066,-0.08931853608184519
40239104,-0.018549182448716842,0.004085890690445199,-0.06224200604206756,0.069147923096238,-0.047236303615809765,0.022073895606388932,0.6204430072471908,-0.07534406225843375,-0.08087772899470907
40370176,-0.18673195791282576,-0.037697998595560805,-0.0464723331305959,-0.09058530630101289,-0.07245309498564763,-0.029481959908441654,-0.35959538189237095,0.05821019880902841,0.118771768464516
40501248,-0.08773981458242819,0.012414144747493512,-0.005865744643605941,0.014151230130163209,0.12370463919965945,0.031351777400781544,-0.5588945214886006,0.1437041913151631,-0.022173936492104387
40632320,-0.26343185560317467,-0.011335896204150878,0.002562354704455216,-0.025739221735006295,0.08131778369635043,-0.007624292018652347,-0.23819135137196193,0.046904008469239436,0.32289323619700877
40763392,-0.1938844931310787,0.0012469796295529062,-0.0006415623645166591,-0.08206385404824025,-0.0009942729635510378,0.012231552910412165,-0.6570763921107402,0.01739724308494321,0.03446364975696491
40894464,-0.10213048323450481,-0.01871293882142663,-0.010174418872771174,-0.030875971038336145,-0.001976474806531733,0.013271976693150405,-0.7385550386588517,-0.008619872493831985,0.07568282538059534
41025536,-0.13751930661776526,0.0925212149080576,0.020348296483692775,0.13198917718555842,-0.044071053684714964,0.016543894349321128,-0.3262756933594366,-0.03791579250056935,0.19281557091088386
41156608,-0.12208787899790162,0.007319186975893634,0.0009563436376636478,0.03827295863879991,-0.025150326393687618,0.0025789404940889855,-0.7142777488722936,0.06277963425445587,0.02657698173521513
41287680,-0.036583134485835195,0.0006620895655382025,-0.024712232182881624,-0.08976756760150417,-0.008939622752021426,-0.00778839556934204,-0.7759403364461893,0.00921809152324409,0.0463885298734439
41418752,-0.18989626956386396,-0.12777332550595466,-0.07447539499504104,-0.08517393941983306,0.02451540205295281,0.0005589276244257516,0.3570542980155839,-6.897162788998417e-05,0.1404834711944548
41549824,0.09646991250294838,0.1630233377364191,0.20220849507973043,-0.07336382912818498,0.0003591757257614866,0.03085884237849326,0.18262156035450122,0.05431525421164697,-0.19677959288231417
41680896,-0.11372122502144745,-0.007961363843101664,0.04977013816095576,-0.01474742268848057,-0.02842768730735881,0.0010878204161164826,-0.5418397473770941,0.06442719970313777,0.17801739548230744
41811968,0.11749885142539178,-0.021885331452262118,-0.08247026948445145,-0.04708035989657594,-0.03938425838432273,0.000474416557512295,-0.5829551626445544,0.010609261742121028,0.0976420884128083
41943040,-0.012884075112777496,0.017396356485855705,-0.021857923044899925,-0.034530314952867625,-0.005544187922326679,-0.007794149336208834,0.6480372527219929,0.006086127631723407,0.2458696127913475
42074112,-0.22553740930302665,0.016369517817263434,0.00045548090343087,-0.1520278526925823,-0.02208198670780254,0.004387019023260986,-0.48161424422031973,0.02517381049672827,0.07235267883558526
42205184,-0.09862996361238428,-0.01965541929302295,-0.04111560556637151,-0.053143016161963125,0.005608936476793002,0.017235643270478496,-0.7480111659353929,0.004381253222746071,0.012218996460847708
42336256,-0.17411182194084635,0.0016662467906349938,0.034281964149592885,-0.03814510574796911,0.05322322678193617,0.014243782358787949,-0.49775691963010193,-0.03740931657898276,0.14916161602114786
42467328,-0.173939533321589,-0.03425183135584491,-0.06390434774870328,-0.2662773469871705,-0.03640871460183668,0.06805037339587627,-0.103664552941046,0.016049052215066265,0.23745424743286708
42598400,0.010640653475214713,-0.005384062563622783,0.022022966875101888,-0.060822529790819646,0.027465341928203844,0.003585525878497409,-0.7622553121753257,0.014447251317450248,-0.09337635599576379
42729472,-0.022725623976859267,-0.03414331009786114,-0.007309384123837655,-0.1907844564578565,0.009534399797110004,-0.007342773943123217,0.45969331492430165,0.04280082408166041,0.22566591259739013
42860544,-0.09386449069433382,-0.02319861513739998,0.05833223310643713,-0.05837674066553047,0.023353199838546324,0.042826436301887386,-0.5430695982882457,-0.005156733026695305,0.15182195294092388
42991616,-0.0049475229348498895,-0.11158206383483463,0.03610980867416062,0.05180558282767389,0.012353700897111153,-0.022549772371427815,-0.4423511850046336,0.03152076156083274,0.28677960189447566
43122688,0.1072377509981602,0.12942668350660924,0.18781325095930043,-0.10482800134055238,0.0006866214085435411,0.03079751728647051,-0.30477289372347216,-0.04501726576758204,0.0894200150093095
43253760,0.11493709800319973,0.04531212149020498,0.013725774329647986,-0.10911385379033371,-0.03492775381634936,-0.01707565661120958,0.4619876292279208,-0.07396486573302521,0.12895524699810862
43384832,-0.10904586955430985,0.009353479951469767,-0.028816564885598882,-0.09954765081609132,0.010681469203341407,-0.005026693395296145,-0.6095741195336475,0.021610696611341844,-0.10634345604890331
43515904,-0.10745588244500028,-0.012187881374604468,-0.013041249550166783,-0.0629105977890627,0.003716936481859009,0.017546280723623048,-0.7521159040658901,-0.017951610715809415,0.01307365685398419
43646976,-0.1415143044920945,-0.02407224815859026,-0.006099459258156971,-0.09277425189973906,-0.015104870946541931,0.022551035266256993,-0.5648994999413577,0.04271261935467626,-0.09027171068258631
43778048,-0.15133840756409858,-0.004567334292846437,-0.03590081480335626,-0.03004527514959033,0.002094198511910764,0.02431994515487041,-0.7463718531409208,0.003265326662855222,0.002096844719551231
43909120,0.11955693402325224,-0.003695043716750326,-0.01611216178546766,-0.004128731353592385,0.0047463357939135035,-0.005294552016850705,0.7068902511538476,0.013539444183273054,0.12603654597305253
44040192,-0.029058818327304444,0.009477265590346128,0.017208996938559228,-0.16405703443059944,-0.08641911686940014,-0.02014579954335723,0.48110434983074946,-0.018449587723820243,0.1740790307458637
44171264,-0.13675712703845364,0.016701711308048803,0.009373001408911874,-0.046306552373813176,0.0007806225458626447,0.022117324654035615,-0.7043846180838506,0.005867884792025657,0.057711157794998066
44302336,0.02470390450361634,-0.01601914418212912,-0.005120968398458586,-0.04975755447182785,-0.061443497464076555,-0.0065835203163891135,0.6088822103599311,0.019862538801833297,0.20762666150173803
44433408,-0.13313987833744753,0.013054788046498976,-0.017998225814837274,-0.09447330279113318,0.024974739849014303,0.011844615314051225,-0.5860374560192693,0.013821119513157433,0.10465587431459088
44564480,0.09496006214976216,0.04943071530971157,-0.010552862429159567,-0.10667184520822555,-0.02444760037958113,0.05039955483619662,-0.5001254727670055,-0.017039510531116717,0.1463723763892412
44695552,-0.16987328533055746,0.008965293705838059,-0.011273918307107157,-0.0878514810954263,-0.006716796361557107,0.02040781124220011,-0.43196082350155873,0.03056156491790225,0.23238902553785282
44826624,-0.0967554680876763,-0.02567029117259852,-0.03729833338540429,-0.06543470571685972,-0.007307168754873419,0.012396350391695706,-0.7256406562403874,0.011402407284732631,0.018094618965771962
44957696,-0.1450045892336712,0.03308759887426607,0.07218936699957541,-0.041080439326964646,-0.025439334499994755,0.028093097907488693,-0.5729751357585985,-0.05807831003928093,0.02405212736015982
45088768,-0.07684956148304961,-0.014050612244325555,-0.03002818278735361,0.029031916576548945,0.033395003134010615,0.03739422326470441,-0.5077138900403368,0.006870569699073643,-0.2646660407705968
45219840,-0.0070444506475229075,-0.040813803918339435,-0.061083610857435015,0.10456962374600065,0.0009348004188233886,0.017543786414477,-0.6886484833555295,-0.026482251803864935,0.052879188838007095
45350912,0.11078646026171762,0.01671863061987313,-0.032882743473114075,-0.008818074513930163,-0.015109558120922278,-0.03314129293336494,-0.09265598605612237,-0.09169086047436102,0.5981963935465944
45481984,-0.11232623577255901,0.005085028700288345,0.022610448244859648,-0.006914600723830159,0.041519436524297994,0.016015749655258173,-0.774050786447049,0.008458900495778307,-0.013018813436079338
45613056,-0.10941867755697392,-0.07874997779816163,-0.0804362372148238,-0.14679397927644328,-0.007998324684605299,0.02259775810375045,-0.35157343355480025,0.09525830156317762,-0.10717331024726374
45744128,-0.07317878542252594,0.027976501384154064,-0.08648618925962502,-0.21915046853018913,-0.04707275405777261,-0.018057940628843958,-0.14650189846145167,0.017530549174468495,-0.3640449130809691
45875200,0.01065445987831091,-0.024895484555740057,0.05528054842467031,-0.1729541866968785,-0.014664316105370681,0.022229128144006856,0.4047505035202554,0.01789543263846092,-0.27667594003630636
46006272,-0.1729548705140154,0.005340927081640506,-0.010673742886366468,-0.022507919231178834,-0.009366608910287552,0.003304253893023419,-0.7146763327681401,0.027804033405470805,0.03337131130987685
46137344,-0.09210872822917719,0.0024497459501734414,-0.010110416436597328,-0.05452349741851529,-0.01430139598747593,0.013179060544850588,-0.7598626105708667,0.0030186142682449746,-0.05044593059409854
46268416,-0.2058778246099485,-0.02084884841301,0.04029156543019107,-0.11445730534076204,0.01068247842555622,0.00892279614827446,-0.4704497029719233,-0.019987669908743927,-0.1084818087515905
46399488,-0.049833654725905084,0.006530242004695707,-0.014344374593838385,-0.05058297937630724,0.05265343680346539,0.04369270055912116,-0.5914140170148249,0.0387460268827275,-0.15220256803911467
46530560,-0.17562508607840335,0.007790776774514103,-0.020685225021981328,-0.11088175729101715,-0.060955993127458245,0.014547473836919022,-0.5108874016124225,0.07719141128831056,-0.021434874968973745
46661632,-0.0724011085465353,-0.029323039744306223,-0.026266719906811013,-0.0055517542312889,-0.04296331795121241,0.00614155479744368,-0.7779239501082361,0.035333068171961225,0.0040954865422051885
46792704,-0.09123742200602275,-0.07221096818057128,0.02468845792695413,-0.09689070072646415,0.03989500117274234,-0.0006011234753420115,-0.1715381887460287,0.08932692170428663,0.413611216061588
46923776,-0.060415939611807544,-0.021487724939290933,-0.019434887101139494,0.0587921864948425,-0.10459323600537335,-0.038617956976840145,-0.31175547067767456,0.09455468070152304,0.29034791749150846
47054848,-0.08961226497063884,-0.012514780131980154,-0.029983985011471818,-0.06938933670677848,0.008712476831682005,0.004819872945983821,-0.6690918310828669,0.01829809266376407,-0.09757735965483393
47185920,0.027535388140253723,-0.013347247960190734,0.018704839022235586,0.06845381334701452,0.011232241554527974,0.001020927006314079,-0.8355393659722888,-0.02412687609698499,3.9300900189562614e-05
47316992,-0.1544384982405629,0.022497369530427573,-0.0235865402451956,-0.17124512766282488,-0.012077089436786582,-0.006054255173442505,-0.46853423026276353,0.02849142999349671,0.11307545945449972
47448064,-0.10800367180940532,-0.009526800002834216,-0.011331378799412947,-0.049791692913908,0.002227999744151545,0.015405390554689478,-0.7897739449706954,-0.0029133011480909974,-0.011025820056812106
47579136,-0.12107455702507085,-0.02915676948787079,-0.023038489445068266,-0.15740627793362247,-0.03497867128254441,0.014930466124877799,-0.4157480087514752,-0.043675475544512725,-0.15999128440495747
47710208,0.08579582082949674,-0.012343059686441839,0.03188092996143839,-0.07027657295616045,-0.06799735776026529,0.011087189996467822,0.5131657539027779,-0.006568024596387103,-0.2008852903105645
47841280,0.09134519766426001,0.02890391605712321,0.13050230626000683,0.37880394785086086,0.13232831333785025,0.08992910779334977,0.014449192129363134,-0.031765369284600574,-0.10197264962258537
47972352,0.04113098497128456,-0.02581624751940035,-0.001724611258976697,0.1562503983198725,0.06241473005150148,-0.0021278154927038954,0.15916771042801284,-0.008209376844472562,0.5431581251137751
48103424,-0.15974945093225185,0.040949830628834526,-0.022972778234543908,-0.027250143861463506,-0.02825695420809431,-0.0059765882322160005,0.1362353573157195,-0.07232666374709097,0.5062822328397855
48234496,-0.06032824568755635,-0.02577279216733394,0.03290691400485133,-0.05872525984162949,0.05241816472655845,0.015498259636209492,-0.6545814736658467,0.023555665770975707,0.0762132244990385
48365568,-0.04593130832278743,-0.006773899149886441,-0.0649275861321339,-0.021449894187664142,-0.0307945602023629,-0.047928710899342274,0.14785034984184037,-0.02158053297386195,0.6127631582901206
48496640,0.2202608136214324,-0.0034789214109439445,-0.11662967216353624,-0.07656035696418417,-0.06144349918444128,-0.04045637733856129,0.23354675553813167,-0.05540420458168741,-0.19221939919708156
48627712,-0.07647208503033169,-0.003342477386525549,0.02892433544137938,-0.028108836408495527,0.04572486649904094,0.022437525873626143,-0.7479586863947028,0.03773587568846593,0.009295311277432116
48758784,-0.12419926088903936,-0.01451194774375098,-0.007825084526385926,-0.0372320593470081,-0.0026515796214238913,0.009131995607117091,-0.7814708734382044,0.014561639812670413,0.008415559014399842
48889856,-0.13243626221740773,0.014252774574982774,0.0066324014777823905,-0.06134809870483854,-0.0048277215386523875,0.030463409014766508,-0.716124043026562,-0.005869761993217711,0.028045527451790005
49020928,-0.12458168804840501,0.01883829286080465,-0.01864071414634164,-0.07595786935472765,0.0005294836546294185,0.021494200516931822,-0.6999099265689446,0.025166798594551874,0.014881026254663332
49152000,-0.012663683777024667,-0.02974824260252697,-0.013130740625943271,-0.051759404684399754,-0.06509697028798539,0.022005935111651817,-0.3873934201304964,-0.035735610255452584,-0.3824659925245192
49283072,-0.11494442869665673,-0.0031573765525324425,0.012237586739191245,0.062260162627115284,-0.008892911660179253,0.033024149954090136,-0.7427169366699697,0.02069542979969754,-0.0020710173005676325
49414144,-0.10010807639148259,5.830054084115927e-05,0.022112723987387263,-0.05641016444754203,0.0064275102724009985,0.014371591693323004,-0.7120836935646762,0.010416503678508559,-0.07801143542383827
49545216,0.08757071829680604,0.06529724622505688,0.0010304112380054417,0.011441760185255346,0.010140899866239724,0.0060111191816190224,0.703468280878353,0.00293969103376624,-0.11209987309489833
49676288,-0.12782105161413043,-0.023760598864685446,-0.01535065908432917,-0.03210520738658776,0.006630077319776187,0.013964422794797414,-0.5789565044096289,0.032477843611573846,-0.16893363491449093
49807360,0.08311351126519512,0.03150334248179321,-0.027865412861188738,-0.006197391916257106,0.01579550093587146,0.0010368520052620375,0.7053992344687098,0.08639398162149362,0.04269477244422888
49938432,-0.31056497494365787,-0.05882880528998511,0.01734365222029536,0.09096410435528482,-0.040279905435639425,0.06798673109623055,-0.3170874544571365,0.019441686812016412,0.07750268538975397
50069504,-0.1334815976597646,-0.010516680399003966,-0.029962129838521756,-0.07745531974747617,-0.0026280332101269433,0.01757388411982767,-0.6672914703881393,0.02264191237555377,-0.038448972261585834
50200576,-0.20696663304340301,0.005240951935234526,0.04430871830458554,-0.08790575624037414,0.007731224255129842,0.03437087346868395,-0.5206165249536088,-0.047233143479663404,-0.04562617431931683
50331648,-0.1493414441811563,-0.005725704168741799,0.028243202698272477,-0.11518031384980587,0.007568184925732132,0.02652758412033154,-0.573439200239834,0.009299827132693983,-0.08467453868343192
50462720,0.05126422469554672,0.01674136201030313,-0.023212469289376456,0.033427168679981405,0.03782713434882548,-0.00813748758458013,-0.6570283649783205,-0.0817255246477055,0.09063626376536063
50593792,-0.09449238081090412,0.0007091230398892453,-0.18042495772663505,0.11536260932528378,0.0012021529794578084,0.041553242286494915,-0.1467069416384747,0.012205680815149668,-0.4073429113777107
50724864,-0.04205648809518708,0.06176078890186074,-0.05758327700783555,0.11209169888608564,-0.009240054407926355,0.0013540642631487923,-0.5189329223060329,-0.042701394837970204,-0.1542793112939527
50855936,-0.10790884155244615,-0.018291315575497003,-0.1139048480791925,-0.038402223377175485,-0.012495716306140693,0.0173212007123163,-0.6389449593459564,0.02220575578684883,-0.030525139264426668
50987008,-0.07722801731447573,-0.009773994251013099,-0.051883932809446344,-0.06976752045707411,0.013662051456179424,0.025708970079109744,-0.5626849665028268,-0.03911958306900028,-0.15017096406087446
51118080,0.059005099583965485,-0.02139457825787159,0.06803065885909854,0.024597917700936597,0.04961382991134285,0.044614698778842686,-0.6276572652078778,0.01132449756177792,-0.09376145413828654
51249152,-0.20738704851560663,-0.0011096129646385102,-0.012056078374909178,-0.056597731024653035,0.0013559953217442437,0.0006071211563256829,-0.6174177137273892,0.03823022941393551,-0.06523846950079798
51380224,-0.09651432913420178,-0.02228297549674947,-0.015614535838024945,-0.035468956319408225,0.0005414302452919005,0.011132102376850821,-0.7738989880829116,0.003497239851822976,-0.04104944265473829
51511296,-0.18821898629348716,0.010277106106675406,-0.011199982611650738,-0.19962436725386565,-0.002086139860260361,0.0037859238327071,-0.5426989847660453,-0.002468360714818725,-0.03964014856048956
51642368,0.11097054079041709,0.016217041440454154,-0.02946902309994211,0.02915378050057173,-0.005154329249179371,-0.04052887897121791,0.5437468783336646,0.04419582209302203,-0.180563705521531
51773440,0.08815800771955098,-0.048885161477015514,-0.033437717493758935,0.09116833735101852,0.07568093770260494,0.12066464563897303,0.2953169627232537,0.14726682990165213,-0.09942139999217223
51904512,-0.3659312428581779,-0.13702665986664866,-0.10321582111105485,-0.12827326648743104,-0.02865950072060208,-0.01778772606414259,0.1084409953518511,0.02786791128114942,-0.08279687625894237
52035584,0.15241231047905437,5.441668547306907e-05,0.03237075164168237,-0.07285131705455564,0.12282711571934908,-0.0028695814042194743,0.29396795548740623,-0.019311462753246134,-0.30333508877501364
52166656,0.10091842620067376,0.03874612138526772,0.027350817877757685,-0.16977329673053487,-0.012992557784206002,-0.016848220353624852,0.41824459815148934,0.07301560770411653,0.14211035381232923
52297728,-0.10863535843730156,-0.06511740406520188,0.02348779205913286,0.03494884145792377,0.003666146356204524,-0.001033311292066139,-0.6775442216622704,0.013521678147900604,-0.0720452465219983
52428800,0.16009229063387925,-0.041106114453714905,-0.04245877065619363,-0.12989493178892644,0.023754025798706575,0.008841674072947255,0.5011745133187122,-0.016203786450072567,0.07647389282684712
52559872,-0.11229841882208307,-0.035570381930490856,-0.020538286082607708,-0.04172024761059425,0.0058489017730770166,0.0063605004482962515,-0.652366681844782,0.03631468674501111,-0.08898189474305775
52690944,-0.12029916791094995,-0.01679819314348325,-0.005524115001746175,-0.041371561549414675,-0.0008192660867797968,0.009801975624977075,-0.7443923271805092,0.013450575131771975,0.04754281837036789
52822016,-0.0744212990541725,0.003906755738028154,-0.025966230038625596,-0.07782814449420393,-0.025984018375413736,0.007433387138399955,-0.7009254112800845,-0.0002693319194258497,-0.08326542196164587
52953088,0.04278996911147843,0.026360204182787377,0.007933153968475114,0.050624622917182824,-0.05148955215428759,-0.0060133980148428115,0.6308328633188901,-0.02426811038705534,-0.1596881259450004
53084160,-0.10958275378464569,-0.002120143655091419,0.03718774514196577,0.024761387555402237,0.04360477962436852,-0.037073720765750606,-0.5867164058908266,0.024549165750573334,-0.13440389783137582
53215232,0.047748871416287156,-0.06136190041338042,0.03382273023586093,0.07028179939242635,0.07690254484307527,0.012654394726048694,0.4585662283649175,-0.03518791321951242,0.20347361738849123
53346304,0.30488646341963993,-0.028751685151327682,-0.1087367572376207,-0.04679687505790767,-0.05415863598825174,-0.055374982463827875,0.1256103355852219,0.056516288891770745,0.21916797620443176
53477376,0.11616554418116978,-0.009209625012703325,0.022605582807138005,-0.08348097693774997,-0.05501261641584433,0.030185491032249784,0.11205049064421699,-0.03865999107590074,-0.5326296818930271
53608448,-0.07844638153455778,-0.006512107921408864,-0.02657192553999135,-0.03310477329656923,0.09098125886968199,0.06983703567056965,-0.29696079363423905,-0.003647598755010737,0.39393812477797135
53739520,0.027831477219025375,0.013533708439546011,-0.05378115053449257,-0.1150988958511744,0.028241904890330672,0.0026876516144847375,0.7223996165961767,-0.01312117430726485,0.023304420547504645
53870592,-0.19238323911805036,0.06443689180207496,-0.009085225344656054,-0.036090717368623855,0.0012579442360119326,0.01064608996616103,-0.521831612764258,0.02973852512752417,-0.13452975427263955
54001664,-0.12452762271672287,-0.019159464019320088,-0.021844623681640585,-0.02790155315885778,-0.01044629154507573,0.005188830246701934,-0.7232960651909432,0.024241461447541912,-0.043394087993195885
54132736,-0.09106018089129204,-0.06111911533913337,-0.020653289204631036,-0.11777202970796032,0.015095081687276343,0.029536217276636027,-0.4598235738277426,-0.0270611225687413,-0.17787938949658696
54263808,-0.1230406869719606,0.04075640336727316,-0.09138579225251867,-0.0013690371639670876,0.019104669120827686,-0.0058525272360029,0.07667551387108376,-0.05781319229653074,-0.5840021777198354
54394880,-0.17030486338643075,0.009623221127990104,-0.014313240892849978,0.0041421774099674345,0.0007426456403024215,0.0031461247151044008,-0.7635946663994162,0.020868683760177486,-0.013264376667761207
54525952,-0.11730900805980113,-0.06331742785894062,-0.01693829437754978,-0.16457834843625826,-0.013879328989297153,-0.0018651398243280063,-0.41325682736797525,0.03805371184958668,0.17080191323626315
54657024,-0.1904130764761378,-0.06306889857191454,-0.04434343677866581,0.02594739198984729,0.02302600064387332,0.03560519442995693,0.23185353446829582,-0.020051008348912772,-0.3656914582923957
54788096,0.20931801577549733,-0.08824345700675788,-0.06504876407631072,0.010494813056462306,-0.08576374623477463,0.024982431326495847,0.22771843715553694,-0.08283598842261963,0.20559434694554474
54919168,-0.18003186736959337,0.03163359482824929,0.011581627877231968,-0.07536369700229065,0.014268710786992569,0.017214741323624765,-0.6283134122621645,0.03709614104269219,0.004496207507160673
55050240,-0.24145666660182336,0.003210428004868269,0.023807230490321463,-0.007167198700659556,0.015544102018082612,-0.015388776676298017,-0.5461675188843047,0.08387022135835258,0.0633878572652895
55181312,-0.05255715207133934,-0.011802214136776503,0.010271682887283841,0.08524367457354738,0.02009740171081619,-0.0006908972469109896,-0.7135800764076905,0.022836918016836634,0.08291998294879864
55312384,-0.10718094611955005,-0.0022073279883074665,-0.005897321324451463,-0.029640616570273084,-0.008551274004629902,0.020582256133281445,-0.8072341979328618,0.01728921517536576,0.0014168447512790268
55443456,-0.1974575309055733,0.008856124370810658,0.01661882114912064,-0.06102678808104372,-0.013139495513080421,-0.006541857858289182,-0.6631493057010748,-0.005937449048372617,-0.027272627372634712
55574528,0.06550987903840538,-0.017087978589752664,0.06047124205763417,0.03572822704582475,-0.08188585859995848,0.02345055993177793,0.41428494360764423,0.015739272837565817,-0.28584203829143656
55705600,-0.11060159347096213,-0.009310455776389018,-0.021354151768960692,0.011219821797257678,-0.020818118440125162,0.010519986724870407,-0.5145763050989889,0.03891762510645433,-0.2626819418159917
55836672,-0.19961861015797747,0.04743645107833108,0.04304286173421082,-0.10074988927809077,0.01647344600061579,0.020930260113584082,0.4546514578144461,-0.10192013672986559,-0.015176887092878299
55967744,-0.22423278030979824,0.03271625340687669,-0.016561276057751262,0.08919017196210283,0.028525972817729985,0.012422715367303126,-0.34949134166177287,0.03375888994878235,0.21310059846788268
56098816,0.010047227604894824,-0.016382551644801936,-0.05711650954244914,-0.08737723228122024,-0.030439482513305215,-0.029536709927171934,0.7127973085721029,-0.024069660003079557,-0.032233317910974224
56229888,-0.0908944721451211,-0.005085792133373595,0.15486264138748218,-0.02950128277660306,0.04529462799222469,0.0738208260119495,0.5151740510072785,-0.031448978421928744,0.05391732812403863
56360960,-0.12204554222660931,0.04027671693652081,-0.03501158733560225,-0.12203120808746128,-0.05555826063498559,-0.02867213632721939,-0.18553289240612358,0.019650237593484332,0.39122141845199343
56492032,-0.046100446415237924,0.0010500215690478333,-0.007109030331320582,-0.08865614180616198,0.014933381905073016,0.019058770869421187,-0.685014707902771,0.0007456659851941477,-0.1373318332157723
56623104,-0.11190016186024493,-0.028548583489862608,-0.014963172059095198,-0.04915155444533338,-0.003971717497614057,0.012665217664548112,-0.765646771771943,0.003961730626960116,-0.009191090584398622
56754176,-0.2741425432582773,-0.007638819660479412,-0.057646603346406526,-0.2409852336406172,-0.10110631827171032,-0.007198045939380422,-0.26881005237812866,-0.009404180969259116,-0.03306820253574109
56885248,0.0311536412891227,0.02872041253299191,0.05927766906567566,0.07258061210968954,-0.020924337647373507,0.04876686365398443,-0.33534075655894063,0.020688512289478465,-0.3825471948527432
57016320,-0.1510088005231735,-0.15073115375985752,0.0006915687551757975,0.09522469459055456,0.04770018988837006,0.04692397813409871,-0.14679474910286175,-0.00914381036103873,0.3517810548848693
57147392,0.035650851093317365,-0.06477517442991369,0.22408075645851927,0.1947269885000894,0.1453017779665908,0.061117959797078625,0.07503468795057089,-0.1649016498263651,0.03441015397755483
57278464,-0.2832924363688439,-0.07159312926594608,0.08056424588576852,0.1366580704071724,0.09556909930573938,0.06139341170407003,-0.12622538956708915,-0.012393863197666019,0.1323103542977045
57409536,-0.05616001050621757,-0.047164267174266625,-0.005222767648963068,-0.07672043189498595,0.06615875398418125,0.022897665964184577,-0.5050097749133755,0.0031487483905415013,0.21751757952328393
57540608,-0.055870253780637896,0.02143042480719391,-0.010035178543488886,-0.010196507820792691,0.021262814653088775,0.010079581818417796,-0.7900073818043972,0.031181967075212157,-0.04993588969677068
57671680,0.0796200082773181,0.008613815266561855,-0.11452497123342946,-0.12042092176986591,-0.07336075201075648,-0.042856823715404106,0.3944981878899416,-0.027207635135134235,-0.13889688470158823
57802752,-0.19739061129389096,-0.007184096483945203,0.08912797911026704,0.14233616957723882,0.052675179068058846,-0.01500665838427778,-0.40891418795649814,-0.03278565154019406,-0.05457946658562915
57933824,-0.1400776846272068,-0.01481742281197478,-0.01607541539749372,-0.07738964853556766,-0.002837911994161927,0.014304903089799577,-0.7211232590843314,-0.002757612230367828,-0.010616142229096293
58064896,-0.25423534366953937,-0.019429823509468667,0.09656632320126608,-0.012033653084669011,0.010991904815437348,0.09269170829346875,-0.37797232661695807,-0.11304281389001321,-0.023036102919179482
58195968,-0.10397203078635277,0.024364749436972144,-0.00012021626308591204,-0.08176735638873431,-0.08110033856335178,0.022215087478153223,-0.31474720225486225,0.04721234380693367,-0.32450067502155394
58327040,-0.023352870988562677,0.012801415319398768,0.049522317262933886,0.06323843279786116,0.015917788037569325,0.05482170455379545,-0.3228869536349031,0.04423920612554834,-0.41321931127942724
58458112,-0.0015029290290950227,0.016110829660769852,-0.03411462210981177,0.011307255674386915,-0.010738155685413886,0.0433091921289756,0.49118797211438237,-0.08532468448780615,-0.3064043591093584
58589184,0.07333600399851352,-0.02569023678337425,-0.1626583424066137,-0.05532857723673539,0.04794295740565624,-0.0556625144312077,-0.3631542054291938,-0.09936793690594001,-0.11685922540276542
58720256,0.14456971677081487,-0.002738794702473505,-0.006740599443042586,-0.1176500352923861,0.003349361455180018,0.0051803250748985825,-0.5573903629669162,-0.09069348494442195,0.07168731934986619
58851328,-0.01416284689581007,0.016127745579163022,0.021178324438936153,-0.08640677245609331,0.14820935639084687,0.027572466539986983,0.4159963831648099,-0.005612175215057207,0.26473392931929646
58982400,-0.30183063125553367,0.05019786923704682,0.008984320190167443,0.10952270762461433,-0.06716048630310112,0.004458697642434967,-0.3216124627379467,-0.10661047420290512,0.029622350806249854
59113472,-0.02122424836074257,0.008563187356789594,-0.003904572250294191,-0.0678699703319831,0.011153327390283584,0.008086738011119301,-0.7506933118814972,-0.019838576717945804,-0.10866606769934457
59244544,-0.0917568022842151,-0.02323454505563904,-0.016992647152571795,-0.0696295770413725,-0.008490163847810398,0.011061116164090737,-0.7192071453744687,0.002360965345680746,0.05726703773415093
59375616,-0.2068555409626378,0.06449145446011907,0.02385387963377013,-0.01451781263576273,0.03252797581481446,0.02815583618777893,-0.5580704156394615,0.020386686620898365,-0.051140398044757056
59506688,-0.07979534996487779,-0.0188356758481396,-0.07015432238048153,-0.0495043243477045,-0.027783971236431053,-0.011305894575338751,0.2727520659940533,-0.028091710757728778,0.4417766848952447
59637760,-0.10223103004317739,-0.044682684433561506,-0.04577265935978305,-0.1150475386993731,-0.032262160129821645,0.006380481628804376,-0.5722678380958276,-0.014121622113211612,-0.0672339854964397
59768832,0.06298720994383764,0.05388348337737172,0.04171669668083798,0.02618740220886901,0.05637331270000631,0.048455192157480384,-0.5135816096489673,-0.06839468419127183,0.12842040909135782
59899904,-0.10172183073646299,-0.04865665697820819,-0.09302827745681529,-0.20255394071116212,-0.012805431606697342,-0.019714116880142976,-0.2955601174829051,0.03779731996028571,0.18816230818732027
60030976,0.09677979287304013,-0.08843560500971095,-0.023388978102254133,0.09928047007460312,-0.07182377487278753,-0.0023747290837911623,0.36700245102040596,-0.17965399154779818,-0.07126020741560883
60162048,-0.072200027357334,0.11055323864531028,-0.04039164029175163,0.005039003287366654,0.10375159236694868,0.021989812149424248,-0.3625112993839925,0.006430920135766138,0.2771324663821058
60293120,-0.04820473241593715,0.035235281564891065,0.020470367272230984,-0.045138219606826964,0.04055136140546957,-0.005335928679677077,-0.6983862980033663,0.06988952630785102,-0.03678828474374995
60424192,-0.21030445756978275,-0.040609428242442465,-0.027218190054926886,0.03418003563443016,-0.009946884460072235,-0.03232459570045394,-0.5312469997136676,-0.0011852955986065405,0.11298411302561745
60555264,-0.10654365706194853,-0.009329127983976643,-0.023048709351224068,-0.02058019062083446,-0.0018221851185070389,0.011243175893211207,-0.7857944219898043,-0.011180255445280573,0.030458276535213172
60686336,-0.04640326777738521,0.06711365443196823,0.037440917923227755,-0.13118525642277748,-0.0239801813243134,0.02521496136102419,-0.48823362015219285,-0.10610321680534657,-0.07432492380176432
60817408,-0.1542137093121552,-0.006368470725878862,0.03931795213678616,-0.029296034974023402,0.024589471764492717,0.02889328448539238,-0.6289515795063345,0.03419446727142301,-0.05417502982351379
60948480,-0.01580430824736139,0.0016202530003900895,0.0032940441161945014,-0.09990585765660749,-0.0050385713681441804,0.0027692780936316467,0.5223809560041183,0.005906353536352218,0.3432803779772002
61079552,-0.028633475303945968,-0.01614094961299348,-0.0165432169412165,-0.029065396898450245,0.07284325795145086,-0.050018056201772854,0.4285585066401492,-0.08261959260605037,-0.2755775478439705
61210624,-0.02231575179826019,0.03523501404660975,0.024598498133577028,0.10011459614074318,0.05615668512325646,0.030216502564919458,-0.49222253572733127,0.04279459048769674,0.19634582597760591
61341696,0.06464706441883478,-0.051013006951698796,0.08327137586908805,-0.21332778177250536,0.029308643687425938,0.0239280835317381,-0.22422939877116754,-0.08123058780360047,0.22904405719394094
61472768,-0.13555899427794957,0.04502723710332556,-0.0005938110789317364,0.05766210659784354,-0.019179872080228963,0.045379871006140104,-0.5100535454356963,-0.031027986227653556,-0.15551657619223075
61603840,0.06664340421726025,0.016678323647842132,0.06006435609211306,-0.009048657820898675,0.016904487871183895,-0.018934435332086597,-0.22182992120423228,0.11589151120053791,0.4740049026138452
61734912,0.04400266201809091,-0.11112675619969811,0.016860784309676337,-0.048869263439120084,0.19165450112242416,-0.01881316910432739,-0.3644323273240992,0.005236548634170984,-0.1990039878483928
61865984,-0.12421044188919539,-0.02084833059864354,-0.02320017413197907,-0.053340199781591734,-0.002416986821823301,0.006410729451642708,-0.7580437060754187,-0.0027403992966418514,-0.008789031953063655
61997056,-0.11903150200490568,0.019868850772575112,0.0021564168482169203,-0.0461853184327918,-0.004093129449763612,0.03138099402419894,-0.6660537233753688,-0.014432982213192662,-0.0967970828789864
62128128,-0.14247669274401437,-0.004395757123424664,-0.0680057147332046,0.06302252865105525,0.10380957186291116,0.06313186161117174,-0.4040712242369801,-0.06218644441194213,0.088900204625296
62259200,0.06107948336986225,-0.04631799389644674,-0.06896831053052542,-0.31673262282745335,-0.04115089487906194,-0.007811775518422685,-0.11989369281431786,-0.024331405255724494,0.3137138209081853
62390272,-0.14828569948267248,0.01651859482514261,0.03715285511340492,-0.19962424489854477,0.0212049561088066,0.013111344757018088,-0.40813856582600694,-0.007599200565224169,0.14836453842317943
62521344,-0.1696079038278306,-0.024761950434308073,0.0064440835789557165,-0.056687086795001715,-0.026284527162961455,0.007668168925939224,-0.4839417449123086,0.06569979333238726,0.15890474103030736
62652416,-0.1195139350326308,0.0018587755432091099,-0.0827544555591131,-0.054442122693030524,-0.04322471509839158,-0.007430564863175069,0.490623196875835,-0.10190998001417063,0.09824225432044419
62783488,-0.1499473728285551,0.0433973306935941,0.0405445344417169,-0.09860718821582054,-0.013012497351881503,0.011759147706808054,-0.6193357403222519,0.017810214555053022,0.005585973884318822
62914560,-0.10716747266139383,-0.04809323460508292,-0.037763237396109456,-0.16639541861107365,-0.040864915045976447,-0.00135199195118705,0.10814194461598621,0.012487914955258235,0.47773387015793223
