collected_frames,rew/shaping,rew/step_penalty,rew/joint_vel_variance,rew/joint_angle_variance,rew/roll,rew/roll_rate,rew/pitch,rew/pitch_rate,rew/terminal_bonus,rew/total_reward
16384,1.303199895657599,-0.1569045766880514,-0.16673118656035513,-0.021435715822160972,-0.009153672834116833,-0.005891954622711637,-0.09571116389963663,-0.02348093592627265,0.0,0.8238906813785434
32768,1.0129282427951694,-0.1569045766880514,-0.1662923216354102,-0.05364772424218245,-0.022532064729603007,-0.005541074744542129,-0.1717587773455307,-0.02197759662522003,-0.003046890255063772,0.41122721624560654
49152,0.9307873719371855,-0.1569045766880514,-0.16690248262602836,-0.057653142081107944,-0.027718200464732945,-0.005351848732971121,-0.16556952765677124,-0.019994331712950952,0.0020357288885861635,0.3327289861626923
65536,0.88355280039832,-0.1569045766880514,-0.16590843815356493,-0.058103287796257064,-0.03315860430302564,-0.005292918271152303,-0.168269093031995,-0.01974907198746223,0.010425848886370659,0.2865926537197083
81920,0.8644456970505416,-0.1569045766880514,-0.16724986128974706,-0.05829295719740912,-0.036908252484863624,-0.005221213683398673,-0.18273522099480033,-0.019006248272489756,0.0002561418805271387,0.23838350316509604
98304,0.8458269098773599,-0.1569045766880514,-0.16665473254397511,-0.06272568789427169,-0.038363936328096315,-0.004620649173375568,-0.18293403554707766,-0.017240041168406606,0.003051358973607421,0.21943461243063211
114688,0.8447049967944622,-0.1569045766880514,-0.16495521471370012,-0.06186964033986442,-0.02882148309436161,-0.004440483378857607,-0.16774281673133373,-0.01659742580523016,0.0038153158966451883,0.2471886748680845
131072,1.0836610062979162,-0.1569045766880514,-0.1671001681825146,-0.0406598701083567,-0.01988476390761207,-0.004497735155382543,-0.10709557740483433,-0.018119641703378875,0.004323130939155817,0.573721798020415
147456,1.1194971343502402,-0.1569045766880514,-0.1643038522452116,-0.04028463979193475,-0.02089107067149598,-0.006388386143953539,-0.1379464121419005,-0.02301318979880307,-0.0005078150425106287,0.5692571934778243
163840,0.9610846135765314,-0.1569045766880514,-0.16655628534499556,-0.06033504437073134,-0.026115244982065633,-0.0048064616403280525,-0.15744681481737643,-0.01905839832033962,-0.0005078150425106287,0.36935396934859455
180224,0.8888465878553689,-0.1569045766880514,-0.16500775830354542,-0.06328216081601568,-0.029158043194911443,-0.00499665156530682,-0.16945379262324423,-0.01880533905205084,0.003051358973607421,0.2842896213987842
196608,0.866689708083868,-0.1569045766880514,-0.16532012808602303,-0.06474740477278829,-0.027149768502567895,-0.004162908871876425,-0.14979658275842667,-0.017282003071159124,0.004830945981666446,0.28615728148724884
212992,1.0673765614628792,-0.1569045766880514,-0.16580080974381417,-0.046531862681149505,-0.022681344249576796,-0.004499920269154245,-0.11263863838394172,-0.01765122051438084,0.007882304955273867,0.548550492268987
229376,1.0782106290571392,-0.1569045766880514,-0.16486875363625586,-0.04455093477736227,-0.025179887285048608,-0.005855709725437919,-0.11434764618752524,-0.021261854548356496,-0.0005078150425106287,0.5447334474883974
245760,0.959296824876219,-0.1569045766880514,-0.16617864381987602,-0.05866204126505181,-0.03126164845889434,-0.00565403949804022,-0.12765035004122183,-0.019761649833526462,0.0025435439310967922,0.39576741703785956
262144,0.9069805792532861,-0.1569045766880514,-0.16468336258549243,-0.058002761768875644,-0.03220477334980387,-0.005542337912629591,-0.11157810816075653,-0.01940136618213728,0.01016970700584352,0.3688330017030239
278528,0.8335647955536842,-0.1569045766880514,-0.1648240090580657,-0.06462974267196842,-0.02105740606202744,-0.0036981941557314713,-0.16182803246192634,-0.016536032046133187,0.0012717719655483961,0.24535857292357832
294912,1.0158073278144002,-0.1569045766880514,-0.1656763928476721,-0.043131257029017434,-0.01628779106613365,-0.00412191699797404,-0.11681179772131145,-0.01687730904450291,0.0022918707691133022,0.4982881605392322
311296,1.054522527847439,-0.1569045766880514,-0.16565115610137582,-0.04829369799699634,-0.016791990063211415,-0.005014951007979107,-0.12280500598717481,-0.019803210685495287,0.0007639569230377674,0.5200219014659524
327680,0.9491543732583523,-0.1569045766880514,-0.16586406412534416,-0.05861418150016107,-0.022147901807329617,-0.004376760403829394,-0.13384670834057033,-0.01849912738543935,0.0012717719655483961,0.3901728237979114
344064,0.9459904795512557,-0.1569045766880514,-0.16645391762722284,-0.06105107764597051,-0.019944931147620082,-0.004272179823601618,-0.13407069578533992,-0.0175007209109026,0.0020357288885861635,0.3878281086217612
360448,0.8614078457467258,-0.1569045766880514,-0.16748643957544118,-0.05636972383945249,-0.02700560617086012,-0.0045565789496322395,-0.11757126834709197,-0.016838845091115218,0.0002561418805271387,0.3149309440050274
376832,1.0423130989074707,-0.1569045766880514,-0.16486325557343662,-0.04276747431140393,-0.019100597048236523,-0.004899386265606154,-0.09238527022534981,-0.019177044632670004,0.005594902904704213,0.5478104020003229
393216,1.028699287213385,-0.1569045766880514,-0.16561585816089064,-0.04795387989724986,-0.01877226151555078,-0.006024387290381128,-0.13035976618994027,-0.021963439852697775,0.0,0.4811051164288074
409600,0.8899549334309995,-0.1569045766880514,-0.16627828020136803,-0.0628847825282719,-0.023809351900126785,-0.005609622319752816,-0.14318689552601427,-0.020330991617811378,0.003051358973607421,0.31400178861804307
425984,0.8400240708142519,-0.1569045766880514,-0.16502369032241404,-0.06045888378866948,-0.022770442345063202,-0.005081379298644606,-0.13577957026427612,-0.01928573244367726,0.0050870878621935844,0.2798068830743432
442368,0.8235376491211355,-0.1569045766880514,-0.1654917624546215,-0.054243345133727416,-0.020560415214276873,-0.0033674937239993596,-0.12488544959342107,-0.015605620123096742,0.004830945981666446,0.28730992833152413
458752,1.0341162332333624,-0.1569045766880514,-0.16512815945316106,-0.038056736331782304,-0.018152870325138792,-0.004147582290897844,-0.09249837941024452,-0.017478860732808243,0.0025435439310967922,0.544292610953562
475136,1.064415398053825,-0.1569045766880514,-0.16496137785725296,-0.049133639797219075,-0.023140843666624278,-0.006154961109132273,-0.10658198827877641,-0.021066748318844475,0.0,0.5364712604787201
491520,0.9455049708485603,-0.1569045766880514,-0.16381277609616518,-0.057110458554234356,-0.024866916181053966,-0.0054484136489918455,-0.11358871863922104,-0.01800685866328422,0.0007639569230377674,0.4065302051603794
507904,0.9017726848833263,-0.1569045766880514,-0.16535673465114087,-0.059686137043172494,-0.026054258123622276,-0.0054085186166048516,-0.10261839651502669,-0.018446878326358274,0.0025435439310967922,0.3698407302144915
524288,0.817031214479357,-0.1569045766880514,-0.1653874742332846,-0.04034959807177074,-0.019325510831549764,-0.003410078721572063,-0.11351002531591803,-0.014592773826734629,0.003051358973607421,0.3066025320440531
540672,1.041869193315506,-0.1569045766880514,-0.16544577141758054,-0.03185258681696723,-0.012786384350874869,-0.0038639270460407715,-0.085848486807663,-0.01637151026443462,0.004830945981666446,0.5736268872860819
557056,1.0792589206248522,-0.1569045766880514,-0.1653870843583718,-0.04395031555031892,-0.015755925880512223,-0.005863304748345399,-0.09886357898358256,-0.02140122457058169,0.0035591740161180496,0.5746920930687338
573440,0.9552436489611864,-0.1569045766880514,-0.1658620269736275,-0.05605218996061012,-0.019960890494985506,-0.005106754253574763,-0.10192183865001425,-0.018757583435217384,0.003051358973607421,0.4337291445117444
589824,0.90527114411816,-0.1569045766880514,-0.1650350687559694,-0.052021382784005255,-0.024060532145085745,-0.005407456093962537,-0.09149841387989,-0.018186998197052162,0.0050870878621935844,0.3972438066266477
606208,0.7906760559417307,-0.1569045766880514,-0.1652263858122751,-0.043807433219626546,-0.009561711551214103,-0.0029464072540577035,-0.12188113987213,-0.016128963936353102,0.005338761024177074,0.27955819678027183
622592,1.0044934549368918,-0.1569045766880514,-0.16503670869860798,-0.037583156663458794,-0.0066933343096025055,-0.0034358350230832,-0.09272008913103491,-0.016391910023230594,0.0020357288885861635,0.5277635786915198
638976,1.0736378524452448,-0.1569045766880514,-0.16507469036150724,-0.041901059870724566,-0.01450149976881221,-0.005403452392783947,-0.1033486791420728,-0.019549424265278503,0.003051358973607421,0.5700058247894049
655360,0.9688765984028578,-0.1569045766880514,-0.1649520513601601,-0.059255762287648395,-0.020270042165066116,-0.004872292101936182,-0.09912793873809278,-0.01743120333412662,-0.0010156300850212574,0.4450470982119441
671744,0.9314942685887218,-0.1569045766880514,-0.16369538544677198,-0.05887182545848191,-0.018954971150378697,-0.00472488402374438,-0.09857870062114671,-0.017875206634926144,0.0066105329897254705,0.41849925043061376
688128,0.8734448170289397,-0.1569045766880514,-0.16332565736956894,-0.0411078677570913,-0.015473908839339856,-0.0033618116649449803,-0.1271221563220024,-0.015244396694470197,0.0066105329897254705,0.3575149665120989
704512,1.0522704110480845,-0.1569045766880514,-0.16335251147393137,-0.03603651731100399,-0.011624124545051018,-0.004353536744019948,-0.09341528682853095,-0.01805299401166849,0.0017795870080590248,0.5703104522544891
720896,1.0664619291201234,-0.1569045766880514,-0.16591772169340402,-0.04607281484641135,-0.020025341553264298,-0.005861576035385951,-0.0835060870158486,-0.020639234411646612,0.005338761024177074,0.5728733397554606
737280,0.9472830560989678,-0.1569045766880514,-0.1651885820319876,-0.057635353674413636,-0.024563009472331032,-0.0056219945108750835,-0.0991984655847773,-0.0187852817834937,0.006102717947214842,0.4254885094705969
753664,0.9252011817879975,-0.1569045766880514,-0.16535409179050475,-0.05218945172964595,-0.019410392065765336,-0.00457207112958713,-0.09944133675890043,-0.016949405377090443,0.008390119997784495,0.4187699775211513
770048,0.8335996009409428,-0.1569045766880514,-0.16498804197181016,-0.0488517822814174,-0.0188885912502883,-0.003332042639158317,-0.09765613341005519,-0.014002599891682621,0.0035591740161180496,0.3325350061058998
786432,1.0373115013353527,-0.1569045766880514,-0.16543895611539483,-0.040345262867049314,-0.015504304668866098,-0.003987766132922843,-0.07683393653132953,-0.016346307842468377,0.004830945981666446,0.5667813324835151
802816,1.0919178733602166,-0.1569045766880514,-0.16388790437486023,-0.0502133394475095,-0.018895204331784043,-0.005996508520183852,-0.08241140400059521,-0.022507599940581713,0.0025435439310967922,0.5936448844149709
819200,0.9346328224055469,-0.1569045766880514,-0.16462776518892497,-0.053183522599283606,-0.02497209419379942,-0.005321086235198891,-0.08539335761452094,-0.01842259807017399,0.008390119997784495,0.43419794319197536
835584,0.9057785603217781,-0.1569045766880514,-0.165631893905811,-0.05020696044084616,-0.025263488656491973,-0.004827866068808362,-0.08671767072519287,-0.017430491127015557,0.01347720785997808,0.4122728214133531
851968,0.8117140168324113,-0.1569045766880514,-0.1639420094434172,-0.04583205361268483,-0.0163040488405386,-0.0034543133078841493,-0.1096571616944857,-0.014971918222727254,0.0007639569230377674,0.3014118920546025
868352,1.0292507885023952,-0.1569045766880514,-0.16578489646781236,-0.03735206105920952,-0.01457534870132804,-0.003895653753716033,-0.0795095961948391,-0.0165604350513604,0.0020357288885861635,0.5567039493471384
884736,1.070136021822691,-0.1569045766880514,-0.1655017981538549,-0.053463382209884,-0.022236397009692155,-0.005650905019138008,-0.08300065633375198,-0.020378849090775475,0.0035591740161180496,0.5665586295071989
901120,0.9586231051944196,-0.1569045766880514,-0.1642387587344274,-0.052830948639893904,-0.022150662582134828,-0.004888527997536585,-0.07981946738436818,-0.01888726046308875,0.0025435439310967922,0.4614464375190437
917504,0.920871514827013,-0.1569045766880514,-0.1653634588001296,-0.04564582041348331,-0.022106351068941876,-0.005305245433191885,-0.08848091121762991,-0.01951079825812485,0.005594902904704213,0.42314925440587103
933888,0.8660050234757364,-0.1569045766880514,-0.1622284831246361,-0.04010089588700794,-0.01800575251400005,-0.0038489280304929707,-0.1078994728741236,-0.01493123677209951,0.0025435439310967922,0.3646292220801115
950272,1.022139365784824,-0.1569045766880514,-0.16306599287781864,-0.035104938127915375,-0.014756991964532062,-0.004109406052521081,-0.07988636253867298,-0.015845365618588403,0.0,0.5524657324422151
966656,1.0727375419810414,-0.1569045766880514,-0.16289666120428592,-0.04058912306209095,-0.017514603459858336,-0.0055450490581279155,-0.09016517415875569,-0.0184044180350611,0.005338761024177074,0.586056699976325
983040,0.9836609112098813,-0.1569045766880514,-0.16311255958862603,-0.04705799638759345,-0.021508178717340343,-0.004870569513514056,-0.09798407967900857,-0.018086368931108154,0.005338761024177074,0.47947534639388323
999424,0.9589149160310626,-0.1569045766880514,-0.16302118555177003,-0.048527636303333566,-0.022031440821592696,-0.0049020658789231675,-0.09020989865530282,-0.017927343615156133,0.0033075008541345596,0.4586982710752636
1015808,0.8507737792097032,-0.1569045766880514,-0.16374797862954438,-0.03687059224466793,-0.016602628733380698,-0.004103643173948512,-0.11043872887967154,-0.015403522054839414,0.008897935040295124,0.35560004552826285
1032192,1.0212647821754217,-0.1569045766880514,-0.16201163467485458,-0.02868784098973265,-0.012317099299252732,-0.0037676670062865014,-0.08422410415369086,-0.014825961585302139,0.005338761024177074,0.5638646543957293
1048576,1.0566688342951238,-0.1569045766880514,-0.1632910545449704,-0.039808106259442866,-0.015339663063059561,-0.005376771112423739,-0.07734442345099524,-0.01795994888379937,0.0,0.5806442864704877
1064960,0.9325587539933622,-0.1569045766880514,-0.1629271844867617,-0.04859994290745817,-0.016862014039361384,-0.004811119179066736,-0.09164177638012916,-0.016983060551865492,0.003051358973607421,0.4368804420810193
1081344,0.960237255319953,-0.1569045766880514,-0.16328234726097435,-0.04872994002653286,-0.02235648749046959,-0.005050858311733464,-0.08986547274980694,-0.017588527844054624,0.011949294013902545,0.46840833500027657
1097728,0.8599067395552993,-0.1569045766880514,-0.16183669737074524,-0.035960316119599156,-0.011868726374814287,-0.0035942836657341104,-0.09918868594104424,-0.015221760819258634,-0.001523445127531886,0.3738082442432642
1114112,1.0161465448327363,-0.1569045766880514,-0.1632061095442623,-0.03047333961876575,-0.010545273205934791,-0.00395316293452197,-0.08190017577726394,-0.015609348331054207,0.0,0.553554558660835
1130496,1.0230103312060237,-0.1569045766880514,-0.16163131967186928,-0.04169999209989328,-0.014939910899556708,-0.005946099787252024,-0.09359930641949177,-0.019627796988061164,0.0017795870080590248,0.530440911417827
1146880,0.9088412970304489,-0.1569045766880514,-0.1625815163133666,-0.051078800519462675,-0.016910964506678283,-0.004912131746095838,-0.08896319969790056,-0.01832970140821999,0.0007639569230377674,0.4099243599921465
1163264,0.9203029437921941,-0.1569045766880514,-0.16188068652991205,-0.04888224447495304,-0.020321703268564306,-0.005131843161507277,-0.0837288610637188,-0.018075050531479064,0.009154076920822263,0.43453205027617514
1179648,0.8210430522449315,-0.1569045766880514,-0.1613561207195744,-0.043876785959582776,-0.013216358471254352,-0.0036899725637340453,-0.08861375495325774,-0.014090031567320693,0.005338761024177074,0.34463420789688826
1196032,1.011655418202281,-0.1569045766880514,-0.16122779459692538,-0.03238239356869599,-0.010295188523741672,-0.003791204417211702,-0.06901335838483647,-0.014687548402434913,0.004830945981666446,0.568184292409569
1212416,1.0548899522982538,-0.1569045766880514,-0.16156338318251073,-0.04398484683770221,-0.015651585032173898,-0.005888867181056412,-0.07179225131403655,-0.01839050841226708,0.0,0.5807139370590448
1228800,0.9343074960634112,-0.1569045766880514,-0.1622010776773095,-0.05414422560716048,-0.02211850040475838,-0.005849764693266479,-0.07319276029011235,-0.01821073364408221,0.0035591740161180496,0.4452450294047594
1245184,0.9143286258913577,-0.1569045766880514,-0.16132972994819283,-0.04526313775568269,-0.021516960143344477,-0.005418911057859077,-0.08358390274224803,-0.017367172025842592,0.009661891963332891,0.43260612571612
1261568,0.8274931912310421,-0.1569045766880514,-0.1610049142036587,-0.041242468782002106,-0.01670960984483827,-0.0038630666913377354,-0.09144043899141252,-0.014273078450059984,0.007118348032236099,0.3491733861155808
1277952,1.0277081676758826,-0.1569045766880514,-0.159679614007473,-0.03356082747632172,-0.012681473115662811,-0.004151975625063642,-0.06900905223301379,-0.01566639246811974,0.003051358973607421,0.5791056181769818
1294336,1.0906874686479568,-0.1569045766880514,-0.16177645535208285,-0.04413045279216021,-0.016748955589719117,-0.005678663608705392,-0.0717328620958142,-0.020690460078185424,0.0017795870080590248,0.6148046327289194
1310720,0.9648644980043173,-0.1569045766880514,-0.16115657379850745,-0.04416901458171196,-0.017848116302047856,-0.004921450083202217,-0.07707708806265146,-0.017940300196642056,0.007118348032236099,0.4919657278805971
1327104,0.9130508536472917,-0.1569045766880514,-0.16177537851035595,-0.03907511808210984,-0.018345505493925884,-0.0043119338661199436,-0.08283146820031106,-0.016309311184159014,0.006102717947214842,0.4396002769935876
1343488,0.8481112066656351,-0.1569045766880514,-0.16135686973575503,-0.04092198645230383,-0.013879903926863335,-0.0034360143363301177,-0.11201477242866531,-0.01375125945196487,0.0012717719655483961,0.34711759304627776
1359872,1.0529893734492362,-0.1569045766880514,-0.16198734659701586,-0.030465188836387824,-0.010180356524870149,-0.003796374177909456,-0.08305028865288477,-0.016355086911062244,0.011441478971391916,0.6016916257794946
1376256,1.1087982216849923,-0.1569045766880514,-0.16186061326880008,-0.04294534746441059,-0.013270347837533336,-0.005239209553110413,-0.08012821967713535,-0.019479022914310917,0.0,0.6289708856493235
1392640,0.9884022851474583,-0.1569045766880514,-0.16220108442939818,-0.045607129170093685,-0.017511657941213343,-0.004763052593261818,-0.08840326900826767,-0.01688312903570477,-0.0010156300850212574,0.4951127520762384
1409024,0.9605078003369272,-0.1569045766880514,-0.1607660959707573,-0.040990198409417644,-0.020039252005517483,-0.004562278898447403,-0.08222941868007183,-0.017056184929970186,0.011441478971391916,0.4894012773875147
1425408,0.8655746914446354,-0.1569045766880514,-0.16212053131312132,-0.04170488065574318,-0.017508264165371656,-0.0040064651184366085,-0.100624714337755,-0.014976760438003112,0.0012717719655483961,0.3690002707298845
1441792,1.0461213919334114,-0.1569045766880514,-0.16067791124805808,-0.03296423411666183,-0.011874278848154063,-0.003758175962502719,-0.08232226211111993,-0.016115005644678604,0.0066105329897254705,0.5881154786329716
1458176,1.0524068805389106,-0.1569045766880514,-0.1599037233972922,-0.04230337905755732,-0.01666851218760712,-0.0056901361313066445,-0.08136119449045509,-0.019363962608622387,0.0017795870080590248,0.5719909803010523
1474560,0.9365067449398339,-0.1569045766880514,-0.1618350603384897,-0.05360665815533139,-0.02244681681622751,-0.005328448922227835,-0.08790551795391366,-0.016982085107883904,0.0017795870080590248,0.4332771636545658
1490944,0.9214129541069269,-0.1569045766880514,-0.16212113131769001,-0.050457585748517886,-0.0216216631088173,-0.004816506014321931,-0.08373064693296328,-0.016715343510441016,0.010677522048354149,0.43572302046231925
1507328,0.8541502538137138,-0.1569045766880514,-0.1601923833368346,-0.035903908021282405,-0.010030293400632218,-0.003645611113824998,-0.10705167060950771,-0.01675006098957965,0.004323130939155817,0.36799488053657115
1523712,1.0223167771473527,-0.1569045766880514,-0.1590453771641478,-0.03111053149041254,-0.010579383309959667,-0.004298465322790435,-0.08084757436881773,-0.016750347807828803,0.008897935040295124,0.5716784540563822
1540096,1.06390767917037,-0.1569045766880514,-0.15943510411307216,-0.04282084995065816,-0.01638806107075652,-0.005725965078454465,-0.09381352935452014,-0.020650262391427532,0.0012717719655483961,0.5694411017466336
1556480,0.9588956139050424,-0.1569045766880514,-0.16074243991170079,-0.04470942169427872,-0.018558937925263308,-0.005347400532627944,-0.10050423681968823,-0.018584110162919387,0.008897935040295124,0.4624424227513373
1572864,0.9401280744932592,-0.1569045766880514,-0.15986681554932147,-0.03704368101898581,-0.01613731172255939,-0.004773538197696325,-0.10465989651856944,-0.018137362618290354,0.012713250936940312,0.45531814033165574
1589248,0.8337893090210855,-0.1569045766880514,-0.15924472082406282,-0.03762074903352186,-0.015666128987504635,-0.0033951295645238133,-0.10688527702586725,-0.015722658223239705,0.0025435439310967922,0.3408936089836061
1605632,1.0285667479038239,-0.1569045766880514,-0.16029585478827357,-0.02849634449376026,-0.011675918440232635,-0.0041147482861561,-0.08553748822305351,-0.017010920721077127,0.006102717947214842,0.5706336143193766
1622016,1.0854464983567595,-0.1569045766880514,-0.16011965612415224,-0.042451580593478866,-0.013701215757464524,-0.005592171233729459,-0.07822006050264463,-0.019457308124401607,0.0025435439310967922,0.6115434740204364
1638400,0.9766467069275677,-0.1569045766880514,-0.1599994496209547,-0.04547361674485728,-0.016102971298096236,-0.005195214409468463,-0.08915155084105209,-0.01795172672427725,0.0035591740161180496,0.4894267662893981
1654784,0.9355073599144816,-0.1569045766880514,-0.15927854250185192,-0.04556089345715009,-0.018564941303338856,-0.004845635607125587,-0.0793417650857009,-0.01651774229685543,0.004323130939155817,0.4588163944426924
1671168,0.853432270232588,-0.1569045766880514,-0.159458628622815,-0.04981325700646266,-0.011911110406799708,-0.002997555062393076,-0.08918951445957646,-0.014850967265374493,0.0066105329897254705,0.3749171895906329
1687552,1.089686662890017,-0.1569045766880514,-0.16013597860001028,-0.034823248359316494,-0.008769240221226937,-0.0035563435212679906,-0.06991635095619131,-0.016533912468730705,0.003051358973607421,0.6420983746647835
1703936,1.0822708741761744,-0.1569045766880514,-0.1599475615657866,-0.047590758418664336,-0.012890366640931461,-0.005560807207075413,-0.08766926563112065,-0.020992742516682483,0.005338761024177074,0.596053549554199
1720320,0.9583688681013882,-0.1569045766880514,-0.1604299326427281,-0.05772020455333404,-0.014935401661205105,-0.004575667604513001,-0.07980152656091377,-0.016283411234326195,0.0025435439310967922,0.47026169183664024
1736704,0.9187126331962645,-0.1569045766880514,-0.1596287573920563,-0.05275064270244911,-0.013801166853227187,-0.004612564316630596,-0.09527361387154087,-0.0184043942426797,0.004323130939155817,0.42166004329919815
1753088,0.8547577657736838,-0.1569045766880514,-0.15947023534681648,-0.04699566957424395,-0.012378768129565287,-0.002985507248013164,-0.0901409150683321,-0.013914516141085187,0.0025435439310967922,0.3745111220050603
1769472,1.0766910482198,-0.1569045766880514,-0.16097615216858685,-0.03638489487639163,-0.009220647109032143,-0.0036003405784867937,-0.07013768014439847,-0.01589381094527198,0.004323130939155817,0.6278960679192096
1785856,1.0967263174243271,-0.1569045766880514,-0.1605293396860361,-0.04633626580471173,-0.01212901207327377,-0.0052409128365979996,-0.07550907251425087,-0.02135919158172328,0.0012717719655483961,0.6199897145852447
1802240,0.9421518188901246,-0.1569045766880514,-0.16150718892458826,-0.05460471933474764,-0.016102536901598796,-0.004954540316248313,-0.09159402817022055,-0.018798999648424797,0.006102717947214842,0.44378794776275754
1818624,0.9253329876810312,-0.1569045766880514,-0.1590330033795908,-0.04966882982989773,-0.012785209975845646,-0.004344041179138003,-0.08492174558341503,-0.018737265032541472,0.0050870878621935844,0.44402540009468794
1835008,0.8682292271405458,-0.1569045766880514,-0.15842269686982036,-0.04636026042862795,-0.012428227346390486,-0.0032068520431494107,-0.10520443203859031,-0.014883637326420285,0.0025435439310967922,0.3733620836865157
1851392,1.0567203713580966,-0.1569045766880514,-0.1591758953873068,-0.0372016411711229,-0.010428357170894742,-0.003541281959769549,-0.08023990089714061,-0.015509174729231745,0.0025435439310967922,0.596263081766665
1867776,1.097750036045909,-0.1569045766880514,-0.16089122788980603,-0.05221164945396595,-0.01235646535496926,-0.004586996552461642,-0.07441904238658026,-0.019070188973273616,0.003051358973607421,0.6203612447716296
1884160,0.9746018401347101,-0.1569045766880514,-0.1587613451993093,-0.05928788354503922,-0.012588084646267816,-0.003995845769168227,-0.07448232627939433,-0.01680218402907485,0.010677522048354149,0.5024571171961725
1900544,0.9386018458753824,-0.1569045766880514,-0.15900054771918803,-0.0506606440176256,-0.01371301257313462,-0.004345512217696523,-0.07812860299600288,-0.01700171192351263,0.0050870878621935844,0.4639343274757266
1916928,0.8822482298128307,-0.1569045766880514,-0.1591738520655781,-0.034245551069034263,-0.014384296526259277,-0.002999966230163409,-0.10334076115395874,-0.014013441810675431,0.0002561418805271387,0.39744192152284086
1933312,1.0469020432792604,-0.1569045766880514,-0.15941724926233292,-0.031430245100636967,-0.013253791319584707,-0.0033866407102323137,-0.08105484992847778,-0.014576769121049438,0.003051358973607421,0.5899292756803334
1949696,1.0466481046751142,-0.1569045766880514,-0.15937435685191303,-0.042539158937870525,-0.017613245014217682,-0.005158156647667056,-0.09277006261982024,-0.020129998578340746,0.003051358973607421,0.5552099032793194
1966080,0.9594516851939261,-0.1569045766880514,-0.15969442389905453,-0.05210895702475682,-0.02109116227074992,-0.004947158508002758,-0.0976559838745743,-0.01931088409764925,0.0038153158966451883,0.45155385113321245
1982464,0.9675551196560264,-0.1569045766880514,-0.16138921026140451,-0.047996620764024556,-0.019572471785068046,-0.0052145166737318505,-0.08776378643233329,-0.019301874686789233,0.012205435894429684,0.4816174954175949
1998848,0.8524956209585071,-0.1569045766880514,-0.15851527289487422,-0.040625943162012845,-0.011191485988092609,-0.003514659285428934,-0.09624349634395912,-0.01499365791096352,0.004323130939155817,0.3748296578414738
2015232,1.0416896375827491,-0.1569045766880514,-0.15842491225339472,-0.03822335410222877,-0.011153147526783869,-0.0037781862884003203,-0.07506720165838487,-0.01535304469143739,0.0025435439310967922,0.5853287577629089
2031616,1.065492539666593,-0.1569045766880514,-0.16012603021226823,-0.046810655170702375,-0.014317596782348119,-0.005666402194037801,-0.07924570149043575,-0.0201130637069582,0.0,0.5823085161391646
2048000,0.9508130047470331,-0.1569045766880514,-0.1590861614095047,-0.05236814005183987,-0.017738758819177747,-0.0050239278498338535,-0.08392088999971747,-0.01747617516957689,0.0035591740161180496,0.46185354399494827
2064384,0.9387059453874826,-0.1569045766880514,-0.15753278811462224,-0.05091585454647429,-0.013992517757287715,-0.005109781610372011,-0.08231740811606869,-0.018502728882594965,0.009154076920822263,0.46258436515927315
2080768,0.8551520109176636,-0.1569045766880514,-0.15907296619843692,-0.04390127211809158,-0.013465428353811149,-0.003617584059611545,-0.08825718081789091,-0.014881798590067774,0.008897935040295124,0.3839491391554475
2097152,1.0314748706296086,-0.1569045766880514,-0.15781308070290834,-0.03385655731835868,-0.013413650849543046,-0.0040735676029726164,-0.07296389844850637,-0.01603569384315051,0.007118348032236099,0.5835321955382824
2113536,1.0507572717033327,-0.1569045766880514,-0.1584628337295726,-0.043329112930223346,-0.01872579650807893,-0.005850135781656718,-0.07779796194517985,-0.01971034115558723,-0.0005078150425106287,0.5694686998613179
2129920,0.9202611860819161,-0.1569045766880514,-0.16000430716667324,-0.055823090340709314,-0.020123815105762333,-0.0060534338117577136,-0.07680685445666313,-0.018918876732641365,0.009661891963332891,0.4352881226222962
2146304,0.9348182752728462,-0.1569045766880514,-0.15879125555511564,-0.04652232051012106,-0.01875854015816003,-0.005775495839770883,-0.06894570967415348,-0.018115687642421108,0.022119001019746065,0.483123688492924
2162688,0.8522028313018382,-0.1569045766880514,-0.15814570698421448,-0.046804988727672026,-0.01633627893170342,-0.004067171599672292,-0.10083920927718282,-0.014576682347978931,0.014236696064472198,0.3687649129424244
2179072,1.0617789691314101,-0.1569045766880514,-0.15849089936818928,-0.03789968266210053,-0.011407729503844166,-0.0040977215376187814,-0.08276329717773478,-0.016449956397991627,0.0017795870080590248,0.5955446898005903
2195456,1.0782438777387142,-0.1569045766880514,-0.1578871962847188,-0.050661668239627033,-0.012607995122380089,-0.0057333015647600405,-0.08801046741427854,-0.020498964280704968,0.0,0.5859397070016712
2211840,0.9406505203805864,-0.1569045766880514,-0.15878706972580403,-0.0608519371598959,-0.0160797862772597,-0.00518928667952423,-0.07986464025452733,-0.017543955786095466,0.0017795870080590248,0.4472088539041579
2228224,0.8958347518928349,-0.1569045766880514,-0.15722800174262375,-0.051608587498776615,-0.01661632037576055,-0.005205224166275002,-0.07588415074860677,-0.016741245264711324,0.011949294013902545,0.427595934830606
2244608,0.8598724054172635,-0.1569045766880514,-0.1566175949992612,-0.04594586952589452,-0.012908406410133466,-0.003969118082750356,-0.09828582528280094,-0.014077476538659539,0.0012717719655483961,0.37243531132116914
2260992,1.0380460931919515,-0.1569045766880514,-0.157097355928272,-0.03687940048985183,-0.012103239609132288,-0.003954494259232888,-0.0783182712038979,-0.015287471447663847,0.0035591740161180496,0.581060454249382
2277376,1.0734326718375087,-0.1569045766880514,-0.15669768466614187,-0.04083079445990734,-0.015442924661329016,-0.005470968746521976,-0.08053406543331221,-0.017817624182498548,0.0017795870080590248,0.6015136237256229
2293760,0.9778399579226971,-0.1569045766880514,-0.1569930051919073,-0.05158720712643117,-0.019719534830073826,-0.005326516202330822,-0.07124281718279235,-0.016749401729612146,-0.001523445127531886,0.49779345258139074
2310144,0.9750381750054657,-0.1569045766880514,-0.15843580814544111,-0.04778577451361343,-0.02078945613175165,-0.005808960733702406,-0.0663677689153701,-0.017653633331065066,0.009410218801349401,0.5107024123426527
2326528,0.8706490746699274,-0.1569045766880514,-0.15744585217908025,-0.03846664045704529,-0.015860060797422193,-0.0037443737564899493,-0.0940579988528043,-0.01436800001465599,0.0025435439310967922,0.3923451118171215
2342912,1.0296849673613906,-0.1569045766880514,-0.15614003641530871,-0.032864247856196016,-0.014073196420213208,-0.004133782491408056,-0.08081522810971364,-0.015145174580538878,0.0007639569230377674,0.5703726760111749
2359296,1.0490099941380322,-0.1569045766880514,-0.15725536062382162,-0.041273008842836134,-0.015214523693430237,-0.005339882125554141,-0.08041629166109487,-0.018688259246118832,0.007118348032236099,0.5810364442877471
2375680,0.9463180229067802,-0.1569045766880514,-0.15796575241256505,-0.043203992274357006,-0.016041599512391258,-0.004653507077819086,-0.0821177686448209,-0.016915539010369685,0.004323130939155817,0.4728384129703045
2392064,0.9704780518077314,-0.1569045766880514,-0.15654840890783817,-0.03913618906517513,-0.014154057134874165,-0.0048586832508590305,-0.0746735247084871,-0.018989772463100962,0.011441478971391916,0.5166543123777956
2408448,0.8797220843844116,-0.1569045766880514,-0.15706671366933733,-0.04474863572977483,-0.011305514060950372,-0.0032799672790133627,-0.09012651385273784,-0.013414003857178614,0.005338761024177074,0.40821492206305265
2424832,1.053620404098183,-0.1569045766880514,-0.15852962934877723,-0.03691102234006394,-0.009279884419811424,-0.003766430436371593,-0.07270491623785347,-0.01633131210837746,0.003051358973607421,0.6022439904045314
2441216,1.0787747539579868,-0.1569045766880514,-0.158208574866876,-0.039464342524297535,-0.013869439157133456,-0.005408973269368289,-0.07402070524403825,-0.01953600407432532,0.010677522048354149,0.6220396650023758
2457600,0.9809237280860543,-0.1569045766880514,-0.15712575730867684,-0.04926949457149021,-0.016981261229375377,-0.004889179213932948,-0.06751180958235636,-0.018181474173616152,0.0020357288885861635,0.5120959030464292
2473984,0.9637103113345802,-0.1569045766880514,-0.15731643128674477,-0.049814515048637986,-0.01705237325222697,-0.005323302379110828,-0.06859064378659241,-0.018377715517999604,0.012205435894429684,0.5025361871812493
2490368,0.8604000410996377,-0.1569045766880514,-0.15733602188993245,-0.04675353312632069,-0.011817637692729477,-0.00329391474770091,-0.08537624217569828,-0.01406353334459709,0.0038153158966451883,0.3886698978021741
2506752,1.050933405291289,-0.1569045766880514,-0.1566174360923469,-0.03685969348589424,-0.009807788170292042,-0.0036394755879882723,-0.06819966940383893,-0.015608471076120622,0.005338761024177074,0.6086350481491536
2523136,1.079628891311586,-0.1569045766880514,-0.1571935691172257,-0.049482160073239356,-0.01139666936796857,-0.004958250592608238,-0.07452319061849266,-0.01928666232561227,0.0035591740161180496,0.6094429865479469
2539520,0.9695438398048282,-0.1569045766880514,-0.15608913404867053,-0.05668529943795875,-0.013710793777136132,-0.0046555628196074395,-0.0691020282683894,-0.01775612931669457,0.005338761024177074,0.4999790736474097
2555904,0.96823909599334,-0.1569045766880514,-0.157145080040209,-0.0525395238364581,-0.014709401744767092,-0.004546733402094105,-0.07187968358630314,-0.018622877018060535,0.02033941401168704,0.5122306304983795
2572288,0.8380126785486937,-0.1569045766880514,-0.15536229289136827,-0.046471921988995746,-0.011886385669640731,-0.003158737650664989,-0.09358906175475568,-0.014118531602434814,0.008390119997784495,0.36491128941997886
2588672,1.0328939841128886,-0.1569045766880514,-0.15388813242316246,-0.03519321951898746,-0.00974906635019579,-0.0034509651395637775,-0.08073521213373169,-0.015282961503544357,0.005338761024177074,0.5830286056734622
2605056,1.0782806370407343,-0.1569045766880514,-0.15641219867393374,-0.04322245599178132,-0.012880464564659633,-0.0050969041458301945,-0.08259995630942285,-0.019145582788041793,0.0017795870080590248,0.6037980858236551
2621440,0.9715519291348755,-0.1569045766880514,-0.15500542370136827,-0.052880905743222684,-0.015412532797199674,-0.004882768025709083,-0.07917507854290307,-0.017993211826251354,0.010677522048354149,0.4999749520793557
2637824,0.9453094499185681,-0.1569045766880514,-0.1548867621459067,-0.05362579942448065,-0.01806951008620672,-0.005141593970620306,-0.07511059037642553,-0.018247572712425608,0.010677522048354149,0.4740005610510707
2654208,0.875409924890846,-0.1569045766880514,-0.15420296508818865,-0.047470449993852526,-0.011157874447235372,-0.0033227742969756946,-0.10069106158334762,-0.01450304997706553,0.006102717947214842,0.3932598880492151
2670592,1.0231443173252046,-0.1569045766880514,-0.15205275197513402,-0.034662185491470154,-0.010222726883512223,-0.0037082946491864277,-0.07736713808844797,-0.014566506921255495,0.0017795870080590248,0.5754397239070386
2686976,1.0379770332947373,-0.1569045766880514,-0.15329883096273988,-0.03936273211729713,-0.013035902251431253,-0.005406466712884139,-0.07771957584191114,-0.019066863431362435,0.0,0.5731820864602923
2703360,0.9437944097444415,-0.1569045766880514,-0.15445867099333555,-0.04820642332197167,-0.013719927272177301,-0.004659175079723354,-0.0735901864245534,-0.01678419124073116,-0.0010156300850212574,0.47445562737993896
2719744,0.9599229567684233,-0.1569045766880514,-0.15439744421746582,-0.04581836189026944,-0.01633733954076888,-0.00496302063766052,-0.07182984048267826,-0.01780773540667724,0.010425848886370659,0.5022904837969691
2736128,0.8554572300054133,-0.1569045766880514,-0.15428226732183248,-0.049065254657762125,-0.009163996390270768,-0.003760070967473439,-0.10059171175817028,-0.013954055539215915,0.0025435439310967922,0.37027884367853403
2752512,1.006382524035871,-0.1569045766880514,-0.15439816180150956,-0.03624990714888554,-0.010348102881835075,-0.004372689090814674,-0.08723036217270419,-0.0158913338163984,0.0017795870080590248,0.5427669829223305
2768896,1.043301908299327,-0.1569045766880514,-0.1545467475662008,-0.0439995502383681,-0.013150361832231283,-0.005477443424751982,-0.08684253453975543,-0.017941139478352852,0.003051358973607421,0.5674909120425582
2785280,0.9203429687768221,-0.1569045766880514,-0.153724979958497,-0.04934652743395418,-0.013481891961419024,-0.005018445217501721,-0.0909580162842758,-0.017443091644963715,0.0012717719655483961,0.43473721062764525
2801664,0.9227123851887882,-0.1569045766880514,-0.15428465988952667,-0.05295262250001542,-0.014774151830351911,-0.005017314946599072,-0.08735514990985394,-0.018087023257976398,0.013985022902488708,0.4473219057545066
2818048,0.8804378174245358,-0.1569045766880514,-0.1539540693629533,-0.0449547961470671,-0.009564076208334882,-0.003999349126388552,-0.09592102788155898,-0.014514578251692,0.007118348032236099,0.40774368587881327
2834432,1.0324408672749996,-0.1569045766880514,-0.1526007300708443,-0.03425285266712308,-0.008851719616359333,-0.004278302791135502,-0.07649215625133365,-0.015124519079108723,0.003051358973607421,0.5869873666670173
2850816,1.047316606156528,-0.1569045766880514,-0.15345752192661166,-0.039381711845635436,-0.014427521025936585,-0.005924036304350011,-0.06685852503869683,-0.018207230110419914,0.0035591740161180496,0.5957146533764899
2867200,0.9445213889703155,-0.1569045766880514,-0.1533759169979021,-0.04838364143506624,-0.018201239974587224,-0.0053907888068351895,-0.07020985329290852,-0.017417954200936947,0.0066105329897254705,0.48124794918112457
2883584,0.9432210335507989,-0.1569045766880514,-0.15144078456796706,-0.045571306807687506,-0.019243985923822038,-0.005418060682131909,-0.0695036428514868,-0.016439295024611056,0.011441478971391916,0.4901408585719764
2899968,0.8399158529937267,-0.1569045766880514,-0.1511335577815771,-0.03817908396013081,-0.00797904901628499,-0.0035695421720447484,-0.10376343817915767,-0.014848361730400939,0.004830945981666446,0.36836918792687356
2916352,1.0031313211657107,-0.1569045766880514,-0.14991479483433068,-0.032112411470734514,-0.00881140723140561,-0.003931937482775538,-0.08277193334652111,-0.01545584500854602,0.0012717719655483961,0.5545001763384789
2932736,1.0350816724821925,-0.1569045766880514,-0.15219416841864586,-0.03448782993655186,-0.011140079230244737,-0.005480462434206856,-0.0831704973243177,-0.01892635499825701,0.004830945981666446,0.5776086512487382
2949120,0.9291669768281281,-0.1569045766880514,-0.15306496736593544,-0.04691921835183166,-0.012142072038841434,-0.00486356419241929,-0.0872271831613034,-0.01791592089284677,0.0012717719655483961,0.4514012415893376
2965504,0.9237332968041301,-0.1569045766880514,-0.15129597950726748,-0.051331458758795634,-0.016326234181178734,-0.004862939385930076,-0.0826071510091424,-0.017289874616835732,0.009661891963332891,0.45277697034180164
2981888,0.8485537758097053,-0.1569045766880514,-0.15180601028259844,-0.060382401337847114,-0.008456661787931807,-0.0037461276187968906,-0.08433312416309491,-0.015893763178610243,0.0,0.36703110625967383
2998272,1.0145034664310515,-0.1569045766880514,-0.15269000199623406,-0.04099191117711598,-0.008216826816351386,-0.003868601594149368,-0.06877036512014456,-0.01536532764293952,0.01016970700584352,0.5778655672911555
3014656,1.0618290337733924,-0.1569045766880514,-0.15313809784129262,-0.04266801124322228,-0.010093186669109855,-0.005311154236551374,-0.08015806012554094,-0.018944374001875985,0.0035591740161180496,0.5981707335449755
3031040,0.9365486879833043,-0.1569045766880514,-0.15263261215295643,-0.05573111030389555,-0.01223048670362914,-0.004926102201352478,-0.0854883908177726,-0.019470696424832568,0.007882304955273867,0.4570470186881721
3047424,0.901028223335743,-0.1569045766880514,-0.15221779502462596,-0.0494831390096806,-0.014866500183416065,-0.004557183228826034,-0.08628422016045079,-0.016976575170701835,0.007882304955273867,0.4276205408386886
3063808,0.8782499912194908,-0.1569045766880514,-0.15163409983506426,-0.058510439412202686,-0.006742033216141863,-0.003016856367139553,-0.0716163594624959,-0.012576156004797667,0.0017795870080590248,0.4190290605183691
3080192,1.0732210725545883,-0.1569045766880514,-0.15397981915157288,-0.04238598500523949,-0.0062566704509663396,-0.003343765726640413,-0.06200617105787387,-0.015031736929813633,0.0017795870080590248,0.6350919327232987
3096576,1.1093235211446881,-0.1569045766880514,-0.1538487559882924,-0.04829130962025374,-0.009052536475792294,-0.005045533067459473,-0.07568923168582842,-0.020316729096521158,0.0,0.6401748508214951
3112960,0.9438354396261275,-0.1569045766880514,-0.15379944921005517,-0.055868380615720525,-0.011212700926989783,-0.004788866337548825,-0.0727293670643121,-0.017969073887798004,0.0,0.4705630240496248
3129344,0.8993933736346662,-0.1569045766880514,-0.15451245906297117,-0.0481869206414558,-0.010885562784096692,-0.004147227422436117,-0.07672606135020033,-0.01618459239398362,0.018052011961117387,0.44989798753522336
3145728,0.8745418945327401,-0.1569045766880514,-0.1521812197752297,-0.0520464513101615,-0.0057551014178898185,-0.0028748108579748077,-0.09206105157500133,-0.013096403286908753,0.005338761024177074,0.40496103605255485
3162112,1.0663553648628294,-0.1569045766880514,-0.15481421060394496,-0.03635163129365537,-0.006122190300629882,-0.0034788137600116897,-0.07193176115106326,-0.015035559936222853,-0.0005078150425106287,0.6212088069878519
3178496,1.1049497872591019,-0.1569045766880514,-0.15491525153629482,-0.04832949285628274,-0.010844780019397149,-0.00534921326834592,-0.07060906488914043,-0.018977161758812144,0.0035591740161180496,0.6425794195383787
3194880,0.9985273294150829,-0.1569045766880514,-0.15425816841889173,-0.05636466862051748,-0.013505946524674073,-0.0047873909716145135,-0.06658733283984475,-0.0169858764129458,0.004830945981666446,0.5339643086772412
3211264,0.9548265151679516,-0.1569045766880514,-0.15386294666677713,-0.04985420737648383,-0.013284334185300395,-0.004818138897462632,-0.06777567733661272,-0.016635745523672085,0.006102717947214842,0.4977936032228172
3227648,0.859962715767324,-0.1569045766880514,-0.15269641974009573,-0.052234628557926044,-0.012462479426176287,-0.0036061377522855764,-0.07743326295167208,-0.013491374935256317,0.005338761024177074,0.3964725888799876
3244032,1.0477705439552665,-0.1569045766880514,-0.15306395094376057,-0.038713226284016855,-0.011073883390054107,-0.0039937339734024135,-0.06211159875965677,-0.01551328801724594,0.008390119997784495,0.6147864058148116
3260416,1.0647679097019136,-0.1569045766880514,-0.15377026912756264,-0.044794694549636915,-0.012141000283008907,-0.005509443293703953,-0.0677389707416296,-0.01867303178732982,0.0012717719655483961,0.6065076859667897
3276800,0.9655730361118913,-0.1569045766880514,-0.15389591990970075,-0.04742855892982334,-0.012683674074651208,-0.005157919946213951,-0.0778501873719506,-0.01697104704362573,0.006102717947214842,0.5007838679011911
3293184,0.9322061371058226,-0.1569045766880514,-0.15436736214905977,-0.04466044541914016,-0.014056996675208211,-0.00487212584084773,-0.07787837303476408,-0.01777616453182418,0.0025435439310967922,0.46423363615758717
3309568,0.8315462255850434,-0.1569045766880514,-0.15372369613032788,-0.036481528892181814,-0.008892833211575635,-0.0035867175665771356,-0.0828508110716939,-0.013843815562722739,0.006866674870252609,0.38212892157025635
3325952,1.007740065921098,-0.1569045766880514,-0.1533230870263651,-0.0342493877542438,-0.008290875712191337,-0.0038811073663964635,-0.06674341020698193,-0.01446975054568611,0.0035591740161180496,0.5734370453283191
3342336,1.0402242867276073,-0.1569045766880514,-0.15338487760163844,-0.048132397583685815,-0.012853879255999345,-0.0057408704415138345,-0.07209456124110147,-0.017809890960052144,0.0017795870080590248,0.5750828124582767
3358720,0.9316677306778729,-0.1569045766880514,-0.15219538297969848,-0.05531609704485163,-0.017703491655993275,-0.005426915318821557,-0.07236719684442505,-0.016813013251521625,0.0012717719655483961,0.45621282793581486
3375104,0.9311071936972439,-0.1569045766880514,-0.15273360128048807,-0.04823304698220454,-0.017819976870669052,-0.0055641114468016895,-0.07558281306410208,-0.01663567283685552,0.014236696064472198,0.47187008685432374
3391488,0.8486614562571049,-0.1569045766880514,-0.15312602592166513,-0.037288822582922876,-0.010789646017656196,-0.003619701559728128,-0.0951141084660776,-0.013489112512615975,0.008390119997784495,0.38671958120539784
3407872,0.9914440368302166,-0.1569045766880514,-0.15215132653247565,-0.034360031175310723,-0.009513117944152327,-0.00374417384773551,-0.07871742339921184,-0.013894152234570356,0.003051358973607421,0.5452105964068323
3424256,1.0558554362505674,-0.1569045766880514,-0.1524385669035837,-0.04044252310995944,-0.010920255706878379,-0.005294965252687689,-0.07701299071777612,-0.017803773647756316,0.004323130939155817,0.5993609135039151
3440640,0.9421621607616544,-0.1569045766880514,-0.15274358924943954,-0.05257266666740179,-0.012616459112905432,-0.0048963122917484725,-0.08044906565919518,-0.016854860303283203,0.004830945981666446,0.4699555749539286
3457024,0.9335635211318731,-0.1569045766880514,-0.15220495662651956,-0.050002529635094106,-0.013465992888086475,-0.004602024378982605,-0.07515937887364998,-0.01581381198047893,0.0066105329897254705,0.4720207841601223
3473408,0.8232630835846066,-0.1569045766880514,-0.15210846113041043,-0.03670204902300611,-0.006936703848623438,-0.0031367398132715607,-0.08768719044746831,-0.013845790745108388,0.003051358973607421,0.36899293097667396
3489792,1.004694220609963,-0.1569045766880514,-0.15208116528810933,-0.02915603377186926,-0.007171230348831159,-0.0037763090385851683,-0.07905307316104881,-0.01589145577599993,0.005338761024177074,0.5659991349093616
3506176,1.0502842487767339,-0.1569045766880514,-0.1524224659660831,-0.039231305316207,-0.011473574726551306,-0.00555311457355856,-0.08458878030069172,-0.0201053834753111,-0.00025167316198349,0.5797533765435219
3522560,0.94152663461864,-0.1569045766880514,-0.15336211468093097,-0.05083337420364842,-0.011958354494709056,-0.004723967533209361,-0.08226579386973754,-0.016618232846667524,0.0035591740161180496,0.46841938770376146
3538944,0.9103237255476415,-0.1569045766880514,-0.15229983639437705,-0.046601968293543905,-0.0121903923645732,-0.004807050232557231,-0.07746375416172668,-0.017153489068732597,0.01372888102196157,0.4566315379925072
3555328,0.8360439538955688,-0.1569045766880514,-0.1538445936748758,-0.040025224443525076,-0.008240108581958339,-0.0027134152360304142,-0.1009315678384155,-0.014362010646436829,0.0035591740161180496,0.36258162558078766
3571712,1.035081533715129,-0.1569045766880514,-0.15218882425688207,-0.03144966961554019,-0.006828889027019613,-0.0032370320941481623,-0.08147204284614418,-0.01597463837970281,0.007118348032236099,0.5941442055627704
3588096,1.056551688350737,-0.1569045766880514,-0.15132525085937232,-0.03977991106512491,-0.010529731516726315,-0.005229539860010846,-0.08491227577906102,-0.01909064231585944,0.0017795870080590248,0.5905593496281654
3604480,0.9614095268771052,-0.1569045766880514,-0.1535758626414463,-0.04838812712114304,-0.013910463741922285,-0.005053848519310122,-0.07406273408560082,-0.017619174628634937,0.005338761024177074,0.49723350047133863
3620864,0.9195784362964332,-0.1569045766880514,-0.15098576969467103,-0.047711091610835865,-0.01636562396743102,-0.005194268747800379,-0.06248156153014861,-0.01647898701048689,0.0050870878621935844,0.46854363987222314
3637248,0.8542774827219546,-0.1569045766880514,-0.1519435300724581,-0.043269196059554815,-0.011680687122861855,-0.0035405755097599467,-0.07092854776419699,-0.0132019108714303,0.0017795870080590248,0.4045880457852036
3653632,1.0304695256054401,-0.1569045766880514,-0.1490816161967814,-0.029267278048791923,-0.007831885870473343,-0.0032746872366260504,-0.05969759060826618,-0.01300446224558982,0.003051358973607421,0.6144587916787714
3670016,1.070068122819066,-0.1569045766880514,-0.1504466551123187,-0.03927157213911414,-0.009111451228818623,-0.00480413627337839,-0.07046082674060017,-0.017762996489182115,0.0,0.621305899694562
3686400,0.9629082726314664,-0.1569045766880514,-0.1508948237169534,-0.05266948268399574,-0.012150167931395117,-0.00474588037468493,-0.07125918887322769,-0.016397809966292698,0.004830945981666446,0.5027172879781574
3702784,0.9305392135865986,-0.1569045766880514,-0.14998998935334384,-0.05053420932381414,-0.013225667411461473,-0.004093128867680207,-0.07524005434243008,-0.01597649072209606,0.008897935040295124,0.47347302827984095
3719168,0.869385942351073,-0.1569045766880514,-0.1506997481919825,-0.036030060378834605,-0.007922801982203964,-0.0032964087858999847,-0.10081922227982432,-0.014649203003500588,0.007118348032236099,0.4061822686344385
3735552,1.0137994433753192,-0.1569045766880514,-0.15003524906933308,-0.030424829928961117,-0.007088578302500537,-0.0037622627869495773,-0.0791552448499715,-0.016117860432132147,0.0,0.5703108340967447
3751936,1.0343602951616049,-0.1569045766880514,-0.15131597162690014,-0.04038484331977088,-0.011718388748704456,-0.005553164322918747,-0.0784789866884239,-0.019672229391289875,0.003051358973607421,0.5733834924176335
3768320,0.929447834379971,-0.1569045766880514,-0.15159092575777322,-0.04561534701497294,-0.013729638085351326,-0.0049741245711629745,-0.08057187224039808,-0.019501241375110112,0.005338761024177074,0.46189886471256614
3784704,0.8730884823016822,-0.1569045766880514,-0.1512437426717952,-0.03930652828421444,-0.014420672690903302,-0.004354124250312452,-0.07510541816009209,-0.016437023812613916,0.015000652987509966,0.4303170533385128
3801088,0.880695229396224,-0.1569045766880514,-0.15178422431927174,-0.032734686639741994,-0.007472715285985032,-0.002982005822559586,-0.09493940568063408,-0.01373416518617887,0.007118348032236099,0.4272617951501161
3817472,1.0674399947747588,-0.1569045766880514,-0.15205784991849214,-0.02508025901624933,-0.006065671124815708,-0.0034444998200342525,-0.07101601672184188,-0.014687808190501528,0.005338761024177074,0.643522069323808
3833856,1.087988224811852,-0.1569045766880514,-0.15047211956698447,-0.03488716286665294,-0.009247952151781647,-0.005403736215157551,-0.0742208109004423,-0.019134823109197896,0.005338761024177074,0.6430558017455041
3850240,0.9561847760342062,-0.1569045766880514,-0.1506252526305616,-0.0418048253050074,-0.00908499216166092,-0.004747462373416056,-0.07333270262461156,-0.01703362356784055,-0.0005078150425106287,0.5021435201633722
3866624,0.9103967077098787,-0.1569045766880514,-0.15152521978598088,-0.04046426829881966,-0.011108054291980807,-0.004702475720478105,-0.08273634128272533,-0.016891830244276207,0.016016283072531223,0.46208022255450487
3883008,0.851186491549015,-0.1569045766880514,-0.1499805754283443,-0.03574243048205972,-0.010555624125117902,-0.004063650036187028,-0.08398994622984901,-0.014844380188151263,0.004830945981666446,0.3999362525064498
3899392,1.0389155056327581,-0.1569045766880514,-0.15017963282298297,-0.026787054448504932,-0.008963944361312315,-0.0037258613174344646,-0.06523533433210105,-0.014865946330246516,0.007118348032236099,0.6193714989349246
3915776,1.0948832919821143,-0.1569045766880514,-0.15057312755379826,-0.0341637975507183,-0.012340409768512473,-0.005388075682276394,-0.06435988191515207,-0.018578309442091268,0.0035591740161180496,0.6561342771165073
3932160,0.9729971303604543,-0.1569045766880514,-0.1494257014710456,-0.04050109532545321,-0.013810763710353058,-0.005141149127666722,-0.07368832279462367,-0.017151173829915933,0.01016970700584352,0.5265440477523953
3948544,0.9488736945204437,-0.1569045766880514,-0.1510119424201548,-0.03965523943770677,-0.011946960730710998,-0.004779497221534257,-0.07669257739325985,-0.015512849793594796,0.008390119997784495,0.5007601708639413
3964928,0.869313414208591,-0.1569045766880514,-0.14969832473434508,-0.03663839414366521,-0.009713237297546584,-0.0034812421836249996,-0.09804942359915003,-0.015001946594566107,0.0012717719655483961,0.4010980424936861
3981312,1.030824617948383,-0.1569045766880514,-0.15075687447097152,-0.0306023177690804,-0.008587040330894524,-0.003844077516987454,-0.08242571869050153,-0.01695248109899694,0.0066105329897254705,0.5873620572965592
3997696,1.056363527663052,-0.1569045766880514,-0.15120439347811043,-0.0399713339866139,-0.012904463175800629,-0.0055306525791820604,-0.07986909773899242,-0.018496845885238145,0.005338761024177074,0.5968209239654243
4014080,0.9290640447288752,-0.1569045766880514,-0.15188630495686084,-0.04845753964036703,-0.015846129826968536,-0.005173062847461551,-0.08395780617138371,-0.016933256192714907,0.003051358973607421,0.45295672840438783
4030464,0.9137332527898252,-0.1569045766880514,-0.15072755829896778,-0.04522845090832561,-0.013531816082831938,-0.004963934086845256,-0.08415814297040924,-0.017380943914758973,0.0050870878621935844,0.4459249177016318
4046848,0.8355880887247622,-0.1569045766880514,-0.1488296106690541,-0.04116343116038479,-0.00836255021567922,-0.003453640645602718,-0.08018894540145993,-0.012890558908111416,0.0066105329897254705,0.3904053042642772
4063232,1.0739270439371467,-0.1569045766880514,-0.1501072832616046,-0.031101471118745394,-0.007345931266172556,-0.0039003623478492955,-0.06674650087370537,-0.015001634626969462,0.012457109056413174,0.6552763858344406
4079616,1.1000398322939873,-0.1569045766880514,-0.15041049267165363,-0.04242431117745582,-0.010768707092211116,-0.005645422083034646,-0.07609904406126589,-0.019831439800327644,0.0035591740161180496,0.6415150202810764
4096000,0.9714506291784346,-0.1569045766880514,-0.15026663185562938,-0.048095291102072224,-0.012376298094750382,-0.0051796535572066205,-0.07443004386732355,-0.01874300912459148,0.007118348032236099,0.512573471525684
4112384,0.9353037825785577,-0.1569045766880514,-0.1488156815757975,-0.03980031542596407,-0.013458554749377072,-0.005550597346882569,-0.07062688146834262,-0.01798061879526358,0.021611185977235436,0.5037777393590659
4128768,0.8454177402891219,-0.1569045766880514,-0.14990936231333762,-0.04701090854359791,-0.008344557300006272,-0.0035421201446297346,-0.07570121006574482,-0.014297212823294103,0.012457109056413174,0.4021649023052305
4145152,1.0342174493707716,-0.1569045766880514,-0.1489929041126743,-0.03480054417741485,-0.008134750383760547,-0.003503819476463832,-0.06341862906992901,-0.014747953686310211,0.005338761024177074,0.6090530317742378
4161536,1.0648877266794443,-0.1569045766880514,-0.15063883818220347,-0.03719734711921774,-0.012021951202768832,-0.0053066225300426595,-0.07064965000608936,-0.019571144381188788,0.0012717719655483961,0.6138693592511117
4177920,0.9419713234528899,-0.1569045766880514,-0.14906275970861316,-0.04941772544407286,-0.012247444916283712,-0.004374847481813049,-0.06850250434945337,-0.016586585792538244,0.01016970700584352,0.4950445876456797
4194304,0.9308962007053196,-0.1569045766880514,-0.15063387714326382,-0.04525076012942009,-0.011302577157039195,-0.004028988596473937,-0.07024036312941462,-0.016984419686195906,0.008390119997784495,0.48394076176919043
4210688,0.8710748753510416,-0.1569045766880514,-0.1497173475800082,-0.04709054343402386,-0.007419312856654869,-0.002656085187481949,-0.08757373149273917,-0.013765893862000667,0.0017795870080590248,0.4077269737608731
4227072,1.0607113600708544,-0.1569045766880514,-0.1517286110902205,-0.03362173737696139,-0.007689783151363372,-0.003202563758350152,-0.06579847077955492,-0.014623914670664817,0.005338761024177074,0.6324804690666497
4243456,1.0993182389065623,-0.1569045766880514,-0.15125862730201334,-0.04095345665700734,-0.010020412897574715,-0.005140406585269375,-0.06548244442092255,-0.01965635824308265,0.0017795870080590248,0.6516815386712551
4259840,0.9741001850925386,-0.1569045766880514,-0.15148463402874768,-0.04699757363414392,-0.011701271971105598,-0.004532739505521022,-0.06763177388347685,-0.018244501465233043,0.007118348032236099,0.5237214600201696
4276224,0.929024993441999,-0.1569045766880514,-0.15037554071750492,-0.04121341815334745,-0.012451043447072152,-0.004636144132746267,-0.06480614762404002,-0.017400237360561732,0.01728805503807962,0.49852593801915646
4292608,0.8528440990485251,-0.1569045766880514,-0.15056352817919105,-0.041212859476218,-0.011541212566953618,-0.003750418929485022,-0.07778791029704735,-0.013683231736649759,0.0033075008541345596,0.4007078625727445
4308992,1.0284387585707009,-0.1569045766880514,-0.1510930344229564,-0.03320085208542878,-0.010205345362919616,-0.003934509677492315,-0.061548573736217804,-0.013695177396584768,0.003051358973607421,0.6009080454241484
4325376,1.0866395700722933,-0.1569045766880514,-0.15209917956963181,-0.03946407184412237,-0.012783961021341383,-0.005311666951456573,-0.0725539893610403,-0.019157379603711888,0.005338761024177074,0.6337035112082958
4341760,0.9841113383881748,-0.1569045766880514,-0.15044741448946297,-0.044526390614919364,-0.014569260041753296,-0.004736830118417856,-0.0681007354578469,-0.015996649795852136,0.003051358973607421,0.531880842288956
4358144,0.9558885958977044,-0.1569045766880514,-0.1506221741437912,-0.04755961871705949,-0.01634461117646424,-0.005057468984887237,-0.06262943675392307,-0.01768199124489911,0.012457109056413174,0.5115458241198212
4374528,0.8756473357789218,-0.1569045766880514,-0.15043744863942266,-0.04129790866863914,-0.011829771705379244,-0.0038051708143029828,-0.08979482809081674,-0.014363161673827562,0.0066105329897254705,0.4138250008691102
4390912,1.0255486704409122,-0.1569045766880514,-0.15006847167387605,-0.031735840311739594,-0.009375459649163531,-0.0038935516986384755,-0.07460597471799701,-0.015348919667303562,0.003051358973607421,0.5866672322154045
4407296,1.0300054922699928,-0.1569045766880514,-0.14993211498949677,-0.03636933288362343,-0.010536218178458512,-0.005060573330410989,-0.07738176913699135,-0.018909995851572603,0.0066105329897254705,0.5815214426256716
4423680,0.9506856785155833,-0.1569045766880514,-0.1503549771150574,-0.041806671768426895,-0.011934250855119899,-0.004402557151479414,-0.07217904628487304,-0.015727114987384994,0.005338761024177074,0.5027152479160577
4440064,0.9599205823615193,-0.1569045766880514,-0.15161723794881254,-0.044852605962660164,-0.013504793700121809,-0.0052246586928959005,-0.0693167744029779,-0.017837029037764296,0.004323130939155817,0.5049860368017107
4456448,0.8470030203461647,-0.1569045766880514,-0.15059441223274916,-0.029868423036532477,-0.010029878445493523,-0.004058912518303259,-0.08518652681959793,-0.01499166159919696,0.0066105329897254705,0.40197916282340884
4472832,1.0210727332159877,-0.1569045766880514,-0.15105014492291957,-0.027771056214987766,-0.00924822090746602,-0.004206190527838771,-0.0716439645329956,-0.015019996350019937,0.009661891963332891,0.5948904687538743
4489216,1.0675669689662755,-0.1569045766880514,-0.15201100846752524,-0.03505177244369406,-0.01230482599203242,-0.005592433866695501,-0.07125640322919935,-0.018471444869646803,0.0007639569230377674,0.6167384539730847
4505600,0.9602240924723446,-0.1569045766880514,-0.15100208984222263,-0.041750641888938844,-0.015021878090919927,-0.004934650649374817,-0.0665195070032496,-0.016213269089348614,0.004323130939155817,0.5122006132733077
4521984,0.9418018572032452,-0.1569045766880514,-0.15226007730234414,-0.04378805260057561,-0.013552007199905347,-0.005188160255784169,-0.06761120256851427,-0.017220499001268763,0.007118348032236099,0.4923956256825477
4538368,0.8483152608387172,-0.1569045766880514,-0.15015025588218123,-0.0450014524103608,-0.008037169594899751,-0.0034991412594536087,-0.09058602986624464,-0.01399591912922915,0.0017795870080590248,0.3819203020539135
4554752,1.0174176897853613,-0.1569045766880514,-0.15205930429510772,-0.03498546371702105,-0.008975058857686236,-0.003990567971413839,-0.07503282572724856,-0.015847888033022173,0.0012717719655483961,0.5708937749732286
4571136,1.0662857741117477,-0.1569045766880514,-0.15185982536058873,-0.03815620481327642,-0.010182914396864362,-0.0052402172950678505,-0.07646069827023894,-0.019372868817299604,0.007118348032236099,0.615226820576936
4587520,0.9530303999781609,-0.1569045766880514,-0.15159266942646354,-0.043229654169408605,-0.01246311140130274,-0.004925727627778542,-0.07731900201179087,-0.01831635756389005,0.007118348032236099,0.4953976490069181
4603904,0.9433652120642364,-0.1569045766880514,-0.15057562780566514,-0.0381779293238651,-0.0138301558981766,-0.005010858618334169,-0.07623753999359906,-0.018548012354585808,0.018052011961117387,0.5021325198467821
4620288,0.8330307663418353,-0.1569045766880514,-0.15023915248457342,-0.03921308656572364,-0.012244552563061006,-0.0040002433761401335,-0.09150121588027105,-0.014605824078898877,0.006866674870252609,0.37118878751061857
4636672,1.039271523244679,-0.1569045766880514,-0.15143440512474626,-0.036513912680675276,-0.009313100901636062,-0.00371130198436731,-0.076713085611118,-0.015561045893264236,0.0012717719655483961,0.59039186546579
4653056,1.0792910703457892,-0.1569045766880514,-0.1517780910944566,-0.04154610482510179,-0.01287048037193017,-0.005479111074237153,-0.0817594175459817,-0.01993060925451573,-0.0010156300850212574,0.6080070550087839
4669440,0.9444534964859486,-0.1569045766880514,-0.15149279800243676,-0.05004977036151104,-0.014214023532986175,-0.004428356551215984,-0.07460417441325262,-0.016628637655230705,0.007118348032236099,0.4832495064474642
4685824,0.9137238482944667,-0.1569045766880514,-0.15025362733285874,-0.04596111414139159,-0.014084260204981547,-0.004889058922344702,-0.07615968969184905,-0.016836478913319297,0.009661891963332891,0.4582969357725233
4702208,0.8658299222588539,-0.1569045766880514,-0.15168263448867947,-0.03904185906867497,-0.011682531752740033,-0.0035476018747431226,-0.077036187867634,-0.015015295619377866,0.003051358973607421,0.4139705947600305
4718592,1.0461079636588693,-0.1569045766880514,-0.15216961270198226,-0.028732602993841283,-0.009784378580661723,-0.003854382266581524,-0.06400512529944535,-0.015060459485539468,0.004323130939155817,0.619919944088906
4734976,1.0931237284094095,-0.1569045766880514,-0.15148748992942274,-0.0346563913335558,-0.013376697308558505,-0.005024299285651068,-0.06584081647451967,-0.018224349740194157,0.0012717719655483961,0.6488808826543391
4751360,0.9696319112554193,-0.1569045766880514,-0.15202474500983953,-0.04592397317173891,-0.01590061790921027,-0.005081758776213974,-0.06786398965050466,-0.01761498930864036,0.005338761024177074,0.5136560222599655
4767744,0.9537197458557785,-0.1569045766880514,-0.15118409995920956,-0.04107349578407593,-0.01333270764007466,-0.004740150250654551,-0.06519850785844028,-0.017691929533611983,0.011949294013902545,0.5155435688793659
4784128,0.8433871483430266,-0.1569045766880514,-0.15247497957898304,-0.03640419524163008,-0.00886712702413206,-0.0035186134336981922,-0.08227579249069095,-0.014728413327247836,0.007118348032236099,0.3953317981213331
4800512,1.0218456108123064,-0.1569045766880514,-0.15047735162079334,-0.030200107481505256,-0.00837310808856273,-0.003873883198139083,-0.07211294319131412,-0.015540266937023262,0.007118348032236099,0.5914817159064114
4816896,1.0693496344611049,-0.1569045766880514,-0.15163538383785635,-0.03703922494605649,-0.011250876581470948,-0.005220727063715458,-0.07577750569907948,-0.01920944244193379,0.005338761024177074,0.617650652769953
4833280,0.9623714894987643,-0.1569045766880514,-0.15148635592777282,-0.039021232892991975,-0.013881288701668382,-0.004878584950347431,-0.07606414763722569,-0.018398245054413565,0.004323130939155817,0.5060601807199419
4849664,0.9479380659759045,-0.1569045766880514,-0.15156175731681287,-0.04320374218514189,-0.016231682340730913,-0.005325391792212031,-0.07650390214985237,-0.020528363005723804,0.012713250936940312,0.490391903789714
4866048,0.858626342844218,-0.1569045766880514,-0.15200594917405397,-0.03405528550501913,-0.008122323706629686,-0.003720820272064884,-0.08326135633978993,-0.014074689017434139,0.004830945981666446,0.4113122846465558
4882432,1.0106262504123151,-0.1569045766880514,-0.15188114601187408,-0.02991782390017761,-0.009944656510924688,-0.003996446679593646,-0.07184278179192916,-0.015436892590514617,0.0017795870080590248,0.5724815167486668
4898816,1.0503347530029714,-0.1569045766880514,-0.15091942995786667,-0.03509721293812618,-0.013721160823479295,-0.0052742913030670024,-0.06925057544140145,-0.01746151683619246,0.003051358973607421,0.6047573466785252
4915200,0.9473495963029563,-0.1569045766880514,-0.15088730229763314,-0.04769586416659877,-0.015050102847453672,-0.004238227953464957,-0.06486701959511265,-0.015676048351451755,0.0012717719655483961,0.4933022267650813
4931584,0.9463070188648999,-0.1569045766880514,-0.15214409201871604,-0.0400080403778702,-0.014592298808565829,-0.00468384815758327,-0.06107158988015726,-0.01654575493739685,0.0050870878621935844,0.5054439045488834
4947968,0.8890191093087196,-0.1569045766880514,-0.15172711620107293,-0.037451619980856776,-0.00896721090975916,-0.0038541730609722435,-0.1003990977187641,-0.014208093994966475,0.005338761024177074,0.4208459777291864
4964352,1.0274412077851593,-0.1569045766880514,-0.15181602234952152,-0.031551886204397306,-0.008493773148074979,-0.003965797634009505,-0.08242615987546742,-0.01607531264744466,0.010677522048354149,0.5868851954583079
4980736,1.0348080177791417,-0.1569045766880514,-0.15239516040310264,-0.03371606059954502,-0.010871204663999379,-0.004929810223984532,-0.07586308819008991,-0.01776637480361387,0.0035591740161180496,0.5859209108166397
4997120,0.9297067001461983,-0.1569045766880514,-0.15208828926552087,-0.0426364850718528,-0.012144377666118089,-0.004649611097192974,-0.08492024563020095,-0.01673250836756779,0.0066105329897254705,0.4662411413155496
5013504,0.9655128628946841,-0.1569045766880514,-0.1513064398895949,-0.03908735647564754,-0.01220865227514878,-0.004301325585402083,-0.07898799446411431,-0.015876573961577378,0.007118348032236099,0.5139582869596779
5029888,0.8588456162251532,-0.1569045766880514,-0.15205433603841811,-0.030851655305013992,-0.008839022717438638,-0.0035002900131075876,-0.08970477193361148,-0.013854498109139968,0.010677522048354149,0.4138139891438186
5046272,1.0154739473946393,-0.1569045766880514,-0.15199425362516195,-0.025436729243665468,-0.00774542664657929,-0.003750849811694934,-0.07849034311948344,-0.014858398579235654,0.0017795870080590248,0.5780729558318853
5062656,1.0447784489952028,-0.1569045766880514,-0.1517501549096778,-0.033922534363227896,-0.012061670815455727,-0.005490735005878378,-0.07562590064480901,-0.018441893633280415,0.0012717719655483961,0.5918527501635253
5079040,0.9417440700344741,-0.1569045766880514,-0.15188450063578784,-0.0419932154181879,-0.014665934264485259,-0.005400384059612406,-0.07580065168440342,-0.017995559639530256,0.0,0.47709924704395235
5095424,0.9310849602334201,-0.1569045766880514,-0.1508269738405943,-0.03830020214081742,-0.01801354085910134,-0.0052757803205167875,-0.07823754526907578,-0.017210116537171416,0.007374489912763238,0.4736907130572945
5111808,0.8300479515455663,-0.1569045766880514,-0.1502953926101327,-0.033457122146501206,-0.007936028625408653,-0.0033212757898581913,-0.0929571787128225,-0.013628596359922085,0.0066105329897254705,0.3781583127565682
5128192,1.0104119908064604,-0.1569045766880514,-0.14934631530195475,-0.02695350365684135,-0.006831113718362758,-0.003377718187039136,-0.06975028960732743,-0.013906461699662032,0.0035591740161180496,0.5869011939503253
5144576,1.050411633681506,-0.1569045766880514,-0.15192844404373318,-0.03588552339351736,-0.010178244541748427,-0.0050614963729458395,-0.05636868000146933,-0.017433566790714394,0.0017795870080590248,0.6184306889772415
5160960,0.9295131461694837,-0.1569045766880514,-0.15105829911772162,-0.04380104929441586,-0.012789073916792404,-0.005025310165365227,-0.06911436509108171,-0.01729821752087446,0.007118348032236099,0.48064059833996
5177344,0.9406059687025845,-0.1569045766880514,-0.15107985772192478,-0.03641220190911554,-0.012979638202523347,-0.004911344494757941,-0.07470445992657915,-0.01716710986511316,0.008646261878311634,0.49509303527884185
5193728,0.8166462820954621,-0.1569045766880514,-0.15072343591600657,-0.03795205429196358,-0.007312239886232419,-0.0033520784381835256,-0.07868394459364936,-0.013790910394163802,0.008897935040295124,0.37682497571222484
5210112,1.0243204501457512,-0.1569045766880514,-0.14968243928160518,-0.03122401121072471,-0.007125407639250625,-0.004074636977748014,-0.06290994324081112,-0.016109565120132174,0.0066105329897254705,0.6029004058800638
5226496,1.0570590952411294,-0.1569045766880514,-0.15089425339829177,-0.03583067671570461,-0.009621621546102688,-0.005049029385190806,-0.06090953835519031,-0.018073270563036203,0.005338761024177074,0.6251148832961917
5242880,0.9306849949061871,-0.1569045766880514,-0.15139566984726116,-0.0400725930230692,-0.010922107961960137,-0.0045142115668568294,-0.07379354833392426,-0.017380783618136775,0.006102717947214842,0.481804221868515
