attempt,collected_frames,var_decomp/shaping,var_decomp/joint_ang_from_flat_penalty,var_decomp/joint_angle_var_penalty,var_decomp/roll_penalty,var_decomp/roll_rate_penalty,var_decomp/pitch_penalty,var_decomp/pitch_rate_penalty,var_decomp/shock_penalty,var_decomp/clearance,var_decomp/action_bonus,var_decomp/flipper_action_bonus,var_decomp/terminal_bonus
0,131072,1.8888442516326904,0.013754281215369701,0.015643658116459846,-0.0006964746862649918,0.08123613893985748,-0.012099039740860462,0.05908671393990517,0.008180387318134308,-0.0013235167134553194,4.958113193511963,0.04592627286911011,-0.045943692326545715
0,262144,1.8814358711242676,0.11456404626369476,0.12629681825637817,0.0708947405219078,-0.06020248308777809,0.11207842081785202,-0.029060816392302513,-0.003646053606644273,0.004598483443260193,1.2971234321594238,0.03639964014291763,-0.01641141250729561
0,393216,2.804698944091797,0.27760085463523865,0.31905463337898254,0.08365419507026672,0.18090161681175232,0.1660088747739792,0.14471665024757385,-0.004425042774528265,0.005713428370654583,1.9387750625610352,-0.011279983446002007,
0,524288,3.460055351257324,0.0854439064860344,0.08002353459596634,0.06916272640228271,0.01787618361413479,0.18605585396289825,0.05017504468560219,-0.0004623318091034889,0.013344458304345608,3.002471923828125,-0.029831884428858757,
0,655360,3.8573296070098877,0.13891859352588654,0.13843663036823273,0.06389690935611725,0.10152614116668701,0.2108728140592575,0.09342848509550095,-0.0010966238332912326,0.00865796860307455,2.8720781803131104,-0.05778181180357933,-0.13447768986225128
0,786432,3.2911829948425293,0.07674696296453476,0.06190597265958786,0.040062278509140015,0.05336723476648331,0.2477954477071762,0.053990911692380905,-0.00023891855380497873,0.005132558289915323,2.908203363418579,-0.04332222789525986,-0.028502609580755234
0,917504,0.5636498928070068,-0.011513151228427887,0.004167540930211544,0.007528221700340509,0.030159441754221916,-0.08591654896736145,0.033609386533498764,0.0009908024221658707,3.1718649552203715e-05,2.015007495880127,0.003754856064915657,3.54042387008667
0,1048576,3.0034942626953125,0.06589144468307495,0.05282251909375191,0.012192916125059128,0.06857427954673767,0.17777439951896667,0.07688862830400467,-0.0006714686751365662,0.003263270715251565,2.3576433658599854,-0.09340982884168625,-0.03894918039441109
0,1179648,0.5635967254638672,0.0029046351555734873,-0.0033087541814893484,-0.0002188732469221577,0.027217278257012367,-0.028355121612548828,0.012090698815882206,8.999333658721298e-06,0.0012601643102243543,1.8912451267242432,-0.02576576918363571,4.537320137023926
0,1310720,2.716508388519287,0.08231602609157562,0.0439346544444561,0.030923083424568176,0.06785962730646133,0.11511798202991486,0.10818280279636383,-0.00025039055617526174,0.001585459685884416,1.6795458793640137,-0.07397571206092834,0.11109162867069244
0,1441792,2.150665283203125,0.03103058971464634,0.030567878857254982,0.00041839509503915906,0.022330090403556824,0.04105302691459656,0.026443518698215485,5.313516794558382e-06,0.004536062944680452,2.401259660720825,-0.06236374005675316,0.489990234375
0,1572864,3.137901782989502,0.1011941060423851,0.04153432324528694,0.004991150926798582,0.042491890490055084,0.19158373773097992,0.06486718356609344,1.4461040336755104e-05,0.002920716069638729,3.003453254699707,-0.08666971325874329,0.1858053058385849
0,1703936,2.2589454650878906,0.04026384651660919,0.01463876012712717,0.0013030626578256488,0.044323429465293884,0.20189210772514343,0.06740234792232513,-0.00255778431892395,0.0055165658704936504,2.9372105598449707,-0.08005567640066147,1.6991455554962158
0,1835008,3.630000114440918,0.10671748220920563,0.03887421265244484,0.04335436224937439,0.019225891679525375,0.09223049134016037,0.030177677050232887,-0.00020028238941449672,0.005861301906406879,3.710134744644165,-0.037326473742723465,0.6941945552825928
0,1966080,2.2233355045318604,0.04149691388010979,0.017997661605477333,0.05008554086089134,0.02572047710418701,0.07265115529298782,0.0312565341591835,-0.0002461172407492995,0.0038399575278162956,3.325648307800293,-0.03522657975554466,1.9818191528320312
0,2097152,1.6043199300765991,0.014205148443579674,0.008485241793096066,0.0112034035846591,0.016695043072104454,0.027181224897503853,0.022964436560869217,-0.0022062226198613644,0.004423238802701235,3.8041961193084717,0.005821282509714365,2.3821284770965576
0,2228224,2.7623260021209717,0.09324982017278671,0.04124137759208679,0.012167111039161682,0.05328955501317978,0.032005880028009415,0.02349025197327137,-0.00042108501656912267,0.008487312123179436,3.4822802543640137,-0.03845686838030815,1.0257385969161987
0,2359296,2.5867841243743896,0.08104842156171799,0.004672662820667028,-0.011711953207850456,0.03953921049833298,0.042809441685676575,0.008809806779026985,-0.004503357224166393,0.008478926494717598,3.936504602432251,-0.06903176754713058,1.1224877834320068
0,2490368,2.2789931297302246,0.042408719658851624,0.027613693848252296,0.05152551457285881,0.054586924612522125,0.028233438730239868,0.010445321910083294,-0.001378539833240211,0.008230694569647312,3.2454800605773926,-0.03455744683742523,2.2787423133850098
0,2621440,2.20965313911438,0.06995837390422821,0.022917237132787704,0.02657368592917919,0.03571437671780586,0.022601142525672913,0.010890789330005646,0.00017809039854910225,-0.0021132647525519133,3.5430753231048584,-0.1294143795967102,2.2668368816375732
0,2752512,1.9886701107025146,0.04305551201105118,0.007881657220423222,0.04910580813884735,0.02560187689960003,0.05684908106923103,0.04095758497714996,0.0016439070459455252,0.013154374435544014,3.639873743057251,-0.08507518470287323,2.2533624172210693
0,2883584,1.541947603225708,0.031277481466531754,0.009978038258850574,0.015790848061442375,0.03997395932674408,0.019598547369241714,0.02455686405301094,-0.0024729841388761997,0.0030771337915211916,3.397467613220215,0.061262160539627075,3.0443263053894043
0,3014656,1.5842102766036987,0.027058815583586693,-0.009712916798889637,-0.041618138551712036,-0.030991528183221817,0.012935628183186054,-0.015940679237246513,-0.003240175312384963,-0.0018085123738273978,3.9592831134796143,-0.07355544716119766,3.024446725845337
0,3145728,1.488561749458313,0.00490140775218606,0.00670539541170001,-0.0011097240494564176,-0.015701301395893097,-0.01811111532151699,-0.006864096969366074,0.0019117997726425529,-0.004710685927420855,3.7340664863586426,-0.018036430701613426,3.369208574295044
0,3276800,0.9925462603569031,0.004667193628847599,0.00290218205191195,0.025498908013105392,0.003654567524790764,0.041168227791786194,0.013777993619441986,0.002086460357531905,0.0006360734696500003,3.2040772438049316,0.12973445653915405,3.7767422199249268
0,3407872,3.057713031768799,0.07064469903707504,0.04590997472405434,0.02746833860874176,0.056862011551856995,0.11458893120288849,0.04893184080719948,0.0003501282481011003,0.0013982420787215233,3.39831280708313,-0.0638962909579277,1.4288831949234009
0,3538944,2.155144453048706,0.06885198503732681,0.0349934957921505,0.045681990683078766,0.04719995707273483,0.11800310760736465,0.03088763915002346,0.0006013354868628085,0.006656522396951914,2.7731683254241943,-0.06474561244249344,2.529658555984497
0,3670016,1.5412958860397339,0.03705095872282982,0.03603183478116989,-0.00013738962297793478,0.021359751001000404,0.03139561787247658,0.002728864550590515,0.0026518062222748995,0.004497538320720196,2.622427463531494,-0.05595192313194275,3.725309371948242
0,3801088,2.1312601566314697,0.05131721869111061,0.03808706998825073,0.024362673982977867,0.032949298620224,0.08078747987747192,0.006459895521402359,-0.0006627977127209306,0.007426369469612837,3.064985513687134,-0.011134297586977482,3.101480484008789
0,3932160,1.6816147565841675,0.040116194635629654,0.018304577097296715,0.0078083667904138565,0.04678143933415413,0.06392652541399002,0.014385187067091465,-0.0059404633939266205,-0.0018651698483154178,3.623657464981079,0.07552088797092438,3.329761028289795
0,4063232,1.1616359949111938,0.011552348732948303,0.007379117887467146,-0.011767667718231678,0.029663927853107452,-0.0017047552391886711,-0.009480487555265427,0.006033109966665506,0.002272707410156727,3.78821063041687,0.026494469493627548,3.7644541263580322
0,4194304,0.6753414273262024,-0.005940875504165888,-0.008173413574695587,-0.005088356789201498,-0.012158917263150215,-0.002024528570473194,-0.008469998836517334,-0.002689036075025797,0.0041605038568377495,3.12986159324646,-0.04067207872867584,5.170870780944824
0,4325376,0.750140368938446,0.0013619661331176758,0.0011512805940583348,0.004629346076399088,0.01138587761670351,-0.0027640608604997396,0.021192748099565506,-0.0006397176766768098,-0.0026546847075223923,2.6689085960388184,0.07396438717842102,5.356714248657227
0,4456448,0.557898223400116,0.02217419445514679,0.010559109039604664,-0.002885635942220688,-0.008102528750896454,0.05044596642255783,0.00755656510591507,-0.0038831597194075584,0.009464636445045471,1.6603307723999023,0.016801077872514725,5.307886123657227
0,4587520,1.701365351676941,0.03375334292650223,0.0038890326395630836,-0.02606455609202385,0.007388756610453129,0.023942681029438972,0.03496507555246353,0.00099843624047935,0.0037926621735095978,3.040259599685669,-0.040559522807598114,4.01450252532959
0,4718592,0.8556983470916748,-0.0054871691390872,-0.00037760144914500415,-0.01600010134279728,-0.008218425326049328,-0.018947308883070946,-0.004397308919578791,0.0012971197720617056,0.0015734478365629911,2.9538726806640625,0.009032121859490871,5.174525260925293
0,4849664,1.3333929777145386,0.012263072654604912,0.011852187104523182,-0.027633821591734886,0.02627723291516304,0.06703562289476395,-0.008357438258826733,-0.00043584179366007447,0.007756642531603575,2.5211904048919678,0.01973678544163704,5.294291973114014
0,4980736,0.8767906427383423,0.0013020816259086132,-0.0005424998234957457,0.013605712912976742,-0.015152436681091785,0.026650866493582726,-0.009209182113409042,0.005304104648530483,-0.0006356092053465545,2.9462130069732666,0.06710585206747055,5.333680629730225
0,5111808,1.2055455446243286,0.010873801074922085,0.008496198803186417,0.004262732341885567,0.03568626195192337,0.015724249184131622,-0.011443313211202621,0.0014732026029378176,0.00030591883114539087,2.911040782928467,-0.04215499386191368,5.144881725311279
0,5242880,1.0094420909881592,-0.01030976977199316,-0.009289165958762169,0.008018743246793747,-0.007981322705745697,0.013333075679838657,-0.022572048008441925,0.0007942927186377347,0.005802929401397705,3.7199761867523193,-0.006466856691986322,4.438696384429932
0,5373952,0.8916407823562622,0.0029267510399222374,-0.0006919156876392663,0.001261590514332056,-0.02018045075237751,0.008498726412653923,-0.010167448781430721,0.0012317239306867123,0.002484604250639677,3.09061861038208,-0.017326653003692627,5.368885040283203
0,5505024,1.8527038097381592,0.018427303060889244,0.012539317831397057,0.02356400340795517,0.01845773681998253,-0.02502061054110527,0.0023739461321383715,0.007666389457881451,0.007199522107839584,2.667897939682007,-0.011628551408648491,3.675898551940918
0,5636096,1.1678047180175781,0.012081230990588665,0.008356045931577682,0.00135525141377002,-0.003822018625214696,-0.023607444018125534,0.008336802944540977,0.0013071729335933924,-0.0011681916657835245,2.6122148036956787,-0.01922961138188839,5.174873352050781
0,5767168,0.8636887669563293,0.010374128818511963,0.0008960768464021385,0.026731552556157112,0.0004536048509180546,-0.009236405603587627,-0.012068561278283596,-0.0015222037909552455,0.0053973933681845665,3.2457785606384277,-0.017125187441706657,4.914111614227295
0,5898240,0.6019027829170227,-0.0063264025375247,-0.010274162515997887,-0.0020786982495337725,-0.005412215832620859,-0.006472430191934109,0.005092793144285679,-0.0023547918535768986,0.00010154799383599311,2.9224743843078613,-0.037356186658144,5.770457744598389
0,6029312,0.8532653450965881,0.001970051322132349,0.0033796948846429586,0.005941559560596943,-0.02368522807955742,-0.016545705497264862,0.01761070266366005,-0.004709988366812468,0.0019055453594774008,2.623769998550415,0.08301946520805359,5.583883285522461
0,6160384,0.6553731560707092,-0.00031048967503011227,-0.008704854175448418,-0.0021672167349606752,-0.029840657487511635,-0.017989564687013626,0.0027165915817022324,0.004499857779592276,0.005464392248541117,2.7444162368774414,0.05007944628596306,5.493314743041992
0,6291456,0.5706666707992554,-0.0031434325501322746,-0.008756927214562893,0.0018063485622406006,0.02439468540251255,-0.026742756366729736,-0.014187188819050789,0.0023354748263955116,-0.000285805988823995,2.5967624187469482,0.012405524961650372,5.744714736938477
0,6422528,0.6774212718009949,-0.020128268748521805,-0.041253261268138885,-0.07194563746452332,0.02713700570166111,-0.061262261122465134,-0.028645530343055725,0.001473969779908657,-0.0007085828692652285,3.647437572479248,0.07118350267410278,5.197624206542969
0,6553600,1.456321358680725,0.018040306866168976,0.017644071951508522,0.03042217716574669,0.02667747065424919,0.05555657297372818,-0.003341465024277568,0.005528863053768873,0.005817337427288294,3.3560378551483154,-0.09212182462215424,4.4685893058776855
0,6684672,0.6296831369400024,0.012521364726126194,0.009186348877847195,-0.01625579409301281,-0.027185752987861633,0.03637869283556938,0.002628624439239502,-0.00012651269207708538,0.002605893649160862,2.5209734439849854,0.02554529532790184,5.915383338928223
0,6815744,0.8015490174293518,-0.0010710131609812379,-0.006438341923058033,-0.018989864736795425,0.0169769786298275,0.01050608977675438,0.0017603838350623846,-0.00014577807451132685,0.002085569780319929,3.1610190868377686,0.0700421929359436,5.0201287269592285
0,6946816,0.7539815902709961,0.0077674719505012035,0.004233087878674269,-0.002601088024675846,0.020613545551896095,-0.014750613830983639,-0.0008678449084982276,-0.0020289034582674503,0.005728696007281542,2.8978078365325928,0.017610684037208557,5.613429069519043
0,7077888,0.7208964228630066,-0.0063136182725429535,0.00893783662468195,0.04776294529438019,0.0020022867247462273,0.01684318482875824,-0.007624244783073664,-0.0007259116973727942,0.003827155102044344,2.427198648452759,0.0414629764854908,5.763339519500732
0,7208960,0.8429538607597351,0.0022272339556366205,-0.002128069521859288,0.01424316130578518,0.01908479630947113,-0.033326663076877594,-0.006593858357518911,0.0038523429539054632,0.0027552407700568438,3.0363781452178955,-0.04252736642956734,5.443011283874512
0,7340032,0.9221087098121643,0.006691756192594767,0.002906164387241006,0.002063112799078226,-0.025813408195972443,0.02081618644297123,0.006393968127667904,-0.0025306411553174257,0.003741031978279352,3.0943245887756348,0.006272302474826574,5.2946343421936035
0,7471104,0.7508378028869629,0.004269081633538008,0.007454717997461557,0.0006323132547549903,0.009317634627223015,0.016315508633852005,0.0011693619890138507,0.0010517446789890528,-0.004150547552853823,2.840298891067505,0.100418321788311,5.703439712524414
0,7602176,0.1327347308397293,0.026462938636541367,-0.014566461555659771,0.012785051017999649,-0.03467248007655144,0.06684862822294235,0.014579739421606064,0.003536662319675088,0.015235739760100842,1.9559143781661987,0.10399540513753891,5.147309303283691
0,7733248,1.0478110313415527,0.022929217666387558,0.003996758721768856,0.036713216453790665,0.020559923723340034,-0.05148874595761299,-0.014404946938157082,-0.0035602152347564697,-0.004015007987618446,2.9403603076934814,-0.03924785181879997,5.420901775360107
0,7864320,0.42910289764404297,-0.0021606844384223223,0.0010666782036423683,0.002170176012441516,0.027885161340236664,-0.015158707275986671,0.023689651861786842,0.0031945924274623394,-0.0024843416176736355,1.9970896244049072,0.042056404054164886,7.14538049697876
0,7995392,0.8968240022659302,-0.008508339524269104,0.0030301432125270367,-0.0007928802515380085,0.026229457929730415,-0.03243536874651909,-0.024071110412478447,0.0040509807877242565,0.0035254526883363724,2.978743553161621,0.041906822472810745,5.868330955505371
0,8126464,0.7769516706466675,0.020526770502328873,-0.005214259494096041,0.04480426013469696,0.0031938934698700905,-0.012718682177364826,-0.011097647249698639,0.0004119978111702949,-0.0011495496146380901,2.5684828758239746,0.018643813207745552,6.641729831695557
0,8257536,0.42313840985298157,-0.00016877296729944646,0.004759245552122593,0.0023629816714674234,-0.024343280121684074,-0.00206717848777771,0.016091782599687576,0.0042175487615168095,-0.0011124416487291455,1.4813448190689087,0.053542718291282654,7.898344039916992
0,8388608,0.4764530658721924,-0.006403683219105005,-0.0017282068729400635,-0.001983212074264884,0.01656261458992958,-0.01723429188132286,0.007365429773926735,-1.6722449799999595e-05,0.0029547784943133593,2.769284963607788,0.05168002471327782,6.650939464569092
0,8519680,0.7344991564750671,-0.0025448566302657127,0.0037394792307168245,-0.0329778678715229,0.016649169847369194,0.0015343429986387491,-0.0029407499823719263,0.0029315645806491375,-0.0032640460412949324,3.0146071910858154,0.051306579262018204,6.111442565917969
0,8650752,2.089153528213501,0.042462583631277084,0.02378714829683304,0.0657007098197937,0.05974149331450462,0.10388947278261185,0.010769447311758995,-0.005313149653375149,0.006390580907464027,3.2028791904449463,-0.07341007888317108,2.436086416244507
0,8781824,1.248116135597229,-0.0023734322749078274,-0.0033502408768981695,0.005480287596583366,-0.04550463333725929,0.050580717623233795,-0.036952756345272064,0.0029224087484180927,-0.0007618487579748034,3.4171924591064453,0.02320857159793377,3.3380885124206543
0,8912896,1.2866952419281006,0.015299919992685318,0.00985708087682724,0.0214658472687006,0.03524989262223244,0.0102333789691329,0.00457031512632966,-0.0011826938716694713,0.005890821106731892,2.552811861038208,0.04741770029067993,3.429318428039551
0,9043968,0.6616400480270386,-0.00534496083855629,-0.01597592420876026,0.017661333084106445,-0.017349528148770332,-0.03392113745212555,-0.03697698935866356,-0.004101796541363001,-0.0010074699530377984,2.8755369186401367,-0.03442266583442688,4.613430976867676
0,9175040,0.9558255672454834,0.006286671385169029,0.00981154665350914,0.0029921180102974176,0.01646929234266281,0.029335226863622665,0.008718718774616718,0.0009942378383129835,0.005002923775464296,2.3964316844940186,-0.047601368278265,5.143405437469482
0,9306112,1.1607800722122192,0.008894383907318115,-3.7128796975594014e-05,-0.006719032768160105,-0.02155911549925804,0.005950831342488527,-0.029746979475021362,-0.007332548499107361,-0.008123430423438549,3.105618715286255,0.04875347390770912,4.295817852020264
0,9437184,0.9483879208564758,0.006414975039660931,0.013025670312345028,0.006832718849182129,0.08850042521953583,-0.016315998509526253,0.018369197845458984,0.0015697897179052234,-0.0072781085036695,2.917161464691162,-0.07601021975278854,4.916268825531006
0,9568256,1.277018666267395,-0.0038413668517023325,-0.013455218635499477,-0.003889830317348242,-0.03016069531440735,-0.020262714475393295,-0.004251167178153992,0.0011700843460857868,-0.013028648681938648,3.706164836883545,-0.06861215829849243,3.412738084793091
0,9699328,0.7780646085739136,0.009062626399099827,-0.0075623271986842155,-0.005551101639866829,0.04526490718126297,0.0146253677085042,-0.006715971510857344,-0.000962956459261477,0.009510388597846031,2.68713641166687,0.1407511979341507,6.1560211181640625
0,9830400,0.7079009413719177,0.01360858790576458,-0.001996101113036275,-0.01750834658741951,0.00011861621169373393,-0.017484845593571663,0.010826577432453632,0.0019069213885813951,0.0026131910271942616,2.394887685775757,-0.01779666729271412,5.241112232208252
0,9961472,0.7887376546859741,0.008089769631624222,-0.0012585583608597517,-0.015453748404979706,0.010689238086342812,0.013999915681779385,0.04204867407679558,0.0037293920759111643,-0.003400754649192095,2.827894687652588,-0.044914159923791885,6.338111400604248
0,10092544,0.5394368171691895,0.002191560808569193,-4.093874667887576e-05,-0.01627918891608715,0.060190290212631226,0.008864672854542732,0.02503926120698452,-0.001575527829118073,-0.004442097619175911,2.1867825984954834,-0.04279124364256859,7.178714275360107
0,10223616,0.5156493782997131,-0.0019391984678804874,-0.003299600910395384,-0.0037512958515435457,0.013202637434005737,0.01320947427302599,-0.019296249374747276,0.0068699754774570465,0.003269967157393694,2.5052781105041504,0.04262342303991318,6.900819778442383
0,10354688,0.5237624645233154,0.00043397757690399885,-0.0004272845108062029,-0.01452469453215599,0.008867496624588966,0.025007188320159912,-0.019791001453995705,-0.0005978315602988005,-0.001404894283041358,2.060668468475342,0.05414852872490883,7.328585624694824
0,10485760,0.8313782215118408,-0.005399055313318968,-0.0032692928798496723,0.007339179515838623,0.013938669115304947,0.010091175325214863,-0.00853108149021864,0.005311349872499704,0.002953258343040943,2.7325081825256348,-0.03219391033053398,6.5718584060668945
0,10616832,1.0494877099990845,-0.0024880629498511553,-0.008774531073868275,0.00950628798455,0.0347309447824955,0.011940698139369488,0.019516129046678543,0.004992673639208078,-0.0017339972546324134,3.244521379470825,0.10588966310024261,5.479626178741455
0,10747904,0.7722740769386292,0.013690738938748837,-0.0030796537175774574,0.022143865004181862,-0.041449174284935,-0.018411576747894287,-0.0011341540375724435,-0.0028518957551568747,-0.0005464366404339671,1.7646687030792236,0.07961852848529816,6.624184608459473
0,10878976,0.663239598274231,0.025065535679459572,0.009307358413934708,-0.003234240459278226,-0.011107134632766247,0.04097570478916168,0.02671784535050392,0.003801640821620822,-0.006005661096423864,2.2733066082000732,0.04740438982844353,6.451018333435059
0,11010048,1.07865571975708,0.01349937915802002,-0.0012071881210431457,0.01806488446891308,0.04548276960849762,-0.001319421804510057,0.022028721868991852,0.0012314871419221163,0.0006365124718286097,2.4656760692596436,-0.0270333681255579,6.4089436531066895
0,11141120,0.7196007370948792,-0.011283940635621548,0.002386866370216012,-0.027189010754227638,0.02151014283299446,0.007094808388501406,-0.007122645154595375,0.0031873139087110758,-0.0005752198048867285,3.4866819381713867,-0.039418499916791916,5.515784740447998
0,11272192,0.8587509989738464,0.0021638134494423866,-0.00689805718138814,0.02463141269981861,0.03718827664852142,0.0035824833903461695,0.013363496400415897,0.005307828541845083,0.003703369526192546,2.398346424102783,0.046220116317272186,6.700011253356934
0,11403264,0.46596986055374146,-0.008434410206973553,0.0020499962847679853,0.009424209594726562,0.03612127900123596,0.05125849321484566,0.009953532367944717,0.00192295724991709,-0.00868245679885149,1.812723159790039,0.032423362135887146,7.442925930023193
0,11534336,0.5466833114624023,4.0201834053732455e-05,-0.007494525518268347,0.005218380130827427,0.025088835507631302,0.013943777419626713,0.016389479860663414,0.0035210803616791964,-0.000796122127212584,2.4000585079193115,0.023147815838456154,7.238946437835693
0,11665408,1.0401273965835571,-0.007593364454805851,-0.001530507579445839,0.0031413475517183542,0.0015067303320392966,0.013363001868128777,0.0032746405340731144,-0.0010425446089357138,-0.006171796470880508,3.018016815185547,0.04431893676519394,6.171602725982666
0,11796480,1.947319746017456,0.024276452139019966,-0.004264054819941521,-0.013330858200788498,0.028925253078341484,0.07602787762880325,0.020586838945746422,-0.0006943460903130472,-5.407635399024002e-05,3.034740686416626,0.08367413282394409,4.034817218780518
0,11927552,0.5887148976325989,0.005438582040369511,-0.010814466513693333,-0.0009905148763209581,-0.005634624511003494,0.006127594038844109,0.018308550119400024,-0.0011518449755385518,-0.008387197740375996,3.095588445663452,0.08421628922224045,4.99876070022583
0,12058624,1.0373799800872803,0.011585580185055733,-0.0034892980474978685,0.03469027578830719,0.03984798491001129,0.05160776153206825,0.03906683251261711,0.00546368258073926,0.003176593454554677,2.7772817611694336,-0.02648582123219967,5.568630695343018
0,12189696,1.5459229946136475,0.005068610422313213,0.008350791409611702,-0.025730229914188385,0.006187273655086756,0.040238939225673676,-0.009679186157882214,0.004631312098354101,0.0003330407780595124,3.1381919384002686,-0.009969671256840229,4.757832050323486
0,12320768,1.1206263303756714,-0.010106967762112617,-0.008068571798503399,-0.020702414214611053,0.0299227274954319,-0.03301709145307541,0.02384532243013382,0.002295596292242408,-0.001768808113411069,2.827697992324829,0.06279321014881134,5.1588897705078125
0,12451840,0.7607597708702087,0.005061470903456211,-0.0024845870211720467,0.020381761714816093,0.036320291459560394,0.05581749975681305,0.02570905163884163,0.0014210684457793832,-2.565963768574875e-05,2.5941224098205566,0.044308535754680634,5.817638397216797
0,12582912,1.2498953342437744,0.014791742898523808,0.005220070481300354,-0.002566298469901085,0.04675014317035675,-0.03224247321486473,0.0018949969671666622,0.005163691472262144,0.004846568219363689,3.043148994445801,0.0030065530445426702,5.603447914123535
0,12713984,0.5990481972694397,-0.0001381047914037481,0.00012707164569292217,-0.0066733886487782,0.024438465014100075,0.025960231199860573,0.020002402365207672,-0.0008350859861820936,0.0007379899616353214,2.290907621383667,0.019024692475795746,6.798527240753174
0,12845056,0.491068959236145,0.009083210490643978,-0.0017761839553713799,-0.0015352657064795494,0.052483487874269485,-0.0005761767970398068,0.02657654695212841,0.0026999511756002903,0.00751118827611208,2.680417060852051,0.044912729412317276,6.823819160461426
0,12976128,0.7990105748176575,0.013493870384991169,-0.008836807683110237,-0.024893753230571747,0.029082749038934708,0.03474036604166031,0.025284597650170326,-0.007453181315213442,-0.011121965013444424,2.728745698928833,0.03687714785337448,5.445712566375732
0,13107200,1.7248104810714722,0.023432055488228798,0.002346740337088704,0.02102660946547985,0.003517771139740944,0.019470524042844772,0.006249613594263792,-0.0025143148377537727,-0.0029516902286559343,3.682894706726074,-0.03448934108018875,5.096993446350098
0,13238272,0.4700995981693268,-0.00023923863773234189,-0.0019427008228376508,-0.009797131642699242,0.010007218457758427,-0.006027417257428169,0.0017331549897789955,0.00022438746236730367,-0.0010417243465781212,2.716945171356201,-0.02095022238790989,7.088345050811768
0,13369344,1.1581008434295654,0.00355765619315207,0.0017084178980439901,0.001733112963847816,-0.0024162332993000746,0.028584927320480347,0.03487677499651909,-0.0022433351259678602,-0.0002317270846106112,3.3457963466644287,-0.03732476010918617,5.94321870803833
0,13500416,0.5113891363143921,0.006093497853726149,-0.0010110684670507908,0.0030369118321686983,0.04611768573522568,0.011778360232710838,0.0178863313049078,0.00421255873516202,-0.004099484998732805,2.7032504081726074,-0.008143508806824684,7.077656269073486
0,13631488,1.046886920928955,-4.43338904005941e-05,0.00775505043566227,-0.005971135571599007,0.002274836879223585,0.006925562396645546,-0.004339335486292839,0.0024857784155756235,-0.0012003062292933464,2.4459500312805176,-0.03618133068084717,6.854133605957031
0,13762560,0.6682418584823608,0.011118952184915543,0.0031906133517622948,0.014219369739294052,0.028425928205251694,0.01224441733211279,-0.019367726519703865,0.0011617336422204971,0.003873456735163927,2.651494264602661,-0.07676856964826584,7.110854148864746
0,13893632,1.4448031187057495,0.019228041172027588,-0.002005395945161581,0.04268632084131241,0.017335856333374977,0.042956702411174774,-0.006063621956855059,0.005127841606736183,-0.002117602853104472,3.270576000213623,-0.04496072232723236,5.413909435272217
0,14024704,0.9735094904899597,0.01747312769293785,-0.006220976822078228,0.0005290131084620953,0.025180641561746597,0.011254468001425266,0.013955382630228996,0.0022156760096549988,0.005658436566591263,2.6793625354766846,0.041196420788764954,6.0833258628845215
0,14155776,1.9452710151672363,0.02825447916984558,0.0026946126017719507,0.0082246707752347,0.006447231862694025,0.011756671592593193,-0.014563885517418385,-0.002430404769256711,-0.0059220632538199425,3.9837894439697266,-0.047715071588754654,4.536795616149902
0,14286848,0.8786047697067261,0.010800560005009174,0.0032368614338338375,0.004053602460771799,0.07009320706129074,0.001057816669344902,0.017440833151340485,-0.0029886364936828613,-0.00559794157743454,2.512054681777954,0.026676766574382782,6.58139181137085
0,14417920,1.0850547552108765,0.011453003622591496,-0.003906279802322388,0.004399390891194344,0.014524194411933422,-0.0065915873274207115,0.023937856778502464,0.0036223845090717077,0.0015890764771029353,3.345259428024292,-0.07805813103914261,5.866419792175293
0,14548992,1.1511207818984985,0.008497917093336582,0.0028801357839256525,0.011037408374249935,0.028099440038204193,-0.0038921909872442484,-0.006676665972918272,0.0057440451346337795,0.004377419129014015,3.125518560409546,0.05385163426399231,5.8353800773620605
0,14680064,0.6446624994277954,0.005255609750747681,-0.004293227102607489,-0.017671534791588783,0.021508127450942993,-0.004574152175337076,0.009780507534742355,-0.002627009991556406,0.0038822409696877003,3.1117401123046875,-0.0767677053809166,6.5975022315979
0,14811136,0.7395663261413574,0.011499276384711266,0.006786167621612549,0.030999546870589256,0.03998648747801781,-0.00038225585012696683,-0.00539931608363986,0.003263749647885561,0.0058599659241735935,3.174840211868286,0.03468085452914238,6.395829200744629
0,14942208,0.7175599336624146,0.006234890315681696,-0.0040916516445577145,0.001989415381103754,0.028269924223423004,-0.012422649189829826,-0.00994900893419981,0.0010998419020324945,-0.001879410119727254,2.393833875656128,-0.10062319785356522,7.3658528327941895
0,15073280,1.0218995809555054,0.031241320073604584,0.028237774968147278,-0.016323130577802658,0.09413711726665497,0.031468041241168976,0.028416983783245087,-0.002033921889960766,0.0014075336512178183,3.095144510269165,-0.08898048847913742,4.951186180114746
0,15204352,1.3893393278121948,0.01835813745856285,0.01218089647591114,-0.014820770360529423,0.022954337298870087,0.06624295562505722,-0.004666603170335293,0.00020036085334140807,-0.005489778239279985,2.903132200241089,-0.010761522687971592,6.324244022369385
0,15335424,0.8651766180992126,0.007399524562060833,0.004278864711523056,-0.024259814992547035,0.029390688985586166,-0.0012885911855846643,0.0094855185598135,0.0003464760084170848,-0.0014106434537097812,2.779836416244507,-0.0367947518825531,6.885289192199707
0,15466496,0.8351238965988159,0.015039955265820026,0.007519904524087906,0.00256002857349813,0.03404989466071129,-0.006059289909899235,0.02542310208082199,-0.0009992871200665832,-0.0019123766105622053,2.7220733165740967,0.0649450421333313,6.7623701095581055
0,15597568,0.7942935824394226,0.005141432862728834,-0.0025771281216293573,0.00558328116312623,0.022196456789970398,0.012699749320745468,-0.011149841360747814,-0.006560379173606634,-0.0016289959894493222,3.1558821201324463,0.02496792934834957,6.575762748718262
0,15728640,1.0708988904953003,0.004459888208657503,-0.004738376475870609,0.013535062782466412,0.022729557007551193,-0.00419252272695303,-0.027306456118822098,-0.000674541515763849,0.0016497810138389468,3.5550012588500977,-0.1173870861530304,6.111832618713379
0,15859712,0.7903145551681519,0.008827490732073784,-0.0009709718287922442,-0.00011134889791719615,0.044661473482847214,0.03711433336138725,0.02468293532729149,-0.00010530152212595567,0.0006779824616387486,2.7317864894866943,-0.018424978479743004,6.9718451499938965
0,15990784,0.7578698992729187,0.009699216112494469,-0.004012353718280792,-0.0032909042201936245,0.016828561201691628,-0.022257553413510323,0.029874887317419052,-9.070222404261585e-06,0.0038715237751603127,3.1133873462677,-0.0706339031457901,5.9853668212890625
0,16121856,0.6397944688796997,0.015037234872579575,-0.00020984817820135504,0.012085486203432083,-0.02317122370004654,-0.04260268434882164,-0.016279716044664383,0.0016853718552738428,-0.005584592465311289,2.125602960586548,0.023282941430807114,7.56973934173584
0,16252928,0.8225723505020142,0.01800263114273548,0.0026890598237514496,-0.013590626418590546,0.01590004190802574,0.025049813091754913,0.022280674427747726,-0.0027647921815514565,0.005572578404098749,2.7637641429901123,-0.021148206666111946,7.064447402954102
0,16384000,1.106488585472107,0.005864682607352734,-0.0004089668800588697,-0.013431535102427006,0.04152197018265724,0.0016432247357442975,0.004434062633663416,0.0010431179543957114,-0.005568794906139374,2.5833427906036377,-0.008372951298952103,7.052734375
0,16515072,0.47068294882774353,0.003127272939309478,-0.0014002989046275616,-0.008813541382551193,0.019464269280433655,0.001273991772904992,-0.027549725025892258,0.0007243443978950381,-0.0010782923782244325,2.047534942626953,-0.039260271936655045,8.268898963928223
0,16646144,1.090371012687683,0.008178395219147205,0.004692006856203079,-0.003843144979327917,0.014676472172141075,0.027387183159589767,-0.025902654975652695,-0.0023071218747645617,0.002190670929849148,2.779616355895996,-0.021501164883375168,6.796994686126709
0,16777216,0.5013754963874817,0.0036973024252802134,-0.005110458005219698,0.008744299411773682,0.017099270597100258,0.015409494750201702,-0.011382793076336384,0.0037813701201230288,-0.006035766564309597,2.916897773742676,-0.08276955783367157,7.2301788330078125
1,131072,3.9803028106689453,0.045214682817459106,0.02111775241792202,0.03762412071228027,0.12740857899188995,0.1562054604291916,0.09591000527143478,0.000843494723085314,0.012186371721327305,4.622393608093262,-0.15765301883220673,0.3300016522407532
1,262144,2.7373251914978027,0.049034085124731064,0.01589789055287838,-0.011416464112699032,0.0507517084479332,0.07750847935676575,0.03927139937877655,-0.0001259375858353451,0.006606248673051596,3.6305341720581055,-0.02969256415963173,5.195623397827148
1,393216,4.039121150970459,0.13900798559188843,0.03573067858815193,0.04442054033279419,0.0675106942653656,0.13076478242874146,0.02405592054128647,-0.0028520303312689066,0.022576766088604927,5.294611930847168,-0.05271192267537117,0.8098126649856567
1,524288,1.9798945188522339,0.023589542135596275,0.005529826041311026,0.0492827445268631,0.06985308974981308,0.027799980714917183,0.0018859870033338666,0.0005882962723262608,0.0018350526224821806,2.931576728820801,-0.08215446025133133,5.6404829025268555
1,655360,0.9785937070846558,0.01756087876856327,-0.001931607024744153,0.011403404176235199,-0.032075412571430206,0.015506352297961712,-0.017471536993980408,6.859677523607388e-05,-0.0005677169538103044,3.6255671977996826,0.09016313403844833,6.109850883483887
1,786432,0.7158334255218506,0.011220721527934074,0.0007203140412457287,-0.002499289344996214,0.04735882952809334,0.02593362331390381,0.027577782049775124,0.003131632460281253,0.0036143276374787092,2.5356390476226807,0.005818498320877552,7.104454517364502
1,917504,0.7190535068511963,0.004016950726509094,0.00019130604050587863,-0.016631105914711952,0.063174769282341,0.019734010100364685,0.013182495720684528,-0.002597933867946267,-0.0008151897345669568,2.480496644973755,-0.032058071345090866,7.397083282470703
1,1048576,0.918424665927887,0.008073050528764725,0.00013885028602089733,0.007322039920836687,0.037849899381399155,0.014026218093931675,0.030139394104480743,-0.001229508314281702,-0.004769111517816782,2.8982083797454834,0.008449672721326351,6.325732231140137
1,1179648,0.5400884747505188,0.007695189211517572,-0.0031078767497092485,-0.015147645026445389,0.010976103134453297,0.04117317497730255,0.014557106420397758,0.005425270646810532,-0.000376215175492689,2.56040096282959,-0.08067949116230011,7.563662052154541
1,1310720,0.7304134368896484,0.017420509830117226,-0.010463519021868706,-0.020027264952659607,-0.0014476452488452196,-0.033398088067770004,0.01675909385085106,0.0031736516393721104,-0.00435447646304965,2.358940362930298,0.06611054390668869,6.007444858551025
1,1441792,0.712644636631012,0.008726105093955994,-0.0034489661920815706,0.0011554647935554385,0.05176791176199913,-0.0036537828855216503,0.015795376151800156,0.0002269222604809329,-0.0010608828160911798,2.61344575881958,0.03709957376122475,6.972292423248291
1,1572864,0.8235107660293579,-0.0012209025444462895,-0.007624791003763676,0.00814949069172144,0.010549669153988361,0.03437778726220131,0.026612944900989532,-0.01161181554198265,0.000937588163651526,3.6496732234954834,-0.02967551350593567,6.05108118057251
1,1703936,0.8665330410003662,0.008426159620285034,9.127317025559023e-05,0.005461885593831539,0.007137673441320658,0.011933594942092896,0.019463753327727318,0.0022264248691499233,0.005290995351970196,2.7848727703094482,-0.04534024000167847,6.863761901855469
1,1835008,0.9652813673019409,0.010592496022582054,-0.004645692650228739,0.0006995915318839252,0.028500473126769066,0.004055515863001347,0.006005766335874796,-0.0019423654302954674,-0.009865854866802692,2.9636387825012207,0.035927049815654755,6.762044429779053
1,1966080,0.6935498714447021,0.004376456141471863,0.0015084865735843778,0.004270822741091251,0.003320850897580385,-0.008260308764874935,0.004930596798658371,0.002671595895662904,-0.0037967320531606674,2.3435492515563965,0.014728531241416931,7.560349941253662
1,2097152,0.6928526163101196,0.004181346390396357,-0.0018132239347323775,0.003101418958976865,0.017085043713450432,0.015423080883920193,0.00526817562058568,-0.002361772581934929,0.000871421187184751,2.5881099700927734,-0.059946633875370026,7.3434062004089355
1,2228224,0.9058273434638977,0.009527197107672691,0.002866279100999236,-0.008189022541046143,0.03739669546484947,0.008034494705498219,0.004795367363840342,-0.01024880912154913,0.0003589660336729139,2.8805694580078125,0.03300141543149948,6.83080530166626
1,2359296,0.7053619027137756,0.0028798889834433794,-0.0015179765177890658,0.008591837249696255,0.026255950331687927,0.010540819726884365,0.012868640944361687,0.0012133186683058739,-0.0019078413024544716,3.0505008697509766,-0.06698790192604065,7.34433650970459
1,2490368,0.6174015402793884,0.008035842329263687,-0.0014077702071517706,-0.024983715265989304,0.03281804919242859,0.00582470465451479,0.006967115681618452,-0.00044675436220131814,-0.006458400283008814,2.4938106536865234,-0.02945801615715027,7.764425754547119
1,2621440,1.2148504257202148,0.008643277920782566,-0.009757881984114647,-0.0035851590801030397,0.042952436953783035,0.003757064463570714,0.016504699364304543,0.011632873676717281,0.005513055250048637,3.1727092266082764,-0.051113925874233246,6.573973655700684
1,2752512,1.021751046180725,-0.007377287372946739,-0.008088168688118458,-0.025652511045336723,0.02014026790857315,0.006956903729587793,-0.028359215706586838,-0.005963184870779514,-0.013019719161093235,2.704030752182007,-0.07753846794366837,7.125278472900391
1,2883584,0.5007544159889221,-0.006033747456967831,-0.008464309386909008,0.009723790921270847,0.01072541531175375,0.006708785425871611,0.018376680091023445,-0.0017386669060215354,-0.0023927956353873014,2.5564236640930176,0.041339676827192307,7.669740200042725
1,3014656,0.7237341403961182,-0.0007765206973999739,0.00035980017855763435,-0.004706814885139465,0.015287226065993309,0.035788729786872864,-0.0025645422283560038,0.00047696070396341383,0.00560219818726182,2.8434677124023438,-0.02478191629052162,6.9961371421813965
1,3145728,0.6585586071014404,-0.0021307843271642923,-0.0018625870579853654,0.012606730684638023,0.016406618058681488,0.0033343753311783075,0.0020335966255515814,0.004206664860248566,0.0006717671640217304,2.878964900970459,-0.08783864229917526,7.292876243591309
1,3276800,0.9607492089271545,0.01134184468537569,0.010235653258860111,-0.028099089860916138,0.05394791439175606,0.002875981153920293,0.021520936861634254,-0.006224839948117733,-0.00032846181420609355,3.231595754623413,0.037257831543684006,6.619900226593018
1,3407872,0.9704285264015198,0.008468073792755604,0.002001685556024313,0.01363710779696703,0.012979289516806602,0.026676909998059273,-0.008493029512465,0.0015468373894691467,-0.005598840769380331,3.394129753112793,0.0420878641307354,6.84137487411499
1,3538944,1.124121069908142,0.017009105533361435,0.007790610659867525,-0.010903188958764076,0.08277524262666702,-0.025078054517507553,0.026767106726765633,-0.001562847406603396,0.006887227762490511,2.4660003185272217,-0.021926533430814743,5.54158878326416
1,3670016,0.9287692308425903,-0.00016789881919976324,-0.0018380825640633702,0.005061250180006027,0.011351644061505795,0.004485441371798515,0.001783377374522388,-0.006276716478168964,-0.00467339064925909,2.7999279499053955,0.03616464138031006,7.227993488311768
1,3801088,0.993547797203064,-0.009130498394370079,-0.007467223796993494,-0.00923708826303482,-0.009978372603654861,-0.02153339795768261,0.004558443557471037,0.0048822383396327496,-0.00991107989102602,2.8493893146514893,0.05522565543651581,6.961713790893555
1,3932160,0.7319985032081604,-0.006965976674109697,-0.0014892712933942676,0.007653296459466219,-0.017801277339458466,-0.0008245644276030362,-0.006767279002815485,0.004760970827192068,-0.0017215064726769924,2.1535215377807617,-0.05867403373122215,8.27577018737793
1,4063232,0.8840950727462769,0.004424999002367258,-0.0059809451922774315,0.003559506731107831,0.028116097673773766,-0.044152237474918365,-0.006555925123393536,0.0004866643575951457,-0.0024881698191165924,2.2798776626586914,0.0686604380607605,7.804440021514893
1,4194304,0.5767942667007446,-0.007862310856580734,-0.008458518423140049,-0.004570892080664635,-0.02410142682492733,0.006466001272201538,0.0018291102023795247,-0.003274375107139349,-0.007108047604560852,2.596998453140259,0.030155571177601814,7.724094867706299
2,131072,3.900683641433716,0.04069933295249939,0.02050403133034706,0.04338708892464638,0.1202486902475357,0.15694084763526917,0.09994320571422577,0.0006925906054675579,0.011992971412837505,4.458038330078125,0.09593790024518967,0.7990344762802124
2,262144,2.777993679046631,0.026284482330083847,0.006534338463097811,0.026930823922157288,0.05925657972693443,0.04189392179250717,0.04409319907426834,-0.0023417274933308363,0.014620264992117882,2.8940610885620117,0.05489948391914368,5.543850898742676
2,393216,3.994243621826172,0.1404726207256317,0.04011647403240204,0.01420848909765482,0.09081529825925827,0.07596603035926819,0.018144968897104263,-0.0015819350956007838,0.012911311350762844,5.771932125091553,0.028341492637991905,0.5685117244720459
2,524288,1.0533703565597534,-0.0014177131233736873,-0.003191610798239708,-0.05602157488465309,0.009149189107120037,0.05402582883834839,-0.028170596808195114,-0.006657028570771217,-0.010410451330244541,3.598849296569824,0.023975010961294174,6.693570613861084
2,655360,1.2976961135864258,0.02263655886054039,0.0066807931289076805,-0.010829946957528591,0.004546627402305603,0.019902875646948814,0.016157299280166626,-0.0002523973525967449,0.0023198435083031654,2.637472629547119,-0.0003035287372767925,6.652674198150635
2,786432,0.928607702255249,0.014333230443298817,-0.0029017694760113955,-0.0009860619902610779,0.03625679016113281,-0.004881845787167549,0.04139820113778114,0.0033361853566020727,0.0056176865473389626,2.456974983215332,0.11919038742780685,7.162608623504639
2,917504,1.0756715536117554,0.004205428529530764,-0.0005255122086964548,-0.0047527821734547615,0.0072556533850729465,0.015895336866378784,0.00449525099247694,0.0004381235339678824,-0.004171659238636494,2.876349925994873,0.004452300723642111,6.866257190704346
2,1048576,0.631334125995636,-0.00228786189109087,-0.0013053733855485916,-0.002748002065345645,-0.0016587316058576107,-0.005679690279066563,-0.010784872807562351,0.010099058039486408,-0.006331267300993204,2.2663991451263428,-0.04485506936907768,8.113900184631348
2,1179648,0.8393567800521851,0.009475912898778915,-0.0037936281878501177,-0.009520954452455044,-0.014507790096104145,0.013535928912460804,-0.01829357258975506,-0.003583414712920785,0.0015410337364301085,3.0216002464294434,0.027965432032942772,7.000992774963379
2,1310720,0.30749592185020447,0.005067266523838043,-0.005840160883963108,-0.0032415229361504316,0.04287160560488701,-0.043574102222919464,0.0347919687628746,0.003106221789494157,-0.005529347341507673,1.490810513496399,0.0020572601351886988,7.207085132598877
2,1441792,0.8745943903923035,0.009526526555418968,0.0010643522255122662,-0.011165829375386238,-0.034912195056676865,-0.03511076420545578,-0.03024841658771038,0.0016359671717509627,-0.01028235163539648,2.4764301776885986,-0.017693711444735527,6.575210094451904
2,1572864,0.7686786651611328,0.001697345869615674,-0.004147164523601532,-0.0022710643243044615,0.0034942892380058765,-0.010259151458740234,0.0413629487156868,-0.011844772845506668,-0.002192461397498846,2.4860336780548096,-0.04732602462172508,7.380804538726807
2,1703936,0.8055868744850159,0.008591847494244576,0.0017661646706983447,-0.003566017607226968,0.036214638501405716,0.016480660066008568,0.010440425015985966,0.0004426692903507501,-0.004360775928944349,2.018256187438965,-0.009956988506019115,7.649975299835205
2,1835008,0.7300264835357666,-0.0061610243283212185,-0.0016977671766653657,-0.008147052489221096,-0.029550446197390556,-0.006465758662670851,-0.0020742027554661036,0.007132945116609335,0.0017169705824926496,2.565096855163574,-0.05390027165412903,7.3303728103637695
2,1966080,1.1135244369506836,0.01177497673779726,-0.00028594944160431623,0.001507844077423215,-0.013864383101463318,-0.009261641651391983,-0.019938277080655098,0.0003150303673464805,-0.0018477776320651174,2.2178962230682373,-0.017961841076612473,7.7770867347717285
2,2097152,0.755056619644165,-0.004949639085680246,-0.003013746114447713,0.000760898576118052,0.00352755025960505,-0.018841665238142014,-0.003291203873232007,-0.000906003697309643,0.004730092361569405,2.724011182785034,0.04475793242454529,7.436339855194092
3,131072,3.935706377029419,0.029427949339151382,0.011799221858382225,0.03265777975320816,0.13227607309818268,0.16416124999523163,0.07015848904848099,-0.0013390552485361695,0.014077039435505867,4.60556173324585,0.15732420980930328,0.7464364171028137
3,262144,2.195286273956299,-0.01603645458817482,0.002354452619329095,-0.017591197043657303,0.05917653813958168,0.06982458382844925,0.049032751470804214,-0.004819809924811125,0.0002040655235759914,2.327667236328125,0.07481969892978668,5.230343341827393
3,393216,4.13458251953125,0.11698993295431137,0.04185767471790314,0.011794641613960266,0.05872742086648941,0.1252894401550293,0.03178540617227554,0.00023953942582011223,0.018229445442557335,5.197750568389893,0.039692118763923645,1.1903741359710693
3,524288,0.7098932862281799,0.004145259037613869,-0.0027806975413113832,0.012301987037062645,0.04200638085603714,-0.030860641971230507,0.02327699586749077,-0.0004401089681778103,-0.003875445807352662,2.7831153869628906,0.09913986921310425,6.9409685134887695
3,655360,1.0518176555633545,0.010191008448600769,0.003310119966045022,-0.004827582743018866,0.025147506967186928,-0.00027345592388883233,-0.006256667897105217,0.0011387489503249526,-0.0006898141582496464,2.665999412536621,0.011695203371345997,7.271939754486084
3,786432,1.148120641708374,0.0050594741478562355,0.0025622332468628883,0.018516674637794495,-0.04011153057217598,0.023151369765400887,-0.0362495519220829,-0.003002185607329011,-0.005205058958381414,2.6374175548553467,0.07292447239160538,7.278878688812256
3,917504,1.0153875350952148,-0.0014789315173402429,-0.006944436579942703,0.02634379081428051,0.05348603054881096,0.010613441467285156,0.007134494371712208,0.0007879464537836611,0.00046080705942586064,3.0663740634918213,0.008396691642701626,6.831486701965332
3,1048576,1.0109127759933472,0.002312868367880583,-0.0006814948283135891,-0.008685270324349403,-0.0018480358412489295,0.007964525371789932,-0.007918920367956161,0.005458665546029806,-0.006944234482944012,2.924886703491211,0.08998733013868332,6.853788375854492
3,1179648,0.7114706039428711,-0.004860627930611372,-0.006476820446550846,-0.0058379266411066055,0.016818007454276085,0.0020409980788826942,-0.012602451257407665,0.004456835333257914,-0.007059374824166298,2.9071409702301025,0.048574574291706085,7.3725690841674805
3,1310720,0.22284770011901855,0.01338225044310093,-0.010335343889892101,-0.009544664062559605,0.03195077180862427,-0.03235810622572899,0.0074598821811378,0.0005462755798362195,-0.0059667290188372135,0.8855951428413391,0.08501264452934265,6.398499011993408
4,131072,3.741455554962158,0.03318383917212486,0.01475189346820116,0.03784395754337311,0.13025854527950287,0.14472532272338867,0.07641294598579407,-0.0010959302308037877,0.012639774940907955,4.714966773986816,0.13681422173976898,0.862144410610199
4,262144,2.2823147773742676,0.015786118805408478,0.0033999369479715824,0.02084636688232422,0.1184234619140625,0.08109437674283981,0.0601305291056633,0.003074583364650607,0.006432885769754648,3.5941898822784424,0.06288007646799088,4.996763229370117
4,393216,3.8290133476257324,0.10715987533330917,0.047368086874485016,0.027793096378445625,0.08655284345149994,0.10373295843601227,0.0225015040487051,0.0008476895745843649,0.01703491061925888,5.453874111175537,0.05876726284623146,1.2481237649917603
4,524288,1.5337632894515991,0.023590095341205597,0.0037851547822356224,0.060149334371089935,0.0688369870185852,0.07302810251712799,0.01347524393349886,-0.0005955200758762658,0.00731666199862957,2.9948363304138184,0.12326323986053467,6.211508750915527
4,655360,0.6173072457313538,0.007610645145177841,-0.004074328113347292,0.01014074869453907,-0.015427532605826855,-0.04441450908780098,-0.004245546646416187,0.000941947684623301,-0.00010875042789848521,2.969320058822632,0.06701640784740448,7.3406805992126465
4,786432,1.0219502449035645,0.0075164311565458775,-0.0004580936802085489,-0.0009358570678159595,0.00835986528545618,0.004969477187842131,-0.014318110421299934,-0.00730156758800149,-0.002117650816217065,2.596595287322998,-0.02240385115146637,7.580491065979004
4,917504,1.0019017457962036,0.012259759940207005,0.00011238813021918759,0.0011996040120720863,-0.0021895028185099363,-0.005752416793256998,0.011891728267073631,-0.014588057063519955,0.0008189727668650448,3.0893185138702393,0.026820922270417213,7.123307704925537
4,1048576,0.4858851730823517,0.001334994100034237,-0.001544941682368517,-0.007730866316705942,0.015586333349347115,-0.014336025342345238,-0.02415606938302517,0.0004962672828696668,0.0019312152871862054,2.087679624557495,0.022688625380396843,8.552399635314941
