collected_frames,action/v_mean,action/v_std,action/w_mean,action/w_std,action/flipper_fl_mean,action/flipper_fl_std,action/flipper_fr_mean,action/flipper_fr_std,action/flipper_rl_mean,action/flipper_rl_std,action/flipper_rr_mean,action/flipper_rr_std
65536,-0.019897084683179855,0.630639374256134,0.01312757097184658,0.6238874793052673,8.222786709666252e-05,0.6231643557548523,0.030491456389427185,0.6294682621955872,0.014092775993049145,0.6337630748748779,-0.015536952763795853,0.6228220462799072
131072,0.02253013476729393,0.6323701739311218,0.002370616188272834,0.6194964051246643,0.001909986836835742,0.6234332323074341,0.027461282908916473,0.6292340159416199,0.012028371915221214,0.6294463276863098,0.004260392859578133,0.6226678490638733
196608,0.07063502073287964,0.6241602301597595,0.005223388783633709,0.6168953776359558,-0.005119663663208485,0.6233563423156738,0.025031868368387222,0.6306480169296265,0.008724439889192581,0.6312311291694641,0.013643434271216393,0.6218740940093994
262144,0.11266672611236572,0.618095338344574,0.0052808672189712524,0.6181161403656006,0.0006915410049259663,0.6181448101997375,0.023977233096957207,0.6283529996871948,0.014796556904911995,0.6280486583709717,0.03515058755874634,0.6220524907112122
327680,0.14912870526313782,0.6110064387321472,0.004966435022652149,0.6158440113067627,0.0007953368476592004,0.6162996888160706,0.02549588307738304,0.6296533942222595,0.02597295306622982,0.6230208277702332,0.04195617884397507,0.6199760437011719
393216,0.16460081934928894,0.6060869693756104,-0.0014018539804965258,0.6149604916572571,0.021576398983597755,0.6094640493392944,0.0221355352550745,0.6267577409744263,0.028057370334863663,0.6282500624656677,0.048153020441532135,0.6156998872756958
458752,0.18303720653057098,0.5998585224151611,-0.002494997810572386,0.6135891079902649,0.03112260065972805,0.6145994067192078,0.04668634757399559,0.6257749199867249,0.021389247849583626,0.6272746324539185,0.043926797807216644,0.611509382724762
524288,0.18213050067424774,0.6055198311805725,-0.0012434558011591434,0.6184737682342529,0.045007456094026566,0.6108675003051758,0.026816101744771004,0.6265135407447815,0.021555490791797638,0.6305135488510132,0.029029810801148415,0.6178164482116699
589824,0.15707829594612122,0.6143608689308167,0.016482841223478317,0.6204704642295837,0.0394587442278862,0.6173571348190308,0.017530690878629684,0.6270769238471985,0.011810911819338799,0.6327821016311646,0.03776135295629501,0.6183894276618958
655360,0.17020490765571594,0.6145756244659424,0.017747461795806885,0.6187190413475037,0.02481219172477722,0.6155552864074707,0.011031454429030418,0.6256706118583679,0.006265428848564625,0.6282004714012146,0.02986805886030197,0.6170520782470703
720896,0.181195929646492,0.6141051650047302,0.01993723213672638,0.621604859828949,0.0215512253344059,0.6164517998695374,0.007854791358113289,0.6249418258666992,-0.0030150837264955044,0.6260576844215393,0.03949015215039253,0.6184066534042358
786432,0.21812674403190613,0.5866997241973877,0.012556535191833973,0.5996299982070923,0.07906895875930786,0.6052711606025696,0.006749240681529045,0.6129727363586426,0.02534455806016922,0.6131730675697327,0.03995175659656525,0.6038329005241394
851968,0.16430534422397614,0.6097344756126404,0.0022366223856806755,0.6117680072784424,0.038801565766334534,0.6105284690856934,0.008614049293100834,0.6207733750343323,0.009042197838425636,0.6216763854026794,0.029732082039117813,0.6157246828079224
917504,0.14192867279052734,0.6104662418365479,0.003687117248773575,0.6135962009429932,0.02204156666994095,0.6117775440216064,-0.0035228030756115913,0.6231095790863037,0.003964436240494251,0.6201534867286682,0.03209239989519119,0.6145108938217163
983040,0.13906309008598328,0.6067853569984436,-0.0026540756225585938,0.6098118424415588,0.03597022965550423,0.6080096364021301,0.005517254583537579,0.6201425194740295,0.016687333583831787,0.6156394481658936,0.029303133487701416,0.6134238839149475
1048576,0.15874654054641724,0.5980584621429443,-0.0072399890050292015,0.6023298501968384,0.03434348851442337,0.6025715470314026,0.0018684883834794164,0.6148114800453186,0.010737130418419838,0.6092201471328735,0.016496332362294197,0.6040377616882324
1114112,0.20348630845546722,0.5745047330856323,0.016225501894950867,0.5821571946144104,0.06602707505226135,0.5912863612174988,0.06652281433343887,0.5967686772346497,0.022867314517498016,0.590874433517456,0.03645635396242142,0.587100088596344
1179648,0.15323297679424286,0.6032354831695557,-0.024332866072654724,0.6039273738861084,0.023294607177376747,0.6069895625114441,0.004880966152995825,0.6167019009590149,0.020986003801226616,0.6101386547088623,0.018600638955831528,0.6036158800125122
1245184,0.13751386106014252,0.6050650477409363,-0.022380482405424118,0.6067401170730591,0.023989491164684296,0.6084938049316406,-0.00599278137087822,0.6158486008644104,0.020285341888666153,0.6053576469421387,0.015269456431269646,0.6065964698791504
1310720,0.14113160967826843,0.6040331721305847,-0.030487308278679848,0.6045860648155212,0.01691180095076561,0.603609025478363,-0.01462671160697937,0.6132391095161438,0.026913689449429512,0.6044170260429382,0.01675616391003132,0.6050990223884583
1376256,0.16191905736923218,0.5943459272384644,-0.019405122846364975,0.5999815464019775,0.017232593148946762,0.5964069962501526,-0.01306864432990551,0.6071191430091858,0.02842940390110016,0.5986301898956299,0.018147816881537437,0.6007354855537415
1441792,0.21014320850372314,0.5686488747596741,-0.009458288550376892,0.5815733075141907,0.0446208193898201,0.5876840353012085,0.00025471090339124203,0.5952529311180115,0.07007916271686554,0.5841723680496216,0.050747811794281006,0.5876511931419373
1507328,0.15332633256912231,0.5968194603919983,-0.010422520339488983,0.6005350947380066,0.01018601842224598,0.5970339179039001,-0.004303356632590294,0.61158287525177,0.04359004646539688,0.5988542437553406,0.024322355166077614,0.5992118716239929
1572864,0.16118218004703522,0.5940351486206055,-0.02020101062953472,0.6001222729682922,0.006447816267609596,0.5977867841720581,0.0002953569055534899,0.6126124262809753,0.03562496230006218,0.5994265675544739,0.01191124226897955,0.5975168347358704
1638400,0.16034653782844543,0.5905106663703918,-0.03559061884880066,0.5994418859481812,0.014654885977506638,0.5938692688941956,0.0025144205428659916,0.6090275645256042,0.0348534882068634,0.597154438495636,0.005020882934331894,0.596559464931488
1703936,0.16784456372261047,0.5892531275749207,-0.042447280138731,0.5953928828239441,0.01263440027832985,0.5919904708862305,-0.0005351586733013391,0.6086073517799377,0.032129235565662384,0.5966777205467224,0.0017490905011072755,0.5946142673492432
1769472,0.21300745010375977,0.5663676261901855,-0.04858198016881943,0.583603024482727,0.04992116242647171,0.585832953453064,-0.018799006938934326,0.5977189540863037,0.07473708689212799,0.5827441215515137,-0.010829747654497623,0.5853332281112671
1835008,0.1675022542476654,0.5940712690353394,-0.039856038987636566,0.594944953918457,0.026639290153980255,0.5938470363616943,-0.006258592940866947,0.6095378398895264,0.03739488124847412,0.597335934638977,0.0019985605031251907,0.5992762446403503
1900544,0.17008617520332336,0.5972115397453308,-0.03997430205345154,0.5978288054466248,0.031136061996221542,0.5987957119941711,-0.005801850464195013,0.6128464937210083,0.038023024797439575,0.5956221222877502,-0.00896400399506092,0.5997949242591858
1966080,0.16830220818519592,0.5956554412841797,-0.04204154387116432,0.5991015434265137,0.044986601918935776,0.5968521237373352,0.0022430415265262127,0.6068771481513977,0.041485726833343506,0.5949556231498718,-0.01528411265462637,0.5973950028419495
2031616,0.1673562079668045,0.5920881032943726,-0.04130642116069794,0.5960278511047363,0.04344483092427254,0.5931189060211182,0.00805545225739479,0.6071028113365173,0.02608782798051834,0.5953201651573181,-0.014198239892721176,0.5970281362533569
2097152,0.2084440141916275,0.5719664096832275,-0.037528447806835175,0.5887917876243591,0.07232459634542465,0.5894332528114319,0.0285001453012228,0.6027944087982178,0.05673322454094887,0.5863314270973206,-0.06295696645975113,0.5889719724655151
2162688,0.14980575442314148,0.6043936014175415,-0.037101440131664276,0.6051528453826904,0.03583681955933571,0.6049191951751709,0.0015528298681601882,0.611129879951477,0.017868220806121826,0.6036849021911621,-0.027952205389738083,0.6035972833633423
2228224,0.16697436571121216,0.6078803539276123,-0.03836825117468834,0.6088768243789673,0.022070281207561493,0.6035287976264954,-0.001449299044907093,0.6157471537590027,0.00035064894473180175,0.6014708876609802,-0.022098824381828308,0.6068676114082336
2293760,0.18047434091567993,0.6021129488945007,-0.03868699073791504,0.6032183766365051,0.042443566024303436,0.6004348397254944,-0.0034511382691562176,0.6121862530708313,-0.009619385004043579,0.6011549830436707,-0.02456066757440567,0.6020131707191467
2359296,0.18439951539039612,0.5969660878181458,-0.050958529114723206,0.6045175790786743,0.03475877642631531,0.5978225469589233,-0.010751473717391491,0.6087226867675781,0.0012540388852357864,0.6015645265579224,-0.026762474328279495,0.5987114906311035
2424832,0.24506963789463043,0.5613335371017456,-0.054451532661914825,0.5843014717102051,0.098044753074646,0.5762181282043457,0.004188304767012596,0.5938149690628052,0.025105804204940796,0.5827959179878235,-0.06758937239646912,0.5809919834136963
2490368,0.16742151975631714,0.6072828769683838,-0.06530946493148804,0.6077994108200073,0.03191576898097992,0.6010697484016418,0.0005439117085188627,0.6122697591781616,0.010575286112725735,0.603296160697937,-0.020567655563354492,0.6008783578872681
2555904,0.15923789143562317,0.6128670573234558,-0.0587376169860363,0.6125998497009277,0.02038584277033806,0.6073930263519287,-0.006450646556913853,0.6140223145484924,0.0019183866679668427,0.6063309907913208,-0.0008713396964594722,0.6081605553627014
2621440,0.15694916248321533,0.6104775667190552,-0.056953031569719315,0.6129938960075378,0.015982285141944885,0.6068092584609985,-0.0011240068124607205,0.61163729429245,-0.005350891500711441,0.606269359588623,-0.005446414463222027,0.6032120585441589
2686976,0.15950508415699005,0.6080930233001709,-0.05960576981306076,0.6130774021148682,0.012896289117634296,0.6035051345825195,-0.002582464599981904,0.6089112162590027,-0.01110820472240448,0.6033832430839539,-0.0030498781707137823,0.5992159843444824
2752512,0.2058732807636261,0.5797346234321594,-0.06322586536407471,0.5977376699447632,0.023405153304338455,0.5916233658790588,0.011775435879826546,0.5982620716094971,0.002882592845708132,0.5920981764793396,0.023454856127500534,0.5897501111030579
2818048,0.14700892567634583,0.6122038960456848,-0.06117245927453041,0.6157063245773315,0.003019148949533701,0.6126669645309448,0.008679336868226528,0.6112262010574341,0.009768811985850334,0.6104246973991394,0.010800473392009735,0.604449450969696
2883584,0.12534627318382263,0.6190988421440125,-0.0537041574716568,0.6202412247657776,-0.0036035331431776285,0.6156023144721985,0.011828407645225525,0.6135245561599731,0.003535693744197488,0.6146224141120911,0.003763092216104269,0.6059417128562927
2949120,0.14287739992141724,0.6100696921348572,-0.06327259540557861,0.6113091707229614,-0.004905412904918194,0.6072133183479309,0.010381929576396942,0.6072138547897339,0.0016611968167126179,0.6085569858551025,0.012868067249655724,0.5988256931304932
3014656,0.14423057436943054,0.6122719049453735,-0.05758199095726013,0.6133341193199158,-0.004978032782673836,0.6075982451438904,0.00825527124106884,0.6083600521087646,0.007621960714459419,0.6110836863517761,0.01572931744158268,0.6034597754478455
3080192,0.17954155802726746,0.5802539587020874,-0.054957665503025055,0.587575376033783,-0.0019212113693356514,0.5841374397277832,0.058022283017635345,0.5856019258499146,0.029771879315376282,0.5913373231887817,0.06874756515026093,0.5828792452812195
3145728,0.12965205311775208,0.6180247068405151,-0.05375608801841736,0.6158946752548218,-0.006310411263257265,0.6132940053939819,0.01481335237622261,0.6110897660255432,0.03396495059132576,0.6113840937614441,0.016055429354310036,0.6071788668632507
3211264,0.1352735459804535,0.612481951713562,-0.049419499933719635,0.6145866513252258,-0.011513475328683853,0.609896183013916,0.011381996795535088,0.6089332699775696,0.015746811404824257,0.6113607287406921,0.005770242307335138,0.6093067526817322
3276800,0.14976570010185242,0.6000934839248657,-0.043793935328722,0.6085811257362366,-0.01383319590240717,0.6039629578590393,0.011992394924163818,0.6010945439338684,0.013971405103802681,0.6029763221740723,0.002445543184876442,0.5991747379302979
3342336,0.1457728147506714,0.5991807579994202,-0.04279801994562149,0.6073595881462097,-0.001890654326416552,0.6018133163452148,0.011347085237503052,0.5993378162384033,0.01567062735557556,0.5987902879714966,-0.0032498931977897882,0.5997076630592346
3407872,0.17096252739429474,0.5801017880439758,-0.0548936128616333,0.585934579372406,0.037058085203170776,0.5777451992034912,0.07748638093471527,0.5831535458564758,0.03515932708978653,0.584530770778656,0.018566858023405075,0.5853751301765442
3473408,0.1091419979929924,0.61977618932724,-0.037419117987155914,0.61122065782547,0.014173150062561035,0.6046465039253235,0.02323019690811634,0.6104300618171692,0.015081130899488926,0.6072519421577454,-0.0013963421806693077,0.6067251563072205
3538944,0.12955638766288757,0.6129016280174255,-0.027112748473882675,0.6125854253768921,0.008360784500837326,0.6019346117973328,0.007443189155310392,0.6105684638023376,0.0029716938734054565,0.6035506725311279,-0.0021537505090236664,0.6001526713371277
3604480,0.14059463143348694,0.6100690364837646,-0.025895705446600914,0.6037020087242126,0.010266166180372238,0.5992618203163147,0.016484979540109634,0.6056788563728333,0.004859334323555231,0.6011180281639099,-0.0009027506457641721,0.5979718565940857
3670016,0.14052793383598328,0.6081247329711914,-0.017604976892471313,0.600933313369751,0.011593375355005264,0.5972942113876343,0.013109911233186722,0.6026114225387573,0.008617142215371132,0.6015344858169556,0.0047146109864115715,0.5985009074211121
3735552,0.17413513362407684,0.586864173412323,-0.04426423832774162,0.5783028602600098,0.039617907255887985,0.5724121928215027,0.07886286079883575,0.5755805373191833,0.01664963737130165,0.5868381857872009,0.03625514730811119,0.579505443572998
3801088,0.10547015815973282,0.6144123673439026,-0.025909660384058952,0.6036345362663269,0.030266251415014267,0.60201096534729,0.028408313170075417,0.6051685214042664,0.008991533890366554,0.6067194938659668,0.008111882954835892,0.5994672775268555
3866624,0.10480928421020508,0.6213195323944092,-0.024630703032016754,0.6111592054367065,0.017646510154008865,0.6099263429641724,0.010945199057459831,0.6096922755241394,0.009305068291723728,0.6104468107223511,0.000665917294099927,0.6036776304244995
3932160,0.11536486446857452,0.60993891954422,-0.01663738675415516,0.5992701053619385,0.0255662202835083,0.5996896028518677,0.023735519498586655,0.6022734642028809,0.009112781845033169,0.6051995158195496,0.009335486218333244,0.5968539118766785
3997696,0.11349594593048096,0.608062207698822,-0.011047827079892159,0.6009277105331421,0.02198655903339386,0.5993937253952026,0.017435722053050995,0.6005021929740906,0.00959276407957077,0.603120744228363,0.011024991981685162,0.5951953530311584
4063232,0.15889938175678253,0.5801389217376709,-0.04968973249197006,0.5757321715354919,0.05514904856681824,0.5749114155769348,0.08706817030906677,0.5663118958473206,0.06151443347334862,0.5820155143737793,0.07259693741798401,0.5758569240570068
4128768,0.10323144495487213,0.6158248782157898,-0.034147582948207855,0.6035337448120117,0.019341615960001945,0.605721116065979,0.020745916292071342,0.6007537245750427,0.017824914306402206,0.6061077117919922,0.009162052534520626,0.5975805521011353
4194304,0.13196194171905518,0.6125635504722595,-0.011354003101587296,0.6022123694419861,0.016885429620742798,0.602499783039093,0.01947973482310772,0.6021227836608887,0.012582477182149887,0.609078586101532,0.0028851614333689213,0.5978395938873291
4259840,0.13678309321403503,0.6059335470199585,-0.010085785761475563,0.5980569124221802,0.017908670008182526,0.6013681292533875,0.007938130758702755,0.6002157330513,0.009306816384196281,0.6022621989250183,0.0021221484057605267,0.5929189920425415
4325376,0.1400471329689026,0.5982499718666077,-0.02041272073984146,0.5912410020828247,0.02383378893136978,0.5997629165649414,0.007363995537161827,0.5940722227096558,0.00921614095568657,0.6008544564247131,0.005997977219521999,0.5936406254768372
4390912,0.15836188197135925,0.5800948739051819,-0.04109504446387291,0.5757643580436707,0.03313741087913513,0.581847071647644,0.056823499500751495,0.5749825835227966,0.039093226194381714,0.5801472663879395,0.04496956244111061,0.5802536010742188
4456448,0.10896024107933044,0.6045972108840942,-0.022582216188311577,0.5978226065635681,0.022852715104818344,0.6030017137527466,0.021020984277129173,0.6017732620239258,0.009471851401031017,0.6014018654823303,0.006619852501899004,0.5943334102630615
4521984,0.1136823445558548,0.6080822348594666,-0.009830737486481667,0.6006869673728943,0.017367340624332428,0.6048957109451294,0.016355600208044052,0.6016587615013123,0.008135911077260971,0.6020269989967346,0.0011375857284292579,0.5996860861778259
4587520,0.11431995779275894,0.6039323806762695,-0.014865215867757797,0.5938646793365479,0.020421169698238373,0.6006537675857544,0.012313270010054111,0.6001463532447815,0.009888021275401115,0.6010317802429199,-0.0006383451400324702,0.5993323922157288
4653056,0.11763961613178253,0.6045966744422913,-0.015343300998210907,0.5901125073432922,0.020582668483257294,0.599159836769104,0.004008193966001272,0.5959742665290833,0.006753423251211643,0.5969687104225159,0.004732632543891668,0.5999694466590881
4718592,0.13409492373466492,0.5948807001113892,-0.046212200075387955,0.5801688432693481,0.0632006973028183,0.5885695219039917,0.03754517436027527,0.5848737955093384,0.010361861437559128,0.5883036851882935,0.03675020486116409,0.5882099270820618
4784128,0.09437849372625351,0.6177714467048645,-0.01231005322188139,0.5963498950004578,0.030262546613812447,0.6074016690254211,0.011168115772306919,0.6127434968948364,0.0025015193969011307,0.6068887710571289,-0.0007415732834488153,0.6033047437667847
4849664,0.10389077663421631,0.6144443154335022,-0.008884543552994728,0.6001066565513611,0.01929771900177002,0.605633556842804,0.012845104560256004,0.6114863157272339,0.006024399306625128,0.6025272011756897,-0.0019814451225101948,0.5976781845092773
4915200,0.10598549246788025,0.6102885007858276,-0.028361856937408447,0.5955580472946167,0.010828477330505848,0.599411129951477,0.008562262170016766,0.6079445481300354,0.007480083033442497,0.6022014021873474,0.008710891008377075,0.5940492749214172
4980736,0.10111678391695023,0.6090577244758606,-0.022413091734051704,0.5931035280227661,0.002195190405473113,0.5997157096862793,-0.00014376643230207264,0.6033450961112976,0.002266976982355118,0.6040228009223938,0.013739243149757385,0.5919540524482727
5046272,0.13835495710372925,0.5885602831840515,-0.03791879862546921,0.5793792605400085,0.013549239374697208,0.5872559547424316,0.036000948399305344,0.5937855243682861,0.03681134805083275,0.5931370854377747,0.060940489172935486,0.5786339044570923
5111808,0.09401679784059525,0.6062586903572083,-0.010397501289844513,0.598325788974762,0.002751812804490328,0.5991837978363037,0.006772788241505623,0.6064272522926331,0.01393608283251524,0.6005377769470215,0.009870529174804688,0.5890960693359375
5177344,0.10197533667087555,0.6098546385765076,-0.013716568239033222,0.5999724864959717,-0.0019522025249898434,0.5983777642250061,-0.0042410679161548615,0.6060444712638855,0.005688700824975967,0.6040924787521362,0.010095617733895779,0.597692608833313
5242880,0.10880205035209656,0.6029350161552429,-0.021256742998957634,0.5977694988250732,-0.002317255362868309,0.5961175560951233,-0.00873457733541727,0.6025225520133972,0.013355709612369537,0.5969255566596985,0.013536997139453888,0.5908713936805725
5308416,0.11668577790260315,0.5988808870315552,-0.012118509039282799,0.5893287658691406,-0.00042640953324735165,0.5945665240287781,-0.009249216876924038,0.5958578586578369,0.01456130389124155,0.596308171749115,0.012996776960790157,0.591361939907074
5373952,0.14953553676605225,0.5773409605026245,-0.027911696583032608,0.5771735310554504,0.010854864493012428,0.5818216800689697,-0.007909465581178665,0.5787209272384644,0.051827654242515564,0.5776973366737366,0.04768608883023262,0.5778511166572571
5439488,0.10381346940994263,0.6017539501190186,-0.011264361441135406,0.5919361710548401,0.004604357294738293,0.5990615487098694,0.000589616596698761,0.5978682041168213,0.02272351086139679,0.5923793315887451,0.014789038337767124,0.5980017781257629
5505024,0.10869435966014862,0.601341962814331,-0.02130233868956566,0.5946047902107239,0.001286202808842063,0.5960057973861694,-0.0002498637477401644,0.5976172089576721,0.017424199730157852,0.596751868724823,0.01480962336063385,0.5955513119697571
5570560,0.10632762312889099,0.5986230373382568,-0.03403614088892937,0.5909371972084045,0.0030424061696976423,0.591647744178772,0.0034747952595353127,0.5925305485725403,0.025822583585977554,0.5953968167304993,0.01097483653575182,0.5955666303634644
5636096,0.11033651232719421,0.5956118702888489,-0.029679663479328156,0.5901556611061096,0.0010944026289507747,0.5880770683288574,0.005204422399401665,0.5941962599754333,0.017054742202162743,0.5940507054328918,0.0067903706803917885,0.5942126512527466
5701632,0.12161070108413696,0.5905762910842896,-0.04041691869497299,0.5821719765663147,0.030592959374189377,0.580900251865387,0.011148576624691486,0.5872094035148621,0.03386647626757622,0.5875934958457947,0.014300040900707245,0.5886849164962769
5767168,0.07959775626659393,0.6098814010620117,-0.03280344605445862,0.6002787947654724,0.007567472290247679,0.6004084348678589,0.005434112623333931,0.6010250449180603,0.011469236575067043,0.5986832976341248,0.007692847400903702,0.6049312353134155
5832704,0.08751986920833588,0.6107636094093323,-0.02779785916209221,0.5968319177627563,0.00431544054299593,0.5954562425613403,0.0033147078938782215,0.6040893793106079,0.0038745314814150333,0.6012577414512634,0.001553477719426155,0.6035076975822449
5898240,0.09971481561660767,0.6026639342308044,-0.03562203422188759,0.5917273759841919,0.008357129991054535,0.5878938436508179,-0.0015558017184957862,0.599790096282959,0.00952199473977089,0.5961803197860718,0.01152536179870367,0.5981868505477905
5963776,0.1056724339723587,0.6013184785842896,-0.035363033413887024,0.5881614089012146,0.0037160818465054035,0.5846525430679321,-0.007641580421477556,0.5967791676521301,0.0033286456018686295,0.5938252210617065,0.007659237831830978,0.5974692106246948
6029312,0.149495929479599,0.5799777507781982,-0.057265348732471466,0.5742009282112122,0.025394972413778305,0.5666674375534058,-0.006459419149905443,0.5815315246582031,0.00804089941084385,0.5781493186950684,0.06986541301012039,0.5770296454429626
6094848,0.08206832408905029,0.6080000400543213,-0.02704957127571106,0.5931887626647949,0.0046904440969228745,0.5931111574172974,0.0035052229650318623,0.5988309383392334,0.006023917347192764,0.5973517298698425,0.013637211173772812,0.5990515947341919
6160384,0.08014622330665588,0.6137305498123169,-0.03435827046632767,0.5932651162147522,0.0006212771404534578,0.5915312767028809,0.003955068998038769,0.6002139449119568,0.012623606249690056,0.597098171710968,0.016442149877548218,0.6035832166671753
6225920,0.10044027864933014,0.6067146062850952,-0.03401394560933113,0.591594934463501,5.7878089137375355e-05,0.58719801902771,0.013393569737672806,0.5930606126785278,0.011333975940942764,0.5940691232681274,0.020907916128635406,0.6014513373374939
6291456,0.1150263324379921,0.6042736172676086,-0.03645620495080948,0.5861889123916626,0.002589714713394642,0.586219072341919,0.020165322348475456,0.5911630392074585,0.009476716630160809,0.5924791693687439,0.021702703088521957,0.6020456552505493
6356992,0.14918337762355804,0.5891036987304688,-0.052467089146375656,0.5836350917816162,0.0013573415344581008,0.574627697467804,0.07838620245456696,0.5789179801940918,0.03376396745443344,0.5846738219261169,0.072084441781044,0.5841615796089172
6422528,0.10238680243492126,0.6130862236022949,-0.02724870666861534,0.5935182571411133,0.00474744476377964,0.5941575169563293,0.027227912098169327,0.5965101718902588,0.010793549008667469,0.5960580110549927,0.014297588728368282,0.6066545248031616
6488064,0.1023612767457962,0.6166694164276123,-0.03370000422000885,0.5984543561935425,0.002922977553680539,0.5926370620727539,0.022774379700422287,0.5980362296104431,0.014370898716151714,0.6025314331054688,0.017672674730420113,0.6064267158508301
6553600,0.11124280095100403,0.608810544013977,-0.02843790128827095,0.5926686525344849,0.007668762933462858,0.5844706296920776,0.02604691870510578,0.593959629535675,0.014115510508418083,0.5972304344177246,0.02148878574371338,0.602445662021637
6619136,0.13314634561538696,0.6007555723190308,-0.03290596604347229,0.5911307334899902,0.006580761633813381,0.5800267457962036,0.022799115628004074,0.5920879244804382,0.0204696673899889,0.5965254306793213,0.017463799566030502,0.5994905233383179
6684672,0.1810453236103058,0.5820048451423645,-0.05719244107604027,0.5909030437469482,0.028921213001012802,0.566232442855835,0.09547948837280273,0.5806118249893188,0.05888339504599571,0.5849698781967163,0.086030974984169,0.5799287557601929
6750208,0.11021813005208969,0.6193234324455261,-0.03515816479921341,0.6044843196868896,0.013660801574587822,0.5955529808998108,0.03239871561527252,0.5990273952484131,0.008395686745643616,0.6095591187477112,0.0176217183470726,0.610926628112793
6815744,0.13082602620124817,0.6197922825813293,-0.045501887798309326,0.6057572364807129,0.01149515900760889,0.5934353470802307,0.025087401270866394,0.5976583957672119,0.007435839157551527,0.6110211610794067,0.013734500855207443,0.6139578223228455
6881280,0.1394653171300888,0.6081649661064148,-0.04430527985095978,0.600832998752594,0.012172114104032516,0.588681697845459,0.023262090981006622,0.5941827297210693,0.006057142745703459,0.6053805351257324,0.016870563849806786,0.6098156571388245
6946816,0.14171811938285828,0.6069085001945496,-0.04626785218715668,0.5984793305397034,0.006957877427339554,0.5899233222007751,0.013889031484723091,0.5907515287399292,0.005303936079144478,0.6058962345123291,0.02040453441441059,0.6138325333595276
7012352,0.18938279151916504,0.5799954533576965,-0.07681512832641602,0.5828317999839783,0.04074036329984665,0.5637685656547546,0.07102900743484497,0.5738792419433594,-0.0011299712350592017,0.5902697443962097,0.07243210077285767,0.5850515961647034
7077888,0.10491994023323059,0.6162477731704712,-0.035553425550460815,0.6024636626243591,0.015407337807118893,0.5981041789054871,0.024121087044477463,0.5892502069473267,0.0006985124200582504,0.6039918661117554,0.01354757510125637,0.6137633919715881
7143424,0.09784897416830063,0.6224216222763062,-0.04453572258353233,0.6070595979690552,0.007754286751151085,0.599726140499115,0.0200266782194376,0.5909672379493713,0.0006971991388127208,0.6119672060012817,0.008891472592949867,0.6207758784294128
7208960,0.1255849301815033,0.6133071780204773,-0.041104234755039215,0.5972204804420471,0.007979966700077057,0.5949484705924988,0.006788510363548994,0.5852004289627075,0.0067039793357253075,0.6091288924217224,0.017876675352454185,0.613940954208374
7274496,0.12401145696640015,0.6151189804077148,-0.03791090101003647,0.5964055061340332,0.006709433160722256,0.5923141837120056,0.009446755982935429,0.5878968834877014,0.0037143011577427387,0.6100226640701294,0.014525795355439186,0.6137380599975586
7340032,0.17044353485107422,0.5865285396575928,-0.06373488903045654,0.5827029943466187,0.03945544362068176,0.5668294429779053,0.039544425904750824,0.5735375881195068,0.034675233066082,0.584937334060669,0.05764929950237274,0.5864171385765076
7405568,0.0964064672589302,0.6151914596557617,-0.017697948962450027,0.5999369025230408,0.0037801233120262623,0.5982573628425598,0.01144265104085207,0.5916145443916321,0.015044051222503185,0.6019866466522217,0.0043402742594480515,0.6131855249404907
7471104,0.09886980056762695,0.6088197231292725,-0.020566493272781372,0.5961824655532837,0.004007904790341854,0.5896553993225098,0.004078238736838102,0.5934051871299744,0.017765343189239502,0.602191150188446,0.003935293294489384,0.6081239581108093
7536640,0.10696075856685638,0.6021153330802917,-0.03555632382631302,0.5905271172523499,0.004282635636627674,0.5860087275505066,0.004507178440690041,0.5871692895889282,0.011760594323277473,0.5987383127212524,0.004955308511853218,0.6047325730323792
7602176,0.10054799914360046,0.6006068587303162,-0.03701390326023102,0.5905896425247192,0.001878984970971942,0.5831037759780884,0.0015746577410027385,0.5825877785682678,0.010632838122546673,0.5944833755493164,0.005675043445080519,0.6040249466896057
7667712,0.1490803062915802,0.5833994746208191,-0.041063763201236725,0.5847342610359192,0.03932717815041542,0.5710828900337219,0.017688842490315437,0.5768212676048279,0.06794710457324982,0.5757079720497131,-0.0039560217410326,0.5878492593765259
7733248,0.07880765944719315,0.6141266226768494,-0.016681594774127007,0.6042531132698059,0.009670478291809559,0.5896958112716675,0.011107701808214188,0.5993884801864624,0.013498645275831223,0.599087119102478,-0.004339133854955435,0.6106177568435669
7798784,0.07626880705356598,0.6186647415161133,-0.020584236830472946,0.6079133152961731,0.010017292574048042,0.5921906232833862,0.015004747547209263,0.5969657897949219,0.012634148821234703,0.6010125875473022,-0.008473861962556839,0.6130272150039673
7864320,0.08805829286575317,0.6144967675209045,-0.027694445103406906,0.600857675075531,0.005770302377641201,0.5842943787574768,0.013602971099317074,0.5917754173278809,0.0043035936541855335,0.6015204787254333,-0.00683405390009284,0.6086866855621338
7929856,0.09400112926959991,0.611048698425293,-0.02530534751713276,0.59505695104599,0.007829559966921806,0.5848775506019592,0.014668690040707588,0.5881950259208679,0.0009643021039664745,0.5995753407478333,0.004369803704321384,0.6079815030097961
7995392,0.1657748818397522,0.5827692747116089,-0.038224369287490845,0.5882042050361633,0.0365840345621109,0.5680249929428101,0.049010299146175385,0.582736074924469,-0.013873126357793808,0.5862693190574646,0.002545729512348771,0.5897411108016968
8060928,0.0979444682598114,0.6214115619659424,-0.027469340711832047,0.6087422370910645,0.010687359608709812,0.5903123617172241,0.018340546637773514,0.6019335389137268,-0.013857667334377766,0.6026591658592224,0.000333531410433352,0.6066300868988037
8126464,0.10531538724899292,0.615511417388916,-0.03523467481136322,0.6023619771003723,0.00652060704305768,0.5850869417190552,0.015541045926511288,0.5949980020523071,-0.004271185025572777,0.5996614694595337,-0.0012283060932531953,0.603579580783844
8192000,0.12119174003601074,0.6113659739494324,-0.03738715872168541,0.5982466340065002,0.012282509356737137,0.5844632983207703,0.014716062694787979,0.5918339490890503,-0.0038123694248497486,0.6013426184654236,0.00024022645084187388,0.6025123596191406
8257536,0.12427012622356415,0.6074979305267334,-0.03697669506072998,0.5943631529808044,0.012514317408204079,0.5845347046852112,0.017103230580687523,0.5905041098594666,0.0008620458538644016,0.604017972946167,0.005761240143328905,0.6006267070770264
8323072,0.18590688705444336,0.589329719543457,-0.06883444637060165,0.5883488059043884,0.04056522995233536,0.5686995387077332,0.06941301375627518,0.5816911458969116,0.011750794015824795,0.5920515060424805,0.026434047147631645,0.5855752825737
8388608,0.1328321248292923,0.6181915402412415,-0.020261181518435478,0.6034612655639648,0.013969783671200275,0.5889052152633667,0.011470487341284752,0.5978268384933472,0.011130022816359997,0.6020216941833496,0.004014952108263969,0.6046578288078308
8454144,0.1453213095664978,0.6148673295974731,-0.0322490930557251,0.5992833971977234,0.011374193243682384,0.5891531109809875,0.005291867069900036,0.5972907543182373,0.015668075531721115,0.6011832356452942,0.00845063291490078,0.6064437627792358
8519680,0.16456153988838196,0.6102005839347839,-0.040618158876895905,0.5956985354423523,0.004391292110085487,0.5843847393989563,0.004597606137394905,0.5907511711120605,0.015369337983429432,0.6015274524688721,0.008981211110949516,0.60197514295578
8585216,0.16826394200325012,0.6074694395065308,-0.03729827702045441,0.5960686206817627,-0.0031063458882272243,0.5832839012145996,-0.0016112555749714375,0.5923889875411987,0.011315703392028809,0.6015210747718811,0.0041272807866334915,0.6023985743522644
8650752,0.19712558388710022,0.5775810480117798,-0.06729684770107269,0.5777882933616638,0.03962785005569458,0.5634327530860901,-0.010997737757861614,0.5734443664550781,0.03773956000804901,0.5800738334655762,0.036616772413253784,0.5814064741134644
8716288,0.1450875997543335,0.6101334691047668,-0.026707259938120842,0.5977283716201782,0.004322962835431099,0.5898298025131226,-0.011401371099054813,0.5966491103172302,0.013310590758919716,0.5958508253097534,0.006680421996861696,0.6046866774559021
8781824,0.1408187747001648,0.6005403995513916,-0.027393490076065063,0.5889033675193787,-0.008608439937233925,0.5843996405601501,-0.014084254391491413,0.5895717740058899,0.02422032505273819,0.5865921974182129,0.006674441043287516,0.6010841131210327
8847360,0.15820351243019104,0.5990976095199585,-0.032402947545051575,0.5888514518737793,-0.021979810670018196,0.582133948802948,-0.013049235567450523,0.586582601070404,0.01086584385484457,0.5902024507522583,0.009882304817438126,0.5975875854492188
8912896,0.15286903083324432,0.6006127595901489,-0.03352230787277222,0.5900614857673645,-0.017111346125602722,0.582288384437561,-0.010975939221680164,0.5908620357513428,0.016469139605760574,0.5934008955955505,0.007520503364503384,0.6043978333473206
8978432,0.18158000707626343,0.5779059529304504,-0.06006684526801109,0.5781353116035461,-0.05293334275484085,0.5641299486160278,-0.03746709227561951,0.58262038230896,0.0629013329744339,0.5768256783485413,0.04014115035533905,0.585429847240448
9043968,0.1295289695262909,0.6057716608047485,-0.02024937979876995,0.5941563248634338,-0.011116407811641693,0.5847343802452087,-0.0031854542903602123,0.595932126045227,0.01944265142083168,0.5911173224449158,0.0002516798267606646,0.6049910187721252
9109504,0.11014440655708313,0.6018409132957458,-0.01598311960697174,0.5949311256408691,-0.012501174584031105,0.5849040150642395,-0.0046439082361757755,0.5920280814170837,0.019300274550914764,0.5924069285392761,-0.0007405512733384967,0.6069348454475403
9175040,0.11662700772285461,0.5952708125114441,-0.011542687192559242,0.5929315686225891,-0.017516057938337326,0.5796563625335693,-0.003950919024646282,0.5879523754119873,0.015862708911299706,0.5893831253051758,-0.0013114784378558397,0.599347710609436
9240576,0.12515199184417725,0.5878075957298279,-0.01846318691968918,0.5893818140029907,-0.01898009702563286,0.575935959815979,-0.012508543208241463,0.5867130160331726,0.021996580064296722,0.586838960647583,-0.0007929868879728019,0.59771329164505
9306112,0.16605696082115173,0.5672970414161682,-0.05104875937104225,0.5781446099281311,-0.03714762628078461,0.5565719604492188,-0.050765201449394226,0.5757907032966614,0.0571078322827816,0.5707427859306335,0.02149960771203041,0.5777589678764343
9371648,0.12796157598495483,0.5984737277030945,-0.015359889715909958,0.5990011096000671,-0.01005367748439312,0.58243328332901,-0.014546317979693413,0.5947622060775757,0.015294059179723263,0.5889023542404175,-0.008012194186449051,0.5979164838790894
9437184,0.10799051821231842,0.6102908849716187,-0.014503682032227516,0.6024910807609558,-0.010601714253425598,0.5892559289932251,-0.007191057782620192,0.5944769978523254,0.014019835740327835,0.596574604511261,0.0005338662303984165,0.6027646064758301
9502720,0.10655692219734192,0.6026062965393066,-0.009400691837072372,0.5984068512916565,-0.012754377909004688,0.5846399664878845,-0.004851513542234898,0.5906227231025696,0.017447173595428467,0.5966088771820068,9.719497757032514e-05,0.601406455039978
9568256,0.12011794745922089,0.5976371169090271,-0.01596784219145775,0.5962806940078735,-0.012121831998229027,0.5798323750495911,-0.0032258774153888226,0.5883542895317078,0.017065484076738358,0.5921682119369507,0.0035076066851615906,0.5981419682502747
9633792,0.16655655205249786,0.5780687928199768,-0.05526105314493179,0.5828641057014465,0.016820760443806648,0.5717023611068726,0.0034199506044387817,0.5799829959869385,0.04053794965147972,0.5871726274490356,0.032874695956707,0.5812966227531433
9699328,0.12864063680171967,0.6083981990814209,-0.015893016010522842,0.607478141784668,0.010955140925943851,0.5907275080680847,0.00881426502019167,0.5970306396484375,0.012037470936775208,0.5991755127906799,0.00825796090066433,0.5984228253364563
9764864,0.13336783647537231,0.6089585423469543,-0.005046212114393711,0.606705367565155,-0.002086747670546174,0.5903713703155518,0.006262591574341059,0.5944622159004211,0.007633117958903313,0.5987666845321655,0.007872887887060642,0.5980257391929626
9830400,0.14048203825950623,0.6114553809165955,-0.0016022848431020975,0.6021734476089478,-0.0018027378246188164,0.5914240479469299,0.015776610001921654,0.5938447117805481,0.012773391790688038,0.6005963087081909,0.013068200089037418,0.6004756093025208
9895936,0.14432792365550995,0.6049740314483643,-0.007486998103559017,0.5987130403518677,0.006627757102251053,0.5906270146369934,0.01135424617677927,0.5913114547729492,0.009777912870049477,0.6019885540008545,0.00877812597900629,0.6001747846603394
9961472,0.1621466726064682,0.582456648349762,-0.023923926055431366,0.582072913646698,0.05082206428050995,0.578687846660614,0.0368044339120388,0.5760331749916077,0.007618771865963936,0.5896544456481934,0.03524196147918701,0.5815107226371765
10027008,0.13718527555465698,0.6225089430809021,-0.007599446456879377,0.6115806698799133,0.020024200901389122,0.6004992127418518,0.018012944608926773,0.600490391254425,0.012271302752196789,0.606641411781311,0.00929105281829834,0.6059874296188354
10092544,0.1358652412891388,0.6186814308166504,-0.0022386072669178247,0.6032019257545471,0.013285467401146889,0.5996479988098145,0.0004456635797396302,0.5952110290527344,0.008130636066198349,0.6032286286354065,-0.0044738538563251495,0.6030274629592896
10158080,0.1538800150156021,0.6115338206291199,-0.012134408578276634,0.5995186567306519,0.007980088703334332,0.6021941900253296,0.0004277137340977788,0.5938068628311157,0.0013103713281452656,0.6045466661453247,-0.006445626728236675,0.6052507758140564
10223616,0.1564760059118271,0.6068703532218933,-0.014559523202478886,0.5991668105125427,0.009032835252583027,0.5992247462272644,0.0010028325486928225,0.5958495736122131,0.003151349490508437,0.6035460233688354,-0.008700327947735786,0.6029964089393616
10289152,0.16411355137825012,0.5738298296928406,-0.016922131180763245,0.574182391166687,0.037188902497291565,0.5748526453971863,0.005266142077744007,0.5740644931793213,0.013535493984818459,0.5848381519317627,0.0094761336222291,0.5814204812049866
10354688,0.13848921656608582,0.6076973676681519,0.00835437886416912,0.5939646363258362,0.021407177671790123,0.5927205085754395,0.007751591503620148,0.5926334261894226,0.021158944815397263,0.5973765850067139,0.0067812190391123295,0.6000692248344421
10420224,0.1310284286737442,0.6073006987571716,0.016539180651307106,0.5947776436805725,0.0076896087266504765,0.5976693034172058,0.0005835292395204306,0.5945512056350708,0.019593607634305954,0.5969674587249756,0.006786547135561705,0.5965412855148315
10485760,0.13257522881031036,0.6007615923881531,0.008388756774365902,0.5939983129501343,0.004825151059776545,0.5918737053871155,0.0031801098957657814,0.5931259989738464,0.015728970989584923,0.5976091623306274,0.006560231558978558,0.5960220694541931
10551296,0.14817556738853455,0.5917283892631531,-3.190105780959129e-05,0.5882154703140259,0.004027568269520998,0.5861368179321289,0.0030638983007520437,0.5887160301208496,0.00874556414783001,0.5936884880065918,0.0018624906660988927,0.5906317830085754
10616832,0.16597071290016174,0.5669535398483276,-0.010507272556424141,0.5708644986152649,0.027616795152425766,0.5723695158958435,0.021329453215003014,0.5712487101554871,0.04947008937597275,0.5795720219612122,0.04751409590244293,0.5754821300506592
10682368,0.13327744603157043,0.6022500991821289,0.009856022894382477,0.5969198346138,0.003434461075812578,0.591621994972229,0.0015930235385894775,0.5894936919212341,0.01954314112663269,0.5978555083274841,0.019595034420490265,0.5964029431343079
10747904,0.13310611248016357,0.5996016263961792,0.013976913876831532,0.595310628414154,0.0016262626741081476,0.596577525138855,0.0019428376108407974,0.5884198546409607,0.014633454382419586,0.5999222993850708,0.012328281998634338,0.5999813079833984
10813440,0.12827026844024658,0.600974977016449,0.003008225467056036,0.5937814116477966,-0.003957214765250683,0.5910504460334778,0.006799662485718727,0.585902750492096,0.015888895839452744,0.6024751663208008,0.01163617242127657,0.5991030931472778
10878976,0.13507652282714844,0.5912266373634338,0.002044490771368146,0.586997926235199,-0.007991282269358635,0.5852860808372498,0.006334628909826279,0.5878452062606812,0.019895702600479126,0.5987666845321655,0.005368990823626518,0.5905002355575562
10944512,0.15743353962898254,0.5691999793052673,-0.008889321237802505,0.5784653425216675,0.0019179205410182476,0.5734231472015381,0.026645874604582787,0.5784095525741577,0.0643424391746521,0.587680459022522,0.029593728482723236,0.5782849788665771
11010048,0.12747953832149506,0.6038837432861328,0.014507216401398182,0.5993017554283142,0.00813254714012146,0.593468964099884,0.014620097354054451,0.5946665406227112,0.023834746330976486,0.6056945323944092,0.01636563427746296,0.5990070700645447
11075584,0.1317022442817688,0.5937615633010864,0.02561931312084198,0.5934034585952759,-0.0008708776440471411,0.5899835228919983,0.006031712517142296,0.5916393995285034,0.02076886221766472,0.6022631525993347,0.0034357616677880287,0.598081111907959
11141120,0.13531261682510376,0.5980290770530701,0.012288900092244148,0.5945742726325989,0.004262829199433327,0.5913314819335938,0.007391038350760937,0.5953737497329712,0.017241690307855606,0.6061878800392151,-0.005853892304003239,0.5972782969474792
11206656,0.14325982332229614,0.5989715456962585,-0.0028218363877385855,0.5937009453773499,0.004032300319522619,0.594756543636322,0.012487329542636871,0.5967217087745667,0.010884903371334076,0.6061114072799683,-0.007144740782678127,0.5989367365837097
11272192,0.1566193699836731,0.5628217458724976,0.002009977586567402,0.5714808702468872,0.03831077367067337,0.577582836151123,0.04212861508131027,0.5744240283966064,0.03420175611972809,0.588390588760376,-0.027920622378587723,0.5816959142684937
11337728,0.12536486983299255,0.5963373184204102,0.012933408841490746,0.5934590101242065,0.02154409885406494,0.5889862179756165,0.01777629181742668,0.5925198197364807,0.01586969941854477,0.5994749665260315,-0.004423308186233044,0.5960934162139893
11403264,0.11613371223211288,0.604499101638794,0.02005627751350403,0.5944910645484924,0.021969137713313103,0.5959656238555908,0.011508909054100513,0.5922955870628357,0.01861235313117504,0.6054913997650146,-0.006815814413130283,0.5941277146339417
11468800,0.12606455385684967,0.6034574508666992,0.01478559523820877,0.5938680171966553,0.02410247176885605,0.5965269804000854,0.020154718309640884,0.5946716070175171,0.01867394708096981,0.6088311672210693,-0.0014570150524377823,0.5933434963226318
11534336,0.12472736835479736,0.6013993620872498,0.002360636368393898,0.5929956436157227,0.025681866332888603,0.598187267780304,0.020116332918405533,0.593548059463501,0.01537921093404293,0.6033562421798706,-0.0009664812823757529,0.5928165912628174
11599872,0.1479697823524475,0.5697125196456909,-0.01079532876610756,0.5797632932662964,0.07583460211753845,0.5789176225662231,0.09302709251642227,0.5700927972793579,0.04222863167524338,0.5823941230773926,0.04580218344926834,0.5780366063117981
11665408,0.10059434175491333,0.6057210564613342,0.018171770498156548,0.5926004648208618,0.021201930940151215,0.5949994325637817,0.03485424816608429,0.5955550074577332,0.015492724254727364,0.6069943904876709,0.023179136216640472,0.5947636365890503
11730944,0.10455764830112457,0.605003297328949,0.020468182861804962,0.5948514342308044,0.014256437309086323,0.5978642106056213,0.021667804569005966,0.5963243842124939,0.015588264912366867,0.6091229915618896,0.013987939804792404,0.5950931906700134
11796480,0.11749539524316788,0.6043679118156433,0.014587536454200745,0.593995213508606,0.01909920573234558,0.5998120307922363,0.026581088081002235,0.5967656970024109,0.01044678408652544,0.6063653826713562,0.004995805211365223,0.5959206819534302
11862016,0.12658143043518066,0.5960584282875061,0.007832862436771393,0.5915695428848267,0.023842716589570045,0.5943815112113953,0.02533555217087269,0.5985980033874512,0.014555469155311584,0.6059860587120056,-0.0005801968509331346,0.5952631831169128
11927552,0.14809000492095947,0.5629850625991821,0.01563691720366478,0.5775835514068604,0.10417856276035309,0.5741879940032959,0.08907639980316162,0.568053126335144,-0.0006867360789328814,0.5815510749816895,0.03960125148296356,0.5793780088424683
11993088,0.10458502173423767,0.6036988496780396,0.028687965124845505,0.5962835550308228,0.03747470676898956,0.5997936725616455,0.028570333495736122,0.5939882397651672,0.009991250932216644,0.6017013192176819,0.010283049196004868,0.6001169085502625
12058624,0.10964176058769226,0.6070838570594788,0.029175210744142532,0.5953524112701416,0.03678673133254051,0.6026603579521179,0.01927630603313446,0.5942697525024414,0.018278425559401512,0.6029523611068726,-0.010538395494222641,0.5957090258598328
12124160,0.12427982687950134,0.5968703031539917,0.01798163540661335,0.5865073204040527,0.034222640097141266,0.5932072997093201,0.02633858658373356,0.5919356942176819,0.02058972418308258,0.5977867841720581,-0.006980334874242544,0.5942089557647705
12189696,0.120620496571064,0.5952433943748474,0.021831253543496132,0.5873689651489258,0.030699539929628372,0.5974665284156799,0.017852135002613068,0.5932067632675171,0.02964554913341999,0.6001570224761963,-0.011354200541973114,0.5931992530822754
12255232,0.14529529213905334,0.5570897459983826,0.025864768773317337,0.5789232850074768,0.10934681445360184,0.5752334594726562,0.07241548597812653,0.5599215030670166,0.07946063578128815,0.5718516111373901,-0.01582353003323078,0.5822291970252991
12320768,0.10064080357551575,0.5974377989768982,0.025666218250989914,0.5839024186134338,0.04078291729092598,0.5946204662322998,0.026782717555761337,0.5894747376441956,0.046713557094335556,0.5972272157669067,-0.005033500492572784,0.5966654419898987
12386304,0.09333193302154541,0.6054800748825073,0.031281620264053345,0.5866889357566833,0.029253551736474037,0.5975659489631653,0.023350518196821213,0.5926915407180786,0.03236258774995804,0.6002517342567444,-0.00138300028629601,0.5970669984817505
12451840,0.09584464877843857,0.6052253842353821,0.023036682978272438,0.5893988013267517,0.027073781937360764,0.5964722037315369,0.01986527256667614,0.5932853817939758,0.03357958793640137,0.6000452637672424,0.003469135146588087,0.5963618159294128
12517376,0.09867233037948608,0.608078122138977,0.007026193663477898,0.5906580686569214,0.026080604642629623,0.5976009368896484,0.019146133214235306,0.5947905778884888,0.032427191734313965,0.6020110845565796,0.005880680866539478,0.5988466739654541
12582912,0.14790217578411102,0.5685747265815735,0.0016375143313780427,0.5887690186500549,0.0856805294752121,0.5758582353591919,0.06624814867973328,0.5664506554603577,0.07145912945270538,0.5784792900085449,0.04814554750919342,0.5822402238845825
12648448,0.09905217587947845,0.5955695509910583,0.02031826600432396,0.5893043279647827,0.016758840531110764,0.5874921679496765,0.02025316283106804,0.5875948071479797,0.04698073863983154,0.5942485928535461,0.022670693695545197,0.5920674800872803
12713984,0.10377803444862366,0.5959243774414062,0.016733184456825256,0.5901158452033997,0.011922912672162056,0.5905779600143433,0.016967153176665306,0.5942957997322083,0.035585254430770874,0.5994319915771484,0.004796585999429226,0.592139720916748
12779520,0.11677154898643494,0.5894505977630615,0.010145540349185467,0.5896340608596802,0.0076821353286504745,0.5885850787162781,0.02121657319366932,0.5972883105278015,0.02796032465994358,0.5984567999839783,0.005459543317556381,0.5902483463287354
12845056,0.12615877389907837,0.5890983939170837,0.003707725554704666,0.5909480452537537,0.007295319810509682,0.5876291990280151,0.020937681198120117,0.5962185859680176,0.02472161501646042,0.5976008176803589,0.001943145296536386,0.5880504846572876
12910592,0.17392322421073914,0.5522035956382751,-0.0010363413020968437,0.5803951025009155,0.039582230150699615,0.5655280351638794,0.0868472009897232,0.5683794617652893,0.046708133071660995,0.57260662317276,0.050868161022663116,0.5715525150299072
12976128,0.12429967522621155,0.5920897126197815,0.004586684051901102,0.5891348123550415,0.002352215815335512,0.5829404592514038,0.022709690034389496,0.5936394333839417,0.03180592507123947,0.5922467112541199,0.014216969721019268,0.5861455202102661
13041664,0.11822590231895447,0.5924245715141296,0.013167249038815498,0.5885722041130066,-0.005325501784682274,0.5861703753471375,0.015539376996457577,0.6001408100128174,0.024518296122550964,0.597615659236908,0.0011826721020042896,0.5868194699287415
13107200,0.12129439413547516,0.5931382179260254,0.010039981454610825,0.5938846468925476,-0.0119064562022686,0.5851609110832214,0.01636883243918419,0.602607786655426,0.019555499777197838,0.5990455150604248,-8.072378113865852e-05,0.5849542021751404
13172736,0.1270464062690735,0.588238537311554,0.01099051907658577,0.5926468372344971,-0.016689639538526535,0.5838040113449097,0.020757704973220825,0.6059203147888184,0.02113734930753708,0.6005706787109375,-0.000710278982296586,0.5816658735275269
13238272,0.176474928855896,0.5582758188247681,0.006450791377574205,0.5779670476913452,-0.034843869507312775,0.5648818612098694,0.06552175432443619,0.5821377038955688,0.05056917294859886,0.5768082737922668,0.04064781963825226,0.5640630722045898
13303808,0.1336778849363327,0.5928974151611328,0.013868315145373344,0.5923687219619751,-0.0045913634821772575,0.5797479152679443,0.02055969089269638,0.6044512391090393,0.03358722850680351,0.5962769985198975,0.010217202827334404,0.5854948163032532
13369344,0.1246015802025795,0.5883414149284363,0.023262280970811844,0.5903187394142151,0.0016050394624471664,0.5837104916572571,0.012038842774927616,0.6042832136154175,0.031608402729034424,0.5972221493721008,0.0052511789835989475,0.5857338905334473
13434880,0.12135256081819534,0.5831255316734314,0.014830343425273895,0.5849411487579346,0.005868005566298962,0.5774966478347778,0.01207716017961502,0.5976935029029846,0.032782748341560364,0.592199444770813,0.006030764430761337,0.581602931022644
13500416,0.12603825330734253,0.5745735168457031,0.012209169566631317,0.5803224444389343,0.015318525023758411,0.5698462128639221,0.024078983813524246,0.5944026112556458,0.028802523389458656,0.587523877620697,0.010230635292828083,0.5774575471878052
13565952,0.16173937916755676,0.5494305491447449,0.020900975912809372,0.5791991949081421,0.07510936260223389,0.5567051768302917,0.07103614509105682,0.5697596669197083,0.05189182609319687,0.5745621919631958,-0.0019973227754235268,0.5684760808944702
13631488,0.10318945348262787,0.5932028889656067,-0.0012955872807651758,0.5875400304794312,0.02793736383318901,0.581125020980835,0.03401081636548042,0.5997772812843323,0.025003500282764435,0.5948381423950195,0.000644211657345295,0.586257815361023
13697024,0.09196965396404266,0.6017413139343262,0.0015081046149134636,0.5893560647964478,0.021374955773353577,0.5835632085800171,0.02168455719947815,0.6025746464729309,0.0186493881046772,0.5955543518066406,0.0003880899748764932,0.585981547832489
13762560,0.0929841697216034,0.6008046865463257,0.0004663558502215892,0.5908026099205017,0.01798214390873909,0.5844258666038513,0.020712023600935936,0.5986958146095276,0.01405795756727457,0.5955247282981873,0.00031143880914896727,0.58802330493927
13828096,0.08668980747461319,0.6037236452102661,0.00086965411901474,0.5896673798561096,0.021406657993793488,0.5853396058082581,0.022602979093790054,0.6021634340286255,0.009197741746902466,0.5951252579689026,0.012610718607902527,0.5910437107086182
13893632,0.1491154134273529,0.554719090461731,0.008630773052573204,0.5758211016654968,0.08850577473640442,0.548907458782196,0.063555508852005,0.571173369884491,0.010798066854476929,0.5740541815757751,0.04072730243206024,0.5685871839523315
13959168,0.08510890603065491,0.6063280701637268,-0.003845862578600645,0.5933067798614502,0.028994621708989143,0.585030198097229,0.022056633606553078,0.6001834273338318,0.02202603593468666,0.5982630252838135,0.024326041340827942,0.5989242792129517
14024704,0.07498589158058167,0.6099379062652588,0.006558560766279697,0.5920186042785645,0.017393512651324272,0.586501955986023,0.0205755103379488,0.5991128087043762,0.015977734699845314,0.5974698662757874,0.014831357635557652,0.5953898429870605
14090240,0.0883801132440567,0.6051257252693176,0.006858646869659424,0.5927513837814331,0.018433943390846252,0.5879515409469604,0.01576113887131214,0.5973949432373047,0.016476500779390335,0.595318615436554,0.0078938789665699,0.5961759090423584
14155776,0.0903172492980957,0.6025614142417908,-0.001144750858657062,0.5926386117935181,0.020753826946020126,0.5880070328712463,0.005874853115528822,0.6044409275054932,0.02000889554619789,0.5933127999305725,0.008549345657229424,0.5923293828964233
14221312,0.13465486466884613,0.5691689252853394,-0.013830125331878662,0.5863592028617859,0.08621004968881607,0.5606476068496704,0.03410329669713974,0.5845903158187866,0.061425626277923584,0.5758543014526367,0.04517702758312225,0.577247679233551
14286848,0.09349574148654938,0.6111729145050049,-0.008623894304037094,0.5962503552436829,0.026247743517160416,0.5897899866104126,0.0016983897658064961,0.6066845655441284,0.04237230867147446,0.5975468158721924,0.016543664038181305,0.6010934114456177
14352384,0.09218296408653259,0.6084439158439636,0.0036732626613229513,0.5905991792678833,0.010300679132342339,0.5895145535469055,-0.0036615529097616673,0.6055489182472229,0.03374703601002693,0.5952770709991455,0.008939139544963837,0.5985149145126343
14417920,0.09582943469285965,0.6071034669876099,0.0031604808755218983,0.5920019149780273,0.006165542174130678,0.5887178182601929,-0.006880719214677811,0.602934718132019,0.030523009598255157,0.5947654247283936,0.012837644666433334,0.5943487286567688
14483456,0.1086888313293457,0.5980091691017151,0.001190948416478932,0.589026927947998,0.011621210724115372,0.5857424736022949,-0.0010096882469952106,0.600046694278717,0.03808693215250969,0.5952566266059875,0.014623853377997875,0.5869205594062805
14548992,0.12815673649311066,0.5627298355102539,-0.006192083470523357,0.5864765644073486,0.05054282397031784,0.5629967451095581,0.01527562364935875,0.5853163003921509,0.08868231624364853,0.5689741373062134,0.05133403092622757,0.5697047710418701
14614528,0.09849134087562561,0.6175528764724731,-0.01221807487308979,0.6016746759414673,0.014939578250050545,0.5984070897102356,0.0051298197358846664,0.6091410517692566,0.047195665538311005,0.6003007888793945,0.02404317632317543,0.596843421459198
14680064,0.09718900918960571,0.6096587777137756,0.0029777546878904104,0.5929079651832581,0.001890467363409698,0.5950954556465149,-0.004308958537876606,0.6029251217842102,0.04414587840437889,0.5978782773017883,0.01772458106279373,0.5976970791816711
14745600,0.11122328042984009,0.6053019165992737,0.002771118190139532,0.5938148498535156,0.0037096445448696613,0.5907164216041565,0.006151648238301277,0.6033328175544739,0.028397737070918083,0.5986449718475342,0.007914811372756958,0.5956220626831055
14811136,0.10998262465000153,0.6008487343788147,-0.015163478441536427,0.5884420275688171,0.002570497104898095,0.5881216526031494,0.014372678473591805,0.602565348148346,0.027993720024824142,0.5939560532569885,0.01698692888021469,0.5914208889007568
14876672,0.1318325400352478,0.5663427114486694,-0.026844419538974762,0.5804694294929504,0.02415403723716736,0.5695385932922363,0.05720953270792961,0.5847049951553345,0.06588995456695557,0.5712369680404663,0.04709944128990173,0.5769328474998474
14942208,0.10279293358325958,0.6098909974098206,-0.03587881475687027,0.5955753326416016,0.005484020337462425,0.5964215993881226,0.026845039799809456,0.6045999526977539,0.033791862428188324,0.5977317094802856,0.027134520933032036,0.6007254719734192
15007744,0.09522904455661774,0.6071652173995972,-0.035567089915275574,0.593540608882904,0.0020687179639935493,0.5974084734916687,0.016300629824399948,0.601171612739563,0.03017546236515045,0.5975468754768372,0.021401233971118927,0.6021828055381775
15073280,0.09583263099193573,0.6081103086471558,-0.03828584402799606,0.5967472791671753,-0.01034362893551588,0.5967705845832825,0.016031108796596527,0.6033874750137329,0.02140250988304615,0.5971730947494507,0.01914173923432827,0.6037256121635437
15138816,0.11074787378311157,0.6076106429100037,-0.0411749929189682,0.5932906866073608,-0.014340096153318882,0.5960418581962585,0.012710600160062313,0.6023455262184143,0.023911848664283752,0.5974333882331848,0.011791596189141273,0.602608859539032
15204352,0.13673514127731323,0.5682284832000732,-0.043376192450523376,0.5777474045753479,-0.019790418446063995,0.5796919465065002,0.033154819160699844,0.5832846760749817,0.05902184545993805,0.5733521580696106,0.07757192850112915,0.5833008289337158
15269888,0.10749371349811554,0.6067299246788025,-0.039876069873571396,0.5961710810661316,-0.010092275217175484,0.6008033752441406,0.01885879598557949,0.6062788367271423,0.030470315366983414,0.5976565480232239,0.03391613811254501,0.6042947769165039
15335424,0.11310799419879913,0.6052706837654114,-0.04060576111078262,0.5982790589332581,-0.0020924208220094442,0.6014379858970642,0.01746763475239277,0.6082271933555603,0.029535993933677673,0.5974911451339722,0.021874703466892242,0.6005253791809082
15400960,0.11718346178531647,0.5996719598770142,-0.042340680956840515,0.5944581627845764,-0.006609894335269928,0.5981050729751587,0.011397662572562695,0.6079338788986206,0.03076419048011303,0.594323456287384,0.01929555833339691,0.5979576706886292
15466496,0.11362973600625992,0.5989115834236145,-0.046452537178993225,0.5936815142631531,0.0033749097492545843,0.5993477702140808,0.01481956709176302,0.6070566177368164,0.025740109384059906,0.5952237844467163,0.015089401043951511,0.5962149500846863
15532032,0.1505964994430542,0.5674682259559631,-0.04549850523471832,0.5798520445823669,0.04630543291568756,0.5837221741676331,0.03754096478223801,0.5879363417625427,0.0569249764084816,0.5788427591323853,0.04599442332983017,0.5820763111114502
15597568,0.11624778062105179,0.6073472499847412,-0.05369187518954277,0.5982569456100464,0.01641734503209591,0.6076151132583618,0.01781514659523964,0.6071155667304993,0.012386561371386051,0.601411759853363,0.020656252279877663,0.5986828804016113
15663104,0.1152445524930954,0.6013933420181274,-0.03846484795212746,0.5908491611480713,0.011483801528811455,0.6010600328445435,0.021054118871688843,0.5970396995544434,0.014509698376059532,0.5988485217094421,0.007999252527952194,0.5961166024208069
15728640,0.1206386387348175,0.6037090420722961,-0.037716519087553024,0.5943930149078369,0.01433543860912323,0.6039074063301086,0.02024116739630699,0.59855055809021,0.009482769295573235,0.602729320526123,0.0021185786463320255,0.5999587178230286
15794176,0.12133710086345673,0.6027937531471252,-0.039358898997306824,0.592661440372467,0.026558468118309975,0.6025913953781128,0.02288677915930748,0.5993120670318604,0.009670867584645748,0.6011004447937012,0.001122200395911932,0.5979344844818115
15859712,0.15355460345745087,0.5634533166885376,-0.051735568791627884,0.5819605588912964,0.08646559715270996,0.5736895799636841,0.03743983805179596,0.5807642340660095,0.031073305755853653,0.5831801891326904,0.022440779954195023,0.5849331617355347
15925248,0.12261293083429337,0.6114785075187683,-0.03951233997941017,0.5967893600463867,0.033320579677820206,0.6072044372558594,0.019924834370613098,0.6023092269897461,0.015654930844902992,0.6067144274711609,0.0069877938367426395,0.6065388321876526
15990784,0.10471664369106293,0.6130394339561462,-0.022506117820739746,0.5964189767837524,0.026693057268857956,0.6061593294143677,0.018831059336662292,0.6021836996078491,0.013006261549890041,0.6035565137863159,-0.001485091052018106,0.60403972864151
16056320,0.10381784290075302,0.6189204454421997,-0.030442053452134132,0.5968897938728333,0.024610575288534164,0.6072266697883606,0.020957937464118004,0.6066331267356873,0.013114234432578087,0.606299102306366,0.003459627041593194,0.6073254346847534
16121856,0.10362684726715088,0.6167812943458557,-0.037619415670633316,0.5953041911125183,0.021541768684983253,0.6040690541267395,0.026442337781190872,0.6095472574234009,0.008357520215213299,0.6068406105041504,0.011362213641405106,0.6045551300048828
16187392,0.1497521698474884,0.5799818634986877,-0.04342690110206604,0.584746241569519,0.06390096992254257,0.5779538154602051,0.0539923757314682,0.5921019911766052,0.01541715394705534,0.5918286442756653,0.039015356451272964,0.5915859937667847
16252928,0.09967636317014694,0.6242765188217163,-0.03392624855041504,0.6049817800521851,0.026647236198186874,0.6135554909706116,0.025959856808185577,0.6143870949745178,0.014124942943453789,0.6123818755149841,0.013455120846629143,0.6124778389930725
16318464,0.10092398524284363,0.6245203614234924,-0.03682740405201912,0.6044987440109253,0.012538125738501549,0.6090089678764343,0.019731556996703148,0.608041524887085,0.017766963690519333,0.6124995946884155,0.006515437737107277,0.6107590794563293
16384000,0.11179935187101364,0.6231597065925598,-0.040331803262233734,0.600770115852356,0.00576598709449172,0.6055478453636169,0.02443355694413185,0.605072557926178,0.017026791349053383,0.6134930849075317,-0.0009698504582047462,0.6079984903335571
16449536,0.11483830213546753,0.6178194284439087,-0.04117146134376526,0.5994564294815063,0.012065986171364784,0.6029969453811646,0.019342565909028053,0.607033908367157,0.02186908945441246,0.6103960871696472,0.00597716961055994,0.6029890179634094
16515072,0.14077235758304596,0.5783257484436035,-0.06031126528978348,0.5865537524223328,0.050372298806905746,0.5739521384239197,0.03539080172777176,0.5904094576835632,0.05574004724621773,0.5907054543495178,0.03387639299035072,0.5885980725288391
16580608,0.10753130167722702,0.6193124651908875,-0.04350355640053749,0.6024037599563599,0.020184872671961784,0.6052529215812683,0.016563890501856804,0.6083623766899109,0.019909845665097237,0.6119961142539978,0.009954208508133888,0.605998158454895
16646144,0.10139027237892151,0.6171199083328247,-0.040371447801589966,0.6005070209503174,0.007153185084462166,0.5997474789619446,0.003950993996113539,0.6044641733169556,0.022490110248327255,0.6074281930923462,-0.0014370490098372102,0.6038694381713867
16711680,0.1139046922326088,0.6140386462211609,-0.044881515204906464,0.599126398563385,-0.0010891844285652041,0.5974878072738647,0.008206836879253387,0.604252278804779,0.020512137562036514,0.6079458594322205,-0.006981689482927322,0.5998837351799011
16777216,0.11592169106006622,0.619353175163269,-0.048926547169685364,0.6004021763801575,0.008600734174251556,0.6014063954353333,0.008790062740445137,0.6107643842697144,0.02100352942943573,0.613006591796875,-0.004588154144585133,0.6021310687065125
16842752,0.1382574439048767,0.5770781636238098,-0.04884696379303932,0.5887132883071899,0.04084234684705734,0.572498083114624,0.023725884035229683,0.5945796370506287,0.06360641866922379,0.5929027795791626,-0.002976208459585905,0.5850420594215393
16908288,0.09951892495155334,0.6263546347618103,-0.045684561133384705,0.6088645458221436,0.01530553214251995,0.6128252744674683,0.012862754985690117,0.6126008033752441,0.01596810482442379,0.6144559979438782,0.0050644660368561745,0.6102754473686218
16973824,0.09102323651313782,0.6293149590492249,-0.03955376520752907,0.6038846373558044,0.016064517199993134,0.6094249486923218,0.004911626689136028,0.6094241738319397,0.01725217141211033,0.6086280345916748,0.0060949912294745445,0.6072269678115845
17039360,0.09039255231618881,0.6284124255180359,-0.04824453592300415,0.6078289151191711,0.013000784441828728,0.6039937138557434,-0.0034604412503540516,0.6097313165664673,0.01027335412800312,0.6117714643478394,0.00904252752661705,0.6047796010971069
17104896,0.09988954663276672,0.6269381642341614,-0.044247403740882874,0.6041283011436462,0.017691127955913544,0.6037150025367737,0.006520697847008705,0.6054897904396057,0.01886836625635624,0.6110016107559204,0.003930260427296162,0.6040071845054626
17170432,0.1418890357017517,0.5951805710792542,-0.04115109518170357,0.5932881832122803,0.0570029653608799,0.5804761648178101,0.025920027866959572,0.5996893644332886,0.051904868334531784,0.597885251045227,0.01140410266816616,0.5909662842750549
17235968,0.09431498497724533,0.6304045915603638,-0.03741180896759033,0.6067203283309937,0.025756116956472397,0.6157556176185608,0.008135782554745674,0.614947497844696,0.01644132286310196,0.6161720156669617,0.007843242958188057,0.6050111651420593
17301504,0.08643697202205658,0.6258605718612671,-0.041807159781455994,0.600239098072052,0.01434105634689331,0.6133806705474854,0.015139399096369743,0.6095114946365356,0.015974437817931175,0.6156304478645325,0.00983063131570816,0.6002330780029297
17367040,0.09682139754295349,0.6250030994415283,-0.04505080357193947,0.5993990898132324,0.016249027103185654,0.6139218807220459,0.010519430972635746,0.6076314449310303,0.02001461759209633,0.6166359186172485,0.0011370368301868439,0.5999331474304199
17432576,0.10208379477262497,0.6179347634315491,-0.04213409870862961,0.6017447113990784,0.01679123379290104,0.6106857657432556,0.014875807799398899,0.6057940721511841,0.02675127238035202,0.6157097220420837,0.0029052146710455418,0.5976311564445496
17498112,0.13049232959747314,0.5787234306335449,-0.04327856004238129,0.5900248289108276,0.045126788318157196,0.5782182216644287,0.0499100461602211,0.5882806181907654,0.05843003839254379,0.6009595394134521,-0.005496191326528788,0.5891644954681396
17563648,0.09755203127861023,0.6295077800750732,-0.03851877152919769,0.6005647778511047,0.029587453231215477,0.6196656823158264,0.01086275652050972,0.6117613315582275,0.016896305605769157,0.620879054069519,0.006082713603973389,0.6067140698432922
17629184,0.0889461487531662,0.6218622326850891,-0.02334989234805107,0.60206139087677,0.019300231710076332,0.6191069483757019,0.008905510418117046,0.6068832874298096,0.01970731094479561,0.6172005534172058,0.004359973594546318,0.6010255813598633
17694720,0.09412067383527756,0.618093729019165,-0.03296344727277756,0.5979303121566772,0.029899999499320984,0.6130709648132324,0.010990528389811516,0.6102226972579956,0.02815346047282219,0.6155155301094055,0.012380588799715042,0.6023757457733154
17760256,0.1044522225856781,0.6206679940223694,-0.0332942008972168,0.5993953943252563,0.021345127373933792,0.6122356653213501,0.008579539135098457,0.6066602468490601,0.023440875113010406,0.614226222038269,0.019689714536070824,0.5978617072105408
17825792,0.14814963936805725,0.593001663684845,-0.040815554559230804,0.5947537422180176,0.05480743944644928,0.5880483388900757,0.03432010859251022,0.5972818732261658,0.05339743196964264,0.6012080311775208,0.05540120601654053,0.5932918190956116
17891328,0.10940856486558914,0.621279776096344,-0.025503147393465042,0.6011503338813782,0.029755715280771255,0.6145601272583008,0.0013206300791352987,0.608507513999939,0.018666688352823257,0.615357518196106,0.019095519557595253,0.6043731570243835
17956864,0.10906992852687836,0.6193132996559143,-0.037315286695957184,0.6007110476493835,0.016232844442129135,0.6102243661880493,0.0053280191496014595,0.6064017415046692,0.020183488726615906,0.6138404607772827,0.01624293252825737,0.6001262068748474
18022400,0.11797630786895752,0.6165527701377869,-0.041792213916778564,0.5978425145149231,0.011521547101438046,0.6074979901313782,0.0066411481238901615,0.6052849292755127,0.023068323731422424,0.6115385293960571,0.010591821745038033,0.5978520512580872
18087936,0.11775515973567963,0.6138059496879578,-0.04041630029678345,0.5971595644950867,0.013830985873937607,0.6078449487686157,0.00361254601739347,0.6086782217025757,0.02321174368262291,0.611601710319519,0.011593165807425976,0.5997169017791748
18153472,0.14574533700942993,0.5861356258392334,-0.03444895148277283,0.587129533290863,0.049355342984199524,0.5857813954353333,0.004784522578120232,0.5942256450653076,0.04270229861140251,0.6024035215377808,0.029891781508922577,0.5908233523368835
18219008,0.10120886564254761,0.6264582276344299,-0.03258565440773964,0.6040375232696533,0.021199148148298264,0.619112491607666,0.006690188776701689,0.6112900376319885,0.014876367524266243,0.6200872659683228,0.0075202202424407005,0.6109278202056885
18284544,0.09616009891033173,0.6194313764572144,-0.03761957585811615,0.6034253835678101,0.01925993338227272,0.6151285767555237,0.00903715007007122,0.6114479899406433,0.021689314395189285,0.6134151220321655,0.007635067217051983,0.5971161723136902
18350080,0.09866279363632202,0.6209704875946045,-0.034348100423812866,0.6021228432655334,0.013960647396743298,0.6123363375663757,0.022957632318139076,0.6125481724739075,0.02790195867419243,0.61357182264328,-0.0005447751609608531,0.595923900604248
18415616,0.09498681128025055,0.6209331154823303,-0.03723515570163727,0.601682186126709,0.013512622565031052,0.6126700639724731,0.015416976064443588,0.6092555522918701,0.028726983815431595,0.6120665073394775,-0.0008834540494717658,0.6008689403533936
18481152,0.12215656042098999,0.5925331711769104,-0.04386472702026367,0.5885570645332336,0.03781706094741821,0.5947346091270447,0.055900610983371735,0.59577876329422,0.06090531125664711,0.6013609766960144,0.000926691631320864,0.5972759127616882
18546688,0.09771819412708282,0.6338382363319397,-0.037310898303985596,0.6079018712043762,0.01638554409146309,0.627494215965271,0.014536391943693161,0.6145825982093811,0.03169291466474533,0.6179072260856628,0.004635493271052837,0.614698588848114
18612224,0.09782145172357559,0.623466968536377,-0.03911503404378891,0.5996401906013489,0.010654284618794918,0.6189859509468079,0.011157503351569176,0.6092818975448608,0.03648312762379646,0.6141784191131592,-0.005952791310846806,0.6040441393852234
18677760,0.09763996303081512,0.6258825659751892,-0.03858381509780884,0.6021378636360168,0.013811350800096989,0.6156970858573914,0.016219351440668106,0.609174370765686,0.03262506425380707,0.6167206764221191,-0.00037099793553352356,0.6056970357894897
18743296,0.09453856199979782,0.6200070381164551,-0.036106958985328674,0.6039173007011414,0.0103073138743639,0.6160371899604797,0.011474000290036201,0.610957145690918,0.03095746412873268,0.6143502593040466,-0.003544907784089446,0.6077097654342651
18808832,0.11520497500896454,0.5838332772254944,-0.04344506561756134,0.5876834988594055,0.020300867035984993,0.5872226357460022,0.04897455871105194,0.5915877819061279,0.07062681019306183,0.5996476411819458,-0.0004759873263537884,0.5916203856468201
18874368,0.104327492415905,0.6264817118644714,-0.03712236136198044,0.604560911655426,0.009881562553346157,0.6217806935310364,0.004066547378897667,0.609290361404419,0.02756933867931366,0.6180488467216492,0.002265209099277854,0.6099600195884705
18939904,0.10430207848548889,0.6168956160545349,-0.03510163724422455,0.6000758409500122,0.00677920039743185,0.6122773885726929,0.010333539918065071,0.6056323051452637,0.028447765856981277,0.6108508706092834,0.0042128670029342175,0.6056183576583862
19005440,0.10445630550384521,0.617561936378479,-0.034844204783439636,0.5972761511802673,0.0009525002678856254,0.611316978931427,0.006991679314523935,0.6047890782356262,0.030900366604328156,0.6106129884719849,0.000783517025411129,0.6022263765335083
19070976,0.1198679655790329,0.6126530766487122,-0.03512585535645485,0.5967667102813721,-0.004951952025294304,0.6109232306480408,0.008522323332726955,0.6058951616287231,0.023075714707374573,0.6109702587127686,-0.004517527297139168,0.5975921154022217
19136512,0.1420799195766449,0.5789270997047424,-0.043726399540901184,0.5808849334716797,-0.015490006655454636,0.5866101384162903,0.030073074623942375,0.5902133584022522,0.047813571989536285,0.5943759679794312,0.007742568850517273,0.5803166627883911
19202048,0.11760754138231277,0.6219726800918579,-0.032379332929849625,0.6037722229957581,0.002637151163071394,0.6154817342758179,0.006411622278392315,0.6066968441009521,0.020167168229818344,0.61098712682724,0.013896670192480087,0.6005544066429138
19267584,0.10492672026157379,0.61748206615448,-0.03231309354305267,0.6010141372680664,0.005055431742221117,0.6113470196723938,0.014285556972026825,0.6032323837280273,0.015188038349151611,0.608443558216095,0.008485428988933563,0.5951558351516724
19333120,0.10940573364496231,0.6165447235107422,-0.033343374729156494,0.5981590151786804,0.004696916788816452,0.6091822981834412,0.004549325443804264,0.6019415259361267,0.0171135775744915,0.6051385998725891,0.009925482794642448,0.5962305068969727
19398656,0.10883484780788422,0.6165490746498108,-0.0248914435505867,0.5943156480789185,0.013261742889881134,0.6079571843147278,0.0014545777812600136,0.6024678349494934,0.02187761664390564,0.6036810278892517,0.011468644253909588,0.5959641933441162
19464192,0.1489219069480896,0.5801563262939453,-0.03265916556119919,0.5832270979881287,0.04418516159057617,0.5849665403366089,0.03896944597363472,0.5909832119941711,0.04411791265010834,0.5953779220581055,0.05590596795082092,0.5787593722343445
19529728,0.12057473510503769,0.6158862113952637,-0.02279278263449669,0.599597156047821,0.011944001540541649,0.6088032722473145,0.011383997276425362,0.6040068864822388,0.016275737434625626,0.6054943799972534,0.01576966792345047,0.5985252857208252
19595264,0.10422954708337784,0.6199076175689697,-0.010455464012920856,0.5985280275344849,0.014429419301450253,0.6130974888801575,0.013787630945444107,0.60419762134552,0.020547963678836823,0.602735161781311,0.015016472898423672,0.5930019021034241
19660800,0.1099037453532219,0.6256535053253174,-0.013349187560379505,0.600006639957428,0.010243354365229607,0.6156175136566162,0.012987558729946613,0.6059023141860962,0.01887187734246254,0.6083906292915344,0.013437173329293728,0.5968874096870422
19726336,0.12003089487552643,0.6238159537315369,-0.011694785207509995,0.5980437994003296,0.008330821990966797,0.6132981181144714,0.014874016866087914,0.6062029600143433,0.0165887288749218,0.6111686825752258,0.0106442179530859,0.5983800888061523
19791872,0.13690942525863647,0.5876162052154541,-0.028322318568825722,0.5847964882850647,0.04680114611983299,0.585071861743927,0.051274627447128296,0.5841476917266846,0.04336262494325638,0.6018101572990417,0.0533987432718277,0.5855170488357544
19857408,0.10363215208053589,0.6219021081924438,0.0008133891969919205,0.6042269468307495,0.01750524714589119,0.6111607551574707,0.01167995110154152,0.6071946024894714,0.018997589126229286,0.609028160572052,0.004072737880051136,0.5955126285552979
19922944,0.10356180369853973,0.6246190667152405,-0.009065431542694569,0.6021344065666199,0.0029796366579830647,0.6125311255455017,0.013106469996273518,0.6064516305923462,0.019337182864546776,0.6074986457824707,0.010214848443865776,0.595244824886322
19988480,0.10832276940345764,0.6236935257911682,-0.007902627810835838,0.599784255027771,0.010534614324569702,0.6099972128868103,0.02021132782101631,0.6078271865844727,0.0191266518086195,0.6069031953811646,0.006900046486407518,0.5927539467811584
20054016,0.1080159991979599,0.6254000067710876,-0.010099805891513824,0.6009054780006409,0.008039108477532864,0.608996570110321,0.017567912116646767,0.6079023480415344,0.014734990894794464,0.6093440055847168,0.002845779061317444,0.5931631326675415
20119552,0.133739173412323,0.5898815393447876,-0.022860024124383926,0.5826894044876099,0.05368901044130325,0.5865581035614014,0.0673629641532898,0.5836910605430603,0.027004685252904892,0.5956525802612305,0.04914586618542671,0.5764932632446289
20185088,0.09765604138374329,0.6213821172714233,-0.010446383617818356,0.6033461689949036,0.020460978150367737,0.6059982776641846,0.015880001708865166,0.602348268032074,0.01955195888876915,0.6060478687286377,0.004880704917013645,0.5875556468963623
20250624,0.07975200563669205,0.6252583861351013,-0.01976892724633217,0.5998375415802002,0.009330231696367264,0.6063261032104492,0.020888566970825195,0.6050049066543579,0.020233919844031334,0.6051645278930664,0.007936656475067139,0.5884223580360413
20316160,0.07938233017921448,0.6208842992782593,-0.01727597787976265,0.5937780141830444,0.012689249590039253,0.603283166885376,0.014117696322500706,0.6033154726028442,0.02601916715502739,0.6044461131095886,0.0018684114329516888,0.5864381790161133
20381696,0.08161036670207977,0.6233080625534058,-0.01485644280910492,0.5940895080566406,0.009812448173761368,0.6047396063804626,0.016130924224853516,0.6030862927436829,0.028245972469449043,0.6061533093452454,0.006184536963701248,0.5892195105552673
20447232,0.10388566553592682,0.6030808687210083,-0.024847518652677536,0.5927135348320007,0.040193669497966766,0.595994770526886,0.03533828258514404,0.5911789536476135,0.09324231743812561,0.5995933413505554,0.03816992789506912,0.5858475565910339
20512768,0.07318874448537827,0.6228647232055664,-0.01066441461443901,0.6020488739013672,0.009763115085661411,0.6066310405731201,0.008501643314957619,0.6054802536964417,0.02814650908112526,0.6053659915924072,0.0061250124126672745,0.5879231691360474
20578304,0.09022149443626404,0.6170592308044434,-0.01565922424197197,0.5926259756088257,0.0029706978239119053,0.601067304611206,0.01330675557255745,0.5955917239189148,0.027627447620034218,0.5982827544212341,0.012060079723596573,0.5806365609169006
20643840,0.08752347528934479,0.6198060512542725,-0.01097257062792778,0.592063844203949,-0.0031759515404701233,0.602478563785553,0.01654626429080963,0.5976722240447998,0.02803029678761959,0.5948916077613831,0.0033550653606653214,0.5760886073112488
20709376,0.08982717245817184,0.6174824237823486,-0.002299780258908868,0.5913170576095581,0.0007838847232051194,0.5978614687919617,0.013052698224782944,0.5992490649223328,0.03279711306095123,0.5960379242897034,0.003408254124224186,0.5750505328178406
20774912,0.10882072150707245,0.5898300409317017,-0.02238430455327034,0.5843064785003662,0.016245441511273384,0.5832149386405945,0.05254374444484711,0.5800435543060303,0.10225961357355118,0.5817050933837891,0.015571961179375648,0.5771041512489319
20840448,0.08404277265071869,0.6200611591339111,-0.0032591414637863636,0.6009142994880676,0.007505643181502819,0.6058759689331055,0.019018372520804405,0.6023592352867126,0.044030673801898956,0.5939524173736572,0.010629216209053993,0.581900954246521
20905984,0.08638696372509003,0.6137901544570923,0.004471291322261095,0.5917247533798218,0.005294466856867075,0.5986767411231995,0.018378622829914093,0.5920476913452148,0.03943720832467079,0.5888088941574097,0.005890713073313236,0.5716312527656555
20971520,0.08183722198009491,0.6127739548683167,-0.009718925692141056,0.5928587913513184,0.0060150655917823315,0.5927132964134216,0.021429898217320442,0.5913245677947998,0.04007286950945854,0.5876912474632263,0.0015277817146852612,0.5700700283050537
21037056,0.07207351922988892,0.6166481971740723,-0.017546087503433228,0.5961226224899292,0.01057957112789154,0.5961406230926514,0.02221785858273506,0.5932322144508362,0.04168529808521271,0.5907372236251831,0.005300256423652172,0.5727948546409607
21102592,0.08804699778556824,0.5915073156356812,-0.03534560650587082,0.5808651447296143,0.04574474319815636,0.5791032314300537,0.06418480724096298,0.5722131729125977,0.09580393135547638,0.5820875763893127,0.023257164284586906,0.5708528161048889
21168128,0.06998015195131302,0.6142570972442627,-0.02246464416384697,0.5947467088699341,0.018069056794047356,0.6014938354492188,0.02381601184606552,0.5891738533973694,0.03591592609882355,0.5910906195640564,0.013293623924255371,0.582207202911377
21233664,0.07002432644367218,0.6081013083457947,-0.013296132907271385,0.5916462540626526,0.01274578832089901,0.589605450630188,0.016652796417474747,0.5849743485450745,0.030904356390237808,0.5882725715637207,0.0026383509393781424,0.5698621869087219
21299200,0.07648833096027374,0.6081063747406006,-0.02804749459028244,0.5843565464019775,0.004499492235481739,0.5850061774253845,0.015630491077899933,0.5827782154083252,0.03402021527290344,0.5902292132377625,0.0025156813208013773,0.5679651498794556
21364736,0.07097383588552475,0.6118486523628235,-0.020505571737885475,0.5883362889289856,0.006481478456407785,0.5928927063941956,0.0051505351439118385,0.584466278553009,0.03106752596795559,0.5904955863952637,0.013842576183378696,0.5732224583625793
21430272,0.09132452309131622,0.5816521644592285,-0.028155554085969925,0.5770209431648254,0.030830852687358856,0.5713534355163574,0.03581078350543976,0.5656020641326904,0.07582587003707886,0.5820212960243225,0.020594198256731033,0.5683475136756897
21495808,0.0797925591468811,0.6132800579071045,-0.012304065749049187,0.5975520610809326,0.0077501330524683,0.5917837023735046,0.009945027530193329,0.5857858061790466,0.025982938706874847,0.5921455025672913,0.0118180550634861,0.5916522741317749
21561344,0.07362590730190277,0.6048551201820374,-0.01055072620511055,0.5907198190689087,0.006271406076848507,0.5842437744140625,0.0068893274292349815,0.5812750458717346,0.018783416599035263,0.5856738090515137,0.009510463103652,0.5767713785171509
21626880,0.08288396149873734,0.5965376496315002,-0.02527550607919693,0.5869077444076538,0.0033520846627652645,0.5771393775939941,0.008638197556138039,0.5751274228096008,0.025252792984247208,0.5831084847450256,0.0062562511302530766,0.5710641741752625
21692416,0.08465906977653503,0.6019566059112549,-0.02366449125111103,0.5858820080757141,0.001215264666825533,0.5825270414352417,0.006373954005539417,0.5745657086372375,0.018571004271507263,0.5858277082443237,0.005748455412685871,0.5716350078582764
21757952,0.1021256074309349,0.5743938088417053,-0.04339679703116417,0.5773002505302429,0.020492296665906906,0.567961573600769,0.029937535524368286,0.5668566226959229,0.05182521045207977,0.582402229309082,0.03598806634545326,0.5651976466178894
21823488,0.07608206570148468,0.6110626459121704,-0.036031901836395264,0.5943644642829895,0.016464687883853912,0.5895664691925049,0.01088729314506054,0.5808919072151184,0.01858852431178093,0.5903288722038269,0.021520158275961876,0.5889403820037842
21889024,0.08277285844087601,0.6058775782585144,-0.027308303862810135,0.5863903760910034,0.01483793742954731,0.5867916345596313,0.012887150049209595,0.5760964751243591,0.018586499616503716,0.5862044095993042,0.012988130562007427,0.5733084678649902
21954560,0.08284540474414825,0.6044725775718689,-0.03553689271211624,0.5897839665412903,0.010485667735338211,0.5855711698532104,0.014118310064077377,0.5773366689682007,0.019315708428621292,0.5847079753875732,0.009052397683262825,0.5750414133071899
22020096,0.07856574654579163,0.6093443036079407,-0.029464974999427795,0.5876641273498535,0.010120455175638199,0.5911291837692261,0.007925748825073242,0.5799188613891602,0.017753921449184418,0.5887399911880493,0.0047653308138251305,0.5801489949226379
22085632,0.09504672139883041,0.5778880715370178,-0.04493420943617821,0.5760804414749146,0.061701640486717224,0.5651207566261292,0.06156492605805397,0.5578641891479492,0.019671354442834854,0.5779030323028564,-0.0012165546650066972,0.5690613985061646
22151168,0.07308030128479004,0.6160951852798462,-0.03751267492771149,0.5994862914085388,0.014776096679270267,0.6002334952354431,0.021668119356036186,0.5897371172904968,0.010229872539639473,0.5940055847167969,0.014158486388623714,0.5956040620803833
22216704,0.06747650355100632,0.6157578825950623,-0.034941498190164566,0.5933419466018677,0.010607247240841389,0.5955464243888855,0.01386968046426773,0.5894026160240173,0.011197424493730068,0.5887643694877625,0.015675518661737442,0.5879142880439758
22282240,0.06955885887145996,0.6143189072608948,-0.03790135681629181,0.5915566086769104,0.007746355142444372,0.5928866267204285,0.018901944160461426,0.588036835193634,0.012976372614502907,0.5878159403800964,0.017737437039613724,0.5861753225326538
22347776,0.0728503093123436,0.6150925159454346,-0.039905205368995667,0.5940351486206055,0.0016829580999910831,0.5914313793182373,0.011897070333361626,0.591607928276062,0.014074444770812988,0.5884508490562439,0.02016461454331875,0.588141918182373
22413312,0.11959445476531982,0.5789543390274048,-0.04927794635295868,0.5812838077545166,0.03771992772817612,0.5718147158622742,0.038314878940582275,0.5726544857025146,0.0450875349342823,0.5844273567199707,0.04689059033989906,0.5728238821029663
22478848,0.10235914587974548,0.616122305393219,-0.042772021144628525,0.6014469861984253,0.010132252238690853,0.5990442037582397,0.02059457078576088,0.5977911949157715,0.025659656152129173,0.5929174423217773,0.022524917498230934,0.5971909165382385
22544384,0.10465759038925171,0.6128159761428833,-0.03948388993740082,0.5995325446128845,0.0007433667778968811,0.5985179543495178,0.020621368661522865,0.5994254946708679,0.027422290295362473,0.5920576453208923,0.009023703634738922,0.5947695970535278
22609920,0.11235687881708145,0.6126455664634705,-0.037488654255867004,0.5959939956665039,-0.0014100249391049147,0.5940372943878174,0.024125752970576286,0.5970081090927124,0.02323269657790661,0.5911003947257996,0.012133171781897545,0.5906238555908203
22675456,0.11188800632953644,0.6122249364852905,-0.04987926781177521,0.5967686772346497,-0.0032290981616824865,0.5966792702674866,0.024321019649505615,0.5989574193954468,0.027092179283499718,0.5917149782180786,0.006287307478487492,0.5956193208694458
22740992,0.12647011876106262,0.5773394703865051,-0.04096253216266632,0.5818129777908325,0.020444408059120178,0.5732104182243347,0.06577612459659576,0.5726632475852966,0.06050502508878708,0.5814478397369385,0.010565996170043945,0.5774626731872559
22806528,0.11502344906330109,0.6135632991790771,-0.02904745191335678,0.604738712310791,0.011307256296277046,0.6015669703483582,0.035054489970207214,0.6050826907157898,0.029837481677532196,0.5952318906784058,0.010937163606286049,0.6023080945014954
22872064,0.09516319632530212,0.6136434674263,-0.024015873670578003,0.6028614640235901,0.0011936482042074203,0.5993339419364929,0.025234734639525414,0.6017959117889404,0.02556506171822548,0.5936217308044434,0.009359106421470642,0.5956425666809082
22937600,0.09284374117851257,0.6139969229698181,-0.03204828500747681,0.6002538204193115,-2.06514960154891e-05,0.597218930721283,0.024891339242458344,0.6026961207389832,0.01922246441245079,0.5963310599327087,0.00459235068410635,0.5974286794662476
23003136,0.09023386240005493,0.6134584546089172,-0.030111495405435562,0.6023672819137573,-0.0009522030595690012,0.5949400663375854,0.024745594710111618,0.6020327210426331,0.026353880763053894,0.5957807898521423,0.013735231012105942,0.5961041450500488
23068672,0.126194566488266,0.5803908705711365,-0.02751168981194496,0.5825442671775818,0.02303154394030571,0.5703853964805603,0.07273373007774353,0.5717986226081848,0.04632219299674034,0.5852529406547546,0.024965453892946243,0.5775747895240784
23134208,0.10612858831882477,0.613921582698822,-0.02527605928480625,0.6041609644889832,0.012246955186128616,0.5977212190628052,0.02741086669266224,0.6027681827545166,0.02721724845468998,0.5951117873191833,0.015345346182584763,0.6059696674346924
23199744,0.0951794683933258,0.6108437776565552,-0.02985364943742752,0.597541868686676,0.0013078432530164719,0.5919193625450134,0.015896834433078766,0.5965822339057922,0.023666663095355034,0.5898615121841431,0.009614557027816772,0.5933408737182617
23265280,0.09408950805664062,0.6130653619766235,-0.020767154172062874,0.5994016528129578,-0.0005245233187451959,0.5906168222427368,0.018752265721559525,0.5981241464614868,0.020608488470315933,0.5910099744796753,0.008177036419510841,0.5931971669197083
23330816,0.10377174615859985,0.6103857159614563,-0.023028191179037094,0.6012928485870361,0.001662536058574915,0.5908461809158325,0.016782917082309723,0.604115903377533,0.023127969354391098,0.592875599861145,0.008897313848137856,0.5943199992179871
23396352,0.13449639081954956,0.5767189264297485,-0.03419627994298935,0.5869799256324768,0.030908705666661263,0.5690953731536865,0.05710926651954651,0.5768942832946777,0.04953307285904884,0.5839152336120605,0.0013890755362808704,0.5772040486335754
23461888,0.09234314411878586,0.6016717553138733,-0.010911167599260807,0.5980373620986938,0.014308884739875793,0.583257794380188,0.019709866493940353,0.5965355634689331,0.013980690389871597,0.5865082740783691,0.012713409960269928,0.5923657417297363
23527424,0.07734309136867523,0.6078073382377625,-0.008026540279388428,0.5971107482910156,0.007776238024234772,0.5848712921142578,0.011001319624483585,0.5929825901985168,0.01607341878116131,0.5889875292778015,0.0012723634717985988,0.5940216183662415
23592960,0.08229702711105347,0.6106159687042236,-0.0075904130935668945,0.6014294028282166,0.006570402532815933,0.5864817500114441,0.012168047949671745,0.595258891582489,0.01405905932188034,0.5910537838935852,0.011080414056777954,0.5927467942237854
23658496,0.08215716481208801,0.6077846884727478,-0.01629040390253067,0.6000313758850098,0.008968198671936989,0.5880863666534424,0.00929904542863369,0.5986554622650146,0.017093878239393234,0.5890925526618958,0.007764527574181557,0.5956688523292542
23724032,0.11710112541913986,0.5847136378288269,-0.025283560156822205,0.5912755727767944,0.058508530259132385,0.5687008500099182,0.020486533641815186,0.5830985903739929,0.030971821397542953,0.585541844367981,0.014789282344281673,0.5781091451644897
23789568,0.07984787225723267,0.604518711566925,-0.011801407672464848,0.6023792624473572,0.012757858261466026,0.5875873565673828,0.0065584867261350155,0.600213885307312,0.016352573409676552,0.5907226204872131,0.004920789040625095,0.5973718762397766
23855104,0.06365916877985,0.6041737198829651,-0.013427628204226494,0.5989490747451782,0.005379419773817062,0.5844758152961731,0.00034671794855967164,0.5940993428230286,0.010416001081466675,0.5890439748764038,0.00654450012370944,0.5945455431938171
23920640,0.061670590192079544,0.6040037274360657,-0.02277563139796257,0.5958605408668518,0.007484076544642448,0.5865638852119446,0.00133520585950464,0.591956615447998,0.01743551343679428,0.5865911245346069,0.012276509776711464,0.5938383936882019
23986176,0.06894983351230621,0.6035374402999878,-0.021494466811418533,0.5964013934135437,0.003614395624026656,0.585207462310791,0.016262829303741455,0.594106912612915,0.012497594580054283,0.5893154144287109,0.011690041050314903,0.5931545495986938
24051712,0.11144417524337769,0.5848531723022461,-0.04233473911881447,0.5881582498550415,0.0394401028752327,0.5689340829849243,0.05639814957976341,0.5802246332168579,0.051954567432403564,0.5854458808898926,0.021703146398067474,0.5804285407066345
24117248,0.07062812149524689,0.6038588285446167,-0.01853359490633011,0.5953954458236694,0.014316544868052006,0.5874515175819397,0.019415130838751793,0.5964606404304504,0.01968364417552948,0.588062584400177,0.012083598412573338,0.594829261302948
24182784,0.05817828327417374,0.603752851486206,-0.022685671225190163,0.5931721925735474,0.006004874594509602,0.5860975384712219,0.01251676119863987,0.5898888111114502,0.020250020548701286,0.5846620202064514,0.007377870846539736,0.5899654030799866
24248320,0.05982465296983719,0.6025845408439636,-0.031116796657443047,0.5919379591941833,0.005728249903768301,0.5858572125434875,0.015010397881269455,0.5914414525032043,0.012595100328326225,0.5867103934288025,0.009967373684048653,0.5891268849372864
24313856,0.05912869796156883,0.6026549339294434,-0.039349984377622604,0.592415988445282,0.009051842615008354,0.5847652554512024,0.014124365523457527,0.5906963348388672,0.009097360074520111,0.5879334807395935,0.009300777688622475,0.5856338143348694
24379392,0.10835500061511993,0.5818637013435364,-0.039700351655483246,0.5832114815711975,0.04285068064928055,0.5696370005607605,0.05409049987792969,0.579384982585907,0.031001389026641846,0.5845243334770203,0.008407117798924446,0.5767537951469421
24444928,0.07348059117794037,0.6012266278266907,-0.03463646024465561,0.5939745903015137,0.01732763648033142,0.5890715718269348,0.00797131285071373,0.5951642990112305,0.01554863154888153,0.5845342874526978,0.008552423678338528,0.594696044921875
24510464,0.061084337532520294,0.5982940196990967,-0.03824934363365173,0.5944003462791443,0.011258881539106369,0.5852393507957458,0.005675545893609524,0.5916779041290283,0.016683822497725487,0.583990752696991,0.010946150869131088,0.5937080979347229
24576000,0.06320494413375854,0.6021792888641357,-0.03735312074422836,0.5939205288887024,0.010749229229986668,0.5870754718780518,0.004585054703056812,0.5936756134033203,0.0157887265086174,0.5875462293624878,0.01073203980922699,0.5953596830368042
24641536,0.07026401907205582,0.598309338092804,-0.03245741128921509,0.5895551443099976,0.011090648360550404,0.5833168625831604,0.008064530789852142,0.5934612154960632,0.019068455323576927,0.5875748991966248,0.011301534250378609,0.589388906955719
24707072,0.10188454389572144,0.5841310620307922,-0.04163704067468643,0.5868496298789978,0.08114296197891235,0.5651814937591553,0.03279160335659981,0.5821077227592468,0.06532575935125351,0.5795847773551941,0.01518305391073227,0.5791641473770142
24772608,0.06878475844860077,0.6074548363685608,-0.03819676488637924,0.5991983413696289,0.02239401638507843,0.5867065191268921,0.000671068555675447,0.5992633700370789,0.035214729607105255,0.5864467024803162,0.008750233799219131,0.602055549621582
24838144,0.06384069472551346,0.608599841594696,-0.042246486991643906,0.5963011384010315,0.010081044398248196,0.5847336649894714,0.002717365976423025,0.5957654118537903,0.02799595147371292,0.5835989713668823,0.001862219301983714,0.5956078171730042
24903680,0.07863635569810867,0.6132017970085144,-0.03943285346031189,0.595373272895813,0.008817971684038639,0.5896915197372437,0.0025931361597031355,0.5982024669647217,0.029628032818436623,0.5895000100135803,0.0013709543272852898,0.5943440198898315
24969216,0.07656402885913849,0.614859402179718,-0.033462751656770706,0.6010298132896423,0.005292919464409351,0.5946733951568604,0.006888296455144882,0.6054397821426392,0.02654576115310192,0.5947601795196533,0.003488200483843684,0.6033260822296143
25034752,0.11372203379869461,0.5857440233230591,-0.04746866226196289,0.5811337232589722,0.04914652183651924,0.5713942050933838,0.019033875316381454,0.5889899730682373,0.08346090465784073,0.5791625380516052,0.0030936291441321373,0.5792092084884644
25100288,0.07348478585481644,0.6185733675956726,-0.03565514460206032,0.602647602558136,0.01607801392674446,0.5995991826057434,0.005490674637258053,0.609490692615509,0.031645599752664566,0.5913413166999817,0.005751346237957478,0.6090105175971985
25165824,0.07152615487575531,0.6120592355728149,-0.031221024692058563,0.5982528328895569,0.008728728629648685,0.594372034072876,0.0105771254748106,0.6017321348190308,0.03194453939795494,0.5868550539016724,0.0041092257015407085,0.6011948585510254
25231360,0.07569825649261475,0.6144227981567383,-0.03355376794934273,0.5954961180686951,0.0025994947645813227,0.5928831100463867,0.01279476098716259,0.6023527979850769,0.021685367450118065,0.5873317718505859,0.009106811136007309,0.5947731733322144
25296896,0.06966188549995422,0.6207660436630249,-0.026459913700819016,0.5981405377388,0.002778771333396435,0.5967735052108765,0.01577225886285305,0.6027401685714722,0.024226108565926552,0.593224048614502,0.007722858339548111,0.5987491607666016
25362432,0.12088516354560852,0.5946841835975647,-0.04599002003669739,0.5914337635040283,0.04755851998925209,0.5823520421981812,0.057797159999608994,0.5877288579940796,0.05967577174305916,0.5849763751029968,0.031075261533260345,0.5860487818717957
25427968,0.08019033074378967,0.6184510588645935,-0.034449949860572815,0.6030046343803406,0.008832033723592758,0.6028130054473877,0.01593085378408432,0.6045791506767273,0.02079305425286293,0.591123640537262,0.013205794617533684,0.6061283349990845
25493504,0.08351017534732819,0.6155592799186707,-0.03860263526439667,0.5979480147361755,0.0025812643580138683,0.593035876750946,0.018757034093141556,0.5987918972969055,0.021468903869390488,0.5889195799827576,0.004951524548232555,0.6023077368736267
25559040,0.0928778350353241,0.616187572479248,-0.03516680374741554,0.5971723794937134,0.0037444671615958214,0.594081461429596,0.017632734030485153,0.6003626585006714,0.015999730676412582,0.5923261642456055,0.013453989289700985,0.598935067653656
25624576,0.09182389825582504,0.6181791424751282,-0.027806265279650688,0.6008630394935608,0.008542666211724281,0.5984500050544739,0.016948875039815903,0.599564790725708,0.013662060722708702,0.5951588153839111,0.018014876171946526,0.6013249754905701
25690112,0.12944495677947998,0.5931218266487122,-0.031905412673950195,0.594025731086731,0.04822203144431114,0.5768545866012573,0.0556834377348423,0.5846084952354431,0.03441493213176727,0.590111494064331,0.016792500391602516,0.5858717560768127
25755648,0.08786706626415253,0.6189406514167786,-0.03399551659822464,0.599043607711792,0.017173435539007187,0.6004748344421387,0.01705378293991089,0.604010820388794,0.007758647669106722,0.5930963754653931,0.007537780795246363,0.6049405932426453
25821184,0.08319727331399918,0.6112539172172546,-0.02581101842224598,0.5957441926002502,0.002329583978280425,0.5926026105880737,0.019019460305571556,0.6014168858528137,0.004551004618406296,0.5894643664360046,0.0008722154889255762,0.5984728336334229
25886720,0.0843975692987442,0.6146838665008545,-0.03030010312795639,0.5967204570770264,0.00542093999683857,0.5928462743759155,0.02450038492679596,0.6023266315460205,0.0023068857844918966,0.5936840772628784,0.005009528249502182,0.5969738364219666
25952256,0.08369869738817215,0.6181268692016602,-0.03577753156423569,0.599365770816803,0.008920369669795036,0.5979352593421936,0.025609131902456284,0.6015897989273071,0.004559433087706566,0.5943776369094849,0.007347400300204754,0.6001363396644592
26017792,0.12756983935832977,0.5960683822631836,-0.04070901870727539,0.5970764756202698,0.04536650702357292,0.5835210084915161,0.05977538600564003,0.5834333300590515,0.024473831057548523,0.5945342779159546,0.004982977174222469,0.5875260233879089
26083328,0.08194037526845932,0.6155357360839844,-0.03690096735954285,0.602225661277771,0.012725064530968666,0.6024972200393677,0.027360983192920685,0.6013093590736389,0.015754301100969315,0.59805828332901,0.004234974272549152,0.6039943695068359
26148864,0.08058668673038483,0.6090623140335083,-0.03558621555566788,0.597194492816925,0.006011145189404488,0.5916700959205627,0.020370744168758392,0.5983865857124329,0.017528655007481575,0.5907193422317505,0.01591646485030651,0.5933371782302856
26214400,0.09073632210493088,0.6115480065345764,-0.04312584549188614,0.6013522148132324,0.00659559853374958,0.590366005897522,0.015477564185857773,0.5967574715614319,0.01261200848966837,0.594740629196167,0.02234416827559471,0.5952218770980835
