collected_frames,rew/shaping,rew/step_penalty,rew/terminal_bonus,rew/total_reward,rew/action_bonus,rew/roll_penalty,rew/roll_rate_penalty,rew/pitch_penalty,rew/pitch_rate_penalty
65536,0.15442980418447405,-0.19999999999999954,0.0,-0.04949019480136485,0.06916991801699623,-0.0023535250731185897,-0.035592091546277516,-0.003023856159529714,-0.032120440431754105
131072,0.16778128466103226,-0.19999999999999954,-0.001068115234375,-0.052776400014408864,0.06932948512258008,-0.005630513369396795,-0.04097533578169532,-0.005856902454979718,-0.0363612215151079
196608,0.19152839039452374,-0.19999999999999954,-0.00341796875,-0.03345527678538929,0.06878906238125637,-0.006874289152619895,-0.03842179448110983,-0.007782386630424298,-0.037280708929756656
262144,0.19474785029888153,-0.19999999999999954,-0.00128173828125,-0.02761035346884455,0.06864547048462555,-0.007325994494749466,-0.03535299195209518,-0.009134593252383638,-0.037910484708845615
327680,0.19287707889452577,-0.19999999999999954,-0.001922607421875,-0.031406412468641065,0.06889894203050062,-0.006964790285564959,-0.03416637162445113,-0.010390945426479448,-0.03973977026180364
393216,0.18524040200281888,-0.19999999999999954,-0.00384521484375,-0.03860261722729774,0.0688962135463953,-0.006581821358849993,-0.030292023802758195,-0.011227199756831396,-0.04079870958230458
458752,0.2202217768644914,-0.19999999999999954,-0.0025634765625,0.007601329871249618,0.06890637148171663,-0.0019026126301469048,-0.026468209485756233,-0.010160442128835712,-0.0404285030963365
524288,0.19909791194368154,-0.19999999999999954,-0.001068115234375,-0.01972945829766104,0.06910387385869399,-0.0028377284561429406,-0.027045290102250874,-0.011766408802941442,-0.04521671906695701
589824,0.17150541953742504,-0.19999999999999954,-0.000213623046875,-0.04651239518716466,0.06922840798506513,-0.0033215457515325397,-0.02546688936126884,-0.012973154814972077,-0.045271286100614816
655360,0.15207157656550407,-0.19999999999999954,-0.001068115234375,-0.06701947300462052,0.06974895630264655,-0.0041125608440779615,-0.024841465507051907,-0.013665974744071718,-0.045157268847106025
720896,0.14343981322599575,-0.19999999999999954,-0.001708984375,-0.07393821596633643,0.0701760480296798,-0.004355736047727987,-0.02447068069886882,-0.013083406178338919,-0.04394848505035043
786432,0.26429607276804745,-0.19999999999999954,0.0,0.06645343927448266,0.0687801664462313,-0.0016266805496343295,-0.026637672581273364,-0.005097134830066352,-0.033261310469242744
851968,0.19796316395513713,-0.19999999999999954,0.0,-0.01117574534873711,0.06905156740685925,-0.002929883099568542,-0.028811582844355144,-0.00781789950633538,-0.03863110838574357
917504,0.16573708271607757,-0.19999999999999954,-0.000213623046875,-0.03977790383214597,0.06855548254679888,-0.0033464074604125926,-0.026082286683958955,-0.007114708496374078,-0.03731529720243998
983040,0.15214458422269672,-0.19999999999999954,-0.00042724609375,-0.05328556484892033,0.06812741799512878,-0.003976385880378075,-0.02477530250325799,-0.006730055636580801,-0.03764928743476048
1048576,0.14844682079274207,-0.19999999999999954,-0.00042724609375,-0.05598121396906208,0.0677203125669621,-0.0038347608842741465,-0.023895062739029527,-0.006537329860293539,-0.037454881792655215
1114112,0.27641720219980925,-0.19999999999999954,0.0,0.08605970445205458,0.06701153540052474,-0.0007528800877025787,-0.021894618541409727,-0.0026948194349643018,-0.03202671591134276
1179648,0.20482459536287934,-0.19999999999999954,0.0,-0.0003930107623091317,0.06822349736467004,-0.0019124530226690695,-0.025471155284321867,-0.005981055022857618,-0.04007643667864613
1245184,0.16830532276071608,-0.19999999999999954,-0.000213623046875,-0.034866363064793404,0.06793849758105353,-0.002727409149883897,-0.024412858867435716,-0.005671356437233044,-0.03808523828047328
1310720,0.15504848852287978,-0.19999999999999954,0.0,-0.0483523873554077,0.0678656148375012,-0.0031563884476781823,-0.024031312103033997,-0.006138313878182089,-0.03794060117797926
1376256,0.1463350326521322,-0.19999999999999954,-0.000640869140625,-0.05785615057538962,0.06743432048824616,-0.002989920427353354,-0.023173891633632593,-0.007856639462261228,-0.03696693840902299
1441792,0.2663271534256637,-0.19999999999999954,0.000213623046875,0.07313157882890664,0.06660636022570543,-0.0009228822075328935,-0.023239236419613007,-0.004098559798876522,-0.03175487912085373
1507328,0.198253259412013,-0.19999999999999954,-0.000213623046875,-0.007915646546280186,0.06760028170538135,-0.0016288819433611934,-0.02703293808735907,-0.007736501858744305,-0.037158247374463826
1572864,0.1702548653120175,-0.19999999999999954,-0.000213623046875,-0.03321281286844169,0.06737891002558172,-0.0018883890379584045,-0.02471313116257079,-0.00763007052228204,-0.0364016912644729
1638400,0.15355307364370674,-0.19999999999999954,-0.00042724609375,-0.05105866554367822,0.0670436976943165,-0.0026404445452499203,-0.024318782889167778,-0.008292170037748292,-0.035978697444079444
1703936,0.1490440892521292,-0.19999999999999954,-0.00042724609375,-0.05369259427243378,0.06715298310155049,-0.0026571974831313128,-0.024490977579262108,-0.007820856582839042,-0.034496528445743024
1769472,0.25940000324044377,-0.19999999999999954,0.000213623046875,0.05834783896625595,0.06680812948616222,-0.002187076537666144,-0.029934051832242403,-0.004611716387444176,-0.031341070964117534
1835008,0.19230550830252469,-0.19999999999999954,0.00042724609375,-0.02054941871210758,0.06758283427916467,-0.00389503342921671,-0.035402426117798313,-0.007001610501902178,-0.034565935042337514
1900544,0.17075437842868268,-0.19999999999999954,0.0,-0.0382707901953836,0.06815088528674096,-0.004324432666180655,-0.03358303969434928,-0.006071869996958412,-0.033197557684616186
1966080,0.16289184265770018,-0.19999999999999954,0.000213623046875,-0.044171133878990076,0.06762304794392549,-0.004619902665581321,-0.032440909068100154,-0.0054559240852540825,-0.032383044657763094
2031616,0.149486442678608,-0.19999999999999954,0.001068115234375,-0.05897675819869619,0.06733157954295166,-0.004879914391494822,-0.033168444788316265,-0.005667118814017158,-0.03314741511712782
2097152,0.2705971639370546,-0.19999999999999954,0.0,0.06366542782416218,0.06684539557318203,-0.0027948607812504633,-0.032559524923271965,-0.006226131987205008,-0.03219661481853109
2162688,0.1990580193232745,-0.19999999999999954,0.0,-0.029508921377782826,0.06829236139310524,-0.006670642622339074,-0.04052126547321677,-0.011952562206715811,-0.037716319668106735
2228224,0.1725272738840431,-0.19999999999999954,-0.000213623046875,-0.054156814541784115,0.06888220709515736,-0.00866821086674463,-0.03868162399157882,-0.011598220226005651,-0.03640481873298995
2293760,0.1582721610320732,-0.19999999999999954,-0.001068115234375,-0.06927222877857275,0.06875286815920845,-0.010081124390126206,-0.03823758621001616,-0.011044411672628485,-0.03587016754318029
2359296,0.14853656862396747,-0.19999999999999954,0.001068115234375,-0.07885981886647642,0.06846933538326994,-0.011723485076799989,-0.03893374482868239,-0.010795282658364158,-0.0354849357099738
2424832,0.28747764346189797,-0.19999999999999954,0.0,0.07905863408996083,0.06786956038558856,-0.004832455631913035,-0.03367335387883941,-0.006057458706891339,-0.031725299268146046
2490368,0.1949324661400169,-0.19999999999999954,0.0,-0.02967781265215308,0.06926218490116298,-0.008028648255276494,-0.041361477866303176,-0.010041108333098236,-0.034441225972841494
2555904,0.16548351291567087,-0.19999999999999954,-0.000213623046875,-0.056120450972230174,0.06924906536005437,-0.009332093206467107,-0.039065163960913196,-0.009136824366578367,-0.033105853231973015
2621440,0.15618951595388353,-0.19999999999999954,0.0,-0.06430150632513687,0.06874869839521125,-0.009271381750295404,-0.03855107494746335,-0.008531152918294538,-0.03288610807794612
2686976,0.15055216592736542,-0.19999999999999954,0.001922607421875,-0.06585972385073546,0.06883168034255505,-0.008405229360505473,-0.03745534730842337,-0.008514398701663595,-0.032795431310660206
2752512,0.269268807140179,-0.19999999999999954,0.00042724609375,0.07656363888236228,0.06794114940566942,-0.0017482826524428674,-0.02441030865884386,-0.0039018267943902174,-0.031013146333862096
2818048,0.19018686900381,-0.19999999999999954,0.000213623046875,-0.011525497900038317,0.06882472708821297,-0.0028158213790447917,-0.027847883407957852,-0.0058151241137238685,-0.034271887328941375
2883584,0.16207757219672203,-0.19999999999999954,0.00042724609375,-0.03730575541703729,0.0689411626663059,-0.003513160649163183,-0.02702892676461488,-0.004836671399971237,-0.03337297451798804
2949120,0.1652243681019172,-0.19999999999999954,-0.000213623046875,-0.033847909173346125,0.06848158390494063,-0.003707666781338048,-0.02538158037350513,-0.005124126961163711,-0.03312676820496563
3014656,0.14872965746326372,-0.19999999999999954,0.000213623046875,-0.05108482707873918,0.0687213865458034,-0.00438247208512621,-0.02575341417104937,-0.00532590383591014,-0.03328862495254725
3080192,0.2663321220315993,-0.19999999999999954,-0.000213623046875,0.07782525538641494,0.06673945276997983,-0.000938919519285264,-0.02199958208075259,-0.002880826577438711,-0.029212148918304592
3145728,0.1923609811346978,-0.19999999999999954,0.0,-0.006846445486189623,0.06889853172469884,-0.0021298839601513464,-0.025941160041838884,-0.005437651700049173,-0.03459725991706364
3211264,0.17225193441845477,-0.19999999999999954,-0.000213623046875,-0.026271079225807625,0.06823365919990465,-0.0025841512870101724,-0.024306970328325406,-0.005738996456784662,-0.03391278644267004
3276800,0.16455997445154935,-0.19999999999999954,0.0,-0.03244492266821908,0.0672533260367345,-0.0031949017520673806,-0.023861324923927896,-0.00567694241181016,-0.03152505127945915
3342336,0.14852569729555398,-0.19999999999999954,-0.001495361328125,-0.05116023191658314,0.06699895349447615,-0.0036324384363979334,-0.024295816270750947,-0.005737684652558528,-0.031529397499980405
3407872,0.2573619531467557,-0.19999999999999954,0.000213623046875,0.07309264784271363,0.06639590809936635,-0.0007588441046664229,-0.01943643844424514,-0.00250887426227564,-0.028174677165225148
3473408,0.19001724116969854,-0.19999999999999954,-0.000213623046875,-0.004437021954800002,0.06862131046364084,-0.001334660005340993,-0.023795328714186326,-0.004486884514335543,-0.03324458154384047
3538944,0.18289448239374906,-0.19999999999999954,-0.000213623046875,-0.0125507771890625,0.06821447017136961,-0.001564804478221049,-0.02440404905064497,-0.004245530089974636,-0.03323276271112263
3604480,0.17209498980082572,-0.19999999999999954,0.000213623046875,-0.025100817802012898,0.06823233707109466,-0.0016820693972476874,-0.024812095187371597,-0.0046506793769367505,-0.03449787998397369
3670016,0.15053401235491037,-0.19999999999999954,-0.001068115234375,-0.04994271344912704,0.06810019834665582,-0.0021589712760032853,-0.025164493592455983,-0.005339582930901088,-0.03485372368595563
3735552,0.2574848694493994,-0.19999999999999954,0.000640869140625,0.07256998088632827,0.0676005506538786,-0.0011916001735698956,-0.020449870491574984,-0.002292754683367093,-0.02922208106610924
3801088,0.18988134781830013,-0.19999999999999954,0.0,-0.005951951884526352,0.06813186159706675,-0.0017650444960963796,-0.02386861371633131,-0.004286285571652115,-0.03404474558192305
3866624,0.17434615269303322,-0.19999999999999954,-0.000213623046875,-0.019028055325179594,0.06849967141170055,-0.00173864153384784,-0.0230085000366671,-0.0036208623550919583,-0.03329330979613587
3932160,0.16602262761443853,-0.19999999999999954,0.000213623046875,-0.02732529256172711,0.06748606695327908,-0.0020451554300962016,-0.022722267487552017,-0.003495931625366211,-0.032786401876364835
3997696,0.14579843939282,-0.19999999999999954,-0.001068115234375,-0.05001803611230571,0.06742589990608394,-0.0024188837178371614,-0.0226799900556216,-0.0035285617759654997,-0.03355060909234453
4063232,0.26737954665441066,-0.19999999999999954,0.00042724609375,0.08542049925017636,0.0661169906379655,-0.0006021292190325767,-0.017513642960693687,-0.0022432522873714333,-0.028140819020336494
4128768,0.19304380391258746,-0.19999999999999954,-0.000213623046875,0.003227643237551092,0.06814107776153833,-0.0009650585207054974,-0.018647793331183493,-0.004178768293058965,-0.03395077162713278
4194304,0.18207701377104968,-0.19999999999999954,-0.000213623046875,-0.006737209717357473,0.0685002071550116,-0.001182323445846123,-0.01898827926197555,-0.004112305778107839,-0.032818711741128936
4259840,0.16060743771959096,-0.19999999999999954,0.000640869140625,-0.030675014208100038,0.06775864481460303,-0.0014597847093682503,-0.019215150241507217,-0.005385584016039502,-0.033623900555539876
4325376,0.14629191101994365,-0.19999999999999954,-0.001495361328125,-0.04761821493593743,0.06692829783423804,-0.0018191022563769366,-0.01946737800608389,-0.005999121549393749,-0.032061951846117154
4390912,0.25251283892430365,-0.19999999999999954,0.000213623046875,0.06980619359819684,0.06609184958506376,-0.000551922538306826,-0.018781609389407095,-0.0023423078741870995,-0.027336278173606843
4456448,0.18729649670422077,-0.19999999999999954,0.0,-0.0040418275211777654,0.0670780791551806,-0.0012509878442870104,-0.02087747066980228,-0.0046510972460964695,-0.03163763393240515
4521984,0.17825736477971077,-0.19999999999999954,-0.000213623046875,-0.011290080914477585,0.06741376436548308,-0.0010202042913078913,-0.020612501684809104,-0.003788983771300991,-0.03132501302752644
4587520,0.1638644167687744,-0.19999999999999954,0.00042724609375,-0.02736135615123203,0.06714586919406429,-0.001142851921485999,-0.021313801960786805,-0.0041512633633828955,-0.03219176415586844
4653056,0.15780514338985085,-0.19999999999999954,-0.0008544921875,-0.03389167725981679,0.06716630491428077,-0.001366880471323384,-0.020742921507917345,-0.00419105125911301,-0.031708861541119404
4718592,0.2451999024488032,-0.19999999999999954,0.000213623046875,0.06269267812604085,0.06694873160449788,-0.00041124540314285696,-0.019208110377803678,-0.0025018984651978826,-0.027548323181690648
4784128,0.19575571676250547,-0.19999999999999954,-0.000640869140625,0.0032415536106782383,0.0680774588836357,-0.0008533994159733993,-0.023235384331201203,-0.004131437652176828,-0.03172882164653856
4849664,0.18441141222137958,-0.19999999999999954,-0.00213623046875,-0.011339241964378743,0.0680566024966538,-0.0011828728870568739,-0.024116811036947183,-0.0037382042919489322,-0.032628784378175624
4915200,0.17181488359346986,-0.19999999999999954,0.001708984375,-0.019225379335694015,0.06761638540774584,-0.0014200613813954988,-0.023516452944022603,-0.0040318671890418045,-0.031397997780004516
4980736,0.14975164411589503,-0.19999999999999954,0.0,-0.04171848496480379,0.06728335341904312,-0.001509049133346707,-0.02258664573309943,-0.00401826630695723,-0.030640343320555985
5046272,0.2558175141457468,-0.19999999999999954,0.0,0.07227331453941588,0.06664478138554841,-0.0005156711507083855,-0.019737422629987122,-0.0023574986703351897,-0.027577755703532603
5111808,0.19749317725654691,-0.19999999999999954,0.0,0.008343891630829603,0.06710154010215774,-0.0009672474502622208,-0.021681200581951998,-0.003366763314261334,-0.030235612619435415
5177344,0.1751597528345883,-0.19999999999999954,0.000213623046875,-0.015068793679347436,0.06733141595032066,-0.0011600903035287047,-0.02267081079480704,-0.0035101244120596675,-0.030432183149969205
5242880,0.1598894284106791,-0.19999999999999954,0.0,-0.033707450769725256,0.06670836574630812,-0.0015616859045621823,-0.023932391821290366,-0.004401160835186602,-0.030410350547754206
5308416,0.1468912687851116,-0.19999999999999954,-0.001068115234375,-0.05165370680333581,0.06640527761192061,-0.001596503255314019,-0.025077394922845997,-0.005766227990534389,-0.031448361653019674
5373952,0.24787419813219458,-0.19999999999999954,0.0,0.06208107308339095,0.06548751285299659,-0.00043972431274141854,-0.0214279540014104,-0.0026132752736884868,-0.02679968433949398
5439488,0.17787524522282183,-0.19999999999999954,0.0,-0.013414536269920063,0.0662556333700195,-0.0008283977185783442,-0.023967507338966243,-0.003571723045752151,-0.029177783260820433
5505024,0.1690814228495583,-0.19999999999999954,-0.000213623046875,-0.02296517660488462,0.06617240712512285,-0.0009163721665572666,-0.023524812146206386,-0.0036056112512596883,-0.029958580373204313
5570560,0.15702780103310943,-0.19999999999999954,-0.000213623046875,-0.0344591596731334,0.06559037408442236,-0.0010251036637782818,-0.023052945383824408,-0.003822762604613672,-0.028962770869839005
5636096,0.1537120690336451,-0.19999999999999954,-0.000213623046875,-0.03904778911964968,0.06523533363360912,-0.0011712622608683887,-0.022881783297634684,-0.004192204010905698,-0.029536034737247974
5701632,0.24010499380528927,-0.19999999999999954,0.0,0.05917019629123388,0.06577198786544614,-0.0003902972902096735,-0.018992652876477223,-0.0018838073228835128,-0.025440027864533477
5767168,0.19257567136082798,-0.19999999999999954,-0.000213623046875,0.0006416241485567298,0.06691978583694436,-0.0009772362241164956,-0.024350452309590764,-0.0038443000539700733,-0.029467766129528172
5832704,0.18144927732646465,-0.19999999999999954,-0.000640869140625,-0.010172260415856726,0.06695464911172166,-0.0008990330179585726,-0.02420240396168083,-0.0031636124058422865,-0.029670805961359292
5898240,0.16873004718218,-0.19999999999999954,-0.000213623046875,-0.023844387073040707,0.06629515494569205,-0.001093787513582356,-0.023518828093074262,-0.00386307161716104,-0.030180010609910823
5963776,0.15413928602356464,-0.19999999999999954,0.0,-0.03690277678833809,0.06652348203351721,-0.0012771532910846872,-0.022517434394103475,-0.004553665254206862,-0.029217351038823836
6029312,0.26246948982588947,-0.19999999999999954,0.0,0.07570954777929728,0.06611871719360352,-0.0006010233939832688,-0.02237340544888866,-0.002709741789431064,-0.027194489164685365
6094848,0.18279020301997662,-0.19999999999999954,-0.000213623046875,-0.00864811827068479,0.06677329741069116,-0.001167241102848493,-0.024376633373321965,-0.003493577363769873,-0.028960169467609376
6160384,0.16882760892622173,-0.19999999999999954,-0.00042724609375,-0.020595049399162235,0.06746825276059099,-0.0011392601500119781,-0.02283186600834597,-0.0033018162630469305,-0.029192261761636473
6225920,0.1651237467303872,-0.19999999999999954,0.0,-0.02276914487083559,0.06692363636102527,-0.0011371104783393093,-0.0209515667083906,-0.003480354227576754,-0.029247494050650857
6291456,0.15881372417788953,-0.19999999999999954,0.000213623046875,-0.029947106097097276,0.0670448043383658,-0.0012864449026892544,-0.020521529353572987,-0.004177482085651718,-0.03003393014660105
6356992,0.2638648587744683,-0.19999999999999954,0.0,0.077693112729321,0.0669596103252843,-0.000578399180994893,-0.0206093458327814,-0.002919923285844561,-0.02902368790091714
6422528,0.19685340707655996,-0.19999999999999954,0.0,0.006690554734632315,0.06774130993289873,-0.0006286439893301576,-0.021058791840914637,-0.0037504890333366347,-0.032466235861647874
6488064,0.17267307033762336,-0.19999999999999954,-0.00042724609375,-0.015537617277004756,0.06812551047187299,-0.0007840877183298289,-0.019684929560753517,-0.003480862553260522,-0.03195830846379977
6553600,0.15145595150534064,-0.19999999999999954,0.000213623046875,-0.03498888103058562,0.06758989923400804,-0.0008924608791858191,-0.0187517084996216,-0.0035652349015435902,-0.03103894773812499
6619136,0.15592584165278822,-0.19999999999999954,0.000213623046875,-0.030382822817045962,0.06717835273593664,-0.000988338233128161,-0.01836683497094782,-0.003590099706343608,-0.03075718080799561
6684672,0.2751206348184496,-0.19999999999999954,0.0,0.09061860619931394,0.06728522235061973,-0.0006703223850763607,-0.017881232419313164,-0.003044434228741011,-0.03019126533763483
6750208,0.18460634164512157,-0.19999999999999954,-0.000640869140625,-0.0049798343798102,0.06834357505431399,-0.0009592575906935963,-0.01837852348398883,-0.003960002764870296,-0.03398976309108548
6815744,0.1668055378831923,-0.19999999999999954,-0.00042724609375,-0.02243181276935502,0.06875158456386998,-0.0010217186913905607,-0.017791790451155975,-0.004649868089472875,-0.034098357675247826
6881280,0.15540366771165282,-0.19999999999999954,0.000213623046875,-0.030470556805084925,0.06779680855106562,-0.001135036485720775,-0.016296358182444237,-0.004430161767231766,-0.0320229244971415
6946816,0.15112485468853265,-0.19999999999999954,-0.0008544921875,-0.03689660250529414,0.06765670314780436,-0.0013017938645134564,-0.017499837689683773,-0.0045235156576382,-0.03150350760552101
7012352,0.27984310896135867,-0.19999999999999954,-0.000213623046875,0.09018014989851508,0.06756158682401292,-0.0007251230359770489,-0.022301800519926473,-0.0033451806896209746,-0.030638197516964283
7077888,0.19975496048573405,-0.19999999999999954,-0.000213623046875,0.004789258979144506,0.06822989054489881,-0.0009624301160329196,-0.024047458966379054,-0.0037852698769711424,-0.03418699657777324
7143424,0.1734948781086132,-0.19999999999999954,0.0,-0.018539401898124197,0.06864187883911654,-0.0010521253320803226,-0.02217211177048739,-0.00360390772948449,-0.03384801160427742
7208960,0.16252569132484496,-0.19999999999999954,0.0025634765625,-0.028751360612659482,0.06821068562567234,-0.0012752372649629251,-0.021912447045906447,-0.004040779340357403,-0.034822746994905174
7274496,0.14723482122644782,-0.19999999999999954,-0.001708984375,-0.05079965120239649,0.06849385320674628,-0.001774945620127255,-0.022083921721787192,-0.0049162445320689585,-0.03605025516299065
7340032,0.28627554152626544,-0.19999999999999954,0.0,0.10309874486119952,0.06816627219086513,-0.0004909270596726856,-0.01855680034350371,-0.002812020622172895,-0.029483321100997273
7405568,0.1891312838997692,-0.19999999999999954,-0.000213623046875,0.0027340899814589648,0.06773199149756692,-0.0006880153246129339,-0.018958565109642223,-0.0031330746205640025,-0.03113550851412583
7471104,0.1640408526873216,-0.19999999999999954,-0.000213623046875,-0.02157306146909832,0.06700859099510126,-0.0007870257682043302,-0.018599027913296595,-0.0031855334436841076,-0.02983711975684855
7536640,0.15394080767873675,-0.19999999999999954,0.000213623046875,-0.03169009349949192,0.06657359638484195,-0.0010234642068098765,-0.018622894895088393,-0.003537212895025732,-0.02923629012366291
7602176,0.1339554162696004,-0.19999999999999954,-0.0008544921875,-0.054059791524196044,0.0663006110698916,-0.0012943885358254192,-0.019999975513201207,-0.0038089380777819315,-0.02836425046552904
7667712,0.2659110863460228,-0.19999999999999954,0.0,0.07842499036723893,0.0664366296841763,-0.0007757058593824695,-0.021717254978284473,-0.003299399956858906,-0.028130363192758523
7733248,0.18449425208382308,-0.19999999999999954,-0.000213623046875,-0.00901378214621218,0.06747907539829612,-0.0013151184912203462,-0.025056296435650438,-0.004154757956712274,-0.03024697580258362
7798784,0.16978151618968695,-0.19999999999999954,-0.000213623046875,-0.022934300906854332,0.06804621976334602,-0.0013058687318334705,-0.0253933966596378,-0.0032956961567833787,-0.030553348871762864
7864320,0.1696830487344414,-0.19999999999999954,-0.000640869140625,-0.026915149986962206,0.06763521325774491,-0.001822776289372996,-0.026641165793989785,-0.0036874881207040744,-0.0314444990362972
7929856,0.1569909444078803,-0.19999999999999954,0.001495361328125,-0.03502561880304711,0.06776906194863841,-0.0018780601803882746,-0.025064572531846352,-0.003475035222436418,-0.03086399839958176
7995392,0.2713425909169018,-0.19999999999999954,0.00042724609375,0.08218412010319298,0.06730442342814058,-0.0006913612890002696,-0.023672339812037535,-0.0038190617294731055,-0.028707377321552485
8060928,0.18676323408726603,-0.19999999999999954,0.00128173828125,-0.012548506579150853,0.06905203958740458,-0.0011989384429398342,-0.029807288010488264,-0.005629684867017204,-0.03300960462365765
8126464,0.18220901465974748,-0.19999999999999954,-0.00128173828125,-0.01873563037270287,0.06859060714486986,-0.0014079661650612252,-0.029722743172897026,-0.0046210731779865455,-0.03250465360179078
8192000,0.1757044419646263,-0.19999999999999954,0.001922607421875,-0.022556376658030786,0.06853837432572618,-0.0018316069454158423,-0.02999519821605645,-0.004747933904582169,-0.032148078782483935
8257536,0.15906946174800396,-0.19999999999999954,-0.00213623046875,-0.04425543313845992,0.06805060635088012,-0.0019792847569988226,-0.028621816614759155,-0.0051124464262102265,-0.03353350778343156
8323072,0.2722169754561037,-0.19999999999999954,0.00042724609375,0.08685057133970986,0.06903367047198117,-0.0008401258176036208,-0.020347855483123567,-0.003579607655865402,-0.030059729411732405
8388608,0.1932674867566675,-0.19999999999999954,0.000640869140625,0.00037185740347922547,0.06929491774644703,-0.001299353167269146,-0.02241941966349259,-0.005024852187489159,-0.03408778985613026
8454144,0.17663977900519967,-0.19999999999999954,0.00042724609375,-0.014997443022366497,0.06934287981130183,-0.0016021233504943666,-0.021753320237621665,-0.0046769201653660275,-0.03337616803764831
8519680,0.16354476497508585,-0.19999999999999954,0.0,-0.028530965033496614,0.0697362469509244,-0.0017265468104596948,-0.020953697341610678,-0.005181307657039724,-0.03395815436670091
8585216,0.1475640288554132,-0.19999999999999954,-0.001922607421875,-0.05018572221160866,0.06927426386391744,-0.0020261259014660027,-0.022241782455239445,-0.006176562728796853,-0.03466551034944132
8650752,0.266295884270221,-0.19999999999999954,0.000213623046875,0.07824268624972319,0.06765123893273994,-0.00052839297745777,-0.02177197632045136,-0.003929504173811438,-0.029688186579733156
8716288,0.190041673486121,-0.19999999999999954,0.0,-0.0072639760724086955,0.06868652382399887,-0.0012187598613309092,-0.02603906455624383,-0.006153230755444383,-0.03258077222562861
8781824,0.1702629467472434,-0.19999999999999954,-0.00042724609375,-0.028461653093472705,0.06729940907098353,-0.0016638179840811063,-0.025930538133252412,-0.006429559594835155,-0.03157407710386906
8847360,0.15833950694650412,-0.19999999999999954,0.000213623046875,-0.04113064101693453,0.06782936659874395,-0.0018858749645005446,-0.026362488162703812,-0.007804496442986419,-0.03146179040777497
8912896,0.14963407441973686,-0.19999999999999954,-0.00128173828125,-0.05409894741023891,0.06764532258966938,-0.0022816363434685627,-0.02753489244787488,-0.009272019182390068,-0.031015157481306233
8978432,0.26057692512404174,-0.19999999999999954,-0.000213623046875,0.061870344579801895,0.06685272743925452,-0.000817745574181572,-0.026645158402970992,-0.007110132763955335,-0.03077170840697363
9043968,0.19173126597888768,-0.19999999999999954,0.0,-0.018414784970445908,0.06768248969456181,-0.00260018651442806,-0.031457665987545624,-0.011549979397386778,-0.03222070545598399
9109504,0.16394111805129796,-0.19999999999999954,-0.00042724609375,-0.045238623046316206,0.06640938692726195,-0.0030756749511056114,-0.030407414029468782,-0.011439305315434467,-0.030240073247114196
9175040,0.1570284829940647,-0.19999999999999954,-0.000640869140625,-0.05305079495883547,0.06587145043886267,-0.003420111912419088,-0.02992724024807103,-0.0120483979335404,-0.02991732042573858
9240576,0.1529038428561762,-0.19999999999999954,0.00128173828125,-0.055719851137837395,0.06548078355262987,-0.004090337071829708,-0.029720496138907038,-0.012391159361868631,-0.029184257029555738
9306112,0.23803608387243003,-0.19999999999999954,0.0,0.04022444444672146,0.06466781860217452,-0.0011052059776375245,-0.026579550678434316,-0.006417361266358057,-0.028377338385325857
9371648,0.19602453080005944,-0.19999999999999954,-0.000213623046875,-0.015401815538098163,0.0662846946506761,-0.003169920568325324,-0.033455169381340966,-0.011337414078298025,-0.02953442433499731
9437184,0.17192076263017952,-0.19999999999999954,-0.001068115234375,-0.04039771290263161,0.06723948603030294,-0.003240291751353652,-0.03240970584738534,-0.012002759096503723,-0.030841104948194697
9502720,0.16151121619623154,-0.19999999999999954,-0.00128173828125,-0.05010603340633679,0.06607619393616915,-0.003158104449539678,-0.03126647594035603,-0.012449435183953028,-0.029541667012381367
9568256,0.16142773069441319,-0.19999999999999954,0.0008544921875,-0.04538081492501078,0.06602612222195603,-0.0030733652001799783,-0.028973192980629392,-0.012283419557206798,-0.02936067132395692
9633792,0.24029298010282218,-0.19999999999999954,0.000213623046875,0.054598366401478415,0.06518173555377871,-0.0005414244559460712,-0.020793498370039742,-0.002918777485319879,-0.026836269564228132
9699328,0.1873303597094491,-0.19999999999999954,0.0,-0.007799037279255572,0.06705504393903539,-0.0013393429171628668,-0.024028200597967952,-0.005789985982119106,-0.031026909346110187
9764864,0.18294304329901934,-0.19999999999999954,-0.00042724609375,-0.014006226289893675,0.06708079762756824,-0.0012973820421393611,-0.02425074580241926,-0.005600361633696593,-0.03245359248830937
9830400,0.16467719164211303,-0.19999999999999954,-0.0008544921875,-0.03468635196804826,0.06776331411674619,-0.0016720979838282801,-0.025078118487726897,-0.006674298867437756,-0.0328509391983971
9895936,0.15476616472005844,-0.19999999999999954,-0.00042724609375,-0.04363906229264103,0.06722538112080656,-0.00199691549732961,-0.024511816183803603,-0.006697994067508262,-0.03199722993304022
9961472,0.24742945889011025,-0.19999999999999954,0.000213623046875,0.05979556855163537,0.06523784276214428,-0.0006429011800719309,-0.020887179089186247,-0.003006200012350746,-0.02854907496657688
10027008,0.20413506997283548,-0.19999999999999954,0.0,0.003554738032107707,0.06859692046418786,-0.0012852504469265114,-0.024373319422011264,-0.006705299219902372,-0.03681431119912304
10092544,0.17815343278925866,-0.19999999999999954,0.0,-0.0182757194070291,0.06825159583240747,-0.0013677143342647469,-0.02313017209235113,-0.0052604062111640815,-0.03492358056246303
10158080,0.16336359770502895,-0.19999999999999954,0.0,-0.03517479521542555,0.06838699529180303,-0.0018538975600677077,-0.023853373248130083,-0.0059896356469835155,-0.035228530352469534
10223616,0.15851892868522555,-0.19999999999999954,-0.00042724609375,-0.04093185540114064,0.06780823710141703,-0.002172571897972375,-0.02427234897913877,-0.006738528943969868,-0.033653492442681454
10289152,0.2422916217474267,-0.19999999999999954,-0.000213623046875,0.051765128737315536,0.0638423684576992,-0.0009892003740787914,-0.021711316032451577,-0.003037161947304412,-0.028417891153367236
10354688,0.19273304333910346,-0.19999999999999954,0.0,-0.006922114548615355,0.06708485441049561,-0.0019543861199053936,-0.026271340990206227,-0.006064266384782968,-0.0324500157876173
10420224,0.1751538923708722,-0.19999999999999954,-0.000213623046875,-0.02312647046164784,0.06701561214867979,-0.0022030837144484394,-0.02500960226461757,-0.004708885055151768,-0.03316077825729735
10485760,0.15770036063622683,-0.19999999999999954,-0.000213623046875,-0.04159053333569318,0.06632197770522907,-0.002184432902140543,-0.023820232177968137,-0.00602112273190869,-0.03337335582182277
10551296,0.15717053215485066,-0.19999999999999954,-0.000640869140625,-0.0413079817299149,0.06604956364026293,-0.002416041876131203,-0.02326374241965823,-0.006309404085186543,-0.03189948144427035
10616832,0.2497108879033476,-0.19999999999999954,0.0,0.06504719115309854,0.06356805676477961,-0.0006737554942901625,-0.018039637230685912,-0.002573370625214011,-0.026944079058011994
10682368,0.1908533697715029,-0.19999999999999954,-0.000213623046875,-0.0008368682920263382,0.06670183525420725,-0.0013676823436981067,-0.021127603846252896,-0.004686843723902712,-0.030995876586530358
10747904,0.16727540479041636,-0.19999999999999954,-0.0008544921875,-0.023802074772902415,0.06599421193823218,-0.0012797885265172226,-0.019973940652562305,-0.00455434683317435,-0.03041263534396421
10813440,0.15038013842422515,-0.19999999999999954,-0.000213623046875,-0.04113169463380473,0.06619426383986138,-0.001263344252947718,-0.01990724565985147,-0.00545604650687892,-0.030865925480611622
10878976,0.1515574314398691,-0.19999999999999954,0.0,-0.04186480191128794,0.06529656110797077,-0.0012405677789502079,-0.02157969807740301,-0.006275641659158282,-0.029624806804349646
10944512,0.24165959400124848,-0.19999999999999954,0.0,0.05335385315265739,0.06358074399759062,-0.0007923912353362539,-0.020833303555264138,-0.0027849400480590703,-0.027475849303300492
11010048,0.18565541331190616,-0.19999999999999954,-0.000640869140625,-0.013154846742963855,0.06635355396429077,-0.0017056066453733365,-0.024610975931864232,-0.005169989181013079,-0.033035572778317146
11075584,0.17945924529340118,-0.19999999999999954,0.000213623046875,-0.01557568961106881,0.06526456261053681,-0.0013542717560994788,-0.0225035302573815,-0.0047099187431740575,-0.03194564192381222
11141120,0.15849882585462183,-0.19999999999999954,-0.000213623046875,-0.03706233364937361,0.065792694571428,-0.0018143186998713645,-0.022259853198193014,-0.00570735401197453,-0.031358603402622975
11206656,0.15221547754481435,-0.19999999999999954,0.0,-0.04407282549072988,0.06613804816151969,-0.002349106092879083,-0.023428644111845642,-0.005916330475884024,-0.03073359970585443
11272192,0.24829616129864007,-0.19999999999999954,0.000213623046875,0.054784162723080954,0.06274720272631384,-0.0011270292957306083,-0.02376557204843266,-0.003191088343555748,-0.02838802720361855
11337728,0.20423857844434679,-0.19999999999999954,0.0,-0.004675960272379598,0.06561962174600922,-0.001924855966535688,-0.030478343542199582,-0.006628227136388887,-0.03550273075234145
11403264,0.18004111107438803,-0.19999999999999954,0.0,-0.02267722370379488,0.0660691104712896,-0.0025475757884123595,-0.027374604251235723,-0.0044999123783782125,-0.03436535022046883
11468800,0.1659874633187428,-0.19999999999999954,-0.00042724609375,-0.03812010250840103,0.06628478507627733,-0.003481655214272905,-0.026641435746569186,-0.004964863772329409,-0.03487843554466963
11534336,0.15442283172160387,-0.19999999999999954,-0.000213623046875,-0.04782084474572912,0.06622174615040421,-0.003847457148367539,-0.02532707185309846,-0.004895179794402793,-0.034183023613877594
11599872,0.2546672256430611,-0.19999999999999954,0.0,0.06978254108253168,0.06314101713360287,-0.0002902752700038036,-0.01614032762881834,-0.0023886371677690477,-0.02920646601705812
11665408,0.18576553312595934,-0.19999999999999954,0.0,-0.008568140120587486,0.06606294919038191,-0.0007602861574014241,-0.019216831962694414,-0.0044465156679507345,-0.035972985278931446
11730944,0.16639363614376634,-0.19999999999999954,-0.00042724609375,-0.02687547011191782,0.06581604978418909,-0.001128455966409092,-0.018198093595856335,-0.004419045966642443,-0.034913194162072614
11796480,0.15334186959080398,-0.19999999999999954,-0.00042724609375,-0.03837815211591078,0.06589246648945846,-0.0012685040710493922,-0.017668467451585457,-0.005145341194292996,-0.0331030608213041
11862016,0.15111950144637376,-0.19999999999999954,-0.00042724609375,-0.040547135999077,0.06557327628252096,-0.0013782052210444817,-0.01829088161321124,-0.004630294057278661,-0.03251678452943452
11927552,0.24767479242291301,-0.19999999999999954,0.00042724609375,0.060308054846245795,0.062321683479240164,-0.00030435896081826286,-0.018882161421061028,-0.0025984264411818003,-0.028330719884252176
11993088,0.2115825868677348,-0.19999999999999954,0.000213623046875,0.012624622025214194,0.06588438211474568,-0.0007416598518830142,-0.022860144978039898,-0.004572899437334854,-0.03688126371707767
12058624,0.17867902456782758,-0.19999999999999954,0.00042724609375,-0.014876568759063957,0.06641288223909214,-0.0007123731793399202,-0.02126199332997203,-0.0032721971056162147,-0.035149154035025276
12124160,0.1605330667225644,-0.19999999999999954,-0.000213623046875,-0.03457166079169838,0.06569401218439452,-0.0012366649507384864,-0.02133776254777331,-0.003394614448552602,-0.03461787092965096
12189696,0.14766087802127004,-0.19999999999999954,-0.00128173828125,-0.05060376791516319,0.06540124976891093,-0.0018062615126837045,-0.021577292660367675,-0.003439165597228566,-0.03556556804687716
12255232,0.2489245297620073,-0.19999999999999954,-0.000213623046875,0.0560885455342941,0.06103912222897634,-0.000683453716646909,-0.02030367765109986,-0.0029428208285935398,-0.029729446017881855
12320768,0.19907022861298174,-0.19999999999999954,-0.000213623046875,-0.005300615794112673,0.06518542492995039,-0.0014274898376243073,-0.025391802919330075,-0.00498618914753024,-0.03753649556892924
12386304,0.1715373401530087,-0.19999999999999954,0.0,-0.029541587638959754,0.06586140394210815,-0.001978868816877366,-0.02475189170218073,-0.003817525277554523,-0.036392041423823684
12451840,0.15555258037056774,-0.19999999999999954,0.0,-0.04571844414022053,0.065903755457839,-0.0023273855476872995,-0.02374371992482338,-0.0040867117586458335,-0.03701681812526658
12517376,0.14563024253584445,-0.19999999999999954,0.000213623046875,-0.05525701623992063,0.06621605163672939,-0.0028847675675933715,-0.02298713785421569,-0.0043674313856172375,-0.03707759210374206
12582912,0.25746941345278174,-0.19999999999999954,0.0,0.0721827259476413,0.06253371422644705,-0.00034452783268079656,-0.016245756138232537,-0.002293005431056372,-0.02893711112847086
12648448,0.19853194092866033,-0.19999999999999954,0.0,0.0023119767029129434,0.06489411476650275,-0.0008124962378133205,-0.019088175933575258,-0.0044881598150823265,-0.03672446655400563
12713984,0.1727309327106923,-0.19999999999999954,-0.000640869140625,-0.020065588668330747,0.06496929237619042,-0.0007857843575038714,-0.017107663494243752,-0.004418661010276992,-0.0348136096727103
12779520,0.1567861777730286,-0.19999999999999954,0.000213623046875,-0.03561848677054513,0.06461361894616857,-0.0007497763353967457,-0.01702696280699456,-0.004825722953682998,-0.03462941483303439
12845056,0.14117005717707798,-0.19999999999999954,-0.00042724609375,-0.04986518058285583,0.06473827044828795,-0.0008712786416253948,-0.01659726219077129,-0.0043033067813667,-0.033580177929252386
12910592,0.26067166216671467,-0.19999999999999954,-0.00042724609375,0.07472960977611365,0.061884421738795936,-0.0004091998270041586,-0.01696065708893002,-0.002263305400902027,-0.02776442249887623
12976128,0.19658374588470906,-0.19999999999999954,-0.000213623046875,0.00040801064187689917,0.06514078431064263,-0.001227474553616048,-0.021398066557594575,-0.004526071694272105,-0.033952374578802846
13041664,0.16823406447656453,-0.19999999999999954,-0.000213623046875,-0.023938208822073648,0.06476883459254168,-0.0013868622409063391,-0.01903583992680069,-0.004035891362946131,-0.032268863113131374
13107200,0.1552372871665284,-0.19999999999999954,-0.00042724609375,-0.038550531444343505,0.06484157487284392,-0.0015027112185634905,-0.0196998767205514,-0.004737709365144838,-0.03226345372968353
13172736,0.1472067179856822,-0.19999999999999954,0.00042724609375,-0.047685981378890574,0.06454770785057917,-0.0018316097030037781,-0.022190338058862835,-0.00503418345033424,-0.0308116688975133
13238272,0.24363839521538466,-0.19999999999999954,-0.00042724609375,0.04839339762656891,0.06300502983503975,-0.0006798720354481702,-0.025043283585546305,-0.003057080481084995,-0.02903869532747194
13303808,0.1830627553863451,-0.19999999999999954,0.0,-0.022480771398477373,0.06531057087704539,-0.002457819939991168,-0.030502598790917546,-0.0055184284938150086,-0.03237524701398797
13369344,0.16527336998842657,-0.19999999999999954,-0.00042724609375,-0.03579684936266858,0.06431213763426058,-0.0018843635043594986,-0.027894600934814662,-0.004526181088294834,-0.030650080836494453
13434880,0.15080729580949992,-0.19999999999999954,-0.000213623046875,-0.04477271996438503,0.06369536658166908,-0.0013262214670248795,-0.024427808792097494,-0.0038553482827410335,-0.0294523172051413
13500416,0.1498964389320463,-0.19999999999999954,-0.000640869140625,-0.042413751885760576,0.0633173676324077,-0.0011101216377937817,-0.02207608034950681,-0.0030583496154577006,-0.02874376821273472
13565952,0.25177616719156504,-0.19999999999999954,0.000213623046875,0.0669934473989997,0.06115294172195718,-0.0004413720480442862,-0.018148086288420018,-0.0018579049401523662,-0.025701918166305404
13631488,0.20131656050216407,-0.19999999999999954,-0.000213623046875,0.006274124410992954,0.06498775619547814,-0.0009947456296686141,-0.022869087842991576,-0.004018328363599721,-0.03193562066007871
13697024,0.1778113447362557,-0.19999999999999954,0.00042724609375,-0.015425573208176502,0.06552357814507559,-0.0011558924215933075,-0.022871463574119844,-0.0026496851787669584,-0.03251069843827281
13762560,0.164483200176619,-0.19999999999999954,0.0,-0.028974510369152995,0.06568808687734418,-0.0014870428649373935,-0.022570565226487815,-0.002482917669112794,-0.032605159329250455
13828096,0.15070637071039528,-0.19999999999999954,0.000640869140625,-0.04100967804697575,0.06582553897169419,-0.0014602907594962744,-0.021196421075728722,-0.0026662388008844573,-0.03286141040734947
13893632,0.2612305551301688,-0.19999999999999954,0.000213623046875,0.07678042434963572,0.06157769783749245,-0.0002776819848691048,-0.017744046250300016,-0.001936338987434283,-0.02628338306385558
13959168,0.20280799362808466,-0.19999999999999954,0.0,0.009515862948774156,0.0659464527561795,-0.0006815657816332532,-0.02137378219049424,-0.0037056358360132435,-0.033477598961326294
14024704,0.17163820145651698,-0.19999999999999954,-0.000213623046875,-0.018046415531898674,0.06612487218808383,-0.0007566852809759439,-0.019252451238571666,-0.0027276757682557218,-0.03285868042439688
14090240,0.15659129549749196,-0.19999999999999954,0.00042724609375,-0.03377271373028634,0.06613145559094846,-0.0008986382058537856,-0.018979724161908962,-0.0029799790427205153,-0.03406398340302985
14155776,0.1412256333278492,-0.19999999999999954,-0.001708984375,-0.05060013917682227,0.06569371276418678,-0.0010306289818799996,-0.01833640531549463,-0.0031743743620609166,-0.03327974495186936
14221312,0.2525981445796788,-0.19999999999999954,0.000213623046875,0.07128661489696242,0.06260057730833068,-0.00031710864323031274,-0.01587927069340367,-0.0018190661835433275,-0.026110283382877242
14286848,0.196837802301161,-0.19999999999999954,0.0,0.006093943969972315,0.06674894358729944,-0.0006599678536076681,-0.019211340113542974,-0.0037533114482357632,-0.0338681810972048
14352384,0.17241562576964498,-0.19999999999999954,-0.00042724609375,-0.01710686887781776,0.06610204151365906,-0.0007400468962259765,-0.019015553931239992,-0.0028688575239357306,-0.03257358603877947
14417920,0.15309995727147907,-0.19999999999999954,0.0,-0.03852637021918781,0.06626420569955371,-0.0007876961039983144,-0.019539481290848926,-0.0041904464833351085,-0.03337290637136903
14483456,0.14785099087748677,-0.19999999999999954,-0.001068115234375,-0.047371492015372496,0.06554008284001611,-0.0010603461896607769,-0.021046472305897623,-0.004904399247607216,-0.03268725608359091
14548992,0.24131575436331332,-0.19999999999999954,0.000213623046875,0.05897119080873381,0.060912283952347934,-0.00029427576390617105,-0.01630353444488719,-0.001656637448377296,-0.025216020498191938
14614528,0.19212815607897937,-0.19999999999999954,-0.00042724609375,-0.0016931751979427645,0.06726949365111068,-0.0010978314071508066,-0.02220406144624576,-0.0039556167776027,-0.03340572695014998
14680064,0.17108697618823498,-0.19999999999999954,-0.00042724609375,-0.019202625331672607,0.06619609554763883,-0.0009585016177879879,-0.020756494006491266,-0.002901788726376253,-0.031441152954357676
14745600,0.15876873477827758,-0.19999999999999954,0.0,-0.033472276732936734,0.06624278862727806,-0.0009408742589585017,-0.02150827100558672,-0.003612490625528153,-0.03242264593427535
14811136,0.14977885771077126,-0.19999999999999954,-0.000640869140625,-0.040954258271085564,0.06574798538349569,-0.0010269133026667987,-0.020176376769086346,-0.0038140750693855807,-0.030825831287074834
14876672,0.2414423197042197,-0.19999999999999954,0.0,0.05859204971056897,0.061185021011624485,-0.00025512365374424917,-0.016349147772416472,-0.001608483621794221,-0.02582253480068175
14942208,0.19550356885883957,-0.19999999999999954,-0.000213623046875,0.0026834934142243583,0.06629694375442341,-0.0009055513223756861,-0.021076148259453475,-0.0037777280740556307,-0.0331435081170639
15007744,0.1712665045633912,-0.19999999999999954,-0.000213623046875,-0.01773587101342855,0.06578089948743582,-0.0006508007134016225,-0.01860957994358614,-0.0030180999892763793,-0.032290773815475404
15073280,0.15653612825553864,-0.19999999999999954,-0.00042724609375,-0.034888135312939994,0.06585856710444205,-0.00085269474902816,-0.019584713663789444,-0.0040101667000271846,-0.03241059467836749
15138816,0.14747526735300198,-0.19999999999999954,-0.001495361328125,-0.04877105969353579,0.0658775650372263,-0.0010959510113934812,-0.021661196413333528,-0.004974505784048233,-0.032904435822274536
15204352,0.23332069686148316,-0.19999999999999954,0.0,0.042310966206059675,0.061273360857740045,-0.00036769301902950247,-0.021814847619680222,-0.0023476805752125074,-0.027752870177209843
15269888,0.1831501767737791,-0.19999999999999954,-0.000213623046875,-0.018053981787943485,0.0661194839340169,-0.0013761202958448848,-0.02790086380264256,-0.004317094084399287,-0.03351557094720192
15335424,0.17069310951046646,-0.19999999999999954,-0.000213623046875,-0.028806755453842925,0.06577403022674844,-0.001324725327322085,-0.0263556230784161,-0.004727295738121029,-0.032652457390213385
15400960,0.16214048024266958,-0.19999999999999954,-0.001068115234375,-0.03650217907852493,0.06514338648412377,-0.0011971182111665257,-0.024503162712790072,-0.005244109863269841,-0.03177472794777714
15466496,0.15244287624955177,-0.19999999999999954,-0.001708984375,-0.04743780248099938,0.06522347484133206,-0.0013979664981889073,-0.024509612616384402,-0.005662409548676806,-0.03183305315906182
15532032,0.24361068999860436,-0.19999999999999954,0.00042724609375,0.06058903693337925,0.06170089446823113,-0.0003608313401173291,-0.016599545582721476,-0.001982622393825295,-0.026206792455923278
15597568,0.18971918080933392,-0.19999999999999954,0.0,-0.0025634752491896506,0.06627852396923117,-0.0011525113127390796,-0.02140385915117804,-0.004073272555615404,-0.03193225861468818
15663104,0.16932101920247078,-0.19999999999999954,-0.0008544921875,-0.020990376058762195,0.06585718001588248,-0.0010524057033762801,-0.019636312281363644,-0.0035583739772846457,-0.031069134827703238
15728640,0.15884758718311787,-0.19999999999999954,-0.000640869140625,-0.032041893035057,0.06606210136669688,-0.0011325650548315025,-0.02041434896818828,-0.0036090171815885697,-0.031154453332419507
15794176,0.15182766737416387,-0.19999999999999954,-0.002349853515625,-0.03938900420325808,0.06614255046588369,-0.0013429207574517932,-0.019945028296206146,-0.0031894906987872673,-0.03053360884950962
15859712,0.24741794751025736,-0.19999999999999954,0.0,0.06314050866967591,0.061303213151404634,-0.0005392665609633696,-0.0175534389418317,-0.0016580007243192085,-0.025829943973803893
15925248,0.19849562470335513,-0.19999999999999954,0.0,0.005697513176528446,0.0668698460503947,-0.0012714541944660596,-0.0228984684945317,-0.003449975476542022,-0.032048058608779684
15990784,0.17344120633788407,-0.19999999999999954,-0.000640869140625,-0.018349858932197094,0.06665914386394434,-0.0010512118146834837,-0.021647681918693706,-0.0027230838604737073,-0.032388317777076736
16056320,0.16042171942535788,-0.19999999999999954,0.0,-0.031204978509776993,0.06738444202346727,-0.0013183932214815286,-0.021793392559629865,-0.002728674333411618,-0.03317075282393489
16121856,0.14916443871334195,-0.19999999999999954,-0.001495361328125,-0.044646521186223254,0.06735017336905003,-0.0014339250164994155,-0.021804965494084172,-0.002967344640637748,-0.03346320266427938
16187392,0.25631405937019736,-0.19999999999999954,0.000640869140625,0.07239258798654191,0.06294416839955375,-0.00040626551390232635,-0.017898340520332567,-0.0017663324060777086,-0.02743556854693452
16252928,0.19646053691394627,-0.19999999999999954,0.000213623046875,0.005155559560080292,0.0677981439512223,-0.0008264914872597728,-0.022324945413856767,-0.0031231521497829817,-0.0330421527614817
16318464,0.17179079516790807,-0.19999999999999954,-0.00042724609375,-0.02058973616476578,0.06794533034553751,-0.0012765820220010937,-0.021769401122583076,-0.003156242542900145,-0.03369594836840406
16384000,0.15702080528717488,-0.19999999999999954,-0.0008544921875,-0.03496994323359104,0.06818778871092945,-0.0015987969909474486,-0.021069761671242304,-0.0033007272832037415,-0.0333563363092253
16449536,0.14394344127504155,-0.19999999999999954,-0.001922607421875,-0.04885889200522797,0.06790622242260724,-0.0018401648176222807,-0.020700603461591527,-0.003161643975545303,-0.0330974668613635
16515072,0.24973143788520247,-0.19999999999999954,0.00042724609375,0.06543295409937855,0.062348976789508015,-0.0003433193317050609,-0.016766922730312217,-0.0019501383103488479,-0.028014325071126223
16580608,0.19283890386577696,-0.19999999999999954,-0.000640869140625,-0.0011490927245176863,0.06746887339977548,-0.001205501633194217,-0.021857645479030907,-0.003551640767909703,-0.03420266903412994
16646144,0.17053648317232728,-0.19999999999999954,0.0,-0.01948149307827407,0.06714220764115453,-0.0012078970630682306,-0.020751330041093752,-0.0030687047146784607,-0.032133578992215917
16711680,0.16163924313150346,-0.19999999999999954,0.00042724609375,-0.027608244854491204,0.06715254738810472,-0.0012109746921851183,-0.02098486543400213,-0.003370752010596334,-0.03126034195884131
16777216,0.15030631248373538,-0.19999999999999954,0.0008544921875,-0.039719206986774225,0.06783618632471189,-0.0019157990136591252,-0.022557586882612668,-0.003565852677638759,-0.030676925598527305
16842752,0.2433875409187749,-0.19999999999999954,0.0,0.05655930934881326,0.06245095451595262,-0.0005749792409233123,-0.020263015358068515,-0.002075744774629129,-0.026365447105490603
16908288,0.19441924209240824,-0.19999999999999954,0.000213623046875,-0.0023357605878118193,0.06803002418018878,-0.0013485692179528996,-0.025557393732015043,-0.004202585461825947,-0.033890099919517525
16973824,0.1715627731755376,-0.19999999999999954,0.0,-0.02298230446103844,0.0683690527221188,-0.0015412044413096737,-0.024440673252684064,-0.003033795434021158,-0.03389896481530741
17039360,0.15974530251696706,-0.19999999999999954,0.000213623046875,-0.03268478687823517,0.06832421518629417,-0.0017731550642565708,-0.022628808495937847,-0.003521009979522205,-0.033044951502233744
17104896,0.15676780010107905,-0.19999999999999954,0.0,-0.03538484413002152,0.06862276955507696,-0.001857268077401386,-0.023107551009161398,-0.0036655290277849417,-0.032147110847290605
17170432,0.24741258507128805,-0.19999999999999954,0.00042724609375,0.06401792649558047,0.06465735496021807,-0.00036041578653112083,-0.018605188321089372,-0.001863927028807666,-0.02764972666045651
17235968,0.18845121562480927,-0.19999999999999954,0.0,-0.0030340690100274514,0.06850162975024432,-0.0011394481953175273,-0.023484223027480766,-0.0036641157548729097,-0.0316999248607317
17301504,0.17282892111688852,-0.19999999999999954,-0.000640869140625,-0.018168651573432726,0.06794916943181306,-0.001084410350813414,-0.022287924657575786,-0.0027019712233595783,-0.032233456324320287
17367040,0.16589024767745286,-0.19999999999999954,-0.00042724609375,-0.026008827164332615,0.0680073804105632,-0.001218875011545606,-0.02201031665026676,-0.003130885839709663,-0.03311819325608667
17432576,0.15722155175171793,-0.19999999999999954,-0.00128173828125,-0.033665603725239635,0.06733122820151038,-0.0013641269033541903,-0.020876453883829527,-0.0030024411826161668,-0.03170041767589282
17498112,0.23006998642813414,-0.19999999999999954,0.000213623046875,0.04259117305628024,0.06201192471780814,-0.0005146998057625751,-0.020191172323393403,-0.0020209415429235378,-0.026977545690897387
17563648,0.20155363669618964,-0.19999999999999954,0.00042724609375,0.003312869095680071,0.06844716804334894,-0.0011903598538083315,-0.02558436464460101,-0.004492377669521375,-0.03584807690640446
17629184,0.17781917366664857,-0.19999999999999954,-0.00042724609375,-0.017366430420224788,0.06737972312839702,-0.0014343960410769796,-0.02371118300652597,-0.0031968888761184644,-0.03379695875628386
17694720,0.16814507090020925,-0.19999999999999954,-0.001708984375,-0.028003334080494824,0.06681380741065368,-0.0017162401873065392,-0.021902716005570255,-0.0030658523610327393,-0.03456989205733407
17760256,0.15695102652534842,-0.19999999999999954,-0.00042724609375,-0.03641112277182401,0.06785077863605693,-0.0020121912748436444,-0.02049021857965272,-0.0033295051125605823,-0.03495960867439862
17825792,0.25686867721378803,-0.19999999999999954,0.000213623046875,0.07314403126656543,0.06489515415159985,-0.000324494225651506,-0.017407157582056243,-0.001988327768003728,-0.02911344221502077
17891328,0.1935433183098212,-0.19999999999999954,-0.0008544921875,0.0024251302265838603,0.06789989821845666,-0.0008929244422688498,-0.02002261510642711,-0.0034434487079124665,-0.033801980811404064
17956864,0.1694297887152061,-0.19999999999999954,0.000213623046875,-0.016884499375919404,0.06783188742701896,-0.0008368814969799132,-0.018265804479597136,-0.002927209257904906,-0.0323299002047861
18022400,0.15301806665956974,-0.19999999999999954,0.00042724609375,-0.03306619022623636,0.06771540507907048,-0.0011376321335774264,-0.018044765180093236,-0.003618007283876068,-0.03142649961228017
18087936,0.1443980784388259,-0.19999999999999954,-0.00042724609375,-0.04135798342031194,0.06766227219486609,-0.001206043373713328,-0.017815600862377323,-0.003021593609446427,-0.030951408465625718
18153472,0.24521961330901831,-0.19999999999999954,0.00042724609375,0.06029542205214966,0.06421055184910074,-0.0004287369251869677,-0.01983014025245211,-0.0018733356121174438,-0.02742977606249042
18219008,0.18541829462628812,-0.19999999999999954,0.000213623046875,-0.006077478751649323,0.06850220949854702,-0.0011422515199228656,-0.024567054235376418,-0.0034143745524488622,-0.031087922761798836
18284544,0.16746924899052829,-0.19999999999999954,0.00042724609375,-0.01897464609828603,0.06753667292650789,-0.0010247767017972365,-0.021549025463173166,-0.0022122102818684652,-0.02962179902533535
18350080,0.1550362480338663,-0.19999999999999954,-0.000213623046875,-0.03039504947810201,0.06769791047554463,-0.0011131723895232426,-0.019512746934196912,-0.0023463441320927814,-0.029943739209556952
18415616,0.15020219993311912,-0.19999999999999954,-0.000213623046875,-0.036525835406791884,0.06769510492449626,-0.0014504934079013765,-0.02000704854435753,-0.0022574556387553457,-0.030498632360831834
18481152,0.22924274648539722,-0.19999999999999954,0.000213623046875,0.04401109938044101,0.06390448979800567,-0.00048511571878862014,-0.01975849370501237,-0.0016682023149314773,-0.027437947152066045
18546688,0.20169267477467656,-0.19999999999999954,0.0,0.004587422579788836,0.06892874871846288,-0.0012803795525542228,-0.02521454131056089,-0.004142482817769633,-0.03539874931448139
18612224,0.18169705767650157,-0.19999999999999954,-0.000213623046875,-0.012586367342009908,0.0677835425012745,-0.0013518989699150552,-0.02374755027994979,-0.002821641832269961,-0.0339320728671737
18677760,0.1648873024387285,-0.19999999999999954,0.0,-0.03119698987575248,0.06813542312011123,-0.0018046318300548592,-0.024776008576736785,-0.00280239648418501,-0.03483684852835722
18743296,0.15585827105678618,-0.19999999999999954,-0.001068115234375,-0.041731810131750535,0.0676023656851612,-0.0022287745423454908,-0.02458029800618533,-0.0029575593889603624,-0.0343617756589083
18808832,0.2349980705184862,-0.19999999999999954,0.0,0.048227201699774014,0.062470339733408764,-0.0005747354653067305,-0.020890792809950653,-0.0016834566208672186,-0.026092221407452598
18874368,0.20316456956788898,-0.19999999999999954,-0.000213623046875,0.0026877817836066242,0.0685513173812069,-0.0016831319248922227,-0.027593443883233704,-0.004443062938662479,-0.0350944666279247
18939904,0.17962426994927227,-0.19999999999999954,0.000213623046875,-0.015037302960081433,0.06753389962250367,-0.0017103539266827283,-0.02454718943045009,-0.0035960364039056003,-0.03255551251641009
19005440,0.16209702799096704,-0.19999999999999954,-0.00042724609375,-0.033028461766662076,0.06762113719014451,-0.0022717889723935514,-0.023892986093414947,-0.0035278247869428014,-0.032628192799165845
19070976,0.16141123557463288,-0.19999999999999954,-0.000213623046875,-0.036386580037287786,0.06745634402614087,-0.0027668250586430077,-0.025546849064994603,-0.004102264247194398,-0.032628319240757264
19136512,0.23278889246284962,-0.19999999999999954,0.0,0.041418768785661086,0.06361510063288733,-0.0006470186367550923,-0.024917691302107414,-0.001985619154993401,-0.02743489337444771
19202048,0.19420500041451305,-0.19999999999999954,0.0,-0.007722380670202256,0.06833714173990302,-0.0017789455278034438,-0.030869878828525543,-0.0046390884981519775,-0.03297628916334361
19267584,0.17189610609784722,-0.19999999999999954,0.0,-0.022056457944927388,0.06772162875859067,-0.0015385440110549098,-0.02607719371735584,-0.003129745142359752,-0.030930268694646657
19333120,0.1587255105841905,-0.19999999999999954,-0.000213623046875,-0.03483680706631276,0.06751871161395684,-0.0016801288256829139,-0.02391711133532226,-0.00385964448832965,-0.03141075276653282
19398656,0.14777323399903253,-0.19999999999999954,0.0,-0.042793141037691385,0.06765093805734068,-0.0020601942314897315,-0.022397506545530632,-0.003721910814419971,-0.030038169919862412
19464192,0.25126157281920314,-0.19999999999999954,0.0,0.06825822894461453,0.0640250361757353,-0.00036657838688824995,-0.016892916759388754,-0.0018754222119241604,-0.027890510682482272
19529728,0.19954211812000722,-0.19999999999999954,-0.000213623046875,0.006812207292568928,0.06786543288035318,-0.0010195504360126506,-0.02140053076436743,-0.003978523734986084,-0.03398248087614775
19595264,0.1671547822188586,-0.19999999999999954,-0.000640869140625,-0.02150892202371324,0.06779260846087709,-0.00110001553366601,-0.019242082751588896,-0.0038827461357868742,-0.0315934004902374
19660800,0.1564869013382122,-0.19999999999999954,0.000213623046875,-0.0287061691233248,0.06866107892710716,-0.0009448763848922681,-0.017947086642379873,-0.004203846136078937,-0.030971959567978047
19726336,0.14926534553524107,-0.19999999999999954,-0.000640869140625,-0.03816901169193443,0.06864444265374914,-0.0010598743015179934,-0.018237100914120674,-0.00416947958728997,-0.03197551117045805
19791872,0.24815420212689787,-0.19999999999999954,0.0,0.0658175796706928,0.0645189530623611,-0.00024097917031440375,-0.016665457922499627,-0.0017179707317609427,-0.028231166084879078
19857408,0.19970227545127273,-0.19999999999999954,0.000213623046875,0.010353994724937365,0.06809196638641879,-0.0007129417808755534,-0.02017066733969841,-0.003624159688115469,-0.033146099449368194
19922944,0.1703462810255587,-0.19999999999999954,0.0,-0.014698248453896667,0.06825325032696128,-0.0007630390005033405,-0.018002459095441736,-0.003432653489653603,-0.031099626678042114
19988480,0.154160943813622,-0.19999999999999954,0.0,-0.03097597353917081,0.06835956044960767,-0.0009903837581077823,-0.017665115221461747,-0.0037271890323609114,-0.031114908284507692
20054016,0.13952251058071852,-0.19999999999999954,-0.001495361328125,-0.0497955032842583,0.06838609249098226,-0.0014181883752826252,-0.01915591630677227,-0.0035031195111514535,-0.03213824061094783
20119552,0.24369276640936732,-0.19999999999999954,-0.000213623046875,0.0609901272910065,0.06477783460286446,-0.00037620683963268675,-0.01713521911733551,-0.0017554874830238987,-0.027997434081044048
20185088,0.1981609264621511,-0.19999999999999954,-0.00042724609375,0.00865291128775425,0.06802391965175048,-0.0006510264474854921,-0.020126067654928192,-0.003094469069765182,-0.03323277260642499
20250624,0.17088479769881815,-0.19999999999999954,0.0,-0.014310226073575905,0.06798344780690968,-0.0007166844479797874,-0.01869452904793434,-0.002545404831835185,-0.031221690893289633
20316160,0.1558666075579822,-0.19999999999999954,-0.000213623046875,-0.03191663492907537,0.06758174189599231,-0.0008308507967740297,-0.018938229128252715,-0.0027849085417983588,-0.03259888227330521
20381696,0.15112439170479774,-0.19999999999999954,-0.0008544921875,-0.03602386737111374,0.06807119597215205,-0.0009297228139075742,-0.018501319791539572,-0.002694606309887604,-0.03224896822939627
20447232,0.23827658942900598,-0.19999999999999954,0.0,0.0567257280490594,0.0656847899663262,-0.00027565892972347683,-0.016804498925921507,-0.0014142542859190144,-0.028741239046212286
20512768,0.1875361071433872,-0.19999999999999954,0.0,-0.0008168933982233284,0.06775990437017754,-0.0009300077349507774,-0.019740427887882106,-0.0029481149722414557,-0.032494352155481465
20578304,0.17414405394811183,-0.19999999999999954,-0.000213623046875,-0.011637330251687672,0.06719906130456366,-0.0008454853823423036,-0.018699701206060126,-0.0027380555675335927,-0.030483420836389996
20643840,0.15949412540066987,-0.19999999999999954,-0.00042724609375,-0.027106522265967214,0.06757100555114448,-0.0007072388930282614,-0.019050732284085825,-0.002986891442560591,-0.03099965542787686
20709376,0.1506211314117536,-0.19999999999999954,-0.00042724609375,-0.03741027617070358,0.06754736465518363,-0.0008609964902461797,-0.02001856938295532,-0.003163882205626578,-0.03111035458277911
20774912,0.23085931909736246,-0.19999999999999954,0.000213623046875,0.04862751179462066,0.0639125032175798,-0.0002958132511139411,-0.018055778222333174,-0.0014083797352668626,-0.026597961186780594
20840448,0.19276090420316905,-0.19999999999999954,-0.000213623046875,-0.0008389376644117874,0.06772781506879255,-0.0010306852809662814,-0.023455603775801137,-0.0033389269610779593,-0.0332884197414387
20905984,0.1785401701927185,-0.19999999999999954,-0.000213623046875,-0.011245221989156562,0.06718091497896239,-0.0010318532586097717,-0.021418842181446962,-0.0024396597600571113,-0.03186176987946965
20971520,0.16444806091021746,-0.19999999999999954,0.0,-0.023650033817830263,0.06681315921014175,-0.0010674011468836397,-0.02015835502243135,-0.002535650448407978,-0.031149717280641198
21037056,0.15471043647266924,-0.19999999999999954,-0.000640869140625,-0.03594314402289456,0.06707570879370905,-0.001532952226625639,-0.021059082471765578,-0.0026864918181672692,-0.03181110460718628
21102592,0.22278272570110857,-0.19999999999999954,-0.000213623046875,0.043427727090602275,0.06394325027940795,-0.00016440757167401898,-0.016047535431425786,-0.0009738865360873206,-0.025897725703543983
21168128,0.20022596057970077,-0.19999999999999954,0.0,0.008833329304252402,0.06685874186223373,-0.000762343050155323,-0.019999751340947114,-0.0032933329948718892,-0.034195943822851405
21233664,0.17925698915496469,-0.19999999999999954,-0.000213623046875,-0.006543814979522722,0.06618659576633945,-0.0007959944869071478,-0.017788035300327465,-0.002092892185828532,-0.03109625903016422
21299200,0.1665187490871176,-0.19999999999999954,-0.0008544921875,-0.019656227948871674,0.0662915070715826,-0.0007446235044881178,-0.01837158339913003,-0.002237792964479013,-0.03025840685586445
21364736,0.1537644697818905,-0.19999999999999954,-0.000640869140625,-0.032745373177021975,0.06658605151460506,-0.0009803228294913424,-0.019162455660989508,-0.0020820506770178326,-0.030233525729272515
21430272,0.22728468221612275,-0.19999999999999954,0.0,0.04752437982824631,0.06278226166614331,-0.00017645339670480098,-0.016377737803850323,-0.001160081663897472,-0.024828290464938618
21495808,0.20392622472718358,-0.19999999999999954,0.0,0.012762813961671782,0.06704401195747778,-0.0008648559141875012,-0.02151937352027744,-0.003402060612643254,-0.03242113043961581
21561344,0.1759256236255169,-0.19999999999999954,-0.00042724609375,-0.009498154617176624,0.0657982258417178,-0.000803935632120556,-0.01903267001034692,-0.0021126525307408883,-0.02884456721949391
21626880,0.16315403732005507,-0.19999999999999954,-0.000640869140625,-0.024636140293296194,0.06501115279388614,-0.0008292127135973715,-0.01916863038786687,-0.0027951231204497162,-0.029367567607550882
21692416,0.15140084037557244,-0.19999999999999954,-0.00042724609375,-0.03579070238629356,0.06551417271839455,-0.0011218360796192428,-0.019408393927733414,-0.0030748844856134383,-0.028675713372649625
21757952,0.2340730301802978,-0.19999999999999954,0.0,0.05407363262202125,0.062496230617398396,-0.00018908134507000796,-0.01636598398181377,-0.0012062804878496536,-0.024734280246775597
21823488,0.19621730595827103,-0.19999999999999954,0.0,0.008082034356448276,0.06664228718727827,-0.0005559706653457397,-0.020099134955671616,-0.003216879928004346,-0.030905571213224903
21889024,0.17818101844750345,-0.19999999999999954,0.0,-0.0042872207222899306,0.06598693714477122,-0.0005171156890355633,-0.01764508350606775,-0.00264503308244457,-0.02764794192626141
21954560,0.16109528311062604,-0.19999999999999954,-0.000640869140625,-0.023775127927365247,0.0658689571719151,-0.0007904526819402236,-0.017789449433621485,-0.003174705778292264,-0.028344538965029642
22020096,0.14951707347063348,-0.19999999999999954,-0.0008544921875,-0.03541590580425691,0.06642075348645449,-0.0010701540322770597,-0.01771454136178363,-0.0034209788500447758,-0.028294443764025345
22085632,0.22592698293738067,-0.19999999999999954,0.0,0.042219183160341345,0.062424418196314946,-0.0002477596680705574,-0.01870341316316626,-0.001630226909810517,-0.025550815655151382
22151168,0.20668571826536208,-0.19999999999999954,-0.000213623046875,0.010174408326747653,0.06709897558903322,-0.0008591526820964646,-0.024217287631472573,-0.0037608969487337163,-0.034560412968858145
22216704,0.1827802382176742,-0.19999999999999954,-0.001068115234375,-0.010895438182160433,0.06675297819310799,-0.0013651745221068268,-0.022660515809548087,-0.0031869688427832443,-0.03214915710850619
22282240,0.16570081957615912,-0.19999999999999954,-0.0008544921875,-0.024407953627815004,0.06677613756619394,-0.0012800327012882917,-0.020522913764580153,-0.0032788115295261377,-0.030950701388064772
22347776,0.15576032444369048,-0.19999999999999954,-0.000640869140625,-0.03257155044047977,0.06689404300414026,-0.001162398977612611,-0.01947048687725328,-0.0029049743061477784,-0.03104709566105157
22413312,0.24675755761563778,-0.19999999999999954,0.000213623046875,0.06519944341562223,0.063351595250424,-0.00021528072025489564,-0.01657437055473565,-0.0015994217790193943,-0.026734258703072555
22478848,0.20420634280890226,-0.19999999999999954,0.0,0.013146972360118525,0.06764390313765034,-0.0007147302781049802,-0.019821394700556993,-0.004006083108833991,-0.034161062198108993
22544384,0.17295121040660888,-0.19999999999999954,-0.00042724609375,-0.016966083747320226,0.06728808645857498,-0.0009221727091244247,-0.01805129613057943,-0.004611004715115996,-0.033193363808095455
22609920,0.1518410787684843,-0.19999999999999954,-0.000213623046875,-0.03571812290465459,0.06755740055814385,-0.0013458614275805303,-0.017886867761262693,-0.005317574989021523,-0.030353651163750328
22675456,0.14434651273768395,-0.19999999999999954,-0.00128173828125,-0.04388878116151318,0.06736313743749633,-0.0012691710116996546,-0.018460113278706558,-0.0044364019377098884,-0.03015516464074608
22740992,0.22897832677699625,-0.19999999999999954,0.0,0.046568194065912394,0.06314068561187014,-0.00035487198965711286,-0.017600681003386853,-0.0016743794553804037,-0.02592085942160338
22806528,0.2073573424713686,-0.19999999999999954,-0.00042724609375,0.011566005483928166,0.06751499476376921,-0.0008604276749792916,-0.023518391011748463,-0.0036572364824678516,-0.03484471931005828
22872064,0.17534260894171894,-0.19999999999999954,0.0,-0.015117411750907195,0.06697910523507744,-0.0011980993617726199,-0.021308530747774057,-0.0030606534382968675,-0.031871525730821304
22937600,0.15647694107610732,-0.19999999999999954,-0.00042724609375,-0.036586568341590464,0.06703267741249874,-0.0016227991081905202,-0.02257549244677648,-0.0034974273021362023,-0.03197500202804804
23003136,0.147898608003743,-0.19999999999999954,-0.000213623046875,-0.04593033899436705,0.06702241094899364,-0.0019829188013318344,-0.02292902061890345,-0.003973142016548081,-0.03175480848585721
23068672,0.2394703138852492,-0.19999999999999954,0.000213623046875,0.05722458985837875,0.0638444991200231,-0.00039810718203625584,-0.018019301067397464,-0.0014623678891894087,-0.026424068375490606
23134208,0.20414866274222732,-0.19999999999999954,0.0,0.011460910614005115,0.06734515030984767,-0.0010153517832804937,-0.021840375105966814,-0.003640537719547865,-0.033537344250362366
23199744,0.1741498230258003,-0.19999999999999954,-0.00042724609375,-0.014193742647876206,0.0667422222904861,-0.0008133073069984675,-0.019513352526701055,-0.002972534171931329,-0.03135999235382769
23265280,0.1512822366785258,-0.19999999999999954,0.0,-0.035636824803077616,0.06710204348200932,-0.001154739964476903,-0.019302308835904114,-0.003554770810296759,-0.030009282141691074
23330816,0.14849078061524779,-0.19999999999999954,-0.00042724609375,-0.042302779911551625,0.06703107990324497,-0.0016458479349239497,-0.020877393879345618,-0.003620019497247995,-0.031257164519047365
23396352,0.2461964504327625,-0.19999999999999954,0.000213623046875,0.06158772272465285,0.06402450069435872,-0.00046879364526830614,-0.01961906283395365,-0.0018521191832405748,-0.026906874481937848
23461888,0.20215803978499025,-0.19999999999999954,0.00042724609375,0.00874575676243694,0.06596303259721026,-0.0009635678079575882,-0.02347985256346874,-0.0032312208732037107,-0.0321279186027823
23527424,0.17568157252389938,-0.19999999999999954,-0.000213623046875,-0.01638910714427766,0.06606453793938272,-0.001134765187089215,-0.022200192732270807,-0.003249537125157076,-0.03133668664668221
23592960,0.15952937165275216,-0.19999999999999954,0.000213623046875,-0.03168678509518941,0.06654350124881603,-0.0015583744179821224,-0.02102858043508604,-0.0038463128912553657,-0.03154001012444496
23658496,0.14552993432153016,-0.19999999999999954,-0.000213623046875,-0.0464169567276258,0.06621846012421884,-0.0017202256876771571,-0.020865879982011393,-0.0035945025647379225,-0.03177584482182283
23724032,0.2395378187065944,-0.19999999999999954,0.0,0.05512448686931748,0.063896341889631,-0.0006297703491782158,-0.019563687936170027,-0.0017040616394297103,-0.026412151855765842
23789568,0.19343085656873882,-0.19999999999999954,0.000213623046875,0.0013830103916916414,0.06585218905820511,-0.001323958355897048,-0.02331433186191134,-0.0033801245681388536,-0.03009524142544251
23855104,0.17138116713613272,-0.19999999999999954,-0.000640869140625,-0.01824166176993458,0.06549803068628535,-0.0014106900262049749,-0.022432156198192388,-0.0023925959740154212,-0.02824520274589304
23920640,0.1587431092048064,-0.19999999999999954,-0.000213623046875,-0.0294106376968557,0.06548783229663968,-0.001438078149476496,-0.021097389573697,-0.002498336123608169,-0.02839575427060481
23986176,0.15242665261030197,-0.19999999999999954,-0.000213623046875,-0.03514263105171267,0.06564416998298839,-0.0013193741933719139,-0.020776316756382585,-0.002665932837771834,-0.028238306258572266
24051712,0.24935337586794049,-0.19999999999999954,0.0,0.0670917103998363,0.06398236731183715,-0.00021666025347144569,-0.01725591997092124,-0.001545534730212239,-0.02722591756901238
24117248,0.1950101616093889,-0.19999999999999954,0.0,0.008200987655072822,0.0656691340263933,-0.0006931213397365354,-0.019538321197615005,-0.0026291937901987694,-0.029617670035804622
24182784,0.17121521930675954,-0.19999999999999954,-0.000213623046875,-0.013455669554787164,0.06559469565399922,-0.0006438706507196912,-0.01839095744799124,-0.002135790487045597,-0.02888087097380776
24248320,0.15716699266340584,-0.19999999999999954,-0.00042724609375,-0.028252387575776083,0.0654631445358973,-0.0009671429265836196,-0.01853867556201294,-0.002485902983607957,-0.028464942064601928
24313856,0.14680611970834434,-0.19999999999999954,-0.000213623046875,-0.038453997345641255,0.06536823048372753,-0.0012680720928983646,-0.018529685272369534,-0.0021264412698656088,-0.028493501304183155
24379392,0.24105605203658342,-0.19999999999999954,0.000213623046875,0.059147473897610325,0.06374089498422109,-0.00030438100134233537,-0.018376346240984276,-0.0015188527667078233,-0.02566351567656966
24444928,0.19596750452183187,-0.19999999999999954,0.000213623046875,0.004849268831094378,0.06536170866456814,-0.0007999019385351858,-0.021665682914317586,-0.00322489844802476,-0.031003081312519498
24510464,0.17231298540718853,-0.19999999999999954,0.0,-0.01355689499359869,0.06502102606464177,-0.0006442861517825804,-0.019821581823634915,-0.0021325727493604063,-0.028292040617088787
24576000,0.1588520723162219,-0.19999999999999954,-0.000213623046875,-0.027466413886941154,0.06546353184967302,-0.0008658041556373064,-0.019584910391131416,-0.0020567447754729073,-0.029061625900794752
24641536,0.15326241008006036,-0.19999999999999954,-0.000640869140625,-0.033470575559476856,0.06514962477376685,-0.0012424685987753037,-0.019493445084663108,-0.002285595579451183,-0.028221712505910546
24707072,0.2418136327760294,-0.19999999999999954,0.0,0.05893865987309255,0.06365293337148614,-0.0002395804657453482,-0.017382924157573143,-0.0014739528554628123,-0.027431449401774444
24772608,0.20059936156030744,-0.19999999999999954,0.0,0.01126768014182744,0.06621306936722249,-0.0005692945462669741,-0.02048392448341474,-0.0028110677430959186,-0.03168046267819591
24838144,0.1754594394005835,-0.19999999999999954,-0.00042724609375,-0.013637328253025771,0.0662438572908286,-0.0006187925982885645,-0.020853974056080915,-0.0023007224917819258,-0.031139677768805996
24903680,0.16751717717852443,-0.19999999999999954,0.0,-0.021612574491882697,0.06689129845472053,-0.0009152735906354792,-0.020963729359209538,-0.0025871218585962197,-0.03155492241785396
24969216,0.15174168755766004,-0.19999999999999954,0.0,-0.03832024190342054,0.06717993129859678,-0.0013352018822843092,-0.021537185180932283,-0.003035211122551118,-0.031335761726950295
25034752,0.24252186785452068,-0.19999999999999954,0.0,0.05747142843392794,0.06415160425240174,-0.00040840962299171224,-0.02018095019593602,-0.0016480221986512333,-0.026964659176883288
25100288,0.1900181797100231,-0.19999999999999954,0.0,-0.0029918985369477014,0.06759117776528001,-0.0011628230790847738,-0.025073223499930464,-0.003176221745889052,-0.031188985929475166
25165824,0.1703930002404377,-0.19999999999999954,-0.000213623046875,-0.019205444006729522,0.06659728250815533,-0.0009229221823261469,-0.022346719473716803,-0.0024214217792177806,-0.030291104601928964
25231360,0.16267790261190385,-0.19999999999999954,-0.00042724609375,-0.02514147052897897,0.06707799626747146,-0.0009476807686041866,-0.021120910896570422,-0.002521412243368104,-0.029881206384743564
25296896,0.15414175507612526,-0.19999999999999954,-0.00042724609375,-0.03387820829084376,0.06778821808984503,-0.0010063361646643898,-0.021663553692633286,-0.002286145980178844,-0.03042614417790901
25362432,0.25020198442507535,-0.19999999999999954,0.0,0.06779454122442985,0.06554984039394185,-0.00023733671545755897,-0.017789465440728236,-0.0016415036795933702,-0.02828897575091105
25427968,0.19367075618356466,-0.19999999999999954,-0.000213623046875,0.0041170124350173865,0.06755573756527156,-0.0007508638623221486,-0.02057838639302645,-0.003000471569976071,-0.03256544466421474
25493504,0.17337231349665672,-0.19999999999999954,-0.000640869140625,-0.014403102171854698,0.0675101793021895,-0.0008697383927938063,-0.019767278106883168,-0.0028234967448952375,-0.03118458390235901
25559040,0.16531955602113158,-0.19999999999999954,0.0,-0.020517318711426924,0.06759751803474501,-0.0007929103480819322,-0.019053452750085853,-0.0030102750188234495,-0.030577501849620603
25624576,0.1505415344145149,-0.19999999999999954,-0.000213623046875,-0.03842612904190901,0.06801953190006316,-0.0011490173651509394,-0.02036393986782059,-0.0031838980266911676,-0.03208058309974149
25690112,0.2510276996763423,-0.19999999999999954,0.000213623046875,0.06780038182478165,0.06539214434451424,-0.0003513599197617623,-0.01897870816901559,-0.0017453106197535817,-0.02775770406879019
25755648,0.19372013420797884,-0.19999999999999954,-0.000213623046875,0.0020041645993842394,0.06756409839726985,-0.0009654529562794778,-0.02253055083565414,-0.003443915788011509,-0.032125860918313265
25821184,0.17190298240166157,-0.19999999999999954,0.0,-0.017717153349622095,0.06694941443856806,-0.0010307871484656062,-0.021814066465594806,-0.0030238871931942413,-0.03070080744510051
25886720,0.1623654302675277,-0.19999999999999954,-0.000213623046875,-0.0255317484443367,0.06731552147539333,-0.001402346672875865,-0.021417902753455564,-0.0027699014644895215,-0.029409898023004644
25952256,0.15719143440946937,-0.19999999999999954,0.00128173828125,-0.030211122502805665,0.06782154046231881,-0.0014862633197481045,-0.022373074272763915,-0.002703345275222091,-0.02994310473150108
26017792,0.2453711936250329,-0.19999999999999954,0.00042724609375,0.061868993056123145,0.06583680675248615,-0.00046254797939582204,-0.02034910919610411,-0.0018089771315317194,-0.027145618762006052
26083328,0.19507125613745302,-0.19999999999999954,0.000213623046875,0.0016856994334375486,0.06740390387130901,-0.0010302941341251426,-0.024365938457776792,-0.003881896567691001,-0.03172596494550817
26148864,0.18010686617344618,-0.19999999999999954,-0.001068115234375,-0.008537186648936768,0.0667053900542669,-0.0008736279910408484,-0.02053779488778673,-0.002672224685738911,-0.030195121245924383
26214400,0.16884760209359229,-0.19999999999999954,-0.000213623046875,-0.019030117213333142,0.06726091116433963,-0.001001704516056634,-0.019467956692096777,-0.003001962477355846,-0.03145278003648855
