collected_frames,state/lin_vel_mean,state/lin_vel_max,state/ang_vel_mean,state/ang_vel_max,state/roll_deg_mean,state/roll_deg_max,state/pitch_deg_mean,state/pitch_deg_max,state/dist_to_goal,state/clearance_mean,state/clearance_min,state/pct_healthy
65536,0.4110418031923473,1.1006396962329745,0.38426689855987206,2.059062114683911,2.118172646034509,19.889437544392422,2.7214706348604523,17.563983996631578,4.895543068647385,0.08332272281404585,0.02377530885860324,1.0
131072,0.35739353811368346,1.8008009484037757,0.42334699677303433,3.611391813494265,5.0702467150986195,53.08774973452091,5.275074742734432,43.25191952288151,4.9404325149953365,0.10641604650299996,-0.3679349413141608,1.0
196608,0.32200695225037634,1.4147039372473955,0.41208092123270035,3.4808260835707188,6.193400781601667,69.52611088752747,7.006993222981691,56.53417852520943,4.842765688896179,0.11845363024622202,-0.46943056560121477,1.0
262144,0.3097741680685431,1.4205823498778045,0.4006090392358601,3.150211466476321,6.597029145807028,69.86542057991028,8.223668791353703,62.284646421670914,4.675806913524866,0.12388572958298028,-0.4818166836630553,1.0
327680,0.29108942369930446,1.3967137350700796,0.4029606890399009,3.4585642497986555,6.2750734351575375,76.15220093727112,9.356638349592686,69.33079427480698,4.496807359158993,0.11999679106520489,-0.40024565695784986,1.0
393216,0.28178174630738795,1.2889398992992938,0.3891260160598904,2.871257269755006,5.927233263850212,67.10477218031883,10.112436898052692,71.10740992426872,4.314863752573729,0.12033286917721853,-0.35621003806591034,1.0
458752,0.12146685480319681,0.7404294623712818,0.13488299738761622,1.3850240685741406,5.543910576248716,54.61706132634195,29.761073713489605,65.25232819734838,3.6293387906738075,0.17241764947188548,-0.07103282947048366,1.0
524288,0.3154645182657987,1.3801493584178388,0.3956976162735373,2.6402056654915214,2.557021740823984,53.479487195611,10.594083443284035,68.75242054462433,4.052843429148197,0.11132430681027472,-0.42333695921115577,1.0
589824,0.2919416115619242,1.2613514834083617,0.3865458401851356,2.404531148262322,2.9893098156899214,56.86681750416756,11.676710240542889,69.17902311682701,3.8314597196877003,0.12132623896468431,-0.19386381609365344,1.0
655360,0.27542266668751836,1.1519361743703485,0.38442141585983336,2.51175566483289,3.701592003926635,60.60945427417755,12.302270747721195,66.65066441893578,3.6801789682358503,0.12551000528037548,-0.20513622532598674,1.0
720896,0.2641896710265428,1.34454264678061,0.3758399300277233,2.939430898986757,3.9261543303728104,68.62324893474579,11.775332234799862,64.8012475669384,3.60685265250504,0.12197722925338894,-0.541883728466928,1.0
786432,0.12195301765901406,0.7538840628891106,0.12962422174323035,1.4793237315333752,6.412831219870468,49.84658707832603,16.942503147537636,58.55443027517366,3.5788631661828743,0.15696327706956,-0.026577097352549255,1.0
851968,0.32079981290735304,1.4228492621332407,0.367070943582803,2.3819912569597363,2.636894878000021,43.827644526958466,7.036109793931246,66.06595623493195,4.0454379711300135,0.10171250894200057,-0.029009751975536346,1.0
917504,0.29900242388248444,1.0526701803319156,0.3483938204590231,2.280986299738288,3.0120376087725163,54.0661287009716,6.404379446059465,65.18785274028778,3.8333904426544905,0.10031045565847307,-0.11889404896646738,1.0
983040,0.2911252661142498,1.0493395975790918,0.3469888523686677,2.3086052024737,3.581120068207383,67.80013653635979,6.0573154501616955,67.38078132271767,3.699316304177046,0.09788046847097576,-0.03416485572233796,1.0
1048576,0.2857021023519337,1.2874194732867181,0.3412061622366309,2.7835748055949807,3.4523993749171495,55.030384093523026,5.884577643126249,61.99241402745247,3.652044601738453,0.09623072727117687,-0.023954687174409628,1.0
1114112,0.13846916279542337,0.8035920817988464,0.1319112366497382,1.4818867791264532,4.52745218312891,39.556743633215234,6.867210046390313,37.7861858260066,3.6546664266701203,0.10600610493390586,-0.02220434839107904,1.0
1179648,0.3373051155358553,1.3742939452640712,0.36003735777921975,2.4439231688156724,1.7212077798321843,35.629281386733055,5.382949683815241,43.34175395965576,3.9933268930763006,0.08971281972480938,-0.046554782427847385,1.0
1245184,0.30641082278452814,1.1272157323546708,0.34337538573890924,2.1094093127176166,2.4551610723137856,36.61435902118683,5.105372000485659,43.382175505161285,3.749345416203141,0.08813303225906566,-0.5985699822194874,1.0
1310720,0.30304889706894755,1.0974299367517233,0.3416316413786262,2.2534549739211798,2.84205112606287,42.152490586042404,5.525495082139969,50.26824268698692,3.643533732742071,0.09272968006553128,-0.7732811947353184,1.0
1376256,0.2932908944785595,1.264381931629032,0.33268102328293025,2.465734521858394,2.6919912919402122,44.5783976316452,7.070547062903643,56.26712864637375,3.580836169421673,0.10254763858392835,-0.7986685805954039,1.0
1441792,0.15023795807599483,0.8710990579551962,0.13898943858333382,1.5611099912953306,2.529020158009441,38.22336336844657,10.755109180860412,58.24105776629848,3.6284044566283744,0.08807443788118031,-0.040696280594657075,1.0
1507328,0.33299614139832556,1.2205945011228323,0.35516994586214423,2.414268300868571,1.4663500115275383,36.46325495839119,6.96397540345788,66.4090245962143,4.066612973809242,0.0918560724821873,-0.05855778674595058,1.0
1572864,0.30763952247798443,1.0565343797206879,0.3400395414792001,2.0154417604207993,1.7000600406900048,38.289079546928406,6.868179559707642,62.18099042773247,3.8355029318481684,0.08826406265143305,-0.3641106334980577,1.0
1638400,0.29624339821748435,1.1396618923172355,0.3353233798407018,2.3413375448435545,2.3763328716158867,51.70552644133568,7.463183734565973,62.86377331614494,3.7470901533961296,0.09412902063922957,-0.42748518753796816,1.0
1703936,0.294688856927678,1.1289793131873012,0.3266777510289103,2.799180584959686,2.3940845243632793,60.42422315478325,7.040632706135511,57.816958993673325,3.694299951195717,0.09467962826602161,-0.7615062538534403,1.0
1769472,0.16516571240050784,0.9018883252942778,0.1484188801687525,1.604903349529458,2.3550226160329317,36.985116546255455,5.855746541337772,44.332851583822574,3.6658075414149156,0.08677725416204207,-0.026530869372458344,1.0
1835008,0.3189981388859451,1.088456871919334,0.3771533267572522,2.394328823313117,3.5055302027612925,39.418258637189865,6.301449675112963,48.82625392079353,3.9504521060734987,0.10676803602837026,-0.10763331246562302,1.0
1900544,0.2981965937651694,1.0802006740123034,0.3609584735240787,2.2999094827100635,3.894382754340768,53.3741549551487,5.46452322602272,50.94029450416565,3.758755723014474,0.10364788741571829,-0.11939562228508294,1.0
1966080,0.29565297183580697,1.1581815504468977,0.3520806769374758,2.484743001870811,4.157938541844487,60.58186694979668,4.911512657999992,44.76264336705208,3.6673807818442583,0.1026090289815329,-0.02859547734260559,1.0
2031616,0.28396173007786274,1.0912402872927487,0.3585397854913026,2.569293142296374,4.391923137009144,62.452600330114365,5.100407093763351,42.331760853528976,3.564440928399563,0.10249689122429118,-0.16496117477072403,1.0
2097152,0.16197939502658792,0.8431246477931019,0.1832749762836036,1.7230323988562786,6.428427495894791,43.2432014752314,6.809213370377905,37.94783606033503,3.646401153091925,0.10605032756049411,0.004186581196095121,1.0
2162688,0.30926524638198316,1.0766765968874097,0.41616013483144343,2.510101788677275,6.004735358059406,40.03588709235191,10.757165968418121,51.50101116299629,3.9219441544264555,0.134597736177966,-0.007858405209844932,1.0
2228224,0.28204052802175283,1.1022151592187583,0.40102402959018946,2.614925720728934,7.802518878132105,51.7394742667675,10.43851263076067,44.96769553422928,3.6684293411672115,0.14166647312231362,-0.3137835279776482,1.0
2293760,0.26623586285859346,0.9855187805369496,0.39462772011756897,2.241725718602538,9.077380537986755,63.35991391539574,9.942067965865135,46.421915888786316,3.5485051721334457,0.14720378839410841,-0.5794583966489881,1.0
2359296,0.2536974784452468,1.078222818672657,0.39598166360519826,2.41028309520334,10.553781144320965,55.053911834955215,9.71662937104702,51.96520459651947,3.5284646842628717,0.15051255410071462,-0.6999257309362292,1.0
2424832,0.15409683410628103,0.8391591537609158,0.1978559348653688,1.780286525791309,12.719792406771791,52.06361661438482,8.897412373360348,37.13546309715518,3.596545126244246,0.1463767580704831,0.021686274809370108,1.0
2490368,0.285994125995785,1.0281068235635757,0.39625563099980354,2.2775606885552406,7.225783672183752,44.19770088791847,9.036997891962528,42.209026008844376,3.9005502555519342,0.1352419174509123,-0.0016771184746176004,1.0
2555904,0.26017810101620853,1.0262729655951262,0.37975696264766157,2.1182325668632984,8.399991054087877,55.04462343454361,8.223043151199818,45.754871249198914,3.6665821503847837,0.13614373502787203,-0.5047597133088857,1.0
2621440,0.2559070411371067,0.9953684960491955,0.3742976344656199,2.4060608306899667,8.34424390643835,52.11548155546188,7.678037919104099,44.48247316479683,3.5576242674142122,0.1354593416908756,-0.7843890991061926,1.0
2686976,0.25849509658291936,1.134759561624378,0.3690811067353934,2.4681807663291693,7.567031491547823,52.357247620821,7.664983689785004,49.49548262357712,3.5202116891741753,0.12875250104116276,-0.7858088659122586,1.0
2752512,0.17292440248967475,0.9090234666658812,0.17089610425643173,1.787335435444691,4.0739652044490455,38.68951904512269,4.559971744574028,35.522700771689415,3.6630011708980583,0.08706684619558594,-0.009796588983196002,1.0
2818048,0.3231991135980934,1.2471173624508083,0.33852755022235215,2.488154198974371,2.5342393200844526,40.883313208818436,5.233611896634102,45.39680990576744,3.9131467919796705,0.09388813679106534,-0.029686672147363424,1.0
2883584,0.31388282123953104,1.1127956421114504,0.3331146542914212,2.45017016120255,3.1618446856737137,55.651236802339554,4.353004436939955,40.55169850587845,3.7239095978438854,0.09336827200604603,-0.05807208921760321,1.0
2949120,0.31390485400334,1.0844481689855456,0.32529839570634067,2.3056478518992662,3.339615812525153,53.973747342824936,4.614079900085926,49.11676672101021,3.642326546832919,0.09701480733929202,-0.08058849652297795,1.0
3014656,0.31079806573688984,1.0685681998729706,0.3295028244610876,2.064879988320172,3.9443639274686575,46.96438214182854,4.794761668890715,48.447813630104065,3.560119988396764,0.09846692439168692,-0.05342419259250164,1.0
3080192,0.1928243496601122,0.9016393951353538,0.1345916981135596,1.724338158179658,2.796184565308111,57.92036051567958,3.1465238836349876,43.12693764021373,3.787950637469809,0.06508408933709633,-0.03467371782669461,1.0
3145728,0.3488203249871731,1.1406823028810322,0.337103976868093,2.1648546727374196,1.9168956484645605,45.07634514570236,4.893886707723141,43.06459137797356,4.1121895760297775,0.08593476074747741,-0.03386150975711644,1.0
3211264,0.327885708771646,1.0517123090103269,0.32519959984347224,2.0437264814972878,2.3263611113652587,45.103703409433365,5.1662807539105415,53.37307685613632,3.9057731423527002,0.09185685694683343,-0.11554701277054846,1.0
3276800,0.3178723091259599,1.0776743362657726,0.3084806923288852,2.1095453407615423,2.8754116725176573,56.86447134613991,5.1092483550310135,56.33339759707451,3.7774730529636145,0.09670528821879998,-0.48089358559809625,1.0
3342336,0.3117839163169265,1.3438466968946159,0.3104240228421986,2.4241379722952843,3.27264916151762,51.50823554396629,5.1658723801374435,53.47650822997093,3.69160957634449,0.10066140815615654,-0.5539845377206802,1.0
3407872,0.19865525265908743,0.9525347475007356,0.1357258688153542,1.7908387717353291,1.9963099770044561,48.39227044776486,3.417942548390893,47.98772226216788,3.8095672328069985,0.06555045290333948,-0.027409228731889324,1.0
3473408,0.35633539175614715,1.1038820557296276,0.32005475694313645,2.0683482699096203,1.2036596196703613,41.67531108856201,4.039823478087783,52.05072093009949,4.0417074635624886,0.08008730772417039,-0.01193939195945859,1.0
3538944,0.34539171657525003,1.0820101634599268,0.32120002643205225,2.0541171999648213,1.410736108198762,52.62466102838516,3.821806015446782,54.38136890530586,3.8324869703501463,0.08067273651249707,-0.2390785327879712,1.0
3604480,0.3379943808540702,1.1357905454933643,0.32956049335189164,2.2182435151189566,1.514680614694953,37.236095041036606,4.189065827056766,55.61565026640892,3.703687023371458,0.08506536786444485,-0.30687434040009975,1.0
3670016,0.3329502805136144,1.4309694995172322,0.3325200784020126,2.3100211322307587,1.9455549009144306,36.94446091353893,4.809780161827803,58.689423471689224,3.6064464170485735,0.08711934770690277,-0.06303593015763909,1.0
3735552,0.20198928412184658,0.9359275843633945,0.1426005460972707,1.8392618624605688,2.0759881261177924,44.39819398715935,3.037988853347712,38.95668179318533,3.7593636539686157,0.07036203606312263,-0.02441164784425174,1.0
3801088,0.35687139350920916,1.1275981371290982,0.325796875404194,2.1945860162377357,1.5897504957392812,77.15561133623123,3.858172295615077,48.42352372407913,4.020896939560771,0.07808693166589364,-0.013740258058533072,1.0
3866624,0.3476376428734511,1.0983148077502847,0.31791880750097334,1.9506755201146007,1.5659647891297936,78.5532933473587,3.2608273085206747,60.58941408991814,3.805647673085332,0.0755985663854517,-0.012284183641895652,1.0
3932160,0.33047473686747253,1.132080977782607,0.3135407811496407,2.0981096336618066,1.8419660022482276,78.64414840936661,3.148692809045315,55.03950455784798,3.7099323719739914,0.07793921051779762,-0.1192434320691973,1.0
3997696,0.32686554035171866,1.7629150794818997,0.31692719063721597,2.323428220115602,2.1800994407385588,78.67726939916611,3.179387554526329,49.84997829794884,3.6472878959029913,0.07625035056844354,-0.37968493066728115,1.0
4063232,0.1910374860829079,0.9498865875045219,0.13098561448460244,1.6138844661279974,2.0674130171691685,37.82643045560199,4.666712816079507,45.19045315878129,3.769551732633487,0.0738036965766181,-0.04050365232873753,1.0
4128768,0.35130020091310143,1.1328076501376927,0.3003510795533657,2.154321087524295,0.8698465060442686,45.50347235798836,3.7630559038370848,55.54343202710152,4.064698060974479,0.07553065312094986,-0.18747585243545473,1.0
4194304,0.3422996737062931,1.0949099175632,0.2949185424949974,1.9485687036067247,1.0653093927539885,47.73436325788498,3.7015152126550674,64.59500569105148,3.8431485444307327,0.07825839315773919,-0.021095135947689414,1.0
4259840,0.3304103924892843,1.6364828059449792,0.29961287835612893,2.3649298837408423,1.3156368611380458,40.55121397972107,4.849514901638031,70.44035574793816,3.74604650773108,0.08128953078994527,-0.2785815227543935,1.0
4325376,0.31327288039028645,1.3982078186236322,0.29073962778784335,2.307546069845557,1.6391511941328645,43.0981570482254,5.403673600405455,69.43924224376678,3.6960219759494066,0.07914766337489709,-0.12914661201648414,1.0
4390912,0.19375822111313423,1.0212943513529846,0.12524029210838208,1.736474954713899,1.6545907164151017,38.10049568951489,4.018215263339534,44.77626564745309,3.827744147684201,0.06767579685358038,-0.04466560854385775,1.0
4456448,0.3511391244828701,1.1182711375877261,0.29680897016078234,2.1048493906855583,1.1273026214912534,52.27473384141922,4.187697293236852,50.86943504214287,4.107997518032789,0.07790933205978945,-0.10440132260555401,1.0
4521984,0.35057801799848676,1.0865468308329582,0.29437257000245154,2.016060213558376,0.9194465656764805,44.58861383795738,3.410512313246727,55.833064556121826,3.9378251899033785,0.07664446771377698,-0.039882475350168534,1.0
4587520,0.34140764200128615,1.3166925655677915,0.30295424489304423,2.5268649188801646,1.03071723645553,35.920702055096626,3.7396056950092316,64.49201175570488,3.807673243805766,0.0786814953899011,-0.3039579378673807,1.0
4653056,0.33799545513466,1.2529058991931379,0.2967050182633102,2.4416907718405128,1.2350255344063044,45.326898604631424,3.7775878086686134,63.87819015979767,3.7195500377565622,0.07734384201467037,-0.1774585872190073,1.0
4718592,0.19538515551487007,1.0755751929638615,0.12373570604137628,1.54244094858148,1.0006385726604543,26.221503170841114,3.91539925958187,64.65167433583369,3.9574951954993858,0.06724080881552703,-0.023880377387998242,1.0
4784128,0.35563999181613326,1.1569562423974276,0.3095846991054714,2.4652082668617368,0.7694925032556057,28.978641912341118,3.7218763139098883,63.87480986118317,4.151272427290678,0.07352511712815613,-0.3690772906411439,1.0
4849664,0.35282171377912164,1.2369926269166172,0.3173857342917472,2.633142653852701,1.0709311226382852,41.91166500747204,3.375814311206341,71.42980107665062,3.93961719609797,0.0724751697271131,-0.25096672773361206,1.0
4915200,0.3406036891974509,1.1153778359293938,0.3062446010299027,2.1391153149306774,1.2780356099829078,31.884310245513916,3.629848463460803,63.57887256145477,3.780003821477294,0.07567643164657056,-0.027360986598068848,1.0
4980736,0.3290012127254158,1.1303725708276033,0.297914614668116,2.153291182592511,1.359379481524229,29.67677639424801,3.6166216786950827,51.77655494213104,3.7252235878258944,0.07177073176717386,-0.2119609578512609,1.0
5046272,0.19513372998370462,1.07974621298981,0.1232726573383054,1.5072183531810002,0.8886834201830753,23.748238412640898,3.5067671136874483,49.15255881835852,3.918949021273349,0.06660128582874875,-0.026125435852052934,1.0
5111808,0.35861327103339136,1.117408875375986,0.29371540853753686,2.2495235092937946,0.870522731449455,44.286449164152145,3.0300871059298515,50.23478025197983,4.153788026422262,0.07494746026350185,-0.013046531938016415,1.0
5177344,0.34445770597085357,1.065266368445009,0.29902028455398977,1.9317105691879988,1.0441289055161178,50.54850172996521,3.1602875776588917,57.08377584815025,3.9377158358693123,0.07648884726222605,-0.02323019423056394,1.0
5242880,0.3310897008050233,1.1231824988499284,0.30317465239204466,2.158485049381852,1.4058927241712809,46.96786367893219,3.9612623918801546,43.0342943072319,3.8329199608415365,0.0820543456939049,-0.197169350925833,1.0
5308416,0.325853320537135,1.82608848111704,0.3140403137076646,2.323509051464498,1.438742141239345,46.58445119857788,5.193268246948719,53.60367152094841,3.7601009141653776,0.08626607374753803,-0.08996479152119718,1.0
5373952,0.1777743457547243,1.0932021448949734,0.11867172982409058,1.4998885006699936,0.9050808808736851,22.84598373991987,3.1017884347301696,43.52192209753017,3.9485757975693208,0.06292012812996126,-0.027729982926779573,1.0
5439488,0.340056159067899,1.182692360598594,0.2950962195172906,2.1923655634745955,0.7455579740926623,25.793873235583305,3.2145508639514446,36.8248625099659,4.257761478424072,0.07417958101723343,-0.138143805321306,1.0
5505024,0.33772594202309847,1.1929434505291283,0.29937936225906014,2.3059287825599313,0.824956530239433,29.131930232048035,3.2450206875801086,51.68679693341255,4.121651981025934,0.07329722674330696,-0.3987073046155274,1.0
5570560,0.3281173298601061,1.0775824156589806,0.2918304482009262,2.06966071203351,0.9225884056650102,30.80067627131939,3.4406244568526745,55.335980862379074,4.046002760529518,0.07501768768997863,-0.07743065817339811,1.0
5636096,0.3264437853358686,1.1062911399640143,0.2934964026790112,2.077043604105711,1.0541970622725785,46.23290076851845,3.7737266402691603,50.876379162073135,4.001179825514555,0.0762796177295968,-0.42595160915516317,1.0
5701632,0.1970199245555573,1.1702140806669212,0.11746785780751562,1.593508805720562,0.5125177690684963,19.970384689205023,2.5090123199302345,47.157782895714945,4.007321228463966,0.061319451694971466,-0.046596753876656294,1.0
5767168,0.3499099435284734,1.3463904769159853,0.29896117793396115,2.5690172612667084,0.8807672457769513,30.091473788022995,3.460150955244899,43.632472306489944,4.2777857221663,0.07531907595694065,-0.32772921374998987,1.0
5832704,0.347657309146598,1.2661318480968475,0.30003167991526425,2.593601930886507,0.8105881582014263,29.679087668657303,2.8496415577828884,46.44536837935448,4.068126522004604,0.07207565003773198,-0.30024773394688964,1.0
5898240,0.33825150690972805,1.3968885843642056,0.3009569270070642,2.4172229431569576,0.9851435138843954,42.652521044015884,3.4793439637869596,58.321723997592926,3.8992527797818184,0.07406148820882663,-0.3373573718126863,1.0
5963776,0.32491048821248114,1.3930017920210958,0.2892829179763794,1.9866897696629167,1.1509227575734258,32.00204126536846,4.099441321566701,51.3260954618454,3.7931521888822317,0.07843396987300366,-0.052432744938414544,1.0
6029312,0.18862703929554267,1.0038606805883976,0.11915828290406659,1.3506757260288997,1.0429691231300415,24.825833330233863,2.631653534608938,36.2980365288859,3.97620652526258,0.05682364893875208,-0.024079303658309292,1.0
6094848,0.3364541232585907,1.0787884485907853,0.29586999444290996,1.9996118424460292,1.0517397541552782,53.73759266734123,3.1441886331886053,47.08662900328636,4.194210980087519,0.07475018268451095,-0.10425277041213121,1.0
6160384,0.33669847063720226,1.1769502214156091,0.29392283991910517,2.2352127209305763,1.0257257847115397,52.56606110930443,2.9739903304725885,57.474331974983215,4.039202328771353,0.07203215413028374,-0.3414833878632635,1.0
6225920,0.3316055075265467,1.117833077441901,0.2843026623595506,2.0113680977374315,1.0233994643203914,48.60105061531067,3.132318925112486,47.47861382365227,3.9221268706023693,0.07392367155989632,-0.15561500407056883,1.0
6291456,0.32790165208280087,1.2430347274057567,0.287667055381462,2.847984598018229,1.1577837662771344,48.01023510098457,3.759720206260681,58.75877672433853,3.82805522531271,0.07707709219539538,-0.22580494708381593,1.0
6356992,0.1965886633450457,0.9683861432888781,0.1201465368405523,1.449169278212161,0.5263317254770278,27.043754658269055,2.404123217344329,41.9020264249699,3.9778613622289107,0.05783020255032433,-0.017624722573491014,1.0
6422528,0.3600643966346979,1.2452207230962813,0.3038262340705842,2.5722808595746756,0.5657796054147184,37.7058182656765,3.3754402324557304,48.91103833913803,4.14283237978816,0.07303156127454713,-0.016641430906020105,1.0
6488064,0.3478527832776308,1.0924398675560951,0.2958725232165307,2.109614960849285,0.7057185247540474,37.85033239424229,3.135155890136957,64.57590672373772,3.927038162946701,0.07367601268924773,-0.33421298139728606,1.0
6553600,0.33282074914313853,1.1334241358563304,0.2865089348051697,2.1893587857484818,0.8032148159109056,48.220809161663055,3.2087115049362183,55.81265717744827,3.8230792358517647,0.0757408004719764,-0.11745161400176585,1.0
6619136,0.32989295455627143,1.4338640999048948,0.28204483061563224,2.220934445038438,0.8914786130189896,41.042688459157944,3.2333663552999496,49.61930313706398,3.772601380944252,0.07577882678015158,-0.04101159784477204,1.0
6684672,0.19135018830266165,0.9662090667400015,0.12545187527829982,1.6433548145444996,0.885878204106471,32.5170651902108,3.1439242234638702,50.7701783620427,3.9061100028724556,0.05783223026117916,-0.028301609427589608,1.0
6750208,0.34899050323292613,1.0658456590026617,0.29935970017686486,2.274017347022891,0.8660018001683056,57.6210720539093,3.565071702003479,52.840357184410095,4.063902920112014,0.0738571792608127,-0.181800140067935,1.0
6815744,0.3363813296891749,1.13047444075346,0.29801855399273336,2.282696190290153,0.920099560637027,34.951243221759796,4.1873514372855425,65.59688752889633,3.881463347002864,0.07951398083241656,-0.252005014102906,1.0
6881280,0.3203355090226978,1.0846427869983017,0.2774380707414821,2.2219800921157002,1.0215153768658638,41.96917241811752,3.9895448461174965,61.99430534243584,3.80530103482306,0.0829531736089848,-0.016561125870794058,1.0
6946816,0.324867577990517,1.4697739584371448,0.28071073489263654,2.37454004958272,1.173498003743589,43.593586921691895,4.074953060597181,66.62145242094994,3.7866230327636003,0.08091456111287698,-0.030560605286154896,1.0
7012352,0.18870600544095759,1.0107037253588078,0.1277657005885414,1.6132704758433154,1.3012328053942421,29.923245314475015,2.338120741773879,42.4073942101684,3.865389895905931,0.06204644218367715,-0.013259729235825768,1.0
7077888,0.3581870284397155,1.0568766719661653,0.3250122999306768,2.2730461126193404,0.8674087743274868,53.1218139231205,3.406903527677059,53.02927553653717,4.035719649866223,0.07448813441442326,-0.013479220448061824,1.0
7143424,0.34347413619980216,1.061622656416148,0.3152816358488053,1.9342832332476974,0.946912829298526,37.343781650066376,3.2435170747339725,55.66722923517227,3.785967458039522,0.07747909717727453,-0.019368645269423723,1.0
7208960,0.33246345608495176,1.1003941362723708,0.31683391775004566,2.0978948762640357,1.1477135811001062,29.947455063462257,3.636701514944434,51.47866994142532,3.6529669240117073,0.07717764534754679,-0.12785462266765535,1.0
7274496,0.3270607371814549,2.222019572276622,0.32489838916808367,2.811998059041798,1.6017626384273171,45.413169741630554,4.431856097653508,60.75960269570351,3.6514312773942947,0.07212204358074814,-0.11695433509885333,1.0
7340032,0.18904858600931712,0.949101904250053,0.11271993350518127,1.4963138544460737,0.8451037338285438,26.82946987377749,2.373621455118823,41.19768960155681,3.9235176883907203,0.05781023843068046,-0.02642047965859837,1.0
7405568,0.3587510308716446,1.0840974859893322,0.28384741535410285,2.1494389083236456,0.6194206941872835,28.102933764457703,2.8209874406456947,46.1116646528244,4.018788205459714,0.07109146262519062,-0.14300371531862766,1.0
7471104,0.3337152968160808,1.0828250823542476,0.27541502960957587,2.042515439912677,0.7085780375637114,33.872512236237526,2.8682134803384542,58.71550226211548,3.832957424223423,0.07351918058702722,-0.21055478662310634,1.0
7536640,0.3306454464327544,1.390017525292933,0.2716955515788868,2.3564628083258867,0.9221049281768501,56.20085754990578,3.187024964019656,54.71899178624153,3.7800698094069958,0.07670319761382416,-0.16205151285976171,1.0
7602176,0.3223808624316007,1.9180984101258218,0.27270941564347595,2.528327609412372,1.1688645901158452,57.028987258672714,3.433709943667054,62.56132796406746,3.7929438687860966,0.07044548261910677,-0.3901257764082402,1.0
7667712,0.19548732022115264,1.0500247006764614,0.10406062970813139,1.4234874288001693,0.4854709055991451,22.692560734631247,1.7049595828375679,32.13395506769688,4.1046342286000765,0.05188968982154795,-0.1263208432762648,1.0
7733248,0.3500910666771233,1.0825293846428394,0.3076175022870302,2.3368997890502214,1.184229303151369,37.604502603411674,3.7404753919690847,52.65740755200386,4.1520396284759045,0.07596723560709506,-0.1794663204200333,1.0
7798784,0.3417681148275733,1.1285871737636626,0.31211806437931955,2.3680002791807055,1.175461241044104,51.036979138851166,2.9673121981322765,50.14496827125549,3.978828513994813,0.07091798144392669,-0.46768510551191866,1.0
7864320,0.34952542185783386,1.2179608242586255,0.32338849920779467,2.761263524182141,1.644231079146266,57.0933119058609,3.3202432692050934,52.26285371184349,3.8322591241449118,0.07822179078357294,-0.24920908361673355,1.0
7929856,0.34696961170993745,1.2739931885153055,0.31170239788480103,2.487583822570741,1.6916346158832312,54.97076573967934,3.128289746120572,43.5073801279068,3.7765349205583334,0.07637438306119293,-0.11237457999959588,1.0
7995392,0.19520872749433102,1.0559071251696133,0.12057037012797432,1.6726565849125745,0.9472879348918851,26.71858763082671,2.2853978468239844,32.912899573939484,4.000383749963289,0.05298112289059952,-0.19838601102665382,1.0
8060928,0.3510442371480167,1.0792249743826687,0.3426745207980275,2.3592480700463057,1.0790446395985782,25.71991717815399,5.066716562956572,46.25254163146019,4.094977300614119,0.0813506978447549,-0.42015799949876964,1.0
8126464,0.34331625094637275,1.3439472899772227,0.3368020982015878,2.8381913155317307,1.2689927443861961,33.36175076663494,4.1646434757858515,62.4203422665596,3.908171398565173,0.07890997885260731,-0.44628250296227634,1.0
8192000,0.33780630654655397,1.1618409361690283,0.33549166680313647,2.258338512852788,1.650317701511085,46.72065329551697,4.27496637031436,57.20781451463699,3.743930025026202,0.08316505467519164,-0.14380442956462502,1.0
8257536,0.333574564429,2.1059058010578156,0.33689700812101364,2.6882563745602965,1.7872112607583404,48.00190517306328,4.606898922473192,53.8650883436203,3.6915530897676945,0.07584911904996261,-0.09077931464707945,1.0
8323072,0.19988110749028534,0.9963782107883907,0.1322025966673461,1.7859471636005195,1.4110249499425696,31.34836672909603,3.7056251084852785,51.698163558493356,3.8290359555597764,0.0644242336541549,-0.10717496013336153,1.0
8388608,0.3537868717685342,1.0637567131780088,0.31616124766878784,2.4511661529541016,1.169417886994779,47.97800061106682,4.522367158904672,55.26962324976921,3.9293063450604677,0.0791785076726228,-0.3035821479279548,1.0
8454144,0.3382492072414607,1.1267183511517942,0.3074982881080359,2.3859776025637984,1.4443810526281595,40.640072360634804,4.212272822856903,63.959702640771866,3.7086690831929445,0.07940488861640915,-0.37916770786978304,1.0
8519680,0.3319612657651305,2.2735708793625236,0.30755909625440836,2.7602933812886477,1.5592646207660437,62.70782458782196,4.6710000447928905,58.553680419921875,3.660064024850726,0.07715840969467536,-0.27863654016982764,1.0
8585216,0.31209626141935587,2.2712104627862573,0.3155956494156271,2.7704005260020494,1.8311410518363118,66.01845914125443,5.5644670985639095,54.62458974123001,3.599010204896331,0.07459086232120171,-0.5468598019215278,1.0
8650752,0.1778651465246656,0.9617592576577003,0.13564011624576636,1.6801716132111937,1.2912031570063758,30.18545980209552,5.782251415450227,49.30130042351154,3.746016264859452,0.07344318444403,-0.02729865726986788,1.0
8716288,0.33937454014085233,1.1366562047041953,0.3226220130454749,2.296435808762908,1.0968809155747294,28.66609075665474,5.539084307849407,43.36536207795143,4.020983297377825,0.08395811467198655,-0.05384043254889548,1.0
8781824,0.32431259169243276,1.2686267914250493,0.31714232289232314,2.385572195984423,1.4979135878384113,33.2620210647583,5.790023218840361,65.56351566314697,3.8388813491910696,0.08701584569644183,-0.4715967932716012,1.0
8847360,0.3142506096046418,1.107807814143598,0.318607663968578,2.666605564765632,1.6973306564614177,38.878750920295715,7.025234393775463,69.73333555459976,3.7771080899983644,0.09550492319976911,-0.47067857161164284,1.0
8912896,0.3051590344402939,1.4056355538778007,0.31771857710555196,2.7630160339176655,2.059627595357597,53.017907187342644,8.34957255423069,66.78784349560738,3.707274530082941,0.1037808716064319,-0.3100804698187858,1.0
8978432,0.17940272611330252,1.019860190171075,0.13974564548873578,1.7194975333804468,0.9501166300678413,31.85589560120176,6.708993634314232,46.54101715130305,3.9621240453547744,0.0723376772646983,-0.021774707080134337,1.0
9043968,0.31596914725378156,1.229773252736777,0.3390333892311901,3.006359562277794,2.3401679303497076,45.03512215614319,10.39498183131218,55.82855820655823,4.151652455329895,0.11920191737590358,-0.1987198760616593,1.0
9109504,0.29653784492984414,1.3738174275495112,0.32237816881388426,2.802028172649443,2.7694176267832518,44.46659153699875,10.29736839234829,55.556939870119095,3.975783284753561,0.11793534236494452,-0.36312541912775487,1.0
9175040,0.2894357838667929,1.1977121820673347,0.31701561948284507,2.537244839593768,3.0810003392398357,57.49899658560753,10.846544034779072,60.866131007671356,3.8736009337008,0.11974286590702832,-0.6859851684421301,1.0
9240576,0.28694236977025867,1.0946490257047117,0.3115597665309906,2.6981035340577364,3.681353287771344,66.76035732030869,11.152563884854317,47.00390091538429,3.8315920885652304,0.1213491745875217,-0.6753465184010565,1.0
9306112,0.16970026555908732,0.8390735790851604,0.13532649371941316,1.553690506841045,1.621219255999348,39.25169011059565,8.400442454460391,41.324047248877854,3.9786511322101914,0.09306149091852088,-0.0015400448177256677,1.0
9371648,0.3154322896152735,1.2616101023741066,0.3312327559106052,2.718845727853477,2.853013314306736,29.221576988697052,10.204742662608624,41.337038576602936,4.258203133940697,0.1233614914235659,-0.01934750434884336,1.0
9437184,0.3080916579347104,1.4179088757373393,0.33524805726483464,2.763373389840126,2.9208424761891365,41.28640592098236,10.80519026517868,58.616216242313385,4.061514567583799,0.12409661518177018,-0.30243852525018156,1.0
9502720,0.3021454056724906,1.099320750683546,0.3228541687130928,2.2579189501702785,2.8440262470394373,51.479139775037766,11.208673469722271,65.66580080986023,3.9461825508624315,0.12811621243599802,-0.23472993937321007,1.0
9568256,0.3000349150970578,1.1165196038782597,0.3108936599455774,2.492076262831688,2.7672042567282915,60.05728831887245,11.056591138243675,53.199197232723236,3.9011947456747293,0.12486712995450944,-0.21930798454559408,1.0
9633792,0.1684410620918385,1.038568968065532,0.11081496128498251,1.4999944918665542,0.539557545506171,20.85870911028932,4.031811611414102,48.25081779948066,4.007058135716312,0.06687830635683095,-0.02047649134337588,1.0
9699328,0.33767494512721896,1.1023035645484924,0.3043811363168061,2.200407617725432,1.2054086760617793,59.73540337383747,5.210987579077482,49.20807588100433,4.276934094727039,0.08444363193120807,-0.2819093724247068,1.0
9764864,0.3310886707622558,1.201789002865553,0.3129011576529592,2.557299423031509,1.1676855445839465,75.93504613637924,5.04173132404685,61.18164187669754,4.074923226609826,0.08261687209596857,-0.37219315650872886,1.0
9830400,0.3153289451729506,1.4422902911901474,0.3190091971773654,3.269920539110899,1.5091493930667639,53.35208669304848,6.010088756680489,60.99625799059868,3.918251123279333,0.09586936194682494,-0.3068601661361754,1.0
9895936,0.30402980209328234,1.2090342319570482,0.30905627156607807,2.7959325155243278,1.7996844789013267,59.68562650680542,6.028267960995436,65.11709758639336,3.808619963005185,0.09715821931604296,-0.2525621277745813,1.0
9961472,0.17217440513826637,0.9446027698556343,0.12562687993217933,1.6440175219764372,1.0197123088340938,34.96740383828193,4.548525095918687,48.53598330203578,3.822661496070494,0.07723540658725941,-0.02129687768749399,1.0
10027008,0.3516294739674777,1.1617302191443741,0.3393723249901086,2.4047367414459586,1.157956481911242,48.68864464759827,6.035204693675041,50.54695275425911,4.137840129435062,0.08850261499173939,-0.13767058914527297,1.0
10092544,0.3318693730980158,1.1785849444568157,0.32372989831492305,2.50782457459718,1.2310001198202372,53.83751192688942,4.735529143363237,52.6829055249691,3.9194880221039057,0.08615741750691086,-0.40354522899724543,1.0
10158080,0.31272907042875886,1.080435102339834,0.32763384585268795,2.603848927654326,1.669951860792935,65.14384710788727,5.392874050885439,69.12111055850983,3.744858415797353,0.09321019949857146,-0.39042923459783196,1.0
10223616,0.3067910927347839,1.4000573391094804,0.31886407802812755,3.134669706225395,1.958173407241702,56.43896880745888,6.067988533526659,72.37215447425842,3.66549064591527,0.09837296116165817,-0.6099449042230844,1.0
10289152,0.1842672181686005,1.0760015528873508,0.1377126942977803,1.979157781968993,1.828531776690233,43.022382589730334,4.118934456086493,43.14704884818744,3.8097959178757956,0.07332326860885215,-0.021470457159756987,1.0
10354688,0.33169007557444274,1.1637264057062566,0.32278167665936053,2.3646950386464596,1.758947568014264,50.34355691075325,5.457839950919151,56.18703955411911,4.088548980653286,0.08906125207431614,-0.01653587818145752,1.0
10420224,0.3228403297252953,1.3901495463214815,0.3219540121499449,2.946562514640391,1.9839753778651357,53.147963732481,4.2380035147070885,58.09918174147606,3.8729810249060392,0.0854826116701588,-0.034712220542132854,1.0
10485760,0.3082490006927401,1.1274494901299477,0.31607899721711874,2.227877840399742,1.9666263051331043,56.7858824133873,5.419162061065435,63.36372074484825,3.736883159726858,0.0931419397238642,-0.092096037697047,1.0
10551296,0.3014054549857974,1.4025208768434823,0.30386888328939676,2.3255749559029937,2.1781457448378205,55.08622869849205,5.682145215570927,68.41752395033836,3.66403741389513,0.09829352382803336,-0.029113074764609337,1.0
10616832,0.17948889396860299,1.007058896259012,0.12083197948915592,1.6497280500290623,1.2039065748714022,42.00051908679755,4.64897030707819,45.541770168625,3.8908614706562226,0.06610736392819917,-0.03921337149958743,1.0
10682368,0.3458437267690897,1.3636272521689534,0.2905872620176524,2.4447892857715487,1.2310445308685303,63.646905064582825,4.219328550621867,40.74704937636852,4.159002933651209,0.07883735682116821,-0.3285277944523841,1.0
10747904,0.32438554312102497,1.3326484048739076,0.28332712734118104,2.3817261196672916,1.1582263298332691,73.97210964560509,4.101275101304054,63.88970720767975,3.983356662094593,0.07498516666237265,-0.35902228858321905,1.0
10813440,0.3166541778482497,1.2401925805024803,0.28471351973712444,2.2992194667458534,1.1379853580147028,56.46448317170143,4.911611929535866,66.73475831747055,3.89877587556839,0.0824859284912236,-0.07850276795215905,1.0
10878976,0.3111243818420917,1.2045511812902987,0.2826638501137495,2.1672862879931927,1.1183758843690157,53.77042147517204,5.649219285696745,56.03324404358864,3.864790765568614,0.08863219677004963,-0.20871210610494018,1.0
10944512,0.18238109380500503,1.0496436426169182,0.12076599296765873,1.7022770254322923,1.1179778325414924,35.44109626242285,4.1341944335502605,45.403322632828484,3.971930126109755,0.0653177737679153,-0.02508079503376755,1.0
11010048,0.3475460661575198,1.5223547690548003,0.3204824267886579,2.722562152892351,1.5358758168295026,57.17930394411087,4.656489064916968,49.12889674305916,4.213000796735287,0.08724448893917724,-0.02321920683607459,1.0
11075584,0.3379082481842488,1.185053844936192,0.30378439486958086,2.2090620137751102,1.2191862016916275,57.99395006895065,4.240099830552936,48.208703607320786,4.032721357420087,0.08027261128881946,-0.15205938299186528,1.0
11141120,0.318188063101843,1.15017966972664,0.2984578025061637,2.143415371887386,1.6328921942040324,54.66033557057381,5.137815296649933,58.81744521856308,3.896889043971896,0.0866731891874224,-0.14993424620479345,1.0
11206656,0.31234760535880923,1.0988566828891635,0.29918955778703094,2.3827816555276513,2.115503581240773,58.82731792330742,5.32566848769784,58.93322688341141,3.825365049764514,0.08812274364754558,-0.30050766421481967,1.0
11272192,0.18551367050575385,1.005769279527377,0.13786719890917282,1.8242158374064659,2.6491814523469657,39.382212856397345,4.6441066364227535,43.66229681301503,3.8748060454087083,0.08324539543589554,-0.03154356110734439,1.0
11337728,0.35270660859532654,1.121827996801585,0.3601939771324396,2.451224892400205,1.7323704166337848,38.56347994506359,5.965404681861401,47.07725039124489,4.164475727826357,0.09211268706712872,-0.38735094224102795,1.0
11403264,0.33409200282767415,1.0498851309530437,0.339277062099427,2.0235048262402415,2.2928182780742645,40.633890211582184,4.049921276047826,40.985337257385254,3.9241825826466084,0.08623752987477928,-0.48460242664441466,1.0
11468800,0.3183134237769991,1.1523298062384129,0.3394544944167137,2.305455376394093,3.1358585227280855,59.566857516765594,4.468252241611481,43.45664346218109,3.7454567179083824,0.09265154774766415,-0.4828692458104342,1.0
11534336,0.3116642814129591,1.1116194264031947,0.3297033845447004,2.5108407139778137,3.4651255812495947,67.22121384739876,4.405566405504942,44.58706584572792,3.6316653843969107,0.09429612872190773,-0.4821974206715822,1.0
11599872,0.20269215420584183,1.12668905595699,0.1326948903635683,1.90361186000238,1.6136931221846615,32.001717037611066,4.094127222927882,46.18259788286614,3.921168603092791,0.0724219674867275,-0.02283164628371821,1.0
11665408,0.35367490560747683,1.165491156745702,0.31345932953990996,2.4047575127333403,0.684257565997541,29.736074149608612,4.00186425074935,45.244484305381775,4.122437935322523,0.0760497756418772,-0.24705900240223855,1.0
11730944,0.33053123438730836,1.3385642459616065,0.3040830937679857,2.4871646063402295,1.0182744073681533,45.50909522175789,3.978242537006736,62.781686902046204,3.9485690761357546,0.07818216667510569,-0.7584601663984358,1.0
11796480,0.31097897212021053,1.213415363803506,0.2897490344475955,2.3061940483748913,1.1448535770177841,56.3712372481823,4.634273633360863,58.82942375540733,3.8446110393851995,0.08177838131086901,-0.7776333433575928,1.0
11862016,0.305485843680799,1.275915730278939,0.2893806272186339,2.397007280960679,1.240981724113226,47.01978671550751,4.169371888041496,56.8825703561306,3.8076829072088003,0.07781041174894199,-0.7304841028526425,1.0
11927552,0.195399514029184,1.1418970742498535,0.12634961617302642,1.8997568198625583,0.5003077153499372,19.426032819886164,3.2286827741906112,48.19504861423678,3.9989025743610886,0.06584382711640413,-0.022604562448764062,1.0
11993088,0.369104445213452,1.3069632523693144,0.3376303748227656,2.3719527143985033,0.6674938919022679,26.264604777097702,4.115609643980861,51.61636674404144,4.1113058514893055,0.07830951927462593,-0.11925622820854187,1.0
12058624,0.33818888245150447,1.0766661721281707,0.320677581243217,2.1572398468852043,0.6411358839832246,26.49451705813408,2.944977529346943,45.0659274160862,3.8596706055104733,0.07554140815045685,-0.5652289644349366,1.0
12124160,0.31989197176881135,1.2400496322661638,0.31681224913336337,2.351803610101342,1.113281674683094,55.48501014709473,3.05754323117435,48.4049046933651,3.705887818709016,0.07415812026010826,-0.6896254699677229,1.0
12189696,0.31479201931506395,1.357912992592901,0.3230044194497168,2.491288927383721,1.628611695021391,68.27725827693939,3.0974852330982685,46.90832898020744,3.6219278797507286,0.07345006772084162,-0.712313077878207,1.0
12255232,0.19292935519759735,1.0372693471341248,0.1356025329027998,1.8777612120317049,1.5879531793544597,39.45742750900562,3.5969404316667175,50.0006258425875,3.914892092526677,0.0709786124819194,-0.015286346689898925,1.0
12320768,0.3550886868033558,1.1999301295727491,0.3503912331070751,2.7082258528098464,1.285980143584311,45.91097038984299,4.48853843472898,61.98798656463623,4.11155029386282,0.08364807156613097,-0.008850931073538959,1.0
12386304,0.33252563048154116,1.0897783925756812,0.3431978668086231,2.259956863708794,1.7809819923713803,53.72086951136589,3.4357728976756334,53.11297678947449,3.888538710772991,0.0828755222610198,-0.04786188201978803,1.0
12451840,0.3174290719907731,1.101406964007765,0.3440960419829935,2.415997887030244,2.095334930345416,48.40449956059456,3.6792623419314623,51.73152920603752,3.753208639100194,0.08527969516580924,-0.11361437686719,1.0
12517376,0.30986985261552036,1.1332225603982806,0.34001912898384035,2.363020139746368,2.596290897578001,50.21647998690605,3.9306883849203587,43.365031123161316,3.663667507469654,0.08655423374148086,-0.31785125844180584,1.0
12582912,0.18847098287913094,1.0963800276618405,0.12655992236224015,1.8193718770586222,0.822889390759905,24.896939863030045,3.165839853033098,49.47364623668458,3.9510145456676025,0.06492847713911121,-0.018303235313933658,1.0
12648448,0.3572661932557821,1.2880332190543413,0.317955925129354,2.79311506729573,0.7325345650315285,39.36767953634262,4.0403901897370815,50.15319496393204,4.083123901858926,0.07742818852420896,-0.1992196727078408,1.0
12713984,0.33199116261675954,1.4461258333176374,0.2978720187675208,2.296911089681089,0.7110340399667621,45.63530723750591,3.9793021362274885,53.101402759552,3.852070378139615,0.0832615836407058,-0.20030349353328347,1.0
12779520,0.3161789115983993,1.3119601039215922,0.29531881446018815,2.281454538926482,0.6752755595371127,33.61278386414051,4.3454793356359005,60.24909859895706,3.6958296466618776,0.08618699759244919,-0.02474637096747756,1.0
12845056,0.308691103477031,1.5276444968767464,0.28728715633042157,2.4744774494320154,0.7877542213536799,36.27495460212231,3.876951651647687,59.55635857582092,3.6474955528974533,0.07900214922847226,-0.038714000198524445,1.0
12910592,0.1832688608408782,1.0758491244660802,0.134468512951834,1.8222073766750744,0.9026837949774296,29.217110903092088,4.55494492040689,51.30116080160601,3.8599308975130677,0.07246477802070868,-0.022304900470245855,1.0
12976128,0.3480428617913276,1.256607717834413,0.30989378434605896,2.771925243549049,1.1059584473259747,41.86081311106682,4.073522858321667,49.098915696144104,4.131524953991175,0.08118267939426005,-0.0196874737739563,1.0
13041664,0.3239771337248385,1.4078553803265095,0.29093963257037103,2.262816230766475,1.2494979295879602,58.392483949661255,3.633267281576991,60.59409159421921,3.9374227803200483,0.08149008639156818,-0.17181913647800684,1.0
13107200,0.3063774991314858,1.067685229703784,0.2914411670062691,2.345261313021183,1.3542991541326046,62.41921779513359,4.265161849558353,55.847322195768356,3.806943569332361,0.08596650173421949,-0.18983706273138523,1.0
13172736,0.3018213629256934,1.2600213987752795,0.2929794907104224,2.3872780967503786,1.6497697681188583,65.08721247315407,4.5319201946258545,51.53257957100868,3.7418348100036383,0.08867444819770753,-0.07623517187312245,1.0
13238272,0.18216690201177654,1.0126399900988643,0.13852581120073706,1.6855769656957633,1.0841324023393275,59.98324041673352,3.027368978250783,44.67791296317276,4.036935028361987,0.061147767040564356,-0.021007208608045995,1.0
13303808,0.3389683710411191,1.0955385002307594,0.34162315097637475,2.5227678921073675,2.21203803550452,44.507738292217255,4.966585785150528,47.11104518175125,4.254214491695166,0.09123769792495295,0.0004543651593849063,1.0
13369344,0.3258634773083031,1.3380847345106304,0.318732479121536,2.377132466994226,1.6970099797472358,43.64854684472084,4.075911128893495,46.884376883506775,4.111430641263723,0.08601938764331862,-0.07699699052318465,1.0
13434880,0.3163805133663118,1.035155679564923,0.29596263309940696,2.006461890414357,1.1937599759548903,36.90812334418297,3.4709967207163572,44.82394567131996,4.037924014031887,0.07822205306729302,-0.039149015792645514,1.0
13500416,0.321031327592209,1.5045197429135442,0.2836679072352126,2.7758853686973453,1.0029064654372633,41.49215367436409,2.7545418590307236,47.233121782541275,4.007973909378052,0.07380087388446555,-0.26818085578270257,1.0
13565952,0.181723642078823,1.0354118505156185,0.117356109505811,1.704748432387609,1.022120357795439,30.172605782332102,2.215944561560313,36.299324211462526,3.960010866623327,0.06623725007366703,-0.011379932129127255,1.0
13631488,0.35975529509596527,1.20860945712775,0.3085977367591113,2.265914050862193,0.8964921100996435,43.59753240644932,3.6171217560768127,47.984034687280655,4.15811013430357,0.07679471367737278,-0.01242460054345429,1.0
13697024,0.34443075000308454,1.0709438803605735,0.3112531283404678,2.246861287392676,1.0403032186441123,46.91452297568321,2.3847167417407036,41.57706305384636,3.927981650456786,0.07218450430082157,-0.17024907446466386,1.0
13762560,0.32970015332102776,1.1541672586463392,0.3102049590088427,2.4728173073381186,1.3407704634591937,51.69019973278046,2.2352635096758604,35.64284789562225,3.7773478478193283,0.07411289506126195,-0.32838783226907253,1.0
13828096,0.3231990006752312,1.1133559267036617,0.30554695380851626,2.509784346446395,1.3154798429459333,52.465405598282814,2.3999336287379265,40.40858753025532,3.674474412575364,0.07349776977207512,-0.21299167443066835,1.0
13893632,0.1777475618375802,1.0091538041695414,0.11427339617757643,1.5460111768804041,0.667351990596655,20.164808752666037,2.3677234953530246,31.970119842227145,3.9321782070111078,0.05761441699767777,-0.01656521406832589,1.0
13959168,0.3639371294993907,1.2854694402776659,0.31231971899978817,2.437339066527784,0.6134092251304537,35.38139597326517,3.335072362795472,47.543335407972336,4.147792223840952,0.07350366993341595,-0.10438138665631413,1.0
14024704,0.34240689617581666,1.1061775195412338,0.29778102575801313,2.1313565764576197,0.6822860422544181,64.67722722887993,2.4548957124352455,36.030515149235725,3.9231430664658546,0.06865091616054997,-0.6592941237613559,1.0
14090240,0.3299235284794122,1.2017655479721725,0.30376017303206027,2.5868407590314746,0.8087932686321437,55.56777939200401,2.682549126446247,42.44440799951553,3.7891972437500954,0.07009809283772483,-0.7784816296771169,1.0
14155776,0.3280327250249684,1.3905786140821874,0.2962307126726955,2.3802528493106365,0.9314086730591953,40.60367673635483,2.8602637462317944,45.59568104147911,3.7697548028081656,0.06968621618580073,-0.7721234634518623,1.0
14221312,0.18150083339739456,1.0928308126707393,0.112821507104953,1.5961611818701746,0.5350289054036825,29.193410764324916,3.313242180665663,39.154437335118295,3.933672839977655,0.06304168733151023,-0.02919298260758844,1.0
14286848,0.3589082232210785,1.2685652514919639,0.303007357288152,2.5586890103295445,0.5939710889942944,27.75655670464039,3.377980448305607,40.778318122029305,4.178573243319988,0.07453024660935625,-0.07304131248383783,1.0
14352384,0.3367965379729867,1.2072540232911706,0.2943441425450146,2.400524117052555,0.6673668236471713,48.89754009246826,2.5831759106367826,42.288564801216125,3.9814576283097267,0.0698314833571203,-0.21064756554551423,1.0
14417920,0.326007833937183,1.0863991137593985,0.30095106759108603,2.2652603574097157,0.7089265226386487,26.461865559220314,3.7714019250124693,46.963251888751984,3.8653800319880247,0.07772982254391536,-0.14094628347083926,1.0
14483456,0.31898658629506826,1.201493396423757,0.30280680675059557,2.3661068314686418,0.9558074390515685,36.059188321232796,4.415853951126337,43.330582708120346,3.857297793030739,0.07804957940243185,-0.4165762478951365,1.0
14548992,0.1801339975300144,1.0371348246124135,0.10917868984145034,1.5095172129032841,0.41867075064808623,22.86587084049965,2.161673480897289,36.45471773967596,4.025863701500088,0.05576719224161233,-0.0155485036673518,1.0
14614528,0.35857374337501824,1.3683661352843046,0.3144325518514961,2.744724443182349,0.9904966559261084,60.39215284585953,3.56019588932395,40.350724041461945,4.275607600808144,0.07743843970820308,-0.011634539696387947,1.0
14680064,0.33937198971398175,1.1319958637468517,0.29842416499741375,2.4495795257389545,0.865125484764576,67.3534463942051,2.6116667557507753,37.96092875301838,4.117124754935503,0.07125051179900765,-0.10425694682635367,1.0
14745600,0.33195230178534985,1.198427862022072,0.3067034804262221,2.6431133011355996,0.8475288194604218,58.026143938302994,3.25246848911047,55.12059795856476,4.007947500795126,0.07391390280099586,-0.20366155612282455,1.0
14811136,0.326141839614138,1.0735510191880167,0.29051735531538725,2.3368233498185873,0.9287456683814526,49.298191010951996,3.434794558212161,53.31547066569328,3.9698868226259947,0.07730893179541454,-0.15545505145564675,1.0
14876672,0.18251082532287363,1.085578687668565,0.10981877052494471,1.5899897311780467,0.3388309492392982,23.538338831266813,1.8330921490146521,38.90150282601545,4.042775421975607,0.054861059423580945,-0.021247859035775692,1.0
14942208,0.35812991368584335,1.1766792419366539,0.3074559315573424,2.5657810559496284,0.8161531374789774,33.208153545856476,3.4011605009436607,48.92710903286934,4.257465321570635,0.07782026205677539,-0.1079717215616256,1.0
15007744,0.3460054653696716,1.1818125755526125,0.29219212965108454,2.3448556875810027,0.5869360740762204,34.79119661450386,2.716507241129875,46.93023732304573,4.063583064824343,0.07021133514354005,-0.06507656257599592,1.0
15073280,0.33358408813364804,1.1014596377499402,0.29769358807243407,2.3446785984560847,0.7692859265953302,38.526517912745476,3.6125897224992514,56.005193173885345,3.960759600624442,0.07586461026221514,-0.1394230634905398,1.0
15138816,0.331264101434499,1.595166766550392,0.30979048484005034,2.364520387724042,0.9894990897737443,54.495757430791855,4.481691185384989,61.058624893426895,3.9128758925944567,0.07897461246466264,-0.27497992455028,1.0
15204352,0.18567243410296827,1.078231643571193,0.11832382700809962,1.561855500698628,0.18321972444067228,11.599144212744502,2.2532920791074655,36.128385549658034,4.104762612696153,0.058075129556615486,-0.01679452384979161,1.0
15269888,0.3526386613957584,1.2157445061020553,0.34108727774582803,2.792020656168461,1.238495800178498,56.053247183561325,3.886551169678569,38.120413675904274,4.35847507417202,0.0832068653544411,-0.1252921427367255,1.0
15335424,0.33789438917301595,1.12157302768901,0.32961411122232676,2.366373381577432,1.193397594615817,62.93453839421272,4.254653969779611,41.50653663277626,4.226533580571413,0.08150649239541963,-0.2884928286075592,1.0
15400960,0.3264408924151212,1.2631278657354414,0.31321715866215527,2.2299251621589065,1.0785124767571688,69.76405411958694,4.722294043749571,51.999868005514145,4.131677933037281,0.08089293853845447,-0.5315545024350286,1.0
15466496,0.3207733351737261,1.1225352925248444,0.3116041203029454,2.4872007174417377,1.2611034763976932,74.30719980597496,5.098525632172823,50.35627028346062,4.0455144718289375,0.08277827029814944,-0.36593472911044955,1.0
15532032,0.18465761362339358,1.0846233118819184,0.11215423723592995,1.6237963338169348,0.4203408744623772,18.331001985172954,2.213267455590014,42.93727328958192,4.0145779282572756,0.05767014341888927,-0.028015593937822585,1.0
15597568,0.34565656329505146,1.2881058542989194,0.30113363615237176,2.903266631066799,1.0373350731097162,35.7062676101923,3.66612515039742,51.056238263845444,4.231518920511007,0.07959915115498006,-0.3286305074580014,1.0
15663104,0.33579795085825026,1.2688217330724,0.2904112327378243,2.6000436497852206,0.9497752040624619,43.30189161002636,3.2051349375396967,53.96461057662964,4.060044709593058,0.074370106915012,-0.3379205227829516,1.0
15728640,0.32820560061372817,1.1954987258650362,0.2934130597859621,2.57388505525887,1.0230704289861023,57.1255989074707,3.2486537769436836,52.097239434719086,3.96452116407454,0.07762035453924909,-0.4366662916727364,1.0
15794176,0.32515447633340955,1.177482845261693,0.28667126572690904,2.29887259285897,1.2125766826793551,52.69343948364258,2.871838040649891,47.20577535033226,3.887718088924885,0.07577532064169645,-0.3453107811510563,1.0
15859712,0.18624399478984885,1.1322552289768875,0.11255212678540363,1.6987415809767792,0.8372359882601178,28.748020071569965,2.0526498378947355,39.09887277716434,3.9623093287269753,0.05926450438718928,-0.03545980069348701,1.0
15925248,0.3553163392934948,1.1637879787012935,0.3093693098053336,2.5058592362329364,1.1443088119849563,49.4532900005579,3.1049780305474997,39.22035501897335,4.13340650498867,0.078469981206581,-0.09284280118299648,1.0
15990784,0.34022241667844355,1.274300022982061,0.30740312417037785,2.41504262201488,0.9465454434975982,64.2091147005558,2.4519554264843464,46.093374848365784,3.926908554509282,0.07494299742393196,-0.4533010604791343,1.0
16056320,0.3324533230625093,1.1916270777583122,0.31148765585385263,2.283361322246492,1.1878589522093534,70.26533377170563,2.456804009154439,37.88616329431534,3.7734040152281523,0.0756884387228638,-0.056986663257703185,1.0
16121856,0.33004792244173586,1.2923747268505394,0.3129774183034897,2.5868371669203043,1.2940277438610792,52.32681019604206,2.6748685874044895,42.907525047659874,3.6801399644464254,0.07210064155515283,-0.2661966043524444,1.0
16187392,0.19067762852141476,1.147560922406524,0.1207924738627331,1.6496159402227186,0.7562720929461824,28.80927800144776,2.103277558981194,37.12077372468425,3.95363510283361,0.05930054279223802,-0.03583463376068162,1.0
16252928,0.3579678537789732,1.2310714535415173,0.31266081240028143,2.39661168679595,0.7438423661515117,28.7242381721735,2.8108370266854763,39.91696162521839,4.097987722605467,0.07434562820708379,-0.1146690723253414,1.0
16318464,0.34285044367425144,1.1118520912714303,0.31542402505874634,2.3179440582171082,1.151363576296717,57.97125670313835,2.8407150115817785,54.65068182349205,3.8837650045752525,0.07448090222897008,-0.3603738131932914,1.0
16384000,0.3328042724169791,1.1897794264368713,0.3089676792733371,2.499756787903607,1.440922111272812,47.60919965803623,2.9742233902215958,58.14891639351845,3.7562007308006287,0.08023116260301322,-0.19667869852855802,1.0
16449536,0.327498696744442,1.8901053126901388,0.30624720826745033,2.7621231600642204,1.6624377267435193,49.234235137701035,2.8507721461355686,46.59643676877022,3.7263960856944323,0.07347762101562694,-0.11370248906314373,1.0
16515072,0.19086096553042173,1.155655075358339,0.12152399338714509,1.6778685131211237,0.6921995053396011,22.789275980649897,2.69606024666594,40.71091499585793,3.9405015066086526,0.06176315300189048,-0.030248445068788994,1.0
16580608,0.35918065113946795,1.5085265841335058,0.3184475463349372,2.513199172914028,1.086994247045368,53.86792576313019,3.1993367429822683,42.28190016746521,4.133163888007402,0.07370414992328733,-0.1503039614763111,1.0
16646144,0.3419773275963962,1.145427699200809,0.3008319088257849,2.367551683448255,1.08842550823465,54.605939477682114,2.76280983351171,44.83206695318222,3.9494263883680105,0.07303067139582708,-0.2145779689308256,1.0
16711680,0.3350194657687098,1.1757129495963454,0.295728943310678,2.165633764117956,1.0910828658379614,52.33075192570686,3.0340769421309233,44.883848920464516,3.8214823324233294,0.07690519164316356,-0.1846867862623185,1.0
16777216,0.32846928597427905,1.1752078137360513,0.2983707468956709,2.634390472434461,1.7243366427719593,51.77056437730789,3.210448957979679,37.91850163042545,3.753316167742014,0.07984890224179253,-0.24493977148085833,1.0
16842752,0.18909999142479467,1.0481084756194108,0.11766226084745791,1.7254256685096097,0.8297987594044801,26.108483659148394,1.9034833657717982,36.50730621012444,3.9801031713744246,0.058739066713051985,-0.020239396904404443,1.0
16908288,0.3626625332981348,1.2173081133514643,0.3338395219761878,2.37300315964967,1.2137123490683734,54.937928438186646,3.7823270615190268,39.754874750971794,4.164893958717585,0.07906428491696715,-0.29719605518039316,1.0
16973824,0.3509302877355367,1.0948599250987172,0.3306726773735136,2.2730438066646457,1.387111335992813,59.85840165615082,2.7305152099579573,34.466797932982445,3.9812803864479065,0.07143006403930485,-0.7088857828639448,1.0
17039360,0.33572839479893446,1.1578560024499893,0.31544232671149075,2.4610805762931705,1.595839605666697,57.807250052690506,3.1689090747386217,50.71240511536598,3.8628255426883698,0.07224382390268147,-0.7946411068551242,1.0
17104896,0.33699047681875527,1.2724573025479913,0.31205034418962896,2.379786125384271,1.673246000893414,62.62388280034065,3.3012504167854786,46.500065207481384,3.762749256566167,0.0726600153138861,-0.7690636371262372,1.0
17170432,0.18967095697410855,1.0224689641541027,0.1171159537127578,1.7137468205428268,0.7403145975563731,28.42108665081302,2.3401460848672944,34.94791065857757,3.9798466922288918,0.05583098356847663,-0.023663631059700645,1.0
17235968,0.35784122673794627,1.241035989485681,0.31113167689181864,2.455269175581634,1.0266908295452595,39.66865862905979,3.2976232822984457,43.088247299194336,4.222375936806202,0.07537830271758139,-0.4303662069141865,1.0
17301504,0.3465928148943931,1.1155640888027847,0.3099780445918441,2.366389086470008,0.976117161102593,41.66287210583687,2.432976705953479,51.14091917872429,4.055578090250492,0.06758044037269428,-0.6207881486043334,1.0
17367040,0.34533924353308976,1.2529800799675286,0.3117465490940958,2.657455675303936,1.100998692214489,42.195933014154434,2.820861479267478,49.164038360118866,3.9215397406369448,0.07116411329479888,-0.46246198401786387,1.0
17432576,0.3405087171122432,1.327267888467759,0.29954398260451853,2.3355877678841352,1.2331943027675152,56.361783772706985,2.7074501253664494,65.38213014602661,3.844530029222369,0.07197862607426941,-0.40241933474317193,1.0
17498112,0.18936636339289598,1.0164100818605308,0.12077140199940607,1.6934424713029559,0.9425997543022463,31.29892357802916,2.2359726792481918,42.37049598308527,3.9911671499890016,0.061005503180470454,-0.008297907598092255,1.0
17563648,0.3759337915107608,1.3206300800666213,0.3453520918264985,2.8037875397130847,1.0713239018805325,31.676568552851677,4.043140087276697,57.42047169804573,4.231169283390045,0.07999172277050093,-0.002094519411912188,1.0
17629184,0.35503848968073726,1.6447150176391006,0.3242620781529695,3.4581274185329676,1.2911286912858486,55.66525399684906,2.879612570628524,56.876092076301575,4.031543018296361,0.07430094672599807,-0.31720324512571096,1.0
17694720,0.3430767871905118,1.2943245037458837,0.3190015568397939,2.544762948527932,1.5495964270085096,64.97084185481071,2.7609696853905916,42.88594424724579,3.864081660285592,0.07747879909584299,-0.15063261287286878,1.0
17760256,0.34612603508867323,1.6296900720335543,0.31646854477003217,2.77313675545156,1.8153549283742905,57.74504193663597,2.998759038746357,61.706836581230164,3.741739135235548,0.0768031480256468,-0.26244049333035946,1.0
17825792,0.19415264587894263,1.1088969859193607,0.11121597938262016,1.7540405534252703,0.5331214914471472,33.66922755472654,1.6470236866019599,44.76890612679747,4.019854720277959,0.05339198538764234,-0.017530380546238768,1.0
17891328,0.3638685152400285,1.3509438456967473,0.3072052707429975,2.6925444174557924,0.8070383011363447,47.329540118575096,3.1014429442584515,66.38968032598495,4.1099908743053675,0.07227415475063026,-0.13021371560171247,1.0
17956864,0.3421642289031297,1.0752529972232878,0.28952235798351467,1.8868658877909184,0.7531933793798089,45.625966250896454,2.634488433599472,55.311922907829285,3.9244981482625008,0.07049546536291018,-0.0247433977201581,1.0
18022400,0.3336708585266024,1.1798513811081648,0.2833316973410547,2.1430645817890763,1.0238689561374485,50.38339015841484,3.256206650286913,60.84133067727089,3.810317352414131,0.0759051360655576,-0.028692001942545176,1.0
18087936,0.3297602557577193,1.8117960249073803,0.27956354431807995,2.3512892173603177,1.0868541495874524,51.96259784698486,2.723746847361326,55.929026424884796,3.8202678710222244,0.06745141564169899,-0.23480957525316626,1.0
18153472,0.18890985168224897,1.017585007720683,0.10509445427086608,1.6704914225040968,0.606497466282257,37.54721868467932,1.3247237427998895,39.707713053157796,3.998924800609968,0.052498070525948,-0.017113691927999795,1.0
18219008,0.35457369312644005,1.159762461669743,0.31112501630559564,2.3846501857042313,1.0280264033935964,34.758399575948715,3.0729372184723616,34.779483780264854,4.2024654150009155,0.07677280565258116,-0.038996723014861345,1.0
18284544,0.3414377737790346,1.0735632260330021,0.29081938858143985,2.137219639495015,0.9222990642301738,47.43804043531418,1.9909892976284027,42.621720016002655,4.049283225089312,0.06717999360989779,-0.10225121141411364,1.0
18350080,0.3397524345200509,1.099506517406553,0.2842648809310049,2.341622244566679,1.0032057296484709,52.091425985097885,2.111811169423163,53.27503141760826,3.975242491811514,0.06548130206647329,-0.40734341787174344,1.0
18415616,0.34167343308217824,1.2824947838671505,0.2904488805215806,2.7467190586030483,1.3080561039969325,59.49853691458702,2.0347442077472806,46.3880253136158,3.924573540687561,0.06655664733261801,-0.6091832430101931,1.0
18481152,0.19252003488097205,1.0474923758442143,0.10389983930333282,1.7423942643834884,0.7932861080100053,34.52350438178618,1.2795414011238189,39.19391430617052,4.063520343368312,0.05599717398634158,-0.0075687333907797395,1.0
18546688,0.37812700239010155,1.4957370413467288,0.3410747884772718,2.806777562946081,1.1536099216900766,46.132586643099785,3.7293723803013563,51.674659729003906,4.254266116768122,0.07982918748166412,-0.029044049442745745,1.0
18612224,0.35506693506613374,1.1123425541445613,0.3263758532702923,2.244907950051129,1.2170861279591918,47.69231900572777,2.540679080411792,56.07822012901306,4.042171787470579,0.0752012247685343,-0.17958860809449106,1.0
18677760,0.3462701935786754,1.2211667909286916,0.33751394716091454,3.1781487930566072,1.625658837147057,55.169001400470734,2.523358952254057,58.28485296666622,3.88765256293118,0.07326935895252973,-0.8446253468282521,1.0
18743296,0.3396168374456465,1.6914076791144907,0.3337189934682101,3.617424124851823,2.0132103888317943,68.0392549932003,2.6656848806887865,55.077822387218475,3.803206767886877,0.07324079482350498,-1.185815448872745,1.0
18808832,0.19328389429004797,1.0075318984777095,0.11699366041582572,1.8445172595107053,1.1668120097882304,48.93300932826452,1.6393607344144552,39.36098515163793,4.0486977175775785,0.06014154263188591,-0.0049362789351403355,1.0
18874368,0.36775367869995534,1.362182479351759,0.34785344637930393,2.8266814220696688,1.5160342664457858,49.46723893284798,3.9987108912318945,46.51757553219795,4.225503496825695,0.08572062681196257,-0.01076816527347546,1.0
18939904,0.34208640619181097,1.1052627828903496,0.3200053672771901,2.0300078447908163,1.5393185922876,51.79024589061737,3.2364328913390636,39.5597879588604,4.011842500418425,0.08032941730925813,-0.07840715767815709,1.0
19005440,0.3326727319508791,1.2001454285345972,0.3176671436522156,2.560255273245275,2.047483554109931,54.355552941560745,3.176207834854722,54.640534430742264,3.875074226409197,0.08013320353347808,-0.3260356057435274,1.0
19070976,0.331134544685483,1.1276271850802004,0.3249502454418689,2.928171900101006,2.4932497162371874,51.91775831580162,3.6935150753706694,55.186356127262115,3.7470264676958323,0.08413026249036193,-0.34905419894494116,1.0
19136512,0.18638991429863205,1.027596417141248,0.12756906686552677,1.795854290947318,1.1936704785077754,46.35105616880962,1.8174419703806404,37.88925382264901,4.014925809868847,0.060636105355301714,-0.011310371957405144,1.0
19202048,0.3593555090483278,1.2068964410573244,0.3496508600655943,2.620553031563759,1.6022492842748761,37.68936464190483,4.175101939588785,42.23977082967758,4.202880743891001,0.08524473215220496,-0.01235256582731381,1.0
19267584,0.3418776618782431,1.0802762350067496,0.31825226778164506,2.036238239146769,1.384918099269271,36.31677469611168,2.818039149045944,42.579440116882324,4.02241219766438,0.07648094440810382,-0.08517232059966773,1.0
19333120,0.3279924299567938,1.0751222297549248,0.3098761374130845,2.4711750904098153,1.514561578631401,46.72240522503853,3.473820611834526,46.62270727753639,3.932795684784651,0.08092060103081167,-0.22321983496658504,1.0
19398656,0.32716913521289825,1.1691700536757708,0.2966720180120319,2.1223908038809896,1.8547635711729527,46.06608867645264,3.3508938886225224,43.60685759782791,3.8539045583456755,0.07990960357710719,-0.21918697701767087,1.0
19464192,0.19014155059626484,1.0387681686734578,0.1129439436291984,1.594592612012323,0.6265413166060259,31.855181688543812,1.9446482080349092,40.554954673376784,3.9867320023028245,0.05744187669065523,-0.02262579547718212,1.0
19529728,0.36276209237985313,1.3114732950925827,0.31310089211910963,2.644290177151561,0.9189752698875964,56.8177595436573,3.5806644950062037,43.54103150963783,4.144277647137642,0.076509278267622,-0.03591967700049281,1.0
19595264,0.34284050413407385,1.240653038956225,0.290986847365275,2.164509248919785,0.9935363666154444,45.32370054721832,3.496704999357462,59.05873084068298,3.9578967038542032,0.07476593158207834,-0.02249224705155939,1.0
19660800,0.3389317507389933,1.138571028597653,0.28193718823604286,1.870105605572462,0.850388778373599,31.632773086428642,3.7834616601467133,54.24569636583328,3.8604759331792593,0.07938397052930668,-0.02009808411821723,1.0
19726336,0.3348222847562283,1.4700708966702223,0.2881918929051608,2.2680446952581406,0.9568067979998887,37.03453129529953,3.7552471309900284,56.21970123052597,3.790855446830392,0.07935315475333482,-0.040750254527665675,1.0
19791872,0.19798130288450833,1.1586790012128383,0.11354371728880489,1.775016706234899,0.4826072277851874,33.045431927901255,1.8411322682590998,44.2081486524857,4.006199108548911,0.055520780662254215,-0.02325121762584446,1.0
19857408,0.3688189007807523,1.2693394548259676,0.30361069133505225,2.441977996379137,0.6416476320009679,30.133691132068634,3.261743837967515,45.589148223400116,4.160679150372744,0.07265985000412911,-0.014228403684683144,1.0
19922944,0.3486856264062226,1.0765756233595312,0.28211902221664786,2.112724800594151,0.686735118040815,38.910971865057945,3.089388258755207,50.26789274811745,3.9441059343516827,0.0730184514541179,-0.03602803312242031,1.0
19988480,0.3312953431159258,1.1051308014430106,0.2805831690784544,1.8900058614090085,0.8913615071214736,49.386124074459076,3.354821240529418,48.20980957150459,3.834300324320793,0.07846593199064955,-0.27898000832647085,1.0
20054016,0.33089330373331904,1.4631873993203044,0.29414762859232724,2.712427510879934,1.2810612837783992,51.810083508491516,3.1561909839510918,54.582423865795135,3.7749184630811214,0.07528151443693787,-0.532629928085953,1.0
20119552,0.20074295436581932,1.104631150522864,0.10701522966341889,1.7469847249203776,0.48026032453888173,34.86850306669991,1.5852283067280337,41.46427278421505,4.049305037202605,0.05532802283169186,-0.01599331990484687,1.0
20185088,0.3752274429425597,1.2772132735699415,0.3064608438871801,2.441804576665163,0.5863273732829839,32.711675599217415,2.786197081208229,47.623761147260666,4.201716877520084,0.07132156862644479,-0.2359328867169097,1.0
20250624,0.35488984547555447,1.1217336114495993,0.2881855140440166,2.304461914114654,0.6451999214477837,39.4530525803566,2.2920705508440733,47.88785529136658,4.002870069816709,0.06852091668406501,-0.6517916065640748,1.0
20316160,0.34715622127987444,1.3677409323863685,0.2958458836656064,2.7667254991829395,0.7482513878494501,41.80303141474724,2.50769922696054,57.65469691157341,3.898547235876322,0.06982174696167931,-0.7388240471482277,1.0
20381696,0.34702832088805735,1.4598974222317338,0.29313429445028305,2.7553405072540045,0.8389693391509354,61.00163397192955,2.4280380215495825,55.7079516351223,3.8176638148725033,0.07195633801165968,-0.7512602340430021,1.0
20447232,0.20461927710033684,1.1981412488742764,0.10557987683744405,1.8461838606745005,0.197055527471926,20.82677632008668,1.0049150470834989,40.5851784541597,4.149681507463915,0.05474621826693057,-0.009996534980193948,1.0
20512768,0.3638502308167517,1.2836694288998842,0.3015024922788143,2.542868698015809,0.8370069856755435,68.9886149764061,2.6533035654574633,41.42425814270973,4.284405551850796,0.06974419322796166,-0.10415466078848112,1.0
20578304,0.34203312429599464,1.2082980861887336,0.2852168888784945,2.5838990407064557,0.7621897575445473,62.7277789413929,2.464527726173401,51.149331361055374,4.1219924576580524,0.0688659226289019,-0.2087256156373769,1.0
20643840,0.3383041692432016,1.1142522296868265,0.2888341781217605,2.524674452841282,0.639003156684339,44.19024835526943,2.68934834189713,55.348665326833725,4.005894405767322,0.07493027212331071,-0.025587871205061674,1.0
20709376,0.3368503546807915,1.220227847341448,0.2921286334749311,2.5883505921810865,0.7767257797531784,34.44813159108162,2.848578041419387,53.734366953372955,3.935846647247672,0.07560558820841834,-0.5775634464807808,1.0
20774912,0.19888456583202604,1.0820200585546982,0.1093810913573771,1.5840315242152077,0.3258472132056121,19.518348496289452,1.4088013318678678,35.93558275975646,4.122929441282548,0.05591771351061312,-0.014091834062654301,1.0
20840448,0.3711372574325651,1.358718958683312,0.3210795884951949,2.622994531877339,0.9288282999768853,44.063223510980606,3.004999065771699,37.77560783922672,4.329594019800425,0.07650396157987416,-0.03817843529395759,1.0
20905984,0.35566189675591886,1.0745570044964552,0.30504092876799405,2.1723589533939958,0.9288340704515576,59.90148165822029,2.1968941120430827,40.99460044503212,4.155990391969681,0.07135387929156423,-0.16403807909227908,1.0
20971520,0.3442398381885141,1.0814124420285225,0.2954810243099928,2.2386615751311183,0.9618772631511092,59.23748275637627,2.2820715717971325,48.892675548791885,4.016437117010355,0.07304450368974358,-0.17281692498363554,1.0
21037056,0.34640723769553006,1.1808657506480813,0.30527109769172966,2.7423587227240205,1.381917112506926,65.61865627765656,2.421464389190078,67.44961148500443,3.923963373526931,0.07587285328190774,-0.1937074805609882,1.0
21102592,0.20173469503376498,1.0843576125082481,0.10639264286462083,1.7543314436832107,0.18644086209319374,20.964134078932904,0.9881107946605343,34.81068317197173,4.192621237003659,0.057999854913003836,-0.007504419342289309,1.0
21168128,0.3751865366939455,1.3667492787353694,0.3122747093439102,2.742275740019977,0.686108764493838,47.88210265338421,2.9639997920021415,44.30727255344391,4.398262910544872,0.07483652228256688,-0.00958281202474609,1.0
21233664,0.35321159940212965,1.11875113658607,0.284752027830109,2.399660832248628,0.7163879740983248,70.11584961414337,1.8835838856175542,46.834961742162704,4.214069277048111,0.06960012880153954,-0.15512071351986378,1.0
21299200,0.3379733737092465,1.1931694648228586,0.2825978435575962,3.1352001326158643,0.67312644678168,47.92984938621521,2.0165042905136943,49.29122598469257,4.074266944080591,0.07310390303609893,-0.2512962215114385,1.0
21364736,0.3356480891816318,1.1794386263936758,0.28452598419971764,2.7964623533189297,0.8897259966470301,48.87890726327896,1.8771611852571368,51.51854808628559,3.981976989656687,0.07101668167160824,-0.28251539659686387,1.0
21430272,0.1994865504373987,1.1426003358988877,0.10385861798716955,1.7205158441091877,0.2054655580951114,16.46276334234996,1.2052388194393007,36.96987228346876,4.157352859715381,0.05753712373482714,-0.011868286168157875,1.0
21495808,0.37092293659225106,1.4537740526720881,0.30711072450503707,2.6988333901390433,0.778370360378176,51.04567478597164,3.0618546418845654,43.21360540390015,4.336426120251417,0.07562382216565311,-0.17819295852677897,1.0
21561344,0.3437511567026377,1.0955201257020235,0.27455110126174986,2.1863099532201886,0.7247666195034981,47.82450996339321,1.9013697607442737,42.21093578636646,4.136741112917662,0.06898050371091813,-0.39203843171708286,1.0
21626880,0.3342064255848527,1.0953292287886143,0.27838619938120246,2.4624124728143215,0.7490855660289526,47.06996627151966,2.51706837490201,55.84355318546295,4.008198460564017,0.07429884059820324,-0.06914398982189596,1.0
21692416,0.33139846264384687,1.119553784839809,0.27530907944310457,2.009063944220543,1.0114486780948937,54.05497497320175,2.768791813403368,54.81287595629692,3.920839799568057,0.07742292858893052,-0.104494568426162,1.0
21757952,0.20141259799655303,1.1342411014778786,0.10106477543924856,1.7901468228279467,0.30453125384063967,20.615703611118516,1.1832330049021191,39.84911968302072,4.152545825006014,0.054890023174145854,-0.013524759919887566,1.0
21823488,0.368415110046044,1.391575469635427,0.29274074733257294,3.023792836815119,0.5003736186772585,26.10296456515789,2.895192040130496,45.64391341805458,4.309298723936081,0.07294809108134359,-0.014383982983417809,1.0
21889024,0.3492802791297436,1.0880110263824463,0.2631804505363107,1.8688379293307662,0.4654041351750493,31.79410310089588,2.3805298302322626,53.4262056350708,4.1093760542571545,0.07096073869615793,-0.05766748217865825,1.0
21954560,0.33457753947004676,1.141358193475753,0.26702455268241465,2.210831191390753,0.7121222447603941,58.174729347229004,2.85965409129858,64.68211016058922,3.9997646119445562,0.07564153312705457,-0.3141574941109866,1.0
22020096,0.3334222477860749,1.2152731134556234,0.26606119237840176,2.2602398665621877,0.9658573218621314,63.35575807094574,3.081944067031145,69.07182982563972,3.9163432270288467,0.07782435597619042,-0.27843338530510664,1.0
22085632,0.19983614190111318,1.1327652372868664,0.10503756660261158,1.7242911863982318,0.26417010045029693,19.2525683544262,1.3976257024038337,45.110576004721224,4.15636872616877,0.05820462894513754,-0.016595696556348218,1.0
22151168,0.3766686476301402,1.493266892619431,0.33190731750801206,2.6239856109023094,0.7739204620011151,55.70349794626236,3.3859741240739822,45.6649472117424,4.312904343008995,0.0746006725821644,-0.3748341375030577,1.0
22216704,0.35223935288377106,1.2267747856676579,0.3112324373796582,2.661758679896593,1.231591731775552,72.8708946108818,2.870657967403531,53.22752457857132,4.079311579465866,0.07477130758343264,-0.4138108496554196,1.0
22282240,0.3406427775043994,1.1404591957107186,0.29378034570254385,2.257578236050904,1.1563112162984908,56.6423302590847,2.95322497561574,54.96584564447403,3.9140828885138035,0.07931802666280419,-0.21845228457823396,1.0
22347776,0.3337384220212698,1.2292995424941182,0.29009083937853575,2.4880398623645306,1.048940112348646,49.503963857889175,2.615170620381832,49.45259913802147,3.8106078524142504,0.07866788853425533,-0.16560367261990905,1.0
22413312,0.2002457991601473,1.1713991022881973,0.11374831472310316,1.8297444077051548,0.47868665678746414,22.41976655162983,1.9440148709852427,48.23302038335971,4.011383353766188,0.05708038116838918,-0.022120161749231797,1.0
22478848,0.364599620224908,1.3490557041950524,0.30769554362632334,2.4252717727795243,0.6432572738267481,33.7416974902153,3.6054749209433794,56.52923983335495,4.175596717745066,0.0753270210698247,-0.015140444636926986,1.0
22544384,0.33801608183421195,1.3377717551775277,0.2926006631460041,2.3678870545700192,0.8313178229145706,46.524607479572296,4.152119370177388,62.137263625860214,3.956936478614807,0.08005352201871574,-0.1787983258254826,1.0
22609920,0.3183591184206307,1.0746971829794347,0.27427812782116234,1.8841735115274787,1.21126219490543,59.50953286886215,4.786183878779411,60.53258362412453,3.838205674663186,0.08719179796753451,-0.13988078339025378,1.0
22675456,0.31629839446395636,1.1120768920518458,0.2770128761185333,2.103062381967902,1.144020943902433,49.72268521785736,3.9944338388741016,57.587325632572174,3.7859093230217695,0.08557688602013513,-0.021971546579152346,1.0
22740992,0.1947629465665444,1.11903299723404,0.11870628997335682,1.8419535886496305,0.7960569844090278,36.91580473499216,1.8151920828757897,43.15319994305182,4.036365314061383,0.05828849894712758,-0.020960130309405547,1.0
22806528,0.37707835831679404,1.7295974404551089,0.3290103133767843,2.948120572604239,0.7771976741496474,38.87007740139961,3.292909925803542,42.78308218717575,4.181958485394716,0.07542436791118234,-0.06314408138860017,1.0
22872064,0.3451256041880697,1.1690044831484556,0.3022472693119198,2.347733530215919,1.0794959501363337,51.75057715177536,2.7549418602138758,46.572889029979706,3.9560029227286577,0.07633462664671242,-0.01831286307424307,1.0
22937600,0.3340388494543731,1.3422949709929526,0.30745972064323723,2.9000248722732067,1.4630471374839544,65.80813482403755,3.14918215200305,51.15305632352829,3.833467924967408,0.08111576817464083,-0.04900327615905553,1.0
23003136,0.3273349681403488,1.1820155903697014,0.30877980729565024,3.117217391729355,1.7881864001974463,68.64107474684715,3.5787635073065758,59.2032912671566,3.7810388058423996,0.08030762831913307,-0.19564643409103155,1.0
23068672,0.20049409033079824,1.0920352526457913,0.114714045742392,1.7889352888093297,0.6496232099044249,35.53478726942698,1.5833239134917239,48.40768344791225,4.06747618048306,0.05612618127748011,-0.016725762194606017,1.0
23134208,0.37181971315294504,1.4909941568039358,0.3141491482965648,2.649000317789614,0.9140580329112709,48.25887006521225,3.2776937317103148,46.88218727707863,4.1794398203492165,0.0753307908307761,-0.03367937193252146,1.0
23199744,0.3416872846428305,1.3246215907856822,0.29052013740874827,2.114272934384644,0.7343144961632788,30.74675314128399,2.6766259018331766,48.0791794359684,3.968521784991026,0.07085669046500698,-0.05793110735248774,1.0
23265280,0.3275081254541874,1.0585556598380208,0.2815858570393175,2.0339349135756493,1.0392660065554082,33.78467418253422,3.199293825775385,44.053190261125565,3.8459372371435165,0.0793798005906865,-0.04463545652106404,1.0
23330816,0.32784104673191905,1.3549248999916017,0.2958056607749313,2.096662643365562,1.4822310656309128,46.98138228058815,3.261570993810892,60.2118963599205,3.784290451556444,0.07902333862148225,-0.05737448571017012,1.0
23396352,0.20119140449776707,1.1062055207699177,0.12455354315643928,1.7416107741083546,0.9866054915256395,34.85909901153162,1.9729599338754205,43.86988439949521,3.99984667961856,0.05782162449434849,-0.025459241600292004,1.0
23461888,0.3673041365109384,1.2897372413426638,0.3104232642799616,2.4342421647161245,0.8672110615298152,40.23729781806469,2.908098891377449,43.9664212167263,4.146255157887936,0.07347403920721263,-0.02182674640789628,1.0
23527424,0.34390705288387835,1.053909976966679,0.30020599998533726,2.2046847632154822,1.0225271647796035,33.440829411149025,2.9245570078492165,46.684634536504745,3.9209255930036306,0.075934425345622,-0.02430426236242056,1.0
23592960,0.33009024430066347,1.1874437108635902,0.2954347259365022,2.1771342204883695,1.4025370357558131,50.71687608957291,3.4616817235946655,61.46477472782135,3.76513066329062,0.08237769483821467,-0.18998659402132034,1.0
23658496,0.3307454523164779,1.3615200682543218,0.29662331962026656,2.328898610547185,1.5504908915609121,50.18068715929985,3.236802687868476,59.52812543511391,3.696234930306673,0.07754831941565499,-0.24282798485364765,1.0
23724032,0.20795483088277908,1.1513077624770531,0.10876049176812262,1.6709472496084958,0.4488903289571045,29.006246081300933,1.4100781917103555,41.97718620332833,4.042701053691197,0.05553239858316549,-0.015564844221246979,1.0
23789568,0.35779720521532,1.3248240612447262,0.29937641182914376,2.369328928180039,1.1915625631809235,41.894285425543785,3.0421122033149004,38.07052104175091,4.216708939522505,0.07586174889001995,-0.11969122230948415,1.0
23855104,0.34334297524765134,1.4448652234859765,0.2865138256456703,2.2445049062371254,1.2712524151429534,31.33180721104145,2.1561463829129934,41.629792898893356,4.040863065049052,0.07288845925359055,-0.06866173713933676,1.0
23920640,0.3370005728211254,1.277661289088428,0.28079712903127074,1.9766072435304523,1.294321496039629,33.577032178640366,2.2485533775761724,39.49317692220211,3.921364026144147,0.07273432664806023,-0.264419145649299,1.0
23986176,0.33756957994773984,1.0713276560418308,0.2783392199780792,1.9158825101330876,1.1889378912746906,59.421641290187836,2.400500001385808,51.25725704431534,3.8238400258123875,0.0742611673194915,-0.255780563224107,1.0
24051712,0.21043480997792927,1.0911628015070076,0.10802838384140148,1.5945132575614984,0.2676670939888783,17.05743981395702,1.1616345740523728,38.095185761407286,4.080548687692148,0.05362863778922124,-0.0069153250394254386,1.0
24117248,0.36559431976638734,1.22040024260059,0.2806470877258107,2.4128179289400578,0.6238092272542417,44.742988869547844,2.3662745021283627,36.91053257882595,4.224036131054163,0.07052211405243725,-0.0008682222105562687,1.0
24182784,0.3463369586970657,1.079075216781348,0.2715229243040085,1.9469187185168266,0.5807036568876356,45.7887068092823,1.9226514277979732,40.222249776124954,4.038159757852554,0.06985502800671384,-0.22965382179245353,1.0
24248320,0.3387479630764574,1.0914117158390582,0.2696268606232479,2.1458326671272516,0.8720030314289033,41.431764751672745,2.2397480625659227,52.573746889829636,3.913493048399687,0.07556335761910304,-0.15452421829104424,1.0
24313856,0.33889490901492536,1.2879856596700847,0.2708228826522827,2.3692925088107586,1.1441433890722692,47.60429975390434,1.9155078930780292,43.08031737804413,3.8486373219639063,0.07055104785831645,-0.11786755168577656,1.0
24379392,0.20690335600401263,1.1905173286346786,0.10573112309338098,1.6490461990371885,0.292321296721551,21.284675360466522,1.20486388648776,39.30784869461085,4.087839952434402,0.055033534291166676,-0.01645866422549294,1.0
24444928,0.3679502629674971,1.3973759007640183,0.29701581271365285,2.3156620701774955,0.719911765307188,26.99044133722782,2.9024087134748697,37.41954055428505,4.233236514031887,0.07398249016841874,-0.11805041192565113,1.0
24510464,0.34619099739938974,1.1096180933527648,0.27367206022609025,2.1283089984208345,0.5799137083813548,23.636624455451965,1.9194805370643735,32.05494546890259,4.050991531461477,0.06902983819600195,-0.3284569028764963,1.0
24576000,0.3388947967905551,1.5361754726618528,0.27828718814998865,2.1984340008348227,0.7795977294445038,28.22038821876049,1.8523044427856803,39.91682580113411,3.926570724695921,0.06967591383727267,-0.3084255493013188,1.0
24641536,0.3386506801471114,1.3337174621410668,0.27337250707205385,2.517687260173261,1.1192434350959957,44.06678459048271,2.0583159793168306,47.740556478500366,3.8313987981528044,0.07009274192387238,-0.35857557074632496,0.999969482421875
24707072,0.20470791880086245,1.1425179267324597,0.10415245239981955,1.6055802047387304,0.2221203459186917,17.63902240570814,0.9226928957533204,32.13417010564716,4.141200094158391,0.05387596192724823,-0.012987197993929127,1.0
24772608,0.36999262822791934,1.2788359788246453,0.2985039558261633,2.5169279584661126,0.5123651067260653,27.494444474577904,2.529961071908474,46.26417961716652,4.2781378999352455,0.0719508093316108,-0.2218675018666545,1.0
24838144,0.3551879876758903,1.2520092097111046,0.29862313671037555,2.7956272289156914,0.5572597018908709,31.45490112900734,2.071854569017887,54.054166465997696,4.076076043769717,0.07032572431489825,-0.17656199494376779,1.0
24903680,0.3490398603025824,1.1525814710184932,0.30096144787967205,2.155358972027898,0.8237462579272687,34.665919467806816,2.328409733250737,51.53836643695831,3.916511645540595,0.07414081762544811,-0.11517897853627801,1.0
24969216,0.34282072726637125,1.0608439007773995,0.3024636283516884,1.886160015128553,1.2023458667099476,40.155871242284775,2.7328958809375763,51.59922295808792,3.7883511185646057,0.0776313702808693,-0.26198378717526793,1.0
25034752,0.19733641333653626,1.0447001051471894,0.10753049721088574,1.4530698645702866,0.4051225262340607,25.35275521563613,0.9158518639006035,29.16486298851669,4.132320572274277,0.05259603867026787,-0.01217512163215777,1.0
25100288,0.36178649705834687,1.266179969534278,0.3166187659371644,2.452213396318257,1.0465408125892282,52.83680269122124,2.8585996720939875,40.3834128677845,4.273423448204994,0.0764065986732021,-0.06724971006042324,1.0
25165824,0.34506247472018003,1.1455864296294749,0.3007887611165643,2.2255197828635573,0.8306284644640982,65.48574098944664,2.1792625915259123,42.543043345212936,4.110153112560511,0.07176229904871434,-0.3935011951252818,1.0
25231360,0.3454617408569902,1.1465221061371267,0.29230867070145905,2.233383022248745,0.8553551812656224,59.55332002043724,2.2698148023337126,42.94325363636017,3.9970694296061993,0.07540494401473552,-0.036666592583060265,1.0
25296896,0.34458492905832827,1.3728313385508955,0.2984449816867709,2.3413372933864594,0.907834711484611,53.46224224567413,2.059579212218523,41.03226402401924,3.9012446720153093,0.07409678865224123,-0.043807912268675864,1.0
25362432,0.21201312037027745,1.1882901284619267,0.11321696797834642,1.663432841761464,0.2598230488379542,20.29629935335413,1.2200579978118886,40.311583251568926,4.094203136412494,0.05428999085652541,-0.017760523660837794,1.0
25427968,0.36551767541095614,1.2166536822915077,0.3039193791337311,2.396245379000902,0.6760540450923145,44.194144666194916,2.701604062691331,51.67868834733963,4.236452545970678,0.07177757262252271,-0.24545107592712156,1.0
25493504,0.3457158214878291,1.1432059272192419,0.2922983495518565,2.5274536041542888,0.7840450308285654,62.74225503206253,2.54230241663754,50.89120006561279,4.048142762854695,0.07606295659206808,-0.19841720559634268,1.0
25559040,0.33776358934119344,1.2607036191038787,0.2839924548752606,2.2306076399981976,0.7148805083706975,46.6520633995533,2.7092710081487894,49.8322157561779,3.903343543410301,0.07775130099616945,-0.4022506589535624,1.0
25624576,0.3367656480986625,1.5954937688075006,0.3003060594201088,2.7922902200371027,1.0377539116889238,50.608860433101654,2.870601139962673,59.508716493844986,3.845885144546628,0.07378070108825341,-0.37263119872659445,1.0
25690112,0.20314134918826532,1.115990922483335,0.11351389052761517,1.6345272622778113,0.4302948678342951,29.382879223551107,1.6117136679962838,39.76935499689979,4.005875525883882,0.05359170651512153,-0.02443580491417817,1.0
25755648,0.36482259328477085,1.3461648533120751,0.3099329215474427,2.648990641348064,0.8690347285009921,51.78416755795479,3.100729512050748,44.68984851241112,4.1959462352097034,0.07359046366764233,-0.03269601799547672,1.0
25821184,0.34697855450212955,1.293887596577406,0.29796976409852505,2.8059484716504812,0.9277084660716355,53.179908484220505,2.7214985713362694,42.73127615451813,4.0056329648941755,0.07527303748065606,-0.15234945947304368,1.0
25886720,0.3363141627050936,1.1110923644155264,0.28935748781077564,2.393549499101937,1.2646532477810979,54.41277554631233,2.4940286967903376,38.353844702243805,3.8781582731753588,0.07728434778982773,-0.3337354101240635,1.0
25952256,0.3353613188955933,1.1652741180732846,0.2966506611555815,2.417204982601106,1.3389974385499954,53.62625440955162,2.4341566395014524,44.83877211809158,3.8082080595195293,0.0731027233414352,-0.3646258506923914,1.0
26017792,0.20365399106529103,1.0813226050371865,0.11611585554678037,1.6676051589963308,0.5435044210528989,27.850899388643363,1.5778564724339037,40.09918278971889,4.011214176215321,0.0564844787446221,-0.020093672056065267,1.0
26083328,0.3595608959440142,1.7605245672166348,0.31406303006224334,2.357077229768038,0.9275011825375259,37.145312801003456,3.4948949106037617,49.13283854722977,4.199967835098505,0.07628771144663915,-0.11075756637728773,1.0
26148864,0.34456236381083727,1.3132274956442416,0.2877098524477333,2.5222506327554584,0.790426948107779,49.777557760477066,2.4089577421545982,52.16037771105766,4.008122358471155,0.07220835814950988,-0.3157694600522518,1.0
26214400,0.3365487237460911,1.0678475927561522,0.28935603657737374,2.140596783719957,0.9016351825557649,27.50804403424263,2.702950118109584,44.780408799648285,3.812891025096178,0.07681811129441485,-0.19717075524386019,1.0
