attempt,collected_frames,clearance/height,clearance/height_max,clearance/height_min
0,131072,0.07093662737884188,0.3107302486896515,-0.052009598119184375
0,262144,0.08747600903734565,0.33806075854226947,-0.06956334575079381
0,393216,0.07948584842961282,0.3499981025233865,-0.06928433920256793
0,524288,0.08362018200568855,0.34677601349540055,-0.06924919411540031
0,655360,0.08183937595458701,0.3290687492117286,-0.06928011681884527
0,786432,0.08468838752014562,0.34886841266416013,-0.06931468518450856
0,917504,0.08950512146111578,0.33544430579058826,-0.0697383473161608
0,1048576,0.08545254135970026,0.3301050579175353,-0.06962806102819741
0,1179648,0.2020980623268891,0.38057324516276514,-0.015511381601293882
0,1310720,0.20081033860333264,0.39908909518271685,-0.014590511098504066
0,1441792,0.1520991651341319,0.3723181472159922,-0.05878949933685362
0,1572864,0.11438354337587953,0.35358079825527966,-0.0692208877298981
0,1703936,0.09412806853652,0.34984098514541984,-0.06922543281689286
0,1835008,0.09316477656830102,0.34464460471645,-0.06934078317135572
0,1966080,0.08908919605892152,0.3454112696927041,-0.06947747711092234
0,2097152,0.08772311231587082,0.3510946240276098,-0.06959976791404188
0,2228224,0.20507025313267757,0.37348240996400517,-0.031080884312589964
0,2359296,0.1954191979020834,0.38417076459154487,-0.048340896144509315
0,2490368,0.16633997985627502,0.36364849703386426,-0.06392440292984247
0,2621440,0.11086165887536481,0.3410968843381852,-0.06926131248474121
0,2752512,0.09029444231418893,0.3507566172629595,-0.06934896903112531
0,2883584,0.08470144955208525,0.3546157767996192,-0.0695449048653245
0,3014656,0.08120190293993801,0.34240955393761396,-0.06936779920943081
0,3145728,0.08681519032688811,0.33774984953925014,-0.06973523879423738
0,3276800,0.018719342974218307,0.30656698333720367,-0.06598282245298226
0,3407872,0.018905319906480145,0.30636473768390715,-0.06961841462180018
0,3538944,0.04993922539870255,0.33848612708970904,-0.0700467424467206
0,3670016,0.07336251533706672,0.33457246609032154,-0.06963213835842907
0,3801088,0.08292973187053576,0.34577117790468037,-0.06939583458006382
0,3932160,0.0876982532790862,0.35207813838496804,-0.06936861388385296
0,4063232,0.09050784591818228,0.33698875457048416,-0.06953978864476085
0,4194304,0.0865115612396039,0.35251906141638756,-0.06938225473277271
0,4325376,0.03858155543513324,0.3610672763486703,-0.0656921914468209
0,4456448,0.03656278939160984,0.36927547585219145,-0.06975272134877741
0,4587520,0.04507220091181807,0.36556792072951794,-0.0695751653984189
0,4718592,0.06365446327254176,0.34592124982737005,-0.06948900315910578
0,4849664,0.0738591424014885,0.34573794645257294,-0.06981026963330805
0,4980736,0.06962361995829269,0.3465505826752633,-0.06975776399485767
0,5111808,0.07052960997680202,0.35672225686721504,-0.06941474112682045
0,5242880,0.07892800628906116,0.34953026357106864,-0.06953605962917209
0,5373952,0.01579685096044462,0.33737530959149203,-0.06585231187442939
0,5505024,0.01694411115749972,0.35631309635937214,-0.06935617467388511
0,5636096,0.021518805602681823,0.33478121855296195,-0.06989579368382692
0,5767168,0.04984052007785067,0.33697714377194643,-0.06967192701995373
0,5898240,0.06951848266180605,0.3688901299610734,-0.0693646389991045
0,6029312,0.0675336942949798,0.3444095030426979,-0.06985940178856254
0,6160384,0.06384230148978531,0.34288263763301075,-0.06940139178186655
0,6291456,0.07232957769883797,0.3380089532583952,-0.06989581510424614
0,6422528,0.03880146801251006,0.2743335561702649,-0.06546423951784769
0,6553600,0.037554433758486994,0.2852460297290236,-0.06937433872371912
0,6684672,0.038735299167456105,0.3279702728614211,-0.06941358861513436
0,6815744,0.05461849918356165,0.34437927999533713,-0.06966900592669845
0,6946816,0.06388710398459807,0.3710393582005054,-0.0694554012734443
0,7077888,0.06264954459038563,0.3551756110973656,-0.06977096199989319
0,7208960,0.05905621696729213,0.3434804822318256,-0.06964512541890144
0,7340032,0.049672373628709465,0.34550541220232844,-0.06938874442130327
0,7471104,0.026081929972254635,0.36146000216404595,-0.0661234542230765
0,7602176,0.023511624967795797,0.35517143830657005,-0.07005592621862888
0,7733248,0.025125782965915278,0.3664311203174293,-0.07008731365203857
0,7864320,0.03431872224609833,0.34800140117295086,-0.06982405483722687
0,7995392,0.043195241974899545,0.3415421727113426,-0.06945223733782768
0,8126464,0.04793415020685643,0.3573547941632569,-0.0698714479804039
0,8257536,0.05397422317764722,0.3427093306090683,-0.06969004916027188
0,8388608,0.0695311896270141,0.3707641481887549,-0.06951559102162719
0,8519680,0.01617442614258228,0.35348045806090034,-0.06615374331672987
0,8650752,0.0158272868648055,0.3538521551527083,-0.07005083654075861
0,8781824,0.022796739693148993,0.333289944101125,-0.07012363523244858
0,8912896,0.03243007256241981,0.34689582139253616,-0.0697981659322977
0,9043968,0.029606019248603843,0.3155786246061325,-0.06974418088793755
0,9175040,0.022792086470872164,0.31786409323103726,-0.0698911037761718
0,9306112,0.01697472812520573,0.33192201633937657,-0.06944561656564474
0,9437184,0.026775958052894566,0.34958559297956526,-0.0696396918501705
1,131072,0.07093662737884188,0.3107302486896515,-0.052009598119184375
1,262144,0.08658550551626831,0.3367142057977617,-0.06955645536072552
1,393216,0.07839250069810078,0.32699090195819736,-0.06924054864794016
1,524288,0.08315423014573753,0.3400589660741389,-0.06958939507603645
1,655360,0.0804531469475478,0.34055441757664084,-0.06936398311518133
1,786432,0.07964017440099269,0.3392390292137861,-0.06956124166026711
1,917504,0.07815170934190974,0.3382958935108036,-0.06951996148563921
1,1048576,0.0755137289816048,0.32944585126824677,-0.06955172214657068
1,1179648,-0.002922239072043643,0.1671023532624046,-0.06512504778802394
1,1310720,-0.0031864247403063928,0.17937802663072944,-0.06920094415545464
1,1441792,0.02139767112203117,0.3024849558714777,-0.06928224815055728
1,1572864,0.056984414550242946,0.3352191154845059,-0.06979941297322512
1,1703936,0.06952871230896562,0.3338745520450175,-0.0695847156457603
1,1835008,0.0735329968156293,0.32103613927029073,-0.06933948374353349
1,1966080,0.07668902527075261,0.3479492631740868,-0.06954157003201544
1,2097152,0.07210357702570036,0.3301717892754823,-0.06954877590760589
1,2228224,-0.0005231086000276263,0.21704675940175852,-0.06518914490938187
1,2359296,-0.0009776790456044182,0.22502993256784976,-0.0691948439925909
1,2490368,0.022969054774875985,0.3006415289128199,-0.06966474489308894
1,2621440,0.05494482410722412,0.32777953753247857,-0.06968321092426777
1,2752512,0.07103762018959969,0.3447267876472324,-0.06998139503411949
1,2883584,0.0730355097039137,0.36017568595707417,-0.0696497387252748
1,3014656,0.07322810345795006,0.3309666966088116,-0.06973958830349147
1,3145728,0.06454865369596519,0.3395283732097596,-0.0696147948037833
1,3276800,0.0017640193545351698,0.22947791261598469,-0.06519769527018071
1,3407872,0.0031017935170893907,0.2511143630836159,-0.06920939683914185
1,3538944,0.017217217824509135,0.2890313748503104,-0.06934068910777569
1,3670016,0.0410855372028891,0.3229328766465187,-0.06957926298491657
1,3801088,0.05341236499953084,0.346127116587013,-0.06962820142507553
1,3932160,0.051128326274920255,0.3326211920939386,-0.06956142047420144
1,4063232,0.05449617246631533,0.3350116580259055,-0.06963960733264685
1,4194304,0.0646435524104163,0.35720017785206437,-0.06983610731549561
1,4325376,-0.008789186227356065,0.0876512078071634,-0.06516425917545954
1,4456448,-0.008340420343301957,0.08904174610506743,-0.0692189889959991
1,4587520,0.015274348431375984,0.2921438896446489,-0.06972908461466432
1,4718592,0.04000269356765784,0.31749869138002396,-0.06997012626379728
1,4849664,0.04946188986650668,0.33064564038068056,-0.06969230971299112
1,4980736,0.04274841082224157,0.3196360506117344,-0.06981486221775413
1,5111808,0.04284982668468729,0.3300816612318158,-0.06941840425133705
1,5242880,0.054913192230742425,0.3486686502583325,-0.06977605074644089
1,5373952,-0.00920036563210791,0.23362273517996074,-0.06524117295940718
1,5505024,-0.009127342338615563,0.2947120410390198,-0.06927312910556793
1,5636096,0.02510153863818232,0.3185449531301856,-0.06945535819977522
1,5767168,0.04052973387297243,0.3449719762429595,-0.06984877958893776
1,5898240,0.03738146400428377,0.33023249125108123,-0.07014584518037736
1,6029312,0.03881854738574475,0.3294357566628605,-0.06990911182947457
1,6160384,0.039639462920604274,0.33663649624213576,-0.07047266885638237
1,6291456,0.04893440447631292,0.3534502284601331,-0.07024388574063778
1,6422528,-0.00774455863761735,0.11082576808209221,-0.06516178481280804
1,6553600,-0.007044438735647418,0.19510775757953525,-0.06918036099523306
1,6684672,0.004159146494885135,0.2778760346118361,-0.06925656832754612
1,6815744,0.023025882517686114,0.30802832334302366,-0.0696063693612814
1,6946816,0.03433410366415046,0.32437239424325526,-0.0696643996052444
1,7077888,0.03492930809443351,0.34208873426541686,-0.06978081748820841
1,7208960,0.04339142836397514,0.3587225070223212,-0.06984086101874709
1,7340032,0.04090116638690233,0.32180122775025666,-0.06957230903208256
2,131072,0.07093662737884188,0.3107302486896515,-0.052009598119184375
2,262144,0.08714993280591443,0.3271905668079853,-0.06955049000680447
2,393216,0.07924599692341872,0.3432235282380134,-0.06931176967918873
2,524288,0.08497398707550019,0.33763834880664945,-0.06942150369286537
2,655360,0.08389997450285591,0.35510396445170045,-0.07042887434363365
2,786432,0.08197515533538535,0.3574524433352053,-0.0694211560767144
2,917504,0.08239632338518277,0.3364141301717609,-0.06940187700092793
2,1048576,0.07703841308830306,0.3417027164250612,-0.06944025587290525
2,1179648,-0.0047063595201810434,0.21553076174110175,-0.06601779354115328
2,1310720,-0.0024316587168868864,0.24227674410212785,-0.07007111003622413
2,1441792,0.021916014354701474,0.3116365863243118,-0.07004720531404018
2,1572864,0.060019685683073476,0.3444858696311712,-0.06958845839835703
2,1703936,0.07204815023578703,0.34503972018137574,-0.06937205884605646
2,1835008,0.07138109605875798,0.3394485868047923,-0.0696482602506876
2,1966080,0.06985367959714495,0.33728069299831986,-0.06951490533538163
2,2097152,0.0668063024932053,0.32569038309156895,-0.06953286891803145
2,2228224,-0.008685737906622915,0.08135923598582545,-0.06515651434659958
2,2359296,-0.007907445813543745,0.08454213954973966,-0.06922996090725064
2,2490368,0.020261238463035625,0.30119468504562974,-0.06937050633132458
2,2621440,0.05396003689384088,0.3424620775040239,-0.06948760524392128
2,2752512,0.05999365446041338,0.33817193005234003,-0.06983851408585906
2,2883584,0.0607229977613315,0.34891874389722943,-0.06947155110538006
2,3014656,0.05852427639183588,0.32609570235945284,-0.06944656721316278
2,3145728,0.06206495675724,0.33185248519293964,-0.06970362598076463
3,131072,0.07093662737884188,0.3107302486896515,-0.052009598119184375
3,262144,0.0872597272391431,0.3310824050568044,-0.06986247166059911
3,393216,0.0771910382900387,0.35023219557479024,-0.06924312561750412
3,524288,0.07972666504792869,0.3493165555410087,-0.0693956904578954
3,655360,0.07941641312208958,0.3429540148936212,-0.06932107964530587
3,786432,0.07433521770872176,0.3320004434790462,-0.06938843661919236
3,917504,0.07866128667956218,0.34297940228134394,-0.06965956836938858
3,1048576,0.07925752399023622,0.3376197391189635,-0.06947673298418522
3,1179648,-0.003960705384585405,0.3010731029013793,-0.06516156310836474
3,1310720,-0.00392777048955395,0.33256603544577956,-0.06918462971225381
3,1441792,0.03398969174077138,0.3321783987339586,-0.06935152225196362
3,1572864,0.05960829119430855,0.3492166306823492,-0.06973388697952032
3,1703936,0.06666739302454516,0.3307733212132007,-0.0695682221557945
3,1835008,0.0701951019000262,0.3347506686113775,-0.0697116560768336
3,1966080,0.06820656804484315,0.32444549398496747,-0.06987396883778274
3,2097152,0.06793214858043939,0.3410283736884594,-0.0696203401312232
3,2228224,-0.006891882655739513,0.2112924753750364,-0.0651799379537503
3,2359296,-0.00615295504394453,0.2940148925408721,-0.06919672805815935
3,2490368,0.016253266755256845,0.3117123709525913,-0.06947293784469366
3,2621440,0.043979719979688525,0.3388595967553556,-0.06945567741058767
3,2752512,0.04859749518800527,0.32682907790876925,-0.06955581717193127
3,2883584,0.05017391496221535,0.32995992712676525,-0.06951265688985586
3,3014656,0.049410514504415914,0.3279646672308445,-0.0695396508090198
3,3145728,0.055673538823612034,0.34436687640845776,-0.06955550657585263
3,3276800,0.01976732644388297,0.30698225662112233,-0.0652581915507714
3,3407872,0.018946868760394864,0.3251152823213488,-0.06928545283153653
3,3538944,0.03982080327841686,0.3436848456040025,-0.06953013548627496
3,3670016,0.046655167621793225,0.3306197179481387,-0.06984391948208213
3,3801088,0.05186491779750213,0.3353650311473757,-0.06957094138488173
3,3932160,0.05461466472479515,0.3367524053901434,-0.06976498081348836
3,4063232,0.04951497368165292,0.3316555046476424,-0.06964092492125928
3,4194304,0.046109263406833634,0.344880317337811,-0.06956104724667966
3,4325376,-0.008119258584411,0.07144565037141243,-0.06518139638006687
3,4456448,-0.007745155722659547,0.08507603325415403,-0.06916053919121623
3,4587520,0.010303874852525041,0.29311386367771775,-0.06940527562983334
3,4718592,0.02877275248465594,0.3376639930065721,-0.0695059709250927
3,4849664,0.04512216891453136,0.3464872566983104,-0.06961731659248471
3,4980736,0.04966309305746108,0.3308370483573526,-0.06944733276031911
3,5111808,0.035035392647841945,0.3148420783691108,-0.06958752986975014
3,5242880,0.028134338746895082,0.32531541492789984,-0.06981859775260091
3,5373952,-0.009672691685288252,0.15233043139179547,-0.06518051522473495
3,5505024,-0.008815959059575107,0.2353755058720708,-0.06924426183104515
3,5636096,0.003712357487074769,0.3119916443247348,-0.06955672288313508
3,5767168,0.025120186641288456,0.3163813583087176,-0.06978644011542201
3,5898240,0.02983655007847119,0.32699989154934883,-0.06976415007375181
3,6029312,0.02970654863747768,0.3309556576423347,-0.07019252190366387
3,6160384,0.0319498735916568,0.35719319758936763,-0.06955150049179792
3,6291456,0.033819682503235526,0.34600675059482455,-0.07024759519845247
3,6422528,0.037011243171994765,0.3012041872739792,-0.06543597464760145
3,6553600,0.03588857778231613,0.31756458058953285,-0.06932272482663393
3,6684672,0.0303785246796906,0.3314964063465595,-0.0694289025850594
3,6815744,0.029669101000763476,0.33963417867198586,-0.06955967238172889
3,6946816,0.027296690095681697,0.3351796541828662,-0.06951190065592527
3,7077888,0.026938402064843103,0.3215817608870566,-0.06962982495315373
3,7208960,0.03818291172501631,0.3431129402015358,-0.06974521605297923
3,7340032,0.04387700668303296,0.3487877924926579,-0.06962799467146397
3,7471104,-0.00789652029396772,0.08280679640670618,-0.06524611194928487
3,7602176,-0.007880153176301974,0.0898934465367347,-0.0691881300881505
3,7733248,0.01851452381197305,0.3089290065690875,-0.06932232389226556
3,7864320,0.034217690699733794,0.34902083594352007,-0.06973124295473099
3,7995392,0.026235061523038894,0.3217913908883929,-0.06979035050608218
3,8126464,0.020698550426459406,0.32963960338383913,-0.06946921884082258
3,8257536,0.016624175092147198,0.34444265393540263,-0.06985921412706375
3,8388608,0.01510551697720075,0.3365485263057053,-0.06959479069337249
3,8519680,-0.0039243898743976996,0.30275280237197877,-0.0656156980743011
3,8650752,-0.004266082548383565,0.301876004319638,-0.06962381862103939
3,8781824,0.012880570565130256,0.3358378014527261,-0.07063194643706083
3,8912896,0.024878757234546356,0.33692895737476647,-0.07045183563604951
3,9043968,0.018518690470955335,0.35187449725344777,-0.06956238369457424
3,9175040,0.008230654615545063,0.3458863776177168,-0.06943597295321524
3,9306112,0.015366400803031866,0.3493005777709186,-0.07020056387409568
3,9437184,0.023124321989598684,0.3564589722082019,-0.06968581792898476
3,9568256,0.003999689132542699,0.17261442189415296,-0.06606803501645725
3,9699328,0.004386080165204476,0.19157732324674726,-0.069817622192204
3,9830400,0.004798543784090725,0.3060994881670922,-0.07004254590719938
3,9961472,0.01230745962675428,0.3336827950552106,-0.0695667564868927
3,10092544,0.01770047640457051,0.32755908370018005,-0.06958358874544501
3,10223616,0.019369415742403362,0.3561897655017674,-0.06970528862439096
3,10354688,0.018158222548663616,0.3550681038759649,-0.06941405613906682
3,10485760,0.02511117240646854,0.3204891085624695,-0.06954188668169081
3,10616832,-0.0080477469341713,0.15633493062729636,-0.06522025262316068
3,10747904,-0.008064968871622114,0.16194142622407526,-0.06920047756284475
3,10878976,0.0007622585753779276,0.28479388426057994,-0.06941228825598955
3,11010048,0.009591905582055915,0.3361414736136794,-0.06952414754778147
3,11141120,0.010420594615425216,0.3116883879993111,-0.07010455196723342
3,11272192,0.016351694270269945,0.3224080088548362,-0.06975043704733253
3,11403264,0.012454153580620186,0.3270758278667927,-0.06976261711679399
3,11534336,0.006182248005643487,0.28929871669970453,-0.07002904359251261
3,11665408,-0.00886232571254368,0.07417523347462217,-0.06517416901886464
3,11796480,-0.007812015541276196,0.08357018756214529,-0.06926806923002005
3,11927552,0.0031296564775402658,0.2798020166810602,-0.0693666422739625
3,12058624,0.019466314595774747,0.3440454602241516,-0.06951080937869847
3,12189696,0.013778115739114583,0.34435411146841943,-0.07021911349147558
3,12320768,0.01175808250263799,0.33711855206638575,-0.06963891093619168
3,12451840,0.008252819909102982,0.3280559163540602,-0.06987592135556042
3,12582912,0.0062256839828478405,0.32018522336147726,-0.06969946157187223
3,12713984,0.04688640283013229,0.3314975053568681,-0.06692503673334917
3,12845056,0.04427970928372815,0.3640221622772515,-0.06979001360014081
3,12976128,0.02539643615455134,0.31615675147622824,-0.06958088628016412
3,13107200,0.00886896627889655,0.32214049343019724,-0.0704656473826617
3,13238272,0.017008006056130398,0.34509654995054007,-0.07021918054670095
3,13369344,0.017967039886571,0.33790148328989744,-0.0697624827735126
3,13500416,0.012118128688598517,0.3302697679027915,-0.06984059885144234
3,13631488,-0.0001331772737103165,0.3113154359161854,-0.06961665768176317
3,13762560,0.011392578694819046,0.2772595856028298,-0.06518782230714956
3,13893632,0.010579148489341605,0.29594522644765675,-0.06916585471481085
3,14024704,0.004143646460761374,0.2738572519738227,-0.0693357135169208
3,14155776,0.008572700491640717,0.33842656412161887,-0.06977791478857398
3,14286848,0.012049046643369365,0.34058145876042545,-0.06978463008999825
3,14417920,0.0030066502795307315,0.3231100346893072,-0.06982318265363574
3,14548992,-0.0018926864536297217,0.2629928207024932,-0.0697239856235683
3,14680064,-0.004670579035064293,0.26264627440832555,-0.06968081463128328
3,14811136,-0.0004336902706381806,0.27091425986339646,-0.06613491006195546
3,14942208,-0.00013354226712181116,0.28349570580758154,-0.0700253820978105
3,15073280,0.007576658878861053,0.3391594057902694,-0.0698201647028327
3,15204352,0.00774595574785053,0.3176733336877078,-0.06960426550358534
3,15335424,-0.0042298786884202855,0.3095843344926834,-0.06966492370702326
3,15466496,-0.0014769208197549233,0.25300187908578664,-0.0695900646969676
3,15597568,-0.0004926295068798936,0.24061605625320226,-0.06991586275398731
3,15728640,-0.0020217487822264957,0.29555146023631096,-0.06984630972146988
3,15859712,-0.00020077138353371995,0.28555209325005615,-0.06570856407284736
3,15990784,-0.000439836044392905,0.29164190718438476,-0.06947481213137507
3,16121856,-0.0005597057472641609,0.3121484180446714,-0.06969100120477378
3,16252928,0.008966897751179204,0.3296586344949901,-0.0696005632635206
3,16384000,0.020384678937261924,0.33857085811905563,-0.06949709611944854
3,16515072,0.010443099689837254,0.3300900086760521,-0.06963934912346303
3,16646144,-0.001783525762220961,0.2959947728086263,-0.0702825637999922
3,16777216,-0.004029698828162509,0.2851101387059316,-0.06936750840395689
3,16908288,-0.008746833850624778,0.23103900517026582,-0.06584984431664148
3,17039360,-0.007879209261773212,0.2334369900636375,-0.06964072026312351
3,17170432,-0.004073482272360707,0.23547302628867328,-0.06953656254336238
3,17301504,-0.003277362517792426,0.2672056664014235,-0.07018840871751308
3,17432576,-0.0019735654968684457,0.2621856387704611,-0.06986562628298998
3,17563648,-0.007325068019554237,0.2349802505923435,-0.06997748673893511
3,17694720,-0.007923766548628919,0.27060362638439983,-0.06940495152957737
3,17825792,-0.0028535550868582504,0.27730031637474895,-0.06930968421511352
3,17956864,-0.006743831549441286,0.17531049390633902,-0.06583305006225904
3,18087936,-0.005932123556704028,0.1809080787934363,-0.0694120260886848
3,18219008,-0.008656952933961293,0.2202351000159979,-0.06934008235111833
3,18350080,-0.005967427361611044,0.2234648794401437,-0.06953661539591849
3,18481152,-0.006047729810234159,0.21732620522379875,-0.06945223221555352
3,18612224,-0.005682724691723706,0.28407558507751673,-0.06938624661415815
3,18743296,0.0034885620943896356,0.335686203208752,-0.06953151687048376
3,18874368,0.015731913939816877,0.3535999320447445,-0.06989857088774443
3,19005440,0.025796504128011294,0.28796961533526577,-0.06623894587159157
3,19136512,0.023264234863745514,0.3047590935602784,-0.06982928025536239
3,19267584,0.00937041293218499,0.2860652774106711,-0.0701070842333138
3,19398656,-0.0008436585512754391,0.265375668881461,-0.06960775144398212
3,19529728,-0.0009627049230402918,0.30802056659013033,-0.06978354789316654
3,19660800,0.004675692293858447,0.3402447490952909,-0.0693629365414381
3,19791872,0.011423105504945852,0.33110194746404886,-0.06957595329731703
3,19922944,0.002817991993765645,0.27178658032789826,-0.0699304286390543
3,20054016,-0.008952721126794738,0.17621409423649312,-0.06601689726114274
3,20185088,-0.008697194634805783,0.18267133797053248,-0.06967559270560741
3,20316160,-0.009914736696373438,0.19101008598227054,-0.0697217658162117
3,20447232,-0.009106838871957734,0.25401663850061595,-0.06947293784469366
3,20578304,-0.0019333437180648616,0.20680538495071232,-0.06955618597567081
3,20709376,-0.0036540223145493655,0.2262955899350345,-0.06969613116234541
3,20840448,-0.004519840283819576,0.2247843500226736,-0.0694805751554668
3,20971520,-0.0016239703622886736,0.2587569219758734,-0.06931520625948906
3,21102592,-0.003143922505672284,0.2192674895003438,-0.06531877306600412
3,21233664,-0.0035617159685443767,0.24610535590909421,-0.06927751936018467
3,21364736,0.00016006396390366717,0.2965733534656465,-0.06943789357319474
3,21495808,-0.004931441883854859,0.3144881404004991,-0.06939413212239742
3,21626880,-0.005291820012644166,0.26431076508015394,-0.06950335507281125
3,21757952,-0.0047350831191579346,0.2570657072355971,-0.06958868564106524
3,21889024,-0.004995437470824982,0.23000051907729357,-0.06968097272329032
3,22020096,-0.010942715951387072,0.22646707750391215,-0.06954165059141815
3,22151168,-0.00011146850304309436,0.24899373123422264,-0.0658069600413243
3,22282240,-0.0002988176338476478,0.26897990237921476,-0.0695643606595695
3,22413312,-0.006387316159816692,0.2659931080415845,-0.0695745931006968
3,22544384,-0.0071891048737597885,0.20851625833893195,-0.06982660479843616
3,22675456,-0.010516485795960762,0.21130069612991065,-0.06952616199851036
3,22806528,-0.003117492731234961,0.22411611420102417,-0.06979434518143535
3,22937600,-0.009467274518101476,0.24403039191383868,-0.07007174659520388
3,23068672,-0.012079713087587152,0.27063330891542137,-0.06963232392445207
3,23199744,0.003597347437438051,0.187470068782568,-0.06621513267358145
3,23330816,0.0034707944105321076,0.20262865675613284,-0.07006259961053729
3,23461888,0.0020813561254726665,0.23961225943639874,-0.07007479155436158
3,23592960,-0.005206292046295857,0.25934937747661024,-0.06980420276522636
3,23724032,-0.008553455110813957,0.26448528887704015,-0.06943347956985235
3,23855104,-0.0073215882202930516,0.3287187800742686,-0.06957775703631341
3,23986176,-0.0022741678644706553,0.32314564660191536,-0.0694923298433423
3,24117248,-0.0026456043647158367,0.22052992251701653,-0.06991310184821486
3,24248320,-0.008932683142823711,0.17814357724040747,-0.06538483045995236
3,24379392,-0.008564236246456858,0.22800996102159843,-0.06922452617436647
3,24510464,-0.006727144980686717,0.2124247602187097,-0.06954389624297619
3,24641536,-0.008499139610648854,0.19919210113584995,-0.06968170683830976
3,24772608,-0.00797666041944467,0.20057066134177148,-0.06967979483306408
3,24903680,-0.004622980553904199,0.3170103207230568,-0.06963120028376579
3,25034752,-0.004241590509536763,0.3267729580402374,-0.06974777486175299
3,25165824,-0.008562176182749681,0.2289310039486736,-0.0694732191041112
3,25296896,-0.005364833116182126,0.10577409143870076,-0.0655970857044061
3,25427968,-0.005845361892170331,0.11130430782213807,-0.06932029780000448
3,25559040,-0.00013889454339732765,0.16688666061963886,-0.06995708076283336
3,25690112,-0.0020580286634412914,0.23396578908432275,-0.06977798137813807
3,25821184,-0.003295397032161418,0.1894303886219859,-0.06947907386347651
3,25952256,-0.0006650606901530409,0.19050494546536356,-0.0700105968862772
3,26083328,-0.00031112033082081325,0.20612667966634035,-0.07021258724853396
3,26214400,0.001879641028608603,0.20545140001922846,-0.07035992620512843
3,26345472,-0.007562796935332396,0.08232110427071651,-0.06519579673806826
3,26476544,-0.007015951260655129,0.08200580422999337,-0.06919924821704626
3,26607616,-0.006354038849167409,0.1000805894145742,-0.0693780342116952
3,26738688,-0.007707233020482818,0.11567624961026013,-0.07005198858678341
3,26869760,-0.0033836407419585157,0.15215213980991393,-0.06987387221306562
3,27000832,0.0009573350762366317,0.22302761382889003,-0.07025886559858918
3,27131904,0.0020772887464772793,0.24426853144541383,-0.06970863323658705
3,27262976,-0.0025192051559770334,0.22243340453132987,-0.06990741658955812
3,27394048,-0.007573400557109077,0.07922449716677268,-0.06521152056753635
3,27525120,-0.0073689457631189725,0.08018603577511385,-0.06914435932412744
3,27656192,-0.0016383137619868648,0.14518323866650462,-0.06953903241083026
3,27787264,-0.0025028504576312116,0.2400659811682999,-0.0699068526737392
3,27918336,-0.0041605068545322865,0.22122043301351368,-0.06969236023724079
3,28049408,-0.006873939877550583,0.18115941167343408,-0.0692997919395566
3,28180480,-0.005072847487099352,0.14842100150417536,-0.06980670895427465
3,28311552,-0.003391000023611923,0.15695329406298697,-0.07021249877288938
3,28442624,-0.004725864657836306,0.14240442427496114,-0.06605546665688355
3,28573696,-0.004148563906255731,0.13945835817139596,-0.06997228786349297
3,28704768,-0.004679069798839919,0.1776044323341921,-0.06962930411100388
3,28835840,-0.004991421560589515,0.21910397650208324,-0.06968531082384288
3,28966912,-0.0067176386692153756,0.19167032733093947,-0.06926107499748468
3,29097984,-0.0031041979377732787,0.22818378114607185,-0.06939399731345475
3,29229056,-0.005701644058717648,0.15897150663658977,-0.07007658435031772
3,29360128,0.001756918182309164,0.22931393329054117,-0.07006259495392442
3,29491200,-0.00643370308316662,0.17765786762659747,-0.0653106232235829
3,29622272,-0.005360856418064941,0.23247823864221573,-0.06928255641832948
3,29753344,0.006047784792372113,0.20929773384705186,-0.06992003577761352
3,29884416,0.009370035888423445,0.2338890579994768,-0.06986951222643256
3,30015488,0.003646171752734517,0.24313119740691036,-0.0702418691944331
3,30146560,0.00227770192054777,0.24497754976619035,-0.06991538405418396
3,30277632,-0.001200029874212305,0.22359007713384926,-0.07017793785780668
3,30408704,0.01156732803747218,0.3094824589788914,-0.07015775586478412
3,30539776,0.0002546998708930914,0.2100350213299195,-0.06524092383682728
3,30670848,-5.495246989539737e-05,0.23261229530908167,-0.06928087561391294
3,30801920,0.008494099246149744,0.24816306121647358,-0.06942275771871209
3,30932992,0.0087792598787928,0.30547101970296353,-0.06959329731762409
3,31064064,0.0003116515229066863,0.25381906039547175,-0.07003836240619421
3,31195136,0.00217113888811582,0.31149931624531746,-0.06939638592302799
3,31326208,-0.00024806523765619204,0.2838063477538526,-0.06974658626131713
3,31457280,-0.002100276855685479,0.2662842564750463,-0.06994785461574793
