attempt,collected_frames,shock/accel_magnitude,shock/accel_magnitude_max,shock/accel_magnitude_min,shock/shock_normalised,shock/shock_normalised_max,shock/shock_normalised_min,shock/accel_p90,shock/shock_p90_normalised,shock/accel_p95,shock/shock_p95_normalised,shock/accel_p99,shock/shock_p99_normalised
0,131072,,,,,,,1.4001538753509521,0.1732538149583729,1.453724068403244,0.17974146415586967,1.7420300984382642,0.21437608943251796
0,262144,0.7064581052400172,8.365881409496069,0.011530808871611953,2.9019399107710342e-05,0.029715443029999733,0.0,,,,,,
0,262144,,,,,,,0.8027305781841279,0.10000591479298704,0.8188709914684296,0.10200288291814052,0.8376371628046035,0.10432368798121394
0,393216,0.8645388325676322,8.897836718708277,0.013830911322202155,0.00010468104790106736,0.08503605425357819,0.0,,,,,,
0,393216,,,,,,,1.14426589012146,0.14206573745388096,1.1992571651935577,0.14879423629701605,1.3795619821548468,0.17075598296925576
0,524288,0.7803310542367399,8.761853974312544,0.010777867322531165,5.8757377701113e-05,0.05773794651031494,0.0,,,,,,
0,524288,,,,,,,0.8684518337249756,0.10813205149707072,0.889797306060791,0.11076827084096119,0.9180111896991731,0.11425035991175525
0,655360,0.7704768287949264,8.488631032407284,0.012210763971324923,3.508944428176619e-05,0.03449057787656784,0.0,,,,,,
0,655360,,,,,,,0.9422349810600281,0.11723776663515828,1.00506534576416,0.1249763297264237,1.161386063098908,0.14416192722638344
0,786432,0.838028556201607,9.243803229182959,0.01214393232794464,0.00010219701857749897,0.09167499281466007,0.0,,,,,,
0,786432,,,,,,,0.9373397469520569,0.11663422958708702,0.9681659549474716,0.12043336115553793,1.051132255792618,0.13064061415766903
0,917504,0.7696882239542902,8.989871717989445,0.012315089145886304,6.643006759077252e-05,0.06362926214933395,0.0,,,,,,
0,917504,,,,,,,0.8324435472488403,0.10368150817909494,0.8632091403007507,0.10748433156314352,0.9062359601259231,0.11279742590294184
0,1048576,0.8181132171303034,9.237159211188555,0.012361078147932858,6.701128529584821e-05,0.06861886754631996,0.0,,,,,,
0,1048576,,,,,,,0.8893054902553559,0.11070754775035718,0.8981655985116959,0.11180135285932136,1.0334978783130653,0.12847331703889409
0,1179648,0.8049183166585863,9.13894448429346,0.012733372367620177,7.762978625791561e-05,0.07709402218461037,0.0,,,,,,
0,1179648,,,,,,,0.8728297412395477,0.1086728592729913,0.8904438555240631,0.11084809719537336,0.914852197766304,0.11386062270497233
0,1310720,0.9097045939415693,11.33167464286089,0.03446228400571272,0.0008921387490090638,0.364911463111639,0.0,,,,,,
0,1310720,,,,,,,1.1386269927024841,0.1413750322292806,1.202799779176712,0.14922723042428276,1.3011554706096649,0.16122529238817274
0,1441792,0.9536234731785953,9.892855551093817,0.031196887684927788,0.0001431052244242892,0.14047272689640522,0.0,,,,,,
0,1441792,,,,,,,1.0878097772598267,0.13514432853083735,1.104479295015335,0.13718938291837546,1.1268725383281708,0.1399347941855551
0,1572864,0.8697580122388899,9.464488707482815,0.017178971310841007,0.00012063889880664647,0.10979883559048176,0.0,,,,,,
0,1572864,,,,,,,0.9460352838039399,0.11770624910225136,0.9750710010528564,0.12128388427939263,1.0437466204166415,0.1297330568370807
0,1703936,0.8455496407113969,9.563187021762133,0.015544432591468649,0.00010145784972337424,0.09954192489385605,0.0,,,,,,
0,1703936,,,,,,,0.9134316384792328,0.1136853513114453,0.9232729107141494,0.1148994409196169,0.9438418507575989,0.11743585993842331
0,1835008,0.8263306799344718,8.866413049399853,0.014805498959503893,5.8436253311811015e-05,0.05462104082107544,0.0,,,,,,
0,1835008,,,,,,,0.8859839916229248,0.11029743019687688,0.89738048017025,0.11170443870610369,0.973848502635956,0.12113331702332308
0,1966080,0.839274566154927,9.4375551789999,0.016054396583058406,9.379520088259596e-05,0.08924626745283604,0.0,,,,,,
0,1966080,,,,,,,0.9003177762031556,0.11206700441976514,0.9111900299787521,0.11340876286461965,0.9332961362600327,0.11613562482808426
0,2097152,0.8296476672403514,9.232268996536732,0.013758554793412259,5.1437789807096124e-05,0.05153887905180454,0.0,,,,,,
0,2097152,,,,,,,0.8639008522033691,0.10756979584828552,0.8741823226213455,0.10883993216157428,0.8899227029085159,0.110783753098745
0,2228224,0.824443744495511,9.142406541854143,0.013208913816470158,6.826270509918686e-05,0.06648669764399529,0.0,,,,,,
0,2228224,,,,,,,0.8727721273899078,0.10866574258715223,0.8832633912563324,0.10996147975353154,0.8955942839384079,0.11148394467464229
0,2359296,1.0073047121986747,9.310884915292263,0.03129030276431877,0.0005210541817177727,0.14754118025302887,0.0,,,,,,
0,2359296,,,,,,,1.2919033527374268,0.16009863005514302,1.4186402320861815,0.175494345702774,1.616595141887665,0.19936808204505407
0,2490368,0.9135460508987308,9.095378633588552,0.025556018639690592,0.0001244635586772347,0.10319101810455322,0.0,,,,,,
0,2490368,,,,,,,1.0762782573699952,0.13372894024861526,1.1064899504184722,0.13743597603626023,1.118391857147217,0.13889531354661355
0,2621440,0.9132799934595823,9.39848842471838,0.01829196809376299,0.00010182978951434052,0.09037958830595016,0.0,,,,,,
0,2621440,,,,,,,1.0891266822814942,0.13530593156953752,1.1232410848140715,0.13948972303089335,1.2542988288402561,0.15551513187521726
0,2752512,0.823760231025517,9.324434872716665,0.014286410173554032,0.00010120840306626633,0.0944125521928072,0.0,,,,,,
0,2752512,,,,,,,0.904356962442398,0.11256553342501885,0.9324576944112778,0.11603223189771872,0.9503338778018952,0.11823609529102685
0,2883584,0.7974418210797012,8.95049899071455,0.01388556577876443,7.29024141037371e-05,0.0687067098915577,0.0,,,,,,
0,2883584,,,,,,,0.8960420787334442,0.11153922299230179,0.9606643259525298,0.119509154066338,1.0679022920131687,0.13270052483583106
0,3014656,0.8268986605107784,9.241506554186344,0.010878669712838018,7.091067118381034e-05,0.07065253518521786,0.0,,,,,,
0,3014656,,,,,,,0.924694299697876,0.11507476533543981,0.9411641895771026,0.11710575534168877,0.963590122461319,0.11986963941960505
0,3145728,0.8002267926931381,9.09956131130457,0.011377762682059256,6.938313890714198e-05,0.06700086407363415,0.0,,,,,,
0,3145728,,,,,,,0.8565978467464447,0.10666739492576727,0.8708679169416428,0.10843052087408767,0.8894098246097565,0.11072042968372475
0,3276800,0.8275688937865198,9.261372197419405,0.013250780644284532,7.012427522568032e-05,0.06775756739079952,0.0,,,,,,
0,3276800,,,,,,,0.8798788666725158,0.10954351026997866,0.9143900096416472,0.11380359780413918,1.0177595829963686,0.12653801432912481
0,3407872,0.5778120255563408,8.040698733180761,0.004081338583091565,5.186487760511227e-05,0.053109634667634964,0.0,,,,,,
0,3407872,,,,,,,0.7330202698707581,0.09137196908923384,0.7983675539493559,0.09946596179305489,1.080918845534326,0.13429859581170378
0,3538944,0.749896670691669,9.287854470312595,0.008329977507855801,0.00010488821317267139,0.08988280780613422,0.0,,,,,,
0,3538944,,,,,,,0.8412981688976288,0.10477631156364886,0.8801384121179581,0.10957556402567903,0.9098746818304062,0.11324645599766914
0,3670016,0.8163159294053912,9.429156433790922,0.01045521382093284,9.784699977899436e-05,0.087741918861866,0.0,,,,,,
0,3670016,,,,,,,0.8930053949356079,0.111164344085936,0.915567821264267,0.11394891505323712,1.0495522260665897,0.1304464762252966
0,3801088,0.8331397697329521,9.171371199190617,0.012139088928051933,8.846787386573851e-05,0.09059110283851624,0.0,,,,,,
0,3801088,,,,,,,0.9349722862243652,0.11634231266075834,0.9488074600696563,0.11804795620432662,0.9693241691589356,0.12057603557278807
0,3932160,0.8263430981896818,9.3035818785429,0.011836467017474206,7.631024527654517e-05,0.07786260731518269,0.0,,,,,,
0,3932160,,,,,,,0.8726325631141663,0.10864850302112572,0.8892176985740662,0.11069670827565137,0.9919573956727984,0.12336309883267682
0,4063232,0.8366398764774203,9.179458413273096,0.01398610127489519,7.1563767050975e-05,0.07027277536690235,0.0,,,,,,
0,4063232,,,,,,,0.8997613608837127,0.11199832547306632,0.9068641543388366,0.112874950408004,0.9286296057701111,0.11556013706542334
0,4194304,0.790925339795649,9.245772983878851,0.010868702074731118,7.576566349598579e-05,0.07192956283688545,0.0,,,,,,
0,4194304,,,,,,,0.8578571319580078,0.10682301195515898,0.8730652213096618,0.10870194656742083,0.8985508227348328,0.11184890374036427
0,4325376,0.7949961028061807,8.893801640719175,0.011738866073301324,6.112365736044012e-05,0.06193433701992035,0.0,,,,,,
0,4325376,,,,,,,0.8324921309947967,0.10368751586002767,0.8579679310321807,0.10683670377598431,0.9140738534927371,0.1137645899376254
0,4456448,0.5895444380585104,8.168013989925385,0.003923681358401154,0.00012283442629268393,0.10238734260201454,0.0,,,,,,
0,4456448,,,,,,,0.7750912010669708,0.09658437739113923,0.8333641290664673,0.10379534253250022,1.2489653420448317,0.15486450243319005
0,4587520,0.6528038587421179,8.6799285300076,0.007669474728118075,6.76093332003802e-05,0.06730196066200733,0.0,,,,,,
0,4587520,,,,,,,0.7713842272758484,0.09612530773725392,0.7832408487796784,0.09759348067806783,0.8356431806087495,0.10407714647232846
0,4718592,0.7854516343213618,9.306644521653652,0.011471984198578866,0.00010499253575346756,0.09965333715081215,0.0,,,,,,
0,4718592,,,,,,,0.9097569227218628,0.11323192486391442,0.9482652068138122,0.11798111857172588,1.1021009826660162,0.1368976772414423
0,4849664,0.782485393807292,9.2084924839437,0.010883375584853638,6.496884088846855e-05,0.06128537654876709,0.0,,,,,,
0,4849664,,,,,,,0.8822331547737121,0.10983425553384607,0.9105250239372252,0.1133267054618956,0.9411065739393234,0.11709865214683957
0,4980736,0.7501310803927481,8.515778996050358,0.011552398857929802,4.647081368602812e-05,0.0475861132144928,0.0,,,,,,
0,4980736,,,,,,,0.807962703704834,0.10065334711457385,0.8299724876880645,0.10337593639919773,0.9749747657775883,0.12127203180266499
0,5111808,0.7858468061313033,9.627784427255392,0.010123048183231731,0.00011170612924615853,0.10088888183236122,0.0,,,,,,
0,5111808,,,,,,,0.8753673315048218,0.1089863011898875,0.8949098438024521,0.11139945218703007,0.921245037317276,0.11464929593288642
0,5242880,0.7536533419042826,8.790281746536493,0.00820150024128452,8.109468035399914e-05,0.07598473690450191,0.0,,,,,,
0,5242880,,,,,,,0.8142501831054687,0.10143125795890473,0.8405399948358535,0.10468257928696989,0.8692957872152328,0.10823631099859443
0,5373952,0.7519928487017751,9.409901585429907,0.009948036243486058,0.0001065182441379875,0.09555483423173428,0.0,,,,,,
0,5373952,,,,,,,0.8135270833969116,0.101341799608764,0.8226705521345138,0.10247286358951557,0.8850280731916428,0.11017939249383057
0,5505024,0.5156456367112696,7.671228051185608,0.0036219345938661718,6.497577669506427e-05,0.05081509053707123,0.0,,,,,,
0,5505024,,,,,,,0.7006214380264282,0.08735446199157781,0.774159240722656,0.09646896777897584,1.1613939499855055,0.14416289259825943
0,5636096,0.5606988929212093,7.870795197784901,0.00566282287127251,3.6159717637929134e-05,0.0327506884932518,0.0,,,,,,
0,5636096,,,,,,,0.6625278949737549,0.08262717403441688,0.6959919959306716,0.08678016855752335,0.7555930936336518,0.09416928634198674
0,5767168,0.7290780912153423,9.584916595369577,0.008298707301946706,0.0001335996093985159,0.11982342414557934,0.0,,,,,,
0,5767168,,,,,,,0.863127201795578,0.10747420756708248,0.9006975322961807,0.11211387751176782,1.0444257020950325,0.1298165124530135
0,5898240,0.7624506605789065,9.430575609207153,0.008869357665389543,0.00011454256127763074,0.1076120026409626,0.0,,,,,,
0,5898240,,,,,,,0.8614303410053253,0.10726454518432504,0.891790896654129,0.1110144052935631,0.9232382875680923,0.11489517016057005
0,6029312,0.7219897117465734,8.51648085936904,0.008753867387895298,4.836399784835521e-05,0.04864855296909809,0.0,,,,,,
0,6029312,,,,,,,0.7758376061916351,0.09667680683959667,0.7925524801015854,0.09874621706395348,0.9292672640085227,0.1156387791980924
0,6160384,0.7178868278861046,8.700101252645254,0.008651590940644382,5.242686484052683e-05,0.0536800567060709,0.0,,,,,,
0,6160384,,,,,,,0.7896825194358825,0.0983909574680859,0.8012169927358627,0.09981860527574793,0.8537562036514282,0.10631621775110922
0,6291456,0.7343426160514355,8.874461706727743,0.009042764664172864,8.590410607212107e-05,0.08190128952264786,0.0,,,,,,
0,6291456,,,,,,,0.8247270107269287,0.10272721492929526,0.8362784653902053,0.10415569624088827,0.8505231940746307,0.10591664230217424
0,6422528,0.7575942971743643,9.051501046866179,0.009320992101493175,6.693463546980638e-05,0.06581293791532516,0.0,,,,,,
0,6422528,,,,,,,0.8054344415664673,0.10034050616469359,0.8297399133443832,0.1033471751979731,0.948088759183884,0.11795936957021946
0,6553600,0.7242337805218995,9.599780265241861,0.007575905688327111,0.0003369225232745521,0.17317032627761364,0.0,,,,,,
0,6553600,,,,,,,0.9576745152473449,0.11914074901422067,0.995813775062561,0.12383778197509443,1.0807857179641727,0.13428225496690138
0,6684672,0.7111370335333049,8.61235486716032,0.011384722391085234,5.5955377320060506e-05,0.0520513616502285,0.0,,,,,,
0,6684672,,,,,,,0.8737357914447784,0.10878477663783026,0.8914937973022461,0.11097772541228279,0.9141733050346375,0.1137768604705287
0,6815744,0.7094487459398806,8.80605860427022,0.009139480411704426,5.561376019613817e-05,0.05351793393492699,0.0,,,,,,
0,6815744,,,,,,,0.7789212882518768,0.0970586501811268,0.7937343776226043,0.09889251156073464,0.9434795558452613,0.11739119739623072
0,6946816,0.716823732946068,9.248404320329428,0.007980294066101123,0.00010923122590611456,0.10848844237625599,0.0,,,,,,
0,6946816,,,,,,,0.8029390096664428,0.10003170809089035,0.8326508104801178,0.10370713750794014,0.8633358585834503,0.1074999883266603
0,7077888,0.7097030822187662,8.508704163134098,0.008470821612718282,6.371792369463947e-05,0.0595549251884222,0.0,,,,,,
0,7077888,,,,,,,0.7638951003551483,0.09519773368528694,0.7802872210741043,0.09722778052839343,0.8502489167451861,0.10588274212977922
0,7208960,0.6710598464123905,8.324315790086985,0.008479951866775082,5.3458110414794646e-05,0.052023058757185936,0.0,,,,,,
0,7208960,,,,,,,0.7407385826110839,0.0923286186851966,0.7521785497665405,0.09374623634034784,0.7752464133501054,0.09660359790247486
0,7340032,0.644076757133007,8.877213269472122,0.008196372800057361,6.529570055135991e-05,0.06628032959997654,0.0,,,,,,
0,7340032,,,,,,,0.6906330108642578,0.08611530155283997,0.6972202301025391,0.08693253959984748,0.7151069331169129,0.08915104575281241
0,7471104,0.6107540777884424,8.256840460002422,0.00809732713014455,1.5355839423136786e-05,0.0152032021433115,0.0,,,,,,
0,7471104,,,,,,,0.6568368136882782,0.08192060426519121,0.6724390417337417,0.08385748257343506,0.7267553597688675,0.09059533800264563
0,7602176,0.5371083756908774,7.922484163194895,0.004164198523540108,5.508799040399026e-05,0.052673736587166786,0.0,,,,,,
0,7602176,,,,,,,0.6951057732105255,0.08667022390651957,0.7932542741298675,0.09883308518177536,1.17588134288788,0.14593571561917296
0,7733248,0.549538093386218,8.313709603622556,0.00659771952086885,7.541693275925354e-05,0.07660269364714622,0.0,,,,,,
0,7733248,,,,,,,0.6754585564136505,0.08423225584602467,0.7096113353967667,0.08846951422024474,0.7420873630046845,0.09249577640851703
0,7864320,0.6233702856115997,8.57719025015831,0.00833922212041216,5.0884340453194454e-05,0.051234060898423195,0.0,,,,,,
0,7864320,,,,,,,0.7238821268081665,0.09023912007029034,0.7493971973657607,0.09340161151156434,0.9347423368692405,0.11631395795746036
0,7995392,0.656755908858031,8.571929603815079,0.008595548079938453,8.294125882457593e-05,0.07877448573708534,0.0,,,,,,
0,7995392,,,,,,,0.7697211265563965,0.09591933693119992,0.7933924406766891,0.09885018726994788,0.8165366190671921,0.10171411380415218
0,8126464,0.6494402168318629,8.796870324760675,0.007406126270552704,0.00010092982574860798,0.10149603709578514,0.0,,,,,,
0,8126464,,,,,,,0.7074931263923645,0.08820680431128314,0.7306610882282255,0.09107952556518706,0.8505987149477009,0.10592597649966695
0,8257536,0.6999720493331552,9.253905929625034,0.007046147275104886,8.348176379513461e-05,0.08458868972957134,0.0,,,,,,
0,8257536,,,,,,,0.7899125456809998,0.09841943231396177,0.7997370660305023,0.09963545426088327,0.8267725604772569,0.10298020369208505
0,8388608,0.7104096421971917,9.136066384613514,0.0075646970499292365,9.867801782093011e-05,0.09084229171276093,0.0,,,,,,
0,8388608,,,,,,,0.7792607009410858,0.09710067691956192,0.7951769292354584,0.09907106385597508,0.8066615134477616,0.10049234350851877
0,8519680,0.6829533125273883,8.609078649431467,0.0074149936594949395,4.822156006412115e-05,0.04653190262615681,0.0,,,,,,
0,8519680,,,,,,,0.7378404200077057,0.09196942456132673,0.7707787543535229,0.09605032240346167,0.856101887226105,0.10660610495478551
0,8650752,0.48753108107484877,7.320642763748765,0.0031850716882217966,5.800310100312345e-05,0.05938434600830078,0.0,,,,,,
0,8650752,,,,,,,0.697428947687149,0.08695843207239284,0.7338165462017059,0.09147067173497314,1.1676094448566448,0.1449235970692191
0,8781824,0.534038009122014,8.744318321347237,0.00554664547144057,9.688271165941842e-05,0.08984587527811527,0.0,,,,,,
0,8781824,,,,,,,0.6503360033035278,0.08111340276579182,0.6797855466604232,0.08476926756985947,0.7223686212301255,0.0900514692498462
0,8912896,0.6128528364934027,8.933898501098156,0.006619530272928387,0.00010815216046466958,0.09846607595682144,0.0,,,,,,
0,8912896,,,,,,,0.719002652168274,0.08963411927162701,0.7383043825626373,0.09202692902774912,0.8905596488714222,0.11086239349239557
0,9043968,0.6036092396825552,8.020440101623535,0.00648070326224115,2.352885167056229e-05,0.024093544110655785,0.0,,,,,,
0,9043968,,,,,,,0.6973484575748443,0.08694844688057257,0.7403695285320281,0.09228287998412599,0.7781928026676178,0.09696844651262526
0,9175040,0.5560405789874494,7.816449236124754,0.006372155200551788,2.0670477169915102e-05,0.021166568621993065,0.0,,,,,,
0,9175040,,,,,,,0.6104057312011719,0.07615299124805608,0.629155734181404,0.07848272947448676,0.753655206561089,0.09392919309837433
0,9306112,0.5550436798948795,7.859006576240063,0.00714586052163213,2.568961826909799e-05,0.026306169107556343,0.0,,,,,,
0,9306112,,,,,,,0.6341392993927002,0.07910180772086273,0.6610365331172943,0.08244202369007203,0.6907457458972931,0.08612928891180105
0,9437184,0.596252619754523,8.805070776492357,0.008362710552319186,8.908705376597936e-05,0.09121915139257908,0.0,,,,,,
0,9437184,,,,,,,0.6848510265350342,0.08539786877139544,0.7054481267929077,0.08795316252246521,0.7289165592193604,0.09086326411044299
1,131072,,,,,,,1.4001538753509521,0.1732538149583729,1.453724068403244,0.17974146415586967,1.7420300984382642,0.21437608943251796
1,262144,0.7002025325782597,8.569262344390154,0.011259420816713828,4.669136480117686e-05,0.0457738246768713,0.0,,,,,,
1,262144,,,,,,,0.8022997796535491,0.0999526032514848,0.8163029789924621,0.1016852108570061,0.8390514546632767,0.1044985471931581
1,393216,0.8544356380589306,8.710053522139788,0.01457586943251954,9.258399029477005e-05,0.07977348007261753,0.0,,,,,,
1,393216,,,,,,,1.1472860336303712,0.14243561621605783,1.21170774102211,0.1503157481677604,1.3865409910678872,0.17160279632555953
1,524288,0.7923688129521906,8.471128568053246,0.010098146431118948,5.617009628622327e-05,0.050814127549529076,0.0,,,,,,
1,524288,,,,,,,0.8960669994354248,0.11154229932417925,0.9302738696336746,0.1157629205118047,0.9414339303970337,0.11713901041782049
1,655360,0.7752568665891886,8.7143663354218,0.009754310811445066,4.3088881284347735e-05,0.04187187924981117,0.0,,,,,,
1,655360,,,,,,,0.9280076205730439,0.11548342648681698,0.9874468743801113,0.122807825503644,1.1511372148990637,0.14290721495169856
1,786432,0.8060647109523416,9.081909891217947,0.00997937726924647,9.384646978105593e-05,0.08117249049246311,0.0,,,,,,
1,786432,,,,,,,0.9111751317977905,0.11340692454331913,0.980639198422432,0.12196961258282468,1.0222283756732942,0.12708763029210357
1,917504,0.7477304632775486,8.9455093331635,0.010360883679368271,8.440313422397594e-05,0.0831191185861826,0.0,,,,,,
1,917504,,,,,,,0.8211129128932952,0.10228019937818433,0.8403120160102844,0.10465439413630384,0.8864684695005417,0.1103572527910639
1,1048576,0.8028530655428767,8.95358257368207,0.010428742961266835,7.560394988104235e-05,0.07203252613544464,0.0,,,,,,
1,1048576,,,,,,,0.8697503268718719,0.10829246248816271,0.893480759859085,0.11122303002272194,1.003663187026978,0.12480379366092298
1,1179648,0.7804214279167354,9.069539844989777,0.011632949157046824,5.369694349610654e-05,0.054982708767056465,0.0,,,,,,
1,1179648,,,,,,,0.8785594165325165,0.10938055519885359,0.8914259105920792,0.11096934407768089,0.9078432142734528,0.11299577198493393
1,1310720,0.45554598746821284,6.052413858473301,0.004394231972128182,0.0,0.0,0.0,,,,,,
1,1310720,,,,,,,0.6083355486392975,0.07589571405911988,0.7411995381116863,0.09238574663764276,1.0480134379863741,0.13025739603006725
1,1441792,0.6243135868571699,8.267340771853924,0.008973471623903606,3.850235680147307e-05,0.03789409250020981,0.0,,,,,,
1,1441792,,,,,,,0.6996084094047547,0.08722879830211006,0.7199998617172241,0.08975776760107168,0.7974482035636904,0.09935217864129897
1,1572864,0.7601746246218681,8.992322850972414,0.011431290155996976,7.057711627567187e-05,0.06384621746838093,0.0,,,,,,
1,1572864,,,,,,,0.8560865521430969,0.10660420985415908,0.90085029900074,0.11213273328391904,1.045387872457505,0.1299347550504213
1,1703936,0.7847037701867521,9.084539864212275,0.012115146651012765,6.002583131703432e-05,0.06145303137600422,0.0,,,,,,
1,1703936,,,,,,,0.8733500838279724,0.10873713350002912,0.895069259405136,0.11141913180345275,0.9470700228214264,0.11783379752914369
1,1835008,0.7598035302944481,9.160051502287388,0.010107846616620009,8.273117657608964e-05,0.07265889830887318,0.0,,,,,,
1,1835008,,,,,,,0.8258176922798157,0.10286210950428987,0.8351138412952424,0.10401169533640409,0.9634526145458226,0.11985269787203512
1,1966080,0.779595198109746,9.387316659092903,0.010757169552562118,0.0001077687647921266,0.0954637210816145,0.0,,,,,,
1,1966080,,,,,,,0.8612489521503448,0.10724213239827196,0.8718963325023651,0.10855755963960845,0.915317153930664,0.11391798837033917
1,2097152,0.7348927445709705,9.131010215729475,0.008896682423255697,8.057753370849241e-05,0.08250138349831104,0.0,,,,,,
1,2097152,,,,,,,0.797331303358078,0.09933771033272154,0.8174674898386002,0.10182926746636678,0.8633100849390031,0.10749680385082816
1,2228224,0.7544611366465688,8.930610079318285,0.010664472937151004,4.5810211304342374e-05,0.04690965637564659,0.0,,,,,,
1,2228224,,,,,,,0.8012891292572022,0.09982753248906118,0.8147002249956131,0.10148693410667131,0.8954706084728242,0.11146867735532529
1,2359296,0.5168407848104835,6.757377821952105,0.005436428456050635,8.723109203856438e-06,0.008932463824748993,0.0,,,,,,
1,2359296,,,,,,,0.6528093874454498,0.08142053390344839,0.7300983816385269,0.09100977028486668,1.0465632629394532,0.13007919558153302
1,2490368,0.6214184737764299,8.429370477795601,0.008566405249439413,4.477484071685467e-05,0.04411629028618336,0.0,,,,,,
1,2490368,,,,,,,0.7121444761753082,0.08878366969087881,0.7440974950790405,0.09274488742021325,0.7948841458559037,0.09903482501353134
1,2621440,0.7367287282831967,8.730944853276014,0.009883793655944828,4.7960573738237144e-05,0.04603521712124348,0.0,,,,,,
1,2621440,,,,,,,0.8233525872230529,0.10255722200871209,0.8507336884737013,0.10594265885495902,1.0072735744714743,0.12524803762138892
1,2752512,0.7627466251142323,9.360020644962788,0.010134594099326932,0.00012256650330755292,0.12309049256145954,0.0,,,,,,
1,2752512,,,,,,,0.8630991339683532,0.10747073961277187,0.8934502273797988,0.11121926067420373,0.9243926733732224,0.11503756115803343
1,2883584,0.7367468485608697,8.879113961011171,0.009788181111161975,6.588897849724162e-05,0.06269688531756401,0.0,,,,,,
1,2883584,,,,,,,0.7854786455631256,0.09787053347199781,0.8146412700414656,0.10147964063348769,0.9685636168718345,0.1204823476320509
1,3014656,0.7522563529200852,8.956909891217947,0.009965327091322251,3.9857997762737796e-05,0.03916706144809723,0.0,,,,,,
1,3014656,,,,,,,0.8455389261245727,0.1053005576314634,0.8626794457435607,0.10741888421512757,0.8957317543029786,0.1115009148659789
1,3145728,0.7272603181190789,8.799401797354221,0.00978609773073913,4.232221363054123e-05,0.04333794675767422,0.0,,,,,,
1,3145728,,,,,,,0.7949660181999206,0.09904495867182717,0.810073870420456,0.1009145624554022,0.845359799861908,0.10527841507007185
1,3276800,0.7135521699674428,8.748655747622252,0.008531587634934112,3.987436616625928e-05,0.04005958512425423,0.0,,,,,,
1,3276800,,,,,,,0.7573237776756286,0.09438369904405719,0.7813895046710968,0.09736426162967082,0.8887686049938205,0.11064125911929712
1,3407872,0.5735970423556864,7.443574506789446,0.005889762084507311,0.0,0.0,0.0,,,,,,
1,3407872,,,,,,,0.6516936600208283,0.08128199096500288,0.7095760226249694,0.08846513467055273,0.9170960700511935,0.1141374616294244
1,3538944,0.648746068123728,8.163522943854332,0.009322428361770108,4.1057244743569754e-05,0.0405438169836998,0.0,,,,,,
1,3538944,,,,,,,0.7021656215190887,0.08754600877621521,0.725072592496872,0.09038671453837899,0.7840287387371064,0.09769102795384055
1,3670016,0.6852429318241775,8.881181631237268,0.009342575473965553,6.460757867898792e-05,0.059977782890200615,0.0,,,,,,
1,3670016,,,,,,,0.7698708951473235,0.09593788572815587,0.7934887051582337,0.09886210273660989,0.8862631762027744,0.110331903583343
1,3801088,0.7071853661909699,8.923777133226395,0.00936198316867376,5.6449388694090885e-05,0.05637814477086067,0.0,,,,,,
1,3801088,,,,,,,0.7703254044055938,0.09599417616123507,0.7831911772489547,0.09758733086998483,0.8050566190481186,0.10029375362827708
1,3932160,0.7052802336402237,8.846834629774094,0.00887362964112981,6.330278210953111e-05,0.06386986561119556,0.0,,,,,,
1,3932160,,,,,,,0.7359764754772186,0.09173839729142896,0.7749167621135712,0.09656277588411166,0.8070164132118226,0.10053625777945041
1,4063232,0.7208749460987747,9.225693192332983,0.009554465746987262,8.424928273598198e-05,0.08603085018694401,0.0,,,,,,
1,4063232,,,,,,,0.7757159352302552,0.09666174009553186,0.7828021317720413,0.09753916308079069,0.8108887577056886,0.10101538500338902
1,4194304,0.7242437452077866,9.40381445735693,0.007548525753009017,0.000110627679987374,0.11289602518081665,0.0,,,,,,
1,4194304,,,,,,,0.7708622574806213,0.09606066398750168,0.7865508913993835,0.09800327862714497,0.7969476836919784,0.09929023084226007
1,4325376,0.7191901286132634,9.066137578338385,0.008220948058351496,7.432290294673294e-05,0.07440124824643135,0.0,,,,,,
1,4325376,,,,,,,0.7727780342102051,0.09629792085142208,0.7857143223285675,0.09789971080064408,0.8540364086627963,0.10635084734906819
1,4456448,0.45602875645272434,5.959931341931224,0.0038904317871129024,0.0,0.0,0.0,,,,,,
1,4456448,,,,,,,0.6010312438011168,0.07498787254215689,0.7112447619438171,0.08867209080247629,0.99472118973732,0.12370330099405047
1,4587520,0.5973275976721197,8.09441338852048,0.008996745962576824,4.739433461509179e-05,0.045044947415590286,0.0,,,,,,
1,4587520,,,,,,,0.6993629574775696,0.08719835018100164,0.7282013624906539,0.09077460189426856,0.7442512547969818,0.09276394202826732
1,4718592,0.6825206074863672,8.523490902036428,0.009573703010573809,6.690752525173593e-05,0.0678802952170372,0.0,,,,,,
1,4718592,,,,,,,0.7931302905082702,0.09881773858924259,0.8265800714492798,0.10295639767100506,0.9855649745464331,0.12257612913090665
1,4849664,0.6941582700237632,8.941887263208628,0.007190049340806581,7.446411223099858e-05,0.07339133135974407,0.0,,,,,,
1,4849664,,,,,,,0.7959095358848571,0.09916174004052047,0.8147632390260696,0.10149472972685047,0.866744408607483,0.10792111400966253
1,4980736,0.6255451655015349,8.039204310625792,0.0064771752868182375,3.129628566966858e-05,0.032047396525740623,0.0,,,,,,
1,4980736,,,,,,,0.6662021994590759,0.08308330907847128,0.6956981420516967,0.0867437133257265,0.8295145207643514,0.10331930196140449
1,5111808,0.6634558364748955,8.911722764372826,0.007826572775684326,7.375588938884903e-05,0.07551839388906956,0.0,,,,,,
1,5111808,,,,,,,0.7567080199718476,0.09430741444501001,0.7760228991508483,0.09669975193023617,0.8399171048402788,0.1046055706480209
1,5242880,0.665606748778373,8.420060127973557,0.0078472840291397,3.724266389326658e-05,0.036644281819462776,0.0,,,,,,
1,5242880,,,,,,,0.7241638839244843,0.09027405280178846,0.7395709365606308,0.09218390519039432,0.7727533543109893,0.09629486447109348
1,5373952,0.6419711452908814,8.089502025395632,0.00778671694570221,3.979681025612081e-05,0.040750375017523766,0.0,,,,,,
1,5373952,,,,,,,0.6908548176288605,0.08614282172212295,0.7018867492675781,0.08751141680942576,0.8751610416173936,0.10896082117162442
1,5505024,0.4757893835194409,6.709682419896126,0.003548351895005908,6.007903721183538e-07,0.0006152093410491943,0.0,,,,,,
1,5505024,,,,,,,0.5834653437137604,0.0728041260083101,0.679736080765724,0.08476312876148517,0.9401544934511187,0.11698127232775613
1,5636096,0.6335544208995998,8.794959684833884,0.008957901553003467,5.694049013982294e-05,0.05053446255624294,0.0,,,,,,
1,5636096,,,,,,,0.7052904307842255,0.08793360297475705,0.7398753702640534,0.0922216358911001,0.7931070798635483,0.09881486558916364
1,5767168,0.6568449754267931,8.435551714152098,0.009488671330018406,4.881832217051851e-05,0.049986185505986214,0.0,,,,,,
1,5767168,,,,,,,0.7204205691814423,0.08980993211138166,0.7578679114580155,0.09445110942180812,0.8997470086812979,0.11199655395098906
1,5898240,0.6450873441062868,8.742566253989935,0.006843267877684411,8.082363456196617e-05,0.07517522946000099,0.0,,,,,,
1,5898240,,,,,,,0.738690197467804,0.09207474724746656,0.7530612081289291,0.09385559786446951,0.805717853307724,0.10037557582630341
1,6029312,0.6333661461248994,8.326425939798355,0.00794276845749664,3.0346098355948925e-05,0.0310744047164917,0.0,,,,,,
1,6029312,,,,,,,0.6931517958641052,0.08642780632953317,0.7033426702022553,0.08769201032263463,0.8312947219610218,0.10353944661711845
1,6160384,0.6564211831428111,8.673254393041134,0.008771370754402597,5.121083279391314e-05,0.05243857763707638,0.0,,,,,,
1,6160384,,,,,,,0.7065284490585327,0.0880871565743182,0.7204586923122406,0.08981465906390107,0.7483627021312714,0.09327342615883571
1,6291456,0.6773847443982959,9.427773885428905,0.008404322933301955,0.00011221632985325414,0.11359464935958385,0.0,,,,,,
1,6291456,,,,,,,0.7201937913894654,0.08978181345952296,0.7335910618305206,0.09144272194171488,0.7643349981307984,0.09525222229429398
1,6422528,0.6552003705874085,8.331559017300606,0.008797967234386306,3.811475289694499e-05,0.03902950696647167,0.0,,,,,,
1,6422528,,,,,,,0.7005587697029114,0.08734668822201486,0.7236466884613036,0.09020992984913456,0.8429294455051424,0.10497797829349231
1,6553600,0.45658865850418806,6.174394985660911,0.004163693132795743,0.0,0.0,0.0,,,,,,
1,6553600,,,,,,,0.6109358906745911,0.07621887653186055,0.7236317723989486,0.09020808051407925,1.0417319297790528,0.12948545099612407
1,6684672,0.536335610318929,7.445360662415624,0.008193988870516478,1.19808846648084e-05,0.012268425896763802,0.0,,,,,,
1,6684672,,,,,,,0.6372717976570129,0.07949090788951696,0.6735582053661346,0.08399639264132652,0.7209664678573608,0.08987761864063315
1,6815744,0.6374589055776596,8.322227239608765,0.010737685321146273,3.4153921660617925e-05,0.034973615780472755,0.0,,,,,,
1,6815744,,,,,,,0.7525347888469696,0.0937903746965969,0.7911110192537307,0.0985677882125604,0.9764808350801474,0.12145751752615919
1,6946816,0.6439356342889369,8.708515848964453,0.008889142231964797,7.612108129251283e-05,0.07794798724353313,0.0,,,,,,
1,6946816,,,,,,,0.7341540336608887,0.09151250454112914,0.7522804379463196,0.0937588604190367,0.7705053544044494,0.09601646258571828
1,7077888,0.5918800756335258,7.977235771715641,0.0068736854673261405,2.9688495487789623e-05,0.030401019379496574,0.0,,,,,,
1,7077888,,,,,,,0.6369427025318146,0.07945003080118895,0.6650115936994552,0.08293550885164414,0.8652576935291297,0.10773743540828029
1,7208960,0.6707046218216419,8.98414184525609,0.008996597796794958,7.969521948325564e-05,0.07785922847688198,0.0,,,,,,
1,7208960,,,,,,,0.7424211084842682,0.09253713751521486,0.7640378713607788,0.0952154182962277,0.8028115034103394,0.10001592926763281
1,7340032,0.6080427528358996,8.145968355238438,0.008109774232252676,2.8660690077231266e-05,0.02330678142607212,0.0,,,,,,
1,7340032,,,,,,,0.658266681432724,0.08209813565425494,0.6848218083381652,0.08539424313094957,0.7084178364276886,0.0883214925644531
2,131072,,,,,,,1.4001538753509521,0.1732538149583729,1.453724068403244,0.17974146415586967,1.7420300984382642,0.21437608943251796
2,262144,0.7037993906997144,8.187816344201565,0.011110849600299844,4.007278569417849e-05,0.04013561084866524,0.0,,,,,,
2,262144,,,,,,,0.8027775764465332,0.10001173081759296,0.8180262327194214,0.10189838562022069,0.8385855031013489,0.1044409389181129
2,393216,0.8650185316801071,8.984225079417229,0.013981659939418023,0.00012239599482199992,0.10584923811256886,0.0,,,,,,
2,393216,,,,,,,1.1492250919342042,0.14267307287268816,1.1917361795902253,0.1478747988209368,1.3860711872577671,0.17154579959459793
2,524288,0.7978946031071246,8.75680422410369,0.012399464362715662,5.146055343629996e-05,0.052502408623695374,0.0,,,,,,
2,524288,,,,,,,0.8938987433910369,0.11127463132788384,0.9120582580566405,0.11351589421077124,0.9214988029003144,0.11468059956543386
2,655360,0.7760534300468862,8.556834392249584,0.011209562906515202,4.2542751543805934e-05,0.04035565257072449,0.0,,,,,,
2,655360,,,,,,,0.920095157623291,0.11450744795319356,0.9773369252681732,0.12156294880627305,1.1453286695480354,0.14219590120854253
2,786432,0.8177305054850876,9.095887068659067,0.012351322445283586,7.150587043724954e-05,0.06429444253444672,0.0,,,,,,
2,786432,,,,,,,0.9223528623580932,0.11478595167212258,0.9584771573543548,0.11923965395527536,0.9871022409200669,0.12276539580666967
2,917504,0.7651765374466777,8.927496369928122,0.011260305211635568,6.190276326378807e-05,0.062434813007712364,0.0,,,,,,
2,917504,,,,,,,0.8201411604881287,0.10215999955157384,0.834536749124527,0.10394033868390262,0.8685498082637788,0.1081441551019835
2,1048576,0.8051473754458129,9.186422199010849,0.010594390814731014,8.840145346766803e-05,0.07997986115515232,0.0,,,,,,
2,1048576,,,,,,,0.8780728876590729,0.10932046630039771,0.8973897576332092,0.11170558391843954,1.0236190557479863,0.12725865386598034
2,1179648,0.7878739181905985,9.040067341178656,0.010023550366895506,7.125760839699069e-05,0.06651550531387329,0.0,,,,,,
2,1179648,,,,,,,0.8649629116058349,0.1077010152281046,0.8885772883892059,0.11061763723121798,0.9065446174144746,0.11283551700738137
2,1310720,0.46332758432254195,6.3708725720644,0.0033178726725964225,0.0,0.0,0.0,,,,,,
2,1310720,,,,,,,0.6280641734600066,0.07834712337183491,0.7165367811918258,0.08932835339726819,0.9532887184619913,0.11860027095236125
2,1441792,0.6117623948957771,8.521989421918988,0.005564606862208166,4.361891478765756e-05,0.04175802320241928,0.0,,,,,,
2,1441792,,,,,,,0.6878925800323487,0.08577527800809359,0.7137142896652221,0.08897834621831424,0.7460158962011337,0.0929826196004202
2,1572864,0.7682314841076732,9.183424931019545,0.009002440970107273,8.950852861744352e-05,0.0831165611743927,0.0,,,,,,
2,1572864,,,,,,,0.8666509211063385,0.10790956416318243,0.8936743170022965,0.11124692529997637,1.0386938905715948,0.1291120449054617
2,1703936,0.7832303568720818,9.286991629749537,0.012399284448292747,9.958816553989891e-05,0.0939003936946392,0.0,,,,,,
2,1703936,,,,,,,0.865092134475708,0.1077169806938374,0.8784134924411774,0.10936253288289022,0.9376302528381347,0.11667004868244124
2,1835008,0.7722867117263377,9.153170850127935,0.01041223732954677,7.300242668861756e-05,0.07475007511675358,0.0,,,,,,
2,1835008,,,,,,,0.8281217992305756,0.10314706706503984,0.8492184817790984,0.10575538006851404,0.9451026141643528,0.11759127905950995
2,1966080,0.7768905302509665,9.18921572342515,0.011476838434646197,8.879887150214927e-05,0.08090637810528278,0.0,,,,,,
2,1966080,,,,,,,0.8397451162338256,0.1045843072688113,0.8575225114822388,0.10678166151175339,0.8885066282749177,0.11060891278536422
2,2097152,0.7362019624561071,9.053310014307499,0.010777586317090027,9.060902630153578e-05,0.08602440729737282,0.0,,,,,,
2,2097152,,,,,,,0.7942654848098755,0.09895825026691685,0.7983971536159515,0.09946962514457636,0.8237718373537064,0.10260907678803588
2,2228224,0.7598006557673216,9.147701624780893,0.009489349099112587,6.396783118134408e-05,0.06305109150707722,0.0,,,,,,
2,2228224,,,,,,,0.796619325876236,0.09924959059118277,0.8165861248970031,0.10172023800708851,0.9015649586915971,0.11222094161742602
2,2359296,0.4552531954832375,5.923370165750384,0.003760511707241676,0.0,0.0,0.0,,,,,,
2,2359296,,,,,,,0.6064349710941315,0.0756595060651244,0.7227454632520675,0.09009819231528304,1.0185952550172808,0.1266407993888754
2,2490368,0.6308512741234154,8.41957637295127,0.008446091193945904,4.52396761829732e-05,0.044338684529066086,0.0,,,,,,
2,2490368,,,,,,,0.7158689379692078,0.08924553851351136,0.746750795841217,0.09307368705587926,0.787767705321312,0.09815391723787759
2,2621440,0.7388875661417842,9.546400781720877,0.009992749455705052,0.00012243029777891934,0.11788553930819035,0.0,,,,,,
2,2621440,,,,,,,0.8363611578941346,0.10416592065760777,0.8592404395341872,0.10699394910077631,1.0169482129812246,0.12643821574060077
2,2752512,0.7396996067836881,9.013042032718658,0.009758882883943443,5.39628181286389e-05,0.05525713786482811,0.0,,,,,,
2,2752512,,,,,,,0.8355197191238404,0.10406188092985591,0.8529048353433609,0.10621099841421788,0.9127870607376101,0.11360581970969008
2,2883584,0.7331707421690226,8.402756977826357,0.008819869772423772,3.915700835932512e-05,0.0326269194483757,0.0,,,,,,
2,2883584,,,,,,,0.7990464925765991,0.0995499887789435,0.8209954440593719,0.10226566936081904,0.9306484586000444,0.11580911639630531
2,3014656,0.7549556819722056,8.901997715234756,0.010086971837154124,6.847415170341264e-05,0.06198014132678509,0.0,,,,,,
2,3014656,,,,,,,0.8257041215896607,0.10284806335345831,0.8640405684709549,0.10758705826262749,0.9134875708818436,0.11369225249497927
2,3145728,0.7177954996004701,8.822359781712294,0.008659617384637386,5.5569305914104916e-05,0.056902969256043434,0.0,,,,,,
2,3145728,,,,,,,0.7823990702629089,0.09748925948222453,0.7939026802778244,0.09891334360500181,0.8357006686925889,0.10408425463824966
3,131072,,,,,,,1.4001538753509521,0.1732538149583729,1.453724068403244,0.17974146415586967,1.7420300984382642,0.21437608943251796
3,262144,0.70614970382303,8.25106866657734,0.01045358055671386,3.8230967973618135e-05,0.03572933189570904,0.0,,,,,,
3,262144,,,,,,,0.8041412830352783,0.10018048622935893,0.8195675820112228,0.10208905000324386,0.831649706363678,0.10358334376813905
3,393216,0.8588007870130241,8.964285753667355,0.014160188373352867,7.50761959693591e-05,0.06868245080113411,0.0,,,,,,
3,393216,,,,,,,1.1435510873794557,0.1419781893288785,1.1977944791316986,0.1486154436105891,1.3632266998291023,0.16877292121880139
3,524288,0.7844034624285996,9.07757268473506,0.010509091125186387,6.28921789029846e-05,0.05921546928584576,0.0,,,,,,
3,524288,,,,,,,0.8771310687065125,0.10920414439039194,0.891168600320816,0.11093757625151568,0.9197703731060028,0.11446738202231965
3,655360,0.7669963883236051,8.599099453538656,0.013225631440946017,4.791037122231501e-05,0.045592350885272026,0.0,,,,,,
3,655360,,,,,,,0.9110464811325072,0.11339105000533412,1.0053667128086088,0.12501341204777017,1.1793908596038827,0.14636503482146823
3,786432,0.8104972927831113,9.020011954009533,0.01170643864043086,7.91067213867791e-05,0.06682920828461647,0.0,,,,,,
3,786432,,,,,,,0.9181581199169159,0.11426848641326037,0.9473450779914855,0.11786770190214413,1.009032771587372,0.1254644817148427
3,917504,0.7600502953864634,9.161400631070137,0.011680322446409264,8.159325955148233e-05,0.0809584055095911,0.0,,,,,,
3,917504,,,,,,,0.8125273227691651,0.10121811142721149,0.8510715216398239,0.10598441384042356,0.9083025813102723,0.11305245934432318
3,1048576,0.8070528479292989,9.24489090591669,0.011822986445622519,7.13267404535145e-05,0.06973160803318024,0.0,,,,,,
3,1048576,,,,,,,0.8773438572883606,0.10923042568429797,0.8975103825330734,0.11172047385908179,1.0077388048172002,0.1253052787349369
3,1179648,0.7830459401011467,9.039133299142122,0.011269856084027197,6.476801115695707e-05,0.06121927127242088,0.0,,,,,,
3,1179648,,,,,,,0.8632419586181641,0.10748838645776582,0.8742173165082932,0.10884425457761449,0.9012074023485184,0.11217680971572142
3,1310720,0.47392047266475856,6.1415991093963385,0.003342349995591576,0.0,0.0,0.0,,,,,,
3,1310720,,,,,,,0.6281240344047546,0.07835456005522534,0.7528866827487944,0.0938339743191754,1.0731339514255525,0.1333429106071875
3,1441792,0.6583986997138709,8.673814440146089,0.010652573770130402,9.019500976137351e-05,0.07042124308645725,0.0,,,,,,
3,1441792,,,,,,,0.7856409788131714,0.09789063072184123,0.8100257605314254,0.10090860995803985,0.8518107372522354,0.1060757769739511
3,1572864,0.7735322681255639,9.076024103909731,0.011078769735831884,7.46128159789805e-05,0.07537360116839409,0.0,,,,,,
3,1572864,,,,,,,0.8825607061386108,0.1098747053429372,0.9312487006187438,0.11588313971820652,1.1309427434206019,0.14043357155280778
3,1703936,0.779149116948247,9.086944375187159,0.011236866071158147,6.29413243586896e-05,0.06278280913829803,0.0,,,,,,
3,1703936,,,,,,,0.86951824426651,0.10826379228398753,0.8869239747524261,0.11041349716002524,0.9065267330408097,0.11283330992277074
3,1835008,0.75637137144804,8.848693251609802,0.01223910025510122,7.617214032507036e-05,0.07745826244354248,0.0,,,,,,
3,1835008,,,,,,,0.8075557470321655,0.10060299263736328,0.8305582165718078,0.10344836953117409,0.9353930127620702,0.11639419131572248
3,1966080,0.7701942408457398,9.351338598877192,0.009709498124720994,9.804081173570012e-05,0.10018687881529331,0.0,,,,,,
3,1966080,,,,,,,0.8432434380054474,0.10501679465665203,0.8528943866491318,0.10620970706093247,0.8962654942274093,0.11156680240416028
3,2097152,0.7428557686507702,9.196731735020876,0.010805067680394131,8.712402177479817e-05,0.08709084801375866,0.0,,,,,,
3,2097152,,,,,,,0.800738388299942,0.09975937545473101,0.8182212382555007,0.10192250815264958,0.8274034726619721,0.10305823073448006
3,2228224,0.7258410109207034,8.909397769719362,0.010473033933976694,4.977024582331069e-05,0.04995366558432579,0.0,,,,,,
3,2228224,,,,,,,0.7649462103843689,0.09532793008486973,0.7857251912355423,0.09790105639240632,0.8887182486057281,0.11063504162109683
3,2359296,0.46301465667784214,6.07382027246058,0.0037707514272824483,0.0,0.0,0.0,,,,,,
3,2359296,,,,,,,0.6280441999435424,0.0783446420071503,0.7835981547832488,0.09763771834109036,1.0546059131622314,0.13106738649255645
3,2490368,0.6045229975134134,7.896795304492116,0.009298252460212098,1.591697036928963e-05,0.01581135019659996,0.0,,,,,,
3,2490368,,,,,,,0.6871957004070282,0.08568880831167891,0.7254815638065336,0.09043741806816996,0.7505373871326446,0.09354288999364213
3,2621440,0.7188627738505602,8.874553874135017,0.010157950493976386,6.868103218948818e-05,0.06986509263515472,0.0,,,,,,
3,2621440,,,,,,,0.8262925326824189,0.10292083618314618,0.8520512193441391,0.1061054989004766,1.0245640516281134,0.12737486360527495
3,2752512,0.7163966540247202,8.914563249796629,0.008837623789077043,6.628183473367244e-05,0.06723076105117798,0.0,,,,,,
3,2752512,,,,,,,0.8191504120826721,0.1020374469647145,0.8357443809509277,0.10408965947269921,0.873608467578888,0.10876904947322585
3,2883584,0.7017352138645947,8.281739357858896,0.008048930409586319,2.3153395886765793e-05,0.023709077388048172,0.0,,,,,,
3,2883584,,,,,,,0.7631338477134705,0.09510343861800452,0.7852896332740783,0.0978471331918771,0.9036927306652074,0.1124835557469277
3,3014656,0.7236049505881965,8.501438926905394,0.007716989718574041,3.568588181224186e-05,0.03463982045650482,0.0,,,,,,
3,3014656,,,,,,,0.7858999192714691,0.09792268801298021,0.7981874018907547,0.09944366552708606,0.829737144112587,0.10334683274113177
3,3145728,0.7074803011491895,9.299163777381182,0.009582868698089442,9.217230217473116e-05,0.08994159661233425,0.0,,,,,,
3,3145728,,,,,,,0.7528547883033753,0.09383002261510542,0.7619758605957031,0.09495999745521932,0.7749098885059357,0.0965619246945939
3,3276800,0.7230970473028719,8.565909393131733,0.010620276535519224,5.6007280363701284e-05,0.057351455092430115,0.0,,,,,,
3,3276800,,,,,,,0.7534381031990052,0.0939022945391026,0.7802768170833587,0.0972264923233166,0.8835867571830751,0.11000141156838605
3,3407872,0.527089933399111,6.864025380462408,0.005627990542961925,3.0567243811674416e-06,0.00313008576631546,0.0,,,,,,
3,3407872,,,,,,,0.6825717091560364,0.08511502504935398,0.7710328817367552,0.0960817951685824,1.0940317916870117,0.13590779508248718
3,3538944,0.665300854947418,8.991402983665466,0.010732313146945671,0.00011050566399717354,0.1015417817980051,0.0,,,,,,
3,3538944,,,,,,,0.7980276703834533,0.09942389649838423,0.8256167113780973,0.10283725264000321,0.868533884882927,0.10814218795726083
3,3670016,0.70095946919173,8.357523262500763,0.008578870902056224,3.658724017441273e-05,0.03746533393859863,0.0,,,,,,
3,3670016,,,,,,,0.7883656561374665,0.0982279404501134,0.8121198177337645,0.1011676949044289,0.9827463221549992,0.12222907635692648
3,3801088,0.719065960496664,9.272038713097572,0.009222656862220902,9.706407399789896e-05,0.09751589223742485,0.0,,,,,,
3,3801088,,,,,,,0.8215428590774536,0.10233338013759141,0.8507751166820525,0.10594777925520993,0.8886259484291077,0.11062364530504043
3,3932160,0.6904992223717272,8.543222989887,0.009709229030704591,5.9978994613629766e-05,0.06052606366574764,0.0,,,,,,
3,3932160,,,,,,,0.7488791525363923,0.09333742043862503,0.7642446637153625,0.0952410329306892,0.8524010390043263,0.10614873385717671
3,4063232,0.713167785666883,8.91547891870141,0.0098715192657437,5.779513776360545e-05,0.05918160080909729,0.0,,,,,,
3,4063232,,,,,,,0.7974242568016052,0.09934921484203518,0.8038418114185333,0.1001434278303115,0.8403689420223237,0.10466143194699895
3,4194304,0.6765513638965786,8.594007525593042,0.008838377642746309,5.385196527640801e-05,0.04891296289861202,0.0,,,,,,
3,4194304,,,,,,,0.7470525085926056,0.09311107431224408,0.755765101313591,0.09419059659144358,0.8049061751365661,0.10027513726557191
3,4325376,0.6771885296329856,8.692504372447729,0.009868367260878586,5.2014991524629295e-05,0.04478977620601654,0.0,,,,,,
3,4325376,,,,,,,0.7183035552501679,0.08954743357022776,0.7448631972074509,0.09283977605937865,0.8156439566612245,0.10160368415952048
3,4456448,0.4558566748164594,5.982340719550848,0.004155055641604122,0.0,0.0,0.0,,,,,,
3,4456448,,,,,,,0.6077563285827636,0.07582372820659633,0.7505988776683807,0.09355050904776463,1.049166647195816,0.1303990987085215
3,4587520,0.5706471896264702,8.224545329809189,0.008125036335513869,4.118490505788941e-05,0.03814101591706276,0.0,,,,,,
3,4587520,,,,,,,0.649653398990631,0.08102863802972071,0.6836818844079972,0.08525278998530172,0.7164956212043763,0.08932324945128767
3,4718592,0.6604275931604207,8.554618738591671,0.008899919630039221,5.6714412494329736e-05,0.05647670105099678,0.0,,,,,,
3,4718592,,,,,,,0.7856727600097656,0.09789456530167073,0.8001427739858626,0.09968566405735091,0.9989281648397452,0.1242210919926634
3,4849664,0.7012645080685616,9.120151590555906,0.008122339846067916,7.244843800435774e-05,0.0723381657153368,0.0,,,,,,
3,4849664,,,,,,,0.8213021278381347,0.10230360376181746,0.8442319005727768,0.10513898823062195,0.9083232998847963,0.11305501606524371
3,4980736,0.6682876907289028,8.284054320305586,0.00813616252708016,3.4374019378446974e-05,0.0351989958435297,0.0,,,,,,
3,4980736,,,,,,,0.7020238816738129,0.08752842706043862,0.7193282842636108,0.08967449610896905,0.8862372487783438,0.11032870210637946
3,5111808,0.6480211587622762,8.25067151337862,0.0074267420984597265,2.1387602828326635e-05,0.021900905296206474,0.0,,,,,,
3,5111808,,,,,,,0.7220477640628815,0.09001168719984043,0.7361098825931549,0.0917549328124454,0.76794054210186,0.09569880695759903
3,5242880,0.6095544826239347,8.101093132048845,0.007112873066034808,2.090928319375962e-05,0.019946854561567307,0.0,,,,,,
3,5242880,,,,,,,0.6693787515163422,0.08347762415419258,0.6795924842357636,0.08474530813195669,0.6967826670408249,0.08687825730666576
3,5373952,0.663929162081331,8.883582692593336,0.008362919716546457,7.163030568335671e-05,0.06673289649188519,0.0,,,,,,
3,5373952,,,,,,,0.7106100499629974,0.08859337507314691,0.7433438003063202,0.09265148513173349,0.8503129118680957,0.10589065183103719
3,5505024,0.5198361109942198,6.752281349152327,0.005672973646142054,0.0,0.0,0.0,,,,,,
3,5505024,,,,,,,0.6381788551807404,0.07960357262418127,0.7348859071731567,0.09160322183256686,1.0033254635334017,0.12476223555238519
3,5636096,0.5698250937275589,7.713661001995206,0.008565197621010157,2.6495163183426484e-05,0.021431971341371536,0.0,,,,,,
3,5636096,,,,,,,0.6597673773765564,0.08228445541980434,0.6910211265087127,0.08616345603148723,0.7243229502439499,0.09029377401934613
3,5767168,0.6462677400559187,8.52469553053379,0.00653234134961167,4.7347214263027126e-05,0.04848274029791355,0.0,,,,,,
3,5767168,,,,,,,0.7235285460948944,0.09019528221165385,0.7548909693956375,0.09408229838546589,0.8872226274013524,0.11045037347457787
3,5898240,0.6222586017102003,8.173151776194572,0.005974665873509366,2.95358167932136e-05,0.030244676396250725,0.0,,,,,,
3,5898240,,,,,,,0.6973743200302124,0.08695165524646664,0.7247106015682219,0.09034183516106964,0.7474551075696945,0.09316096265042817
3,6029312,0.6234384807758033,8.623131390661001,0.006923529268988204,5.128483826410957e-05,0.04881320334970951,0.0,,,,,,
3,6029312,,,,,,,0.6772357940673828,0.08445283021774963,0.6883518278598786,0.08583226134723643,0.8193291491270066,0.1020595564266158
3,6160384,0.6409872956573963,8.409218225628138,0.00722697230094127,5.210577182879206e-05,0.05335631035268307,0.0,,,,,,
3,6160384,,,,,,,0.707260400056839,0.08817793978445487,0.7244454562664032,0.0903089624027269,0.7480468618869782,0.09323428945778311
3,6291456,0.6316671366803348,8.511043678969145,0.008517040720107616,4.999841439712327e-05,0.05119837634265423,0.0,,,,,,
3,6291456,,,,,,,0.675550925731659,0.0842437200787447,0.6846657067537307,0.08537487269066446,0.7043059873580932,0.08781149772961028
3,6422528,0.6328760059550405,8.46183592453599,0.007959601638049207,5.625782250717748e-05,0.057260537520051,0.0,,,,,,
3,6422528,,,,,,,0.666711437702179,0.08314652412592594,0.6900881946086883,0.0860477041586889,0.7597590911388398,0.09468539274187338
3,6553600,0.5798194229137152,7.915657054632902,0.0111134934322763,9.57663341978332e-05,0.06443617679178715,0.0,,,,,,
3,6553600,,,,,,,0.70782151222229,0.08824753301923893,0.797049057483673,0.09930277762561146,1.1286062729358677,0.14014726087090335
3,6684672,0.5880866684019566,7.974795516580343,0.010026961134371959,4.068810449098237e-05,0.028906837105751038,0.0,,,,,,
3,6684672,,,,,,,0.6905204772949218,0.0861013391562011,0.7149919986724853,0.08913679311506773,0.7764329868555069,0.09675053330838668
3,6815744,0.6309941709041595,7.954538598656654,0.008706663044904417,5.9034009609604254e-06,0.006045082584023476,0.0,,,,,,
3,6815744,,,,,,,0.7072309672832489,0.08817428929283277,0.736606502532959,0.09181648732582892,0.9392946761846548,0.11687526462090436
3,6946816,0.6212450084276497,8.317259851843119,0.008280875565105816,2.830095763783902e-05,0.028980180621147156,0.0,,,,,,
3,6946816,,,,,,,0.7025647342205047,0.0875955152825103,0.7281624495983123,0.09076977786101303,0.7458406841754913,0.0929609074083082
3,7077888,0.5920006271917373,7.91384270042181,0.007804191311606701,1.8184578948421404e-05,0.018621008843183517,0.0,,,,,,
3,7077888,,,,,,,0.6468340873718261,0.08067852791745778,0.6611745953559875,0.0824591641497876,0.7974848604202276,0.09935671551698433
3,7208960,0.666928549297154,9.169875886291265,0.008002167419363104,7.248865586007014e-05,0.07168503850698471,0.0,,,,,,
3,7208960,,,,,,,0.7473641753196716,0.09314969475697055,0.7841387838125228,0.09770465229255287,0.8078525799512863,0.10063972108579566
3,7340032,0.6673922804184258,8.494125742465258,0.00801449587766001,4.366526263765991e-05,0.044713228940963745,0.0,,,,,,
3,7340032,,,,,,,0.7232210755348205,0.09015716092590131,0.7429714083671569,0.09260533553074435,0.7535783046483994,0.09391966516093442
3,7471104,0.6265906058251858,8.285332191735506,0.0076702877875050035,2.5361834559589624e-05,0.025970518589019775,0.0,,,,,,
3,7471104,,,,,,,0.6752032697200775,0.08420057133388692,0.6930804431438445,0.0864189538561897,0.786125609278679,0.09795062867315463
3,7602176,0.47648562607355416,6.2717602998018265,0.004079698459463543,0.0,0.0,0.0,,,,,,
3,7602176,,,,,,,0.6622124075889587,0.08258800722261483,0.781113800406456,0.0973301251847023,1.0477527618408204,0.13022536423709852
3,7733248,0.6110294910613447,8.771943727508187,0.00819325199972809,6.953452248126268e-05,0.06200010888278484,0.0,,,,,,
3,7733248,,,,,,,0.678053367137909,0.08455429708041073,0.7006512731313704,0.08735816292026732,0.7365595757961273,0.09181067093120943
3,7864320,0.6406457046978176,8.46256547421217,0.008968948926849407,3.943353294744156e-05,0.04037993773818016,0.0,,,,,,
3,7864320,,,,,,,0.72199427485466,0.09000505521671132,0.7658723771572112,0.09544264760727605,0.998658214807511,0.1241878687951945
3,7995392,0.5868808152154088,8.003174372017384,0.006956372930289945,2.886561196646653e-05,0.029558386653661728,0.0,,,,,,
3,7995392,,,,,,,0.6798433244228362,0.08477643788813283,0.709295979142189,0.0884304030830032,0.73993084192276,0.09222851087191297
3,8126464,0.5714946694206446,7.9089936055243015,0.007299738221718144,1.7758655303623527e-05,0.017191212624311447,0.0,,,,,,
3,8126464,,,,,,,0.6468410491943359,0.08067939248087641,0.6598900347948073,0.08229968376781516,0.8112488043308261,0.10105993138464964
3,8257536,0.6107127498835325,7.9553945399820805,0.007398550804964543,3.058149491153017e-05,0.031314125284552574,0.0,,,,,,
3,8257536,,,,,,,0.6809522449970246,0.08491405510916672,0.7083783864974975,0.08831659978811324,0.7539201045036317,0.0939620130999399
3,8388608,0.5763506314251572,8.388908460736275,0.007110280712367967,4.4916361730429344e-05,0.045810991898179054,0.0,,,,,,
3,8388608,,,,,,,0.6308078169822693,0.07868796448681237,0.6615897625684736,0.08251070696383911,0.6842391467094422,0.0853219410867534
3,8519680,0.5885723093524575,8.243457827717066,0.007849638661014069,3.2659956559655257e-05,0.03344379551708698,0.0,,,,,,
3,8519680,,,,,,,0.618855082988739,0.0772029503648628,0.6504036784172057,0.0811218064916639,0.7801976150274277,0.09721668564392427
3,8650752,0.6005875200498849,8.259332671761513,0.005393961283516546,4.245724448992405e-05,0.04347621835768223,0.0,,,,,,
3,8650752,,,,,,,0.7308418810367584,0.09110193714972925,0.7809890687465668,0.09731468140404775,1.0560170614719393,0.1312407458169087
3,8781824,0.6348908306099474,8.528100974857807,0.0099696036450041,4.668794463213999e-05,0.04780845530331135,0.0,,,,,,
3,8781824,,,,,,,0.7050481796264648,0.08790355564542729,0.7263942629098892,0.09055057117574061,0.7627760457992554,0.09505911771500042
3,8912896,0.6298417244106531,8.126919701695442,0.008446391404504539,2.5099854610743932e-05,0.025702251121401787,0.0,,,,,,
3,8912896,,,,,,,0.7019572257995605,0.08752015890333809,0.7151832520961761,0.08916050979513379,0.885589686632157,0.11024874142419061
3,9043968,0.5812428609933704,8.34801210835576,0.006945211069421475,4.023477958980948e-05,0.04046076163649559,0.0,,,,,,
3,9043968,,,,,,,0.6438797652721405,0.08031163045990963,0.6634361892938614,0.0827399346220763,0.7244186359643937,0.09030563720629026
3,9175040,0.5482667160686105,7.584104884415865,0.007696760339968023,2.6704303309088573e-05,0.0273452065885067,0.0,,,,,,
3,9175040,,,,,,,0.5944591939449311,0.07417093564640087,0.6103943735361099,0.07615157977305298,0.7098093414306644,0.08849407120014186
3,9306112,0.6122644010465592,8.546531081199646,0.00831278227360599,3.921856659871992e-05,0.040159812197089195,0.0,,,,,,
3,9306112,,,,,,,0.7118987739086151,0.08875319891920763,0.7274931043386459,0.09068679842827243,0.7667253804206848,0.09554830065689957
3,9437184,0.5950406547635794,8.056917887181044,0.007334803491630737,1.3275594028527848e-05,0.013594208285212517,0.0,,,,,,
3,9437184,,,,,,,0.6447829723358154,0.08042380211935174,0.6557553350925446,0.081786325177863,0.6864914500713348,0.08560142273685578
3,9568256,0.5423799040727317,7.826688282191753,0.006585037038803421,2.066187335003633e-05,0.021157758310437202,0.0,,,,,,
3,9568256,,,,,,,0.5992327868938446,0.07476432579510095,0.6190402150154114,0.07722595389689557,0.7047295463085176,0.0878640341036887
3,9699328,0.4234856232069433,6.095621025189757,0.0032149178537110856,0.0,0.0,0.0,,,,,,
3,9699328,,,,,,,0.612935996055603,0.07646743255708444,0.7032302618026732,0.0876780673065174,0.9518386232852942,0.11842155484948824
3,9830400,0.49199006939306855,7.3962192833423615,0.005384678838368018,1.0340243534301408e-05,0.010588409379124641,0.0,,,,,,
3,9830400,,,,,,,0.594987154006958,0.07423656727263417,0.6156172931194305,0.07680062635527074,0.6469769763946533,0.0806962727612135
3,9961472,0.554281305288896,7.780591480433941,0.007693763216138905,2.7777066634371295e-05,0.028442639857530594,0.0,,,,,,
3,9961472,,,,,,,0.6394157648086548,0.07975720469046932,0.6695785850286484,0.08350242922368034,0.8724084860086446,0.10862082393840522
3,10092544,0.6197011400945485,8.581492081284523,0.008498522944478282,4.22536122641759e-05,0.04326769895851612,0.0,,,,,,
3,10092544,,,,,,,0.7145624995231629,0.08908353203266506,0.7596954613924026,0.09467751032529104,0.798950361609459,0.0995380914784616
3,10223616,0.6087877466343343,7.88760594651103,0.0081944956418738,2.1359168385970406e-05,0.021871788427233696,0.0,,,,,,
3,10223616,,,,,,,0.6453663170337677,0.08049624814830914,0.6644514083862305,0.08286596692398018,0.8668865269422538,0.10793867186190376
3,10354688,0.603517905343324,7.892893075942993,0.009922884134084597,1.0562389434198849e-05,0.010815886780619621,0.0,,,,,,
3,10354688,,,,,,,0.6610499620437622,0.08244369089662307,0.6824232041835784,0.08509659638046818,0.7718049782514576,0.09617741537441127
3,10485760,0.5876851524226367,7.999686438590288,0.007485620104489499,1.7520893379696645e-05,0.01562545634806156,0.0,,,,,,
3,10485760,,,,,,,0.6421692848205567,0.08009919582477276,0.6643138825893402,0.08284889421977581,0.6886837953329087,0.08587345142674008
3,10616832,0.7192155364900827,9.673388458788395,0.009743421613165992,0.00010682781794457696,0.0998030249029398,0.0,,,,,,
3,10616832,,,,,,,0.7789664328098297,0.09706424008793912,0.7948474794626236,0.09903028666483538,0.8603757286071777,0.10713423354711082
3,10747904,0.45885054976679385,6.364849373698235,0.004928994890178728,1.1640131560852751e-06,0.0011919494718313217,0.0,,,,,,
3,10747904,,,,,,,0.6236630022525788,0.07780033040609413,0.7283705949783326,0.09079558160487711,1.033683933615685,0.12849619001888457
3,10878976,0.5177715870086104,7.310894209891558,0.007064784110980327,1.275957765756175e-05,0.013065807521343231,0.0,,,,,,
3,10878976,,,,,,,0.6276474058628082,0.07829534698999852,0.6548791080713272,0.08167752846169818,0.6878151744604112,0.0857656734915837
3,11010048,0.5815216244664043,8.17911534383893,0.008784207737335237,3.5637078326544724e-05,0.0364923682063818,0.0,,,,,,
3,11010048,,,,,,,0.6792644739151,0.08470460116217571,0.7346890538930893,0.09157882159574537,0.9119870650768286,0.11350710975225153
3,11141120,0.5734609346836805,7.461707189679146,0.007770167646413029,5.5232521845027804e-06,0.005655810236930847,0.0,,,,,,
3,11141120,,,,,,,0.6520907163619996,0.08133129490161117,0.6775898039340973,0.08449676567465714,0.7299264538288117,0.09098845727196081
3,11272192,0.618132958188653,8.082548566162586,0.00823281257362396,3.8230895370361395e-05,0.034810276702046394,0.0,,,,,,
3,11272192,,,,,,,0.6983791887760162,0.08707631280242456,0.7182382017374038,0.089539329881831,0.8708045256137855,0.10842269011426708
3,11403264,0.6085350727662444,8.17682022601366,0.006182311647194183,3.7478461308637634e-05,0.03737308830022812,0.0,,,,,,
3,11403264,,,,,,,0.6942428648471832,0.08656316960229704,0.7064833372831344,0.08808156135435485,0.7291964983940125,0.09089796749504608
3,11534336,0.5538491869810969,7.915774535387754,0.00593546384061483,3.1777915864950046e-05,0.03254058584570885,0.0,,,,,,
3,11534336,,,,,,,0.6033558309078216,0.07527680567989559,0.6313157200813293,0.07875105895487522,0.6632533729076386,0.08271723897365368
3,11665408,0.5647295881062746,7.850845236331224,0.005579276019034296,2.456297261232976e-05,0.025152483955025673,0.0,,,,,,
3,11665408,,,,,,,0.6108847975730896,0.07621252699308578,0.6410354405641554,0.07995837302122655,0.7634773039817812,0.09514598217199288
3,11796480,0.4925959212705493,6.137073902413249,0.004325265274474077,0.0,0.0,0.0,,,,,,
3,11796480,,,,,,,0.6430747866630554,0.08021165633598248,0.786530190706253,0.09800071589269899,1.0596761316061023,0.13169022453230594
3,11927552,0.5645877432543784,8.319356000050902,0.00791289482913271,4.603680099535268e-05,0.04714168421924114,0.0,,,,,,
3,11927552,,,,,,,0.645714795589447,0.0805395255637853,0.6602150797843933,0.08234003905566545,0.7020407819747925,0.08753052341304612
3,12058624,0.6257583717815578,8.617312420159578,0.008876283344534386,5.096631502965465e-05,0.05172253027558327,0.0,,,,,,
3,12058624,,,,,,,0.6983063042163848,0.08706727130422909,0.750435197353363,0.09353022802965194,0.9850406253337863,0.12251156974804034
3,12189696,0.600269943010062,8.43306066095829,0.008469685957152251,4.29629744758131e-05,0.04227464832365513,0.0,,,,,,
3,12189696,,,,,,,0.6862211942672729,0.08556788820531058,0.7128453016281128,0.08887058166069561,0.751172823905945,0.09362162397454288
3,12320768,0.5847019786015153,8.022275645285845,0.007434340638383219,1.230168345500715e-05,0.012596923857927322,0.0,,,,,,
3,12320768,,,,,,,0.6290606498718262,0.0784709171342084,0.6532770603895187,0.08147860520175843,0.785644642710686,0.09789108432031335
3,12451840,0.5572639645542949,8.145931657403708,0.00860849196487834,4.462493052415084e-05,0.043045246973633766,0.0,,,,,,
3,12451840,,,,,,,0.6187861442565918,0.07719438437954818,0.6347939670085907,0.07918312860649968,0.6578564751148224,0.0820472052543122
3,12582912,0.5262404922395945,7.5262986943125725,0.008836272370899678,1.4459159501711838e-05,0.014638042077422142,0.0,,,,,,
3,12582912,,,,,,,0.5860794901847839,0.07312915455709912,0.5920246750116348,0.07386828809373092,0.6273983085155487,0.07826440062202389
3,12713984,0.5220511618535966,7.671933475881815,0.0063323892877633625,1.0994797776220366e-05,0.011258672922849655,0.0,,,,,,
3,12713984,,,,,,,0.555574893951416,0.06933543238576267,0.5794021874666214,0.07229890490426616,0.694620993733406,0.08661008134751413
3,12845056,0.6683733565732837,7.870952747762203,0.004198610911544165,1.3736262189922854e-06,0.0014065932482481003,0.0,,,,,,
3,12845056,,,,,,,0.8286320388317108,0.10321016802483673,0.862073117494583,0.10734396711303429,1.14273439526558,0.14187815920532332
3,12976128,0.5515978885814548,7.027927253395319,0.005096954969303624,5.746533133788034e-06,0.005884449928998947,0.0,,,,,,
3,12976128,,,,,,,0.6638371348381042,0.08278970950468323,0.6925482600927353,0.08635292740387301,0.7399477922916413,0.09223061164492474
3,13107200,0.5737855928018689,8.534361593425274,0.007446152825650643,5.7408355132793076e-05,0.05753760039806366,0.0,,,,,,
3,13107200,,,,,,,0.6447878122329711,0.08042440319341737,0.6994397699832915,0.08720787873025104,0.8677923059463505,0.10805057374300553
3,13238272,0.6186806852929294,8.274690818041563,0.009208103337186913,1.558282929181587e-05,0.01595681719481945,0.0,,,,,,
3,13238272,,,,,,,0.7192401230335236,0.08966356456314029,0.7663603782653806,0.0955030917253159,0.8224248695373535,0.1024424756487805
3,13369344,0.5689281162340194,8.45283092185855,0.005986140790469108,5.308156687533483e-05,0.05052877962589264,0.0,,,,,,
3,13369344,,,,,,,0.610490083694458,0.07616347415335345,0.6330216974020003,0.07896298005667357,0.717663736343384,0.0894680969567696
3,13500416,0.513913938542828,7.508930176496506,0.004703083432843869,1.743135908327531e-05,0.017849711701273918,0.0,,,,,,
3,13500416,,,,,,,0.5679157376289368,0.0708704565210907,0.6199346542358397,0.07733709105196174,0.6637708944082261,0.08278148619792591
3,13631488,0.4880900145508349,7.05058104917407,0.007324203330426826,4.432866262504831e-06,0.004539255052804947,0.0,,,,,,
3,13631488,,,,,,,0.538226866722107,0.0671770327090353,0.5550154626369476,0.06926583931055741,0.5757196438312531,0.07184097788470489
3,13762560,0.5021813306957483,7.517841573804617,0.00833458946999599,1.81348168553086e-05,0.018570052459836006,0.0,,,,,,
3,13762560,,,,,,,0.5446329236030578,0.06797413315113898,0.5748879134654997,0.0717375473999946,0.6978190791606904,0.08700682954080441
3,13893632,0.4983903404790908,6.605520719662309,0.004880503068307007,6.563972419826314e-06,0.006721507757902145,0.0,,,,,,
3,13893632,,,,,,,0.6721789062023162,0.08382519420562318,0.7467026948928831,0.09306772651958006,1.0929764223098757,0.13577830829608595
3,14024704,0.5027323216199875,6.68833838775754,0.007596852683036559,7.419348548864946e-07,0.0007597412914037704,0.0,,,,,,
3,14024704,,,,,,,0.6316498219966888,0.0787925625565673,0.6718627214431763,0.08378594869620537,0.7023328930139542,0.08756675742264908
3,14155776,0.5634097165893763,8.6215859092772,0.007342987804804579,4.907617017124721e-05,0.04568554274737835,0.0,,,,,,
3,14155776,,,,,,,0.6665834188461304,0.08313063237758289,0.7138347953557966,0.088993290151961,0.9270812749862677,0.11536917602813501
3,14286848,0.540488179307431,7.739401932805777,0.005819939002776664,1.4837753042229451e-05,0.015193859115242958,0.0,,,,,,
3,14286848,,,,,,,0.6382220804691314,0.07960894154455489,0.6759072184562682,0.08428794042700205,0.7187175089120865,0.08959876261658928
3,14417920,0.5070016481913626,7.107133314013481,0.006440751624722907,1.5479998182854615e-05,0.015851518139243126,0.0,,,,,,
3,14417920,,,,,,,0.5627445816993714,0.07022727925028605,0.581040769815445,0.07250265404210099,0.7806776577234271,0.09727612351864234
3,14548992,0.5051695748697966,6.946488237008452,0.006459329652443557,7.221005944302306e-07,0.0007394310086965561,0.0,,,,,,
3,14548992,,,,,,,0.5866342484951019,0.07319812814886406,0.6183250337839126,0.07713708878370196,0.651529433131218,0.08126159819577516
3,14680064,0.47620462579652667,7.264775836840272,0.005968963044551856,5.427591531770304e-06,0.005557853728532791,0.0,,,,,,
3,14680064,,,,,,,0.5340413033962249,0.06665618008662655,0.5550595611333847,0.06927132517378642,0.6037190920114518,0.075321955856682
3,14811136,0.5070498778950423,6.929708180949092,0.007265713388733275,0.0,0.0,0.0,,,,,,
3,14811136,,,,,,,0.5496162593364715,0.06859414560778876,0.5799214094877243,0.0723634680986247,0.7592141413688663,0.09461788429169093
3,14942208,0.555831745499745,6.836111105978489,0.004042037878434712,1.6403973859269172e-06,0.0016797669231891632,0.0,,,,,,
3,14942208,,,,,,,0.7778945684432983,0.09693151763367136,0.8060175329446793,0.10041265822283241,1.092958550453187,0.1357761154984678
3,15073280,0.5711559089832008,8.341093741357327,0.004699033726410562,4.6453897084575146e-05,0.04756879061460495,0.0,,,,,,
3,15073280,,,,,,,0.6814173936843871,0.08497177917170284,0.7101196020841598,0.08853254993557069,0.74435910820961,0.09277730767629477
3,15204352,0.5915307712275535,7.648469254374504,0.007810389095538994,2.4348228180315346e-06,0.0024932585656642914,0.0,,,,,,
3,15204352,,,,,,,0.6784592151641846,0.08460466516988285,0.7218990862369536,0.08999325301616201,0.9087487590312961,0.11310751839544309
3,15335424,0.5278133617248386,7.471166882663965,0.007688612180572818,4.876303137280047e-06,0.004993334412574768,0.0,,,,,,
3,15335424,,,,,,,0.5940966010093689,0.07412586072077643,0.6217942684888839,0.07756814837561077,0.7155672985315327,0.08920813376890058
3,15466496,0.49939479981549084,7.148958431556821,0.0072082719466379785,1.4563920558430254e-06,0.001491345465183258,0.0,,,,,,
3,15466496,,,,,,,0.5554841518402099,0.06932414414221277,0.5726436913013457,0.07145845769354131,0.7346634972095493,0.09157565380134391
3,15597568,0.47382819605991244,7.136443151161075,0.005810925913010578,0.0,0.0,0.0,,,,,,
3,15597568,,,,,,,0.568812906742096,0.07098203850530949,0.5856010735034942,0.07306967202584658,0.5986219382286072,0.07468839608656785
3,15728640,0.535714081954211,7.82341468706727,0.008056935776039609,2.0136692910455167e-05,0.02061997354030609,0.0,,,,,,
3,15728640,,,,,,,0.6142240226268768,0.07662749247692324,0.6330497980117797,0.07896647073048024,0.6607984614372254,0.08241246691990267
3,15859712,0.5846347585320473,7.872113820165396,0.01005573412294325,1.4345914735258702e-05,0.014689447358250618,0.0,,,,,,
3,15859712,,,,,,,0.6444409012794494,0.08038131965517548,0.6659010112285614,0.0830459203143532,0.767189472317696,0.09560578221076566
3,15990784,0.5430938373319805,7.694450177252293,0.003425982778708203,9.702847819426097e-06,0.009935716167092323,0.0,,,,,,
3,15990784,,,,,,,0.6804737329483032,0.08485467208425335,0.7343978315591813,0.09154272398226948,0.9777311146259312,0.12161149404103111
3,16121856,0.5058902653399855,7.616362448781729,0.006014362634232384,1.3371680324780755e-05,0.013692600652575493,0.0,,,,,,
3,16121856,,,,,,,0.6053820550441742,0.07552864366545009,0.6325603157281875,0.07890566668462595,0.6491712141036987,0.08096876035805178
3,16252928,0.5798350067343563,8.14095662906766,0.007928901969535218,2.215192944277078e-05,0.022683575749397278,0.0,,,,,,
3,16252928,,,,,,,0.6627977728843689,0.08266067836434865,0.7024671822786329,0.0875834148410446,0.830260291695595,0.10341152731254022
3,16384000,0.6078292005695403,7.929687913507223,0.009316666757058556,1.8075923435389996e-05,0.018509745597839355,0.0,,,,,,
3,16384000,,,,,,,0.6707559943199157,0.08364857737923725,0.7015504598617552,0.08746970240373164,0.7435020077228548,0.09267109126042894
3,16515072,0.5484875289257616,7.51193231344223,0.006624855054127465,6.136513547971845e-06,0.006283789873123169,0.0,,,,,,
3,16515072,,,,,,,0.5965161561965943,0.07442663654286474,0.6158118307590484,0.07682480008402148,0.6799747675657275,0.08479275017230781
3,16646144,0.5336734941229224,7.7271618247032166,0.007496840530166082,7.0543646870646626e-06,0.0072236694395542145,0.0,,,,,,
3,16646144,,,,,,,0.5867779850959778,0.07321599893349173,0.6065565407276153,0.0756746152633807,0.640801842212677,0.07992935984381289
3,16777216,0.4953210896346718,7.293806176632643,0.00782108935254655,8.497943781549111e-06,0.00870189443230629,0.0,,,,,,
3,16777216,,,,,,,0.5375547170639038,0.06709339268561587,0.5619138866662979,0.07012395372812175,0.5866590547561645,0.07320121231690879
3,16908288,0.4793764480855316,6.904350904747844,0.007561588603039127,3.024888428626582e-07,0.000309748575091362,0.0,,,,,,
3,16908288,,,,,,,0.517605048418045,0.06461049932267038,0.5400344491004943,0.06740195744172195,0.6338048964738846,0.07906026876758232
3,17039360,0.505489443661645,6.532998504117131,0.003727857392277656,0.0,0.0,0.0,,,,,,
3,17039360,,,,,,,0.6786935746669769,0.08463375034395448,0.7248247563838958,0.09035598803336686,0.9940052866935731,0.12361518152722795
3,17170432,0.4860645248554647,7.3527545388787985,0.005393008520513831,1.2362130291876383e-05,0.012658821418881416,0.0,,,,,,
3,17170432,,,,,,,0.6088033795356751,0.07595385581548286,0.6312476277351379,0.0787426001922189,0.6652219712734223,0.08296162511145266
3,17301504,0.5173561612609774,7.135694049298763,0.004917483767712838,2.9555176297435537e-06,0.003026450052857399,0.0,,,,,,
3,17301504,,,,,,,0.6335091710090637,0.07902353403210549,0.6750409364700316,0.08418042350570021,0.8339505630731587,0.10386785649009722
3,17432576,0.49602048890665174,7.445753458887339,0.005222747069183242,1.4555498637491837e-05,0.014904830604791641,0.0,,,,,,
3,17432576,,,,,,,0.5900622487068177,0.07362431889304322,0.6225035011768341,0.07765626843992668,0.6529920721054078,0.08144321805975951
3,17563648,0.49240669165737927,7.057549569755793,0.006218922042535269,0.0,0.0,0.0,,,,,,
3,17563648,,,,,,,0.5484620034694672,0.068450541073527,0.5748100489377975,0.07172786441631218,0.7332157611846929,0.09139620143373195
3,17694720,0.529957237187773,7.478639222681522,0.007529487093734133,1.15863440441899e-06,0.0011864416301250458,0.0,,,,,,
3,17694720,,,,,,,0.5894208788871765,0.07354458176647816,0.6104219168424606,0.07615500271977793,0.6560193002223969,0.08181910002269399
3,17825792,0.5258397704456002,7.474372206255794,0.0078814258949933,2.220556780230254e-06,0.00227385014295578,0.0,,,,,,
3,17825792,,,,,,,0.6029938220977783,0.07523181084517838,0.6216349482536315,0.07754835314072794,0.6471283775568009,0.08071507463933103
3,17956864,0.5367389204911888,7.748549863696098,0.007014254505293138,2.675327777978964e-06,0.0027395356446504593,0.0,,,,,,
3,17956864,,,,,,,0.596188873052597,0.0743859526419437,0.6179073333740234,0.07708518669496778,0.7274147039651874,0.0906770789694713
3,18087936,0.4956500364933163,6.16571843251586,0.004422813431119721,0.0,0.0,0.0,,,,,,
3,18087936,,,,,,,0.6526093125343322,0.0813956902836348,0.7252262115478515,0.09040576000788114,0.992192001342774,0.1233919781449846
3,18219008,0.46560824662446976,6.717849651351571,0.006025588108968805,1.983140464290045e-06,0.0020307358354330063,0.0,,,,,,
3,18219008,,,,,,,0.5817477107048035,0.0725905565735967,0.6071412354707717,0.07574728316165436,0.6442638593912126,0.08035933236695669
3,18350080,0.5010614558123052,6.950221119448543,0.007171595950694609,4.4126500142738223e-07,0.0004518553614616394,0.0,,,,,,
3,18350080,,,,,,,0.6098455429077149,0.07608337342621163,0.6501101344823835,0.08108535485863944,0.8477362769842155,0.10557217304094646
3,18481152,0.5268955437932163,7.426931723952293,0.008304201737701078,0.0,0.0,0.0,,,,,,
3,18481152,,,,,,,0.6123181641101837,0.07639065468928696,0.6450330227613449,0.0804548561790781,0.6686118030548096,0.08338242289626963
3,18612224,0.5139690323267132,7.195111524313688,0.008372574863642512,0.0,0.0,0.0,,,,,,
3,18612224,,,,,,,0.5529427647590637,0.0690079904917269,0.5841574281454086,0.07289017747600468,0.7550317370891576,0.09409973856799914
3,18743296,0.5478705144487321,8.100774083286524,0.008433653844917899,3.4885404602391645e-05,0.035722654312849045,0.0,,,,,,
3,18743296,,,,,,,0.6202169358730316,0.07737216511916989,0.6444968730211257,0.08038827091370249,0.6802911704778672,0.08483201604500157
3,18874368,0.5467090122401714,7.923939276486635,0.006861357734123885,1.4597586414311081e-05,0.014947928488254547,0.0,,,,,,
3,18874368,,,,,,,0.605032992362976,0.07548525959417907,0.6255705177783966,0.07803732219793136,0.6506648355722428,0.08115423622399032
3,19005440,0.5788841128814965,8.783754769712687,0.006242899109793143,4.3449215809232555e-05,0.04048754647374153,0.0,,,,,,
3,19005440,,,,,,,0.6156722843647003,0.0768074597127153,0.644266653060913,0.08035967932060162,0.8172691476345066,0.10180473171015714
3,19136512,0.6336080175824463,7.312507219612598,0.005964651969861734,5.938038157182746e-06,0.0060805510729551315,0.0,,,,,,
3,19136512,,,,,,,0.7937029123306274,0.09888861686297545,0.8734424352645873,0.10874854092258501,1.13282431960106,0.14066412249733595
3,19267584,0.5392086303327233,7.218635221943259,0.006685273723633145,9.827108442550525e-07,0.0010062959045171738,0.0,,,,,,
3,19267584,,,,,,,0.6491408348083496,0.08096498784057848,0.6815926045179367,0.08499352235320035,0.7045958137512207,0.08784744656306165
3,19398656,0.5560739603824914,7.749155394732952,0.007660486176973791,1.694781894912012e-05,0.014637213200330734,0.0,,,,,,
3,19398656,,,,,,,0.6835269451141357,0.08523356330491416,0.7077075242996216,0.0882333954730592,0.880254256725312,0.10958987071345638
3,19529728,0.5587224082555622,7.565041180700064,0.007022165583293827,2.998185664182529e-06,0.0030701421201229095,0.0,,,,,,
3,19529728,,,,,,,0.6243640840053558,0.07788743458462277,0.6640978455543518,0.08282207488854199,0.7051798164844514,0.08791988308373022
3,19660800,0.5633532551582903,7.7828804310411215,0.007983904377852014,1.692378100415226e-05,0.017329951748251915,0.0,,,,,,
3,19660800,,,,,,,0.6262396991252899,0.07812045992385652,0.648478454351425,0.08088273249748412,0.7376556289196018,0.09194652100570311
3,19791872,0.604136386886239,8.797809261828661,0.007666254442483478,4.6068873416516e-05,0.04717452637851238,0.0,,,,,,
3,19791872,,,,,,,0.6686265945434571,0.08338425897710189,0.6930211961269379,0.08641160328320718,0.7404348719120026,0.09229097834142896
3,19922944,0.5113280068617314,7.209446361288428,0.006200832453941985,6.216285328264348e-06,0.0063654761761426926,0.0,,,,,,
3,19922944,,,,,,,0.5592453956604004,0.06979202484499614,0.5861241787672042,0.07313471075402278,0.6254819440841676,0.07802631790141779
3,20054016,0.49345255200751126,7.1884100660681725,0.0070267415635498764,0.0,0.0,0.0,,,,,,
3,20054016,,,,,,,0.5302250981330872,0.06618125881092962,0.5597792536020277,0.06985843173045403,0.6635200947523118,0.08275035099432948
3,20185088,0.4794359270017594,6.288605373352766,0.0035648158698222687,0.0,0.0,0.0,,,,,,
3,20185088,,,,,,,0.6620649039745331,0.08256969500412215,0.7203594684600828,0.08980235611947274,1.0356873941421512,0.1287424796941099
3,20316160,0.4667603012640029,6.632858347147703,0.004353718890570235,0.0,0.0,0.0,,,,,,
3,20316160,,,,,,,0.5794508457183838,0.07230495539019,0.611746659874916,0.07631963315133627,0.6533794403076172,0.0814913177187615
3,20447232,0.4838759780395776,7.082457087934017,0.005006678306472168,0.0,0.0,0.0,,,,,,
3,20447232,,,,,,,0.5891685068607331,0.07351320581928933,0.6387821435928344,0.07967850536635046,0.8701781082153324,0.10834530776229201
3,20578304,0.4930873343255371,6.799788909032941,0.005951395811734983,0.0,0.0,0.0,,,,,,
3,20578304,,,,,,,0.5970881581306458,0.0744977403430982,0.6541804462671279,0.08159077773329826,0.6943977856636048,0.08658238956588815
3,20709376,0.4392933249473572,6.755149899050593,0.004883940251147578,0.0,0.0,0.0,,,,,,
3,20709376,,,,,,,0.4973201870918274,0.06208506827201399,0.5179673463106155,0.06465559737493076,0.7351192307472234,0.09163214247040541
3,20840448,0.5330279255285859,7.754178637638688,0.006986535627220292,1.760563645802904e-05,0.01702418550848961,0.0,,,,,,
3,20840448,,,,,,,0.6512452602386475,0.08122631104745226,0.6933042466640471,0.08644672030190259,0.7232398921251297,0.09015949388080169
3,20971520,0.5179518491495401,7.554619539529085,0.00737087014476856,1.5385903679998592e-06,0.0015755165368318558,0.0,,,,,,
3,20971520,,,,,,,0.5799111008644104,0.07236218626819246,0.6003984034061431,0.0749092118483532,0.6622327291965485,0.08259053009688522
3,21102592,0.5022904148790985,6.961025251075625,0.007452736717823427,1.657765096751973e-06,0.0016975514590740204,0.0,,,,,,
3,21102592,,,,,,,0.5505487620830536,0.06871015907654088,0.580305004119873,0.07241116617680943,0.7035856467485428,0.08772214875281703
3,21233664,0.4883705072570592,6.497837107628584,0.0049747036428016145,0.0,0.0,0.0,,,,,,
3,21233664,,,,,,,0.6218032002449035,0.07756925812742366,0.7158014774322508,0.0892371731035213,1.0346502208709718,0.12861497975271452
3,21364736,0.5210034586489201,7.483257491141558,0.006246296864901524,1.544824590382632e-05,0.01581900380551815,0.0,,,,,,
3,21364736,,,,,,,0.6108600854873657,0.07620945592370054,0.6442539572715759,0.08035810259489828,0.6964868938922882,0.08684156460099657
3,21495808,0.5146607868373394,7.605170210823417,0.007621370735705568,4.479836206883192e-06,0.004587352275848389,0.0,,,,,,
3,21495808,,,,,,,0.5912802934646606,0.07377574748153992,0.6448965191841125,0.08043790365683545,0.8214468282461169,0.10232150197489087
3,21626880,0.5022924104705453,7.437432207167149,0.007912239116194542,9.896344636217691e-06,0.010133856907486916,0.0,,,,,,
3,21626880,,,,,,,0.6015170454978943,0.07504825601035359,0.6144698202610016,0.07665803670079052,0.6608617794513703,0.08242032791101561
3,21757952,0.49041141476482153,6.965867359191179,0.007090440282809141,0.0,0.0,0.0,,,,,,
3,21757952,,,,,,,0.5466001749038696,0.06821889926112923,0.5721893966197967,0.07140196060040016,0.7209473484754566,0.08987524802314928
3,21889024,0.48877245001494884,7.015044257044792,0.005592215746673901,4.1808743844740093e-07,0.00042812153697013855,0.0,,,,,,
3,21889024,,,,,,,0.5644725620746612,0.07044220826162984,0.5739534884691239,0.07162134440337398,0.6357443392276765,0.07930117917245783
3,22020096,0.45096141030080616,6.8771027605980635,0.005150462021447311,2.5761582946870476e-06,0.0026379860937595367,0.0,,,,,,
3,22020096,,,,,,,0.5154663324356079,0.06434427124584463,0.5357856094837189,0.06687324643527037,0.5575990897417069,0.06958723604623462
3,22151168,0.6483620158396661,9.797867756336927,0.011108154572411877,0.00013837243568559643,0.12083093263208866,0.0,,,,,,
3,22151168,,,,,,,0.7597641944885254,0.0946860249413981,0.8087334305047988,0.1007487110011005,0.8274431896209717,0.10306314262261962
3,22282240,0.5005864338018,6.641017748042941,0.003921384868135647,0.0,0.0,0.0,,,,,,
3,22282240,,,,,,,0.6691689312458038,0.08345157933028813,0.7338436067104339,0.09147402599601007,1.0480340629816067,0.13025993041061112
3,22413312,0.4851380200125277,6.87007212638855,0.005564801708260347,0.0,0.0,0.0,,,,,,
3,22413312,,,,,,,0.586466521024704,0.07317727451782341,0.6241241306066513,0.07785762229838311,0.6486302942037583,0.0809015882827262
3,22544384,0.5046840978320688,7.079198859632015,0.006504525676518824,5.2559171308530495e-06,0.005382059141993523,0.0,,,,,,
3,22544384,,,,,,,0.5971115112304687,0.07450064327898476,0.6206521213054657,0.0774262374185013,0.8520611315965654,0.10610672398238452
3,22675456,0.48700021859258413,7.284963600337505,0.00617493129993818,1.1122805517516099e-05,0.011389752849936485,0.0,,,,,,
3,22675456,,,,,,,0.5781071364879609,0.07213786782383202,0.6010174959897994,0.07498616372882605,0.6321649599075317,0.07885655470639152
3,22806528,0.49632806424051523,7.195242946967483,0.006201750952186558,4.28538623964414e-06,0.004388235509395599,0.0,,,,,,
3,22806528,,,,,,,0.5479915916919709,0.06839201487876045,0.55906183719635,0.06976919176290841,0.7640832704305653,0.0952210417285535
3,22937600,0.4930262118577957,6.998146083205938,0.004338302102496527,3.966182703152299e-06,0.004061371088027954,0.0,,,,,,
3,22937600,,,,,,,0.5787148237228393,0.07221343302315386,0.5998776197433471,0.07484447886495982,0.6432384735345841,0.0802319855182354
3,23068672,0.47338237636722624,7.308669976890087,0.005883510568764905,2.623679392854683e-06,0.0026866476982831955,0.0,,,,,,
3,23068672,,,,,,,0.5340737283229828,0.06666021519319942,0.5543290287256241,0.06918044623217923,0.5793791460990906,0.07229603978776078
3,23199744,0.48060844046995044,7.332762248814106,0.006071248460102652,0.0,0.0,0.0,,,,,,
3,23199744,,,,,,,0.5232432425022125,0.06531229941808858,0.5529923141002654,0.06901415466186056,0.686389656662941,0.0855887917847673
3,23330816,0.4277371154166758,5.931544583290815,0.0032793161151403183,0.0,0.0,0.0,,,,,,
3,23330816,,,,,,,0.6211077213287354,0.07748284576659459,0.7113147050142287,0.08868076493653354,1.0700425511598595,0.13296333679986483
3,23461888,0.4368850253522396,6.688317220658064,0.0045185617423157964,0.0,0.0,0.0,,,,,,
3,23461888,,,,,,,0.5419019103050232,0.06763432594192076,0.5802823722362518,0.07240835202421736,0.6219535917043686,0.07758794391962187
3,23592960,0.5136990977916867,7.05308486148715,0.005777311808742525,0.0,0.0,0.0,,,,,,
3,23592960,,,,,,,0.6167734682559967,0.07694429421300941,0.7113650679588317,0.08868701079259678,0.8818563950061804,0.1097877284554527
3,23724032,0.4642389921937138,7.128995981067419,0.0057352077340055985,1.959606379386969e-06,0.002006636932492256,0.0,,,,,,
3,23724032,,,,,,,0.5539031684398651,0.0691274682688201,0.5700730621814728,0.07113876252785767,0.6289329999685289,0.07845505912992601
3,23855104,0.4794113924726844,6.949500113725662,0.007480227350242785,1.9873768906109035e-06,0.002035073935985565,0.0,,,,,,
3,23855104,,,,,,,0.5234315633773804,0.06533573907648149,0.562819817662239,0.07023663735770791,0.7365153610706335,0.09180519067458359
3,23986176,0.5158885566052049,7.497496034950018,0.008546447854769212,4.464103767531924e-06,0.00457124225795269,0.0,,,,,,
3,23986176,,,,,,,0.5933503866195678,0.07403309580365347,0.6185125410556792,0.0771603876889535,0.6819341117143631,0.08503590222228352
3,24117248,0.4792250613681972,7.036553658545017,0.005641084660908291,0.0,0.0,0.0,,,,,,
3,24117248,,,,,,,0.5307425141334533,0.066245652252646,0.562922269105911,0.07024938060021046,0.5995962977409363,0.07480951050768136
3,24248320,0.43874965887516737,6.886632565408945,0.004375162539076882,0.0,0.0,0.0,,,,,,
3,24248320,,,,,,,0.473112690448761,0.059070237653520374,0.5075199112296104,0.06335501815095479,0.6355375546216967,0.07927549359426611
3,24379392,0.5314696512650698,6.821519814431667,0.006503342890937347,0.0,0.0,0.0,,,,,,
3,24379392,,,,,,,0.6716023802757263,0.08375363441432393,0.7339946985244747,0.09149275440786142,0.9932628649473196,0.12352379585256146
3,24510464,0.4874106280039996,6.7496020793914795,0.006327767978746124,0.0,0.0,0.0,,,,,,
3,24510464,,,,,,,0.6101042747497558,0.07611552761286489,0.6481620788574218,0.08084344415179334,0.6899917000532151,0.08603573163504197
3,24641536,0.47657660814002156,6.926587957888842,0.0058312188141371735,0.0,0.0,0.0,,,,,,
3,24641536,,,,,,,0.551576578617096,0.06883802846252651,0.5921487122774124,0.07388370813275191,0.799662058949471,0.0996261714435922
3,24772608,0.5070340076927096,7.250680537894368,0.0061920621515128005,4.1878665797412395e-06,0.004288375377655029,0.0,,,,,,
3,24772608,,,,,,,0.6064547419548034,0.07566196327530617,0.622999170422554,0.0777178531578222,0.718889818787575,0.0896201283981588
3,24903680,0.5206521237269044,8.027837121859193,0.005837049766341806,2.81307893601479e-05,0.02880592830479145,0.0,,,,,,
3,24903680,,,,,,,0.6046811997890472,0.07544153594266478,0.6181692540645599,0.07711773215341733,0.7548153358697897,0.09407292786996968
3,25034752,0.5251203936059028,7.694471536204219,0.006647819069939942,3.049617589567788e-06,0.003122808411717415,0.0,,,,,,
3,25034752,,,,,,,0.5920947313308715,0.0738769973450033,0.6129063755273818,0.07646375163991137,0.6596794605255127,0.08227354021122912
3,25165824,0.4444933773484081,7.027869556099176,0.0054796046083538386,0.0,0.0,0.0,,,,,,
3,25165824,,,,,,,0.5075924813747406,0.06336405300311809,0.5189373850822449,0.06477634438691426,0.5502464854717255,0.06867255278674311
3,25296896,0.47430066810920835,7.024358995258808,0.0062193478688641335,0.0,0.0,0.0,,,,,,
3,25296896,,,,,,,0.5175137996673584,0.06459914083539275,0.5320497572422027,0.06640833877639452,0.6632816058397296,0.0827207439424269
3,25427968,0.48512195493094623,6.239594094455242,0.0038270739773906826,0.0,0.0,0.0,,,,,,
3,25427968,,,,,,,0.6457850635051726,0.08054825207196115,0.7348222792148589,0.0915953350710037,1.0618941432237632,0.13196265784855266
3,25559040,0.4634612868539989,6.442898239940405,0.004389454275496973,0.0,0.0,0.0,,,,,,
3,25559040,,,,,,,0.6195243239402771,0.07728610633732202,0.6487142324447631,0.08091201188132713,0.6963353908061982,0.0868227695035848
3,25690112,0.44542713463306427,6.642005080357194,0.004878248595105106,0.0,0.0,0.0,,,,,,
3,25690112,,,,,,,0.5521166443824768,0.06890521647140435,0.6115626454353329,0.07629676528454854,0.8321673732995993,0.10364735741696207
3,25821184,0.46685168729163706,6.778571281582117,0.0052416266748878115,0.0,0.0,0.0,,,,,,
3,25821184,,,,,,,0.5665756464004517,0.0707037844868188,0.612836068868637,0.07645501468448668,0.6557421886920929,0.08178469286962597
3,25952256,0.4485247596167028,6.698951920494437,0.004105828104684406,4.191060725133866e-06,0.004291646182537079,0.0,,,,,,
3,25952256,,,,,,,0.5051083028316498,0.06305477135786575,0.5255460321903228,0.06559891485757241,0.7511071991920476,0.09361349277920805
3,26083328,0.4436403790023178,6.9038966204971075,0.0040207370625466865,0.0,0.0,0.0,,,,,,
3,26083328,,,,,,,0.5328622817993164,0.06650945575265843,0.5610950231552124,0.07002209839024442,0.6055538475513459,0.07554999519378613
3,26214400,0.42408949229866266,6.809779534116387,0.004216895962599665,0.0,0.0,0.0,,,,,,
3,26214400,,,,,,,0.4865380734205246,0.06074238755810124,0.5012191653251648,0.0625705472192597,0.5590525680780412,0.06976803876298399
3,26345472,0.4279835014604032,7.107953850179911,0.004634954905213817,0.0,0.0,0.0,,,,,,
3,26345472,,,,,,,0.4732781440019607,0.05909084715799917,0.503890374302864,0.06290313413318627,0.6805590438842777,0.08486525915846421
3,26476544,0.5124962097033858,6.419049546122551,0.004194314533833676,0.0,0.0,0.0,,,,,,
3,26476544,,,,,,,0.7032441616058349,0.08767979142490612,0.7396257519721984,0.0921906988857526,1.129311079978944,0.14023363027281954
3,26607616,0.4523312193341553,6.397249406203628,0.0054212290892792225,0.0,0.0,0.0,,,,,,
3,26607616,,,,,,,0.5806905925273895,0.0724591118372031,0.6097615361213682,0.07607293335562515,0.6327481871843338,0.07892900435998618
3,26738688,0.4688252778723836,6.577895054593682,0.005424939023214392,0.0,0.0,0.0,,,,,,
3,26738688,,,,,,,0.5714236617088317,0.07130673107352825,0.5907672256231308,0.07371196276925196,0.902355953454972,0.11231856970127252
3,26869760,0.4753608386963606,6.978427514433861,0.005175494926788815,0.0,0.0,0.0,,,,,,
3,26869760,,,,,,,0.5685893654823303,0.07095423658037969,0.6005878031253814,0.07493275392204057,0.6443649232387543,0.08037188375613757
3,27000832,0.4458616941701621,6.93411704711616,0.004756684822496027,7.580329111078754e-06,0.007762257009744644,0.0,,,,,,
3,27000832,,,,,,,0.5175548553466797,0.06460425137769343,0.5331835597753524,0.06654943774589905,0.6962637001276021,0.08681387571411503
3,27131904,0.44468665961176157,6.9482888001948595,0.004317651971632586,0.0,0.0,0.0,,,,,,
3,27131904,,,,,,,0.5312860548496247,0.06631329637247085,0.5547518491744995,0.06923304564706423,0.5848957443237305,0.07298197604830614
3,27262976,0.4514667496550828,6.879086492583156,0.004601128477588645,0.0,0.0,0.0,,,,,,
3,27262976,,,,,,,0.5142170667648316,0.06418875799959389,0.5247315913438797,0.06549754716467904,0.5489906919002533,0.06851631718507578
3,27394048,0.472726340405643,6.9540635496377945,0.00501732230077323,0.0,0.0,0.0,,,,,,
3,27394048,,,,,,,0.5290914177894592,0.06604016812987523,0.5418217897415161,0.06762435667768862,0.7036282360553742,0.08772743144718054
3,27525120,0.48642761213704944,6.093948556110263,0.003834737347006012,0.0,0.0,0.0,,,,,,
3,27525120,,,,,,,0.655628776550293,0.08177061115855966,0.7426205009222029,0.09256184808524215,1.0969290125370035,0.13626324088338926
3,27656192,0.4490305734798312,6.589545691385865,0.004224817997965147,0.0,0.0,0.0,,,,,,
3,27656192,,,,,,,0.6012474715709686,0.0750147489729216,0.6189036130905151,0.07720898046804203,0.6608546036481857,0.0824194370288045
3,27787264,0.4570222662296146,6.589171944186091,0.004400346938382427,0.0,0.0,0.0,,,,,,
3,27787264,,,,,,,0.5655387580394745,0.07057482018946404,0.6126017391681671,0.07642589462467697,0.9125585508346563,0.11357762453199838
3,27918336,0.47150514530949295,7.086210981011391,0.0049970403802035435,2.7942733140662313e-06,0.002861335873603821,0.0,,,,,,
3,27918336,,,,,,,0.5759840428829193,0.07187385711347893,0.6019448846578597,0.07510143448022011,0.6663099133968354,0.0830966803642732
3,28049408,0.4600622025318444,6.64806255325675,0.005736792621064524,0.0,0.0,0.0,,,,,,
3,28049408,,,,,,,0.5145709097385406,0.06423280600839298,0.5505816072225571,0.06871424533473514,0.8088830596208577,0.10076722475811506
3,28180480,0.4851872648578137,6.686900855973363,0.004869554538800003,0.0,0.0,0.0,,,,,,
3,28180480,,,,,,,0.5767718732357026,0.07197182648701794,0.5915766179561615,0.07381258633566712,0.6354609483480455,0.07926597798284707
3,28311552,0.44252126943320036,7.053134564310312,0.0038368076566257514,0.0,0.0,0.0,,,,,,
3,28311552,,,,,,,0.509032380580902,0.06354331570751737,0.5330042123794555,0.06652711857545568,0.5801710951328278,0.07239451530016083
3,28442624,0.4282200245652348,6.756770867854357,0.004005255561651211,0.0,0.0,0.0,,,,,,
3,28442624,,,,,,,0.4729178845882415,0.059045971852896395,0.5130381226539612,0.06404199578371705,0.7550370419025424,0.09410039579802465
3,28573696,0.5137584444601089,6.528715450316668,0.004071481625260276,0.0,0.0,0.0,,,,,,
3,28573696,,,,,,,0.6775569200515745,0.08449268453557046,0.7855382502079008,0.0978779126807745,1.1268071740865717,0.13992678363944866
3,28704768,0.4530655036214739,6.484412502497435,0.004462499361125083,0.0,0.0,0.0,,,,,,
3,28704768,,,,,,,0.551853621006012,0.06887249457726274,0.5881338328123091,0.07338456928798442,0.6268742448091507,0.07819929358201949
3,28835840,0.5290765583049506,6.942823085933924,0.004966389361015899,0.0,0.0,0.0,,,,,,
3,28835840,,,,,,,0.6307242631912231,0.07867758492290267,0.697803297638893,0.08700487178388028,1.0011014455556873,0.12448855109576584
3,28966912,0.523454170441255,7.078171879053116,0.006852105131656572,0.0,0.0,0.0,,,,,,
3,28966912,,,,,,,0.6004750311374665,0.07491873655942327,0.6174131512641906,0.0770237807004619,0.6822606718540193,0.08507642692523132
3,29097984,0.503418555483222,6.990545289590955,0.004917028496038256,0.0,0.0,0.0,,,,,,
3,29097984,,,,,,,0.5480824947357178,0.06840332460093279,0.607457560300827,0.0757865967774618,0.8039457798004157,0.10015629352775801
3,29229056,0.5037296407390386,7.022586934268475,0.004470641262741992,0.0,0.0,0.0,,,,,,
3,29229056,,,,,,,0.5836757481098175,0.0728302871032136,0.6283782541751861,0.07838614235209596,0.6985551321506502,0.08709813892586693
3,29360128,0.5006367890164256,7.331315079703927,0.0041895366334756545,4.079331120010465e-06,0.0041772350668907166,0.0,,,,,,
3,29360128,,,,,,,0.5468097925186157,0.06824497947606445,0.5533561378717422,0.06905941588174103,0.5722012221813202,0.07140343125924153
3,29491200,0.5114342519082129,7.350108150392771,0.004869177137607039,0.0,0.0,0.0,,,,,,
3,29491200,,,,,,,0.5681329667568207,0.07089747372761401,0.5979947954416274,0.07461044008517592,0.7518221426010133,0.093702076789423
3,29622272,0.517203304450959,5.906047949567437,0.005845756680173508,0.0,0.0,0.0,,,,,,
3,29622272,,,,,,,0.7083278894424438,0.08831033688624412,0.7821731477975844,0.09746128749734218,1.1731909763813029,0.1456065658347121
3,29753344,0.4828615707810968,6.375441549345851,0.004800083088866813,0.0,0.0,0.0,,,,,,
3,29753344,,,,,,,0.6771667063236236,0.08444425583767279,0.7254401415586471,0.09043228263347003,0.7654007560014725,0.09538423165145749
3,29884416,0.5282897963188589,7.211628958582878,0.004205438039321052,1.8536884454078972e-06,0.0018981769680976868,0.0,,,,,,
3,29884416,,,,,,,0.6577644109725952,0.08203577469476997,0.715086343884468,0.08914849255333923,0.9588185685873039,0.11928172336811782
3,30015488,0.5206597319338471,6.961320774629712,0.005500509422745381,0.0,0.0,0.0,,,,,,
3,30015488,,,,,,,0.6134281694889069,0.07652859421468028,0.6419465839862822,0.0800715367615834,0.7033793443441392,0.0876965593360326
3,30146560,0.5067506621126086,6.976844754070044,0.004164587866171132,7.316157280001789e-07,0.0007491745054721832,0.0,,,,,,
3,30146560,,,,,,,0.5499796092510223,0.06863935050395176,0.5699961483478546,0.0711291969470691,0.8138801956176765,0.1013854851260294
3,30277632,0.48465022654272616,6.735097968950868,0.003733951259391688,0.0,0.0,0.0,,,,,,
3,30277632,,,,,,,0.5752222299575805,0.07177912177624024,0.6017406672239304,0.07507605123136796,0.6530909645557403,0.08145549760951254
3,30408704,0.5094153538811952,8.557069327682257,0.004552601610612328,8.711933924132609e-05,0.07300172373652458,0.0,,,,,,
3,30408704,,,,,,,0.5683907270431519,0.07092953173770722,0.5748134315013885,0.07172828506138496,0.596793481707573,0.07446111011828949
3,30539776,0.5228392705321312,7.926415272057056,0.006050529166259366,2.7856609449372627e-05,0.02852516807615757,0.0,,,,,,
3,30539776,,,,,,,0.561730146408081,0.07010109909886841,0.598575147986412,0.07468257993033434,0.8117358946800236,0.10112019546901174
3,30670848,0.5544201722368598,6.850752057507634,0.006256529301936098,1.4682118489872664e-06,0.0015034489333629608,0.0,,,,,,
3,30670848,,,,,,,0.6919431447982788,0.08627785153192669,0.7806885361671447,0.09727747045657376,1.157685745954514,0.1437089702169101
3,30801920,0.5757281435653567,7.094949081540108,0.010164281588004087,8.615632395958528e-06,0.008822407573461533,0.0,,,,,,
3,30801920,,,,,,,0.6696226119995117,0.08350789421941318,0.6817546367645263,0.08501363003633688,0.7131065511703492,0.08890297984147177
3,30932992,0.5479565293062478,7.071175271645188,0.007330965720711902,3.43267856806051e-06,0.003515062853693962,0.0,,,,,,
3,30932992,,,,,,,0.6374618291854858,0.07951451168949442,0.6681890547275543,0.0833299465256947,0.963350769281388,0.11984015006652737
3,31064064,0.46802861616015434,6.930614963173866,0.004647423302003517,2.2194817574927583e-06,0.0022727493196725845,0.0,,,,,,
3,31064064,,,,,,,0.5480524897575378,0.06839959152691955,0.5855546981096268,0.07306390604997537,0.6558249408006669,0.08179496768612937
3,31195136,0.4721622527576983,7.382478566840291,0.0041129612509394065,1.4092804121901281e-05,0.014431031420826912,0.0,,,,,,
3,31195136,,,,,,,0.5254468441009521,0.06558656968985299,0.5468311905860901,0.06824764177665377,0.7519103431701666,0.09371300504827929
3,31326208,0.47355103539302945,7.264253579080105,0.0039036817106534727,1.954044637386687e-05,0.020009417086839676,0.0,,,,,,
3,31326208,,,,,,,0.5422924995422364,0.06768292609702287,0.5650934219360351,0.07051943022553142,0.6480417215824128,0.08082849780105517
3,31457280,0.47323711263015866,6.817334219813347,0.0049140544238071016,2.330531060579233e-06,0.0023864638060331345,0.0,,,,,,
3,31457280,,,,,,,0.5327547788619995,0.06649607731604679,0.5585020989179611,0.069699564720894,0.5896294528245926,0.07357051244194612
