collected_frames,env/success_rate,env/failure_rate
131072,0.993127147766323,0.006872852233676976
262144,0.9742268041237113,0.02577319587628866
393216,0.19525350593311758,0.003236245954692557
524288,0.5955882352941176,0.004901960784313725
655360,0.24154589371980675,0.004830917874396135
786432,0.43645484949832775,0.0016722408026755853
917504,0.5535714285714286,0.01020408163265306
1048576,0.25997248968363135,0.001375515818431912
1179648,0.39915966386554624,0.0063025210084033615
1310720,0.2507836990595611,0.17084639498432602
1441792,0.46649484536082475,0.07474226804123711
1572864,0.24511278195488723,0.0030075187969924814
1703936,0.3996415770609319,0.005376344086021506
1835008,0.368,0.01
1966080,0.3253968253968254,0.004761904761904762
2097152,0.452,0.002
2228224,0.3258064516129032,0.0032258064516129032
2359296,0.30465116279069765,0.06279069767441861
2490368,0.4602739726027397,0.043835616438356165
2621440,0.23410404624277456,0.001445086705202312
2752512,0.4017857142857143,0.0017857142857142857
2883584,0.36380255941499084,0.005484460694698354
3014656,0.3410981697171381,0.0
3145728,0.46187363834422657,0.015250544662309368
3276800,0.29596412556053814,0.0014947683109118087
3407872,0.2553191489361702,0.14893617021276595
3538944,0.49337748344370863,0.04966887417218543
3670016,0.19329896907216496,0.0
3801088,0.45790554414784396,0.006160164271047228
3932160,0.3183453237410072,0.0
4063232,0.3543046357615894,0.004966887417218543
4194304,0.47494033412887826,0.007159904534606206
4325376,0.2911931818181818,0.0014204545454545455
4456448,0.27788649706457924,0.10567514677103718
4587520,0.47277936962750716,0.045845272206303724
4718592,0.22299168975069253,0.002770083102493075
4849664,0.42441860465116277,0.005813953488372093
4980736,0.3327205882352941,0.003676470588235294
5111808,0.34768740031897927,0.001594896331738437
5242880,0.4753747323340471,0.006423982869379015
5373952,0.2942989214175655,0.0030816640986132513
5505024,0.2691511387163561,0.13043478260869565
5636096,0.4482758620689655,0.07471264367816093
5767168,0.2244039270687237,0.002805049088359046
5898240,0.42987249544626593,0.0018214936247723133
6029312,0.32065217391304346,0.0036231884057971015
6160384,0.35765124555160144,0.0017793594306049821
6291456,0.4179431072210066,0.002188183807439825
6422528,0.28023598820059,0.0014749262536873156
6553600,0.2836438923395445,0.11387163561076605
6684672,0.4425287356321839,0.06321839080459771
6815744,0.24082232011747431,0.002936857562408223
6946816,0.37949640287769787,0.007194244604316547
7077888,0.3123877917414722,0.0
7208960,0.36333333333333334,0.005
7340032,0.4731182795698925,0.004301075268817204
7471104,0.26540284360189575,0.0
7602176,0.24295774647887325,0.15140845070422534
7733248,0.5465116279069767,0.046511627906976744
7864320,0.21203830369357046,0.0
7995392,0.41699604743083,0.0
8126464,0.3269230769230769,0.0
8257536,0.3311897106109325,0.0
8388608,0.47126436781609193,0.0022988505747126436
8519680,0.25,0.0
8650752,0.29411764705882354,0.1257606490872211
8781824,0.42249240121580545,0.06382978723404255
8912896,0.23476968796433878,0.0014858841010401188
9043968,0.35892857142857143,0.0035714285714285713
9175040,0.29326047358834245,0.0018214936247723133
9306112,0.3345132743362832,0.0035398230088495575
9437184,0.4236559139784946,0.0
9568256,0.27586206896551724,0.0014992503748125937
9699328,0.332579185520362,0.06561085972850679
9830400,0.4448051948051948,0.045454545454545456
9961472,0.2264957264957265,0.002849002849002849
10092544,0.35902255639097747,0.0018796992481203006
10223616,0.2517985611510791,0.0017985611510791368
10354688,0.3339483394833948,0.0036900369003690036
10485760,0.44155844155844154,0.004329004329004329
10616832,0.2511013215859031,0.004405286343612335
10747904,0.2540322580645161,0.12903225806451613
10878976,0.5422535211267606,0.04225352112676056
11010048,0.1910569105691057,0.005420054200542005
11141120,0.40264650283553877,0.001890359168241966
11272192,0.2744721689059501,0.0019193857965451055
11403264,0.31155778894472363,0.010050251256281407
11534336,0.4268292682926829,0.0024390243902439024
11665408,0.23563218390804597,0.0028735632183908046
11796480,0.3146551724137931,0.09913793103448276
11927552,0.4154727793696275,0.06303724928366762
12058624,0.23378582202111614,0.004524886877828055
12189696,0.35071942446043164,0.007194244604316547
12320768,0.25146198830409355,0.001949317738791423
12451840,0.303236797274276,0.0034071550255536627
12582912,0.3684210526315789,0.0
12713984,0.23703703703703705,0.007407407407407408
12845056,0.2524271844660194,0.1378640776699029
12976128,0.4024390243902439,0.08841463414634146
13107200,0.22321428571428573,0.001488095238095238
13238272,0.33643122676579923,0.0018587360594795538
13369344,0.26542056074766357,0.003738317757009346
13500416,0.3146853146853147,0.0017482517482517483
13631488,0.36729857819905215,0.004739336492890996
13762560,0.22970903522205208,0.0030627871362940277
13893632,0.3303769401330377,0.08647450110864745
14024704,0.42450142450142453,0.04843304843304843
14155776,0.2336874051593323,0.0030349013657056147
14286848,0.3176691729323308,0.0037593984962406013
14417920,0.25508317929759705,0.0036968576709796672
14548992,0.3168141592920354,0.0017699115044247787
14680064,0.3656884875846501,0.004514672686230248
14811136,0.24169184290030213,0.0015105740181268882
14942208,0.27238805970149255,0.10820895522388059
15073280,0.46557377049180326,0.05901639344262295
15204352,0.18641618497109827,0.002890173410404624
15335424,0.32625482625482627,0.005791505791505791
15466496,0.2408906882591093,0.004048582995951417
15597568,0.2955665024630542,0.006568144499178982
15728640,0.39429928741092635,0.007125890736342043
15859712,0.2198473282442748,0.0
15990784,0.30177514792899407,0.1242603550295858
16121856,0.4325153374233129,0.03987730061349693
16252928,0.2198473282442748,0.0015267175572519084
16384000,0.31444241316270566,0.003656307129798903
16515072,0.2358490566037736,0.0018867924528301887
16646144,0.32085561497326204,0.0106951871657754
16777216,0.3705357142857143,0.006696428571428571
16908288,0.23076923076923078,0.0015384615384615385
17039360,0.3187250996015936,0.08366533864541832
17170432,0.4542372881355932,0.05423728813559322
17301504,0.18053596614950634,0.0014104372355430183
17432576,0.3413654618473896,0.01606425702811245
17563648,0.23703703703703705,0.007407407407407408
17694720,0.2867383512544803,0.0
17825792,0.4,0.002380952380952381
17956864,0.20241691842900303,0.0030211480362537764
18087936,0.3442622950819672,0.0942622950819672
18219008,0.40668523676880225,0.04456824512534819
18350080,0.20187793427230047,0.001564945226917058
18481152,0.30711610486891383,0.009363295880149813
18612224,0.23629489603024575,0.005671077504725898
18743296,0.2756756756756757,0.007207207207207207
18874368,0.3443396226415094,0.007075471698113208
19005440,0.2132921174652241,0.00463678516228748
19136512,0.27234927234927236,0.09563409563409564
19267584,0.4161676646706587,0.08383233532934131
19398656,0.19097744360902255,0.007518796992481203
19529728,0.3136094674556213,0.0019723865877712033
19660800,0.22676579925650558,0.0037174721189591076
19791872,0.27580071174377224,0.0035587188612099642
19922944,0.36061381074168797,0.01278772378516624
20054016,0.20059435364041606,0.004457652303120356
20185088,0.3169734151329243,0.08588957055214724
20316160,0.4281437125748503,0.03293413173652695
20447232,0.2222222222222222,0.0031746031746031746
20578304,0.2990990990990991,0.007207207207207207
20709376,0.23629489603024575,0.005671077504725898
20840448,0.28650646950092423,0.0036968576709796672
20971520,0.3441108545034642,0.009237875288683603
21102592,0.19047619047619047,0.004608294930875576
21233664,0.2974137931034483,0.07112068965517242
21364736,0.5047619047619047,0.07301587301587302
21495808,0.1852409638554217,0.007530120481927711
21626880,0.3041825095057034,0.009505703422053232
21757952,0.21920289855072464,0.005434782608695652
21889024,0.2922794117647059,0.011029411764705883
22020096,0.35602094240837695,0.0
22151168,0.20114122681883023,0.0042796005706134095
22282240,0.3122448979591837,0.10408163265306122
22413312,0.409375,0.078125
22544384,0.2,0.004477611940298508
22675456,0.291015625,0.015625
22806528,0.2074074074074074,0.014814814814814815
22937600,0.2875226039783002,0.007233273056057866
23068672,0.34782608695652173,0.015345268542199489
23199744,0.191027496382055,0.010130246020260492
23330816,0.3133047210300429,0.10515021459227468
23461888,0.4115853658536585,0.057926829268292686
23592960,0.21044546850998463,0.007680491551459293
23724032,0.30280373831775703,0.016822429906542057
23855104,0.21731123388581952,0.007366482504604052
23986176,0.2891791044776119,0.0037313432835820895
24117248,0.3446601941747573,0.0048543689320388345
24248320,0.19642857142857142,0.005952380952380952
24379392,0.2899786780383795,0.10660980810234541
24510464,0.43452380952380953,0.06547619047619048
24641536,0.20694864048338368,0.012084592145015106
24772608,0.3032015065913371,0.009416195856873822
24903680,0.22709923664122136,0.009541984732824428
25034752,0.2801418439716312,0.010638297872340425
25165824,0.3508771929824561,0.015037593984962405
