collected_frames,train/mean_reward,train/epsilon,train/replay_buffer_size,train/q_network_lr,train/loss,train/grad_norm,train/q_mean,train/target_q_mean
131072,,,,,0.6429166793823242,0.9957267642021179,1.429198980331421,1.4106807708740234
262144,-0.03692732751369476,0.9966071428571428,262144,0.0009992857142857143,,,,
262144,,,,,0.6136481761932373,1.6020995378494263,0.019611967727541924,0.01609860733151436
393216,-0.013910278677940369,0.9949107142857143,393216,0.0009989285714285714,,,,
393216,,,,,0.615304708480835,2.1810011863708496,-0.05478804185986519,-0.011374354362487793
524288,0.013578618876636028,0.9932142857142857,524288,0.0009985714285714285,,,,
524288,,,,,0.6367770433425903,1.7796924114227295,0.017452627420425415,0.023745480924844742
655360,-0.010436887852847576,0.9915178571428571,655360,0.0009982142857142857,,,,
655360,,,,,0.6308730840682983,3.1218583583831787,-0.29351702332496643,-0.34670498967170715
786432,0.00459134578704834,0.9898214285714285,786432,0.0009978571428571428,,,,
786432,,,,,0.6114596128463745,1.5000306367874146,-0.4845722019672394,-0.49122852087020874
917504,0.0007026754319667816,0.988125,917504,0.0009975,,,,
917504,,,,,0.5841466784477234,2.5654478073120117,-0.32805943489074707,-0.2996245324611664
1048576,-0.0015600547194480896,0.9864285714285714,1048576,0.000997142857142857,,,,
1048576,,,,,0.6238117218017578,3.416649341583252,-0.4876379072666168,-0.41651177406311035
1179648,0.008202794939279556,0.9847321428571428,1179648,0.0009967857142857142,,,,
1179648,,,,,0.603127658367157,2.5158517360687256,-0.24691052734851837,-0.2667710781097412
1310720,0.010574787855148315,0.9830357142857142,1310720,0.0009964285714285713,,,,
1310720,,,,,0.5992714166641235,3.159071922302246,0.413131982088089,0.3793913722038269
1441792,-0.029757611453533173,0.9813392857142857,1441792,0.0009960714285714284,,,,
1441792,,,,,0.5886187553405762,4.990074157714844,0.8656031489372253,0.8148912191390991
1572864,-0.08870556205511093,0.9796428571428571,1572864,0.0009957142857142855,,,,
1572864,,,,,0.5884227752685547,2.8716368675231934,1.1741504669189453,1.1632373332977295
1703936,-0.06016893684864044,0.9779464285714285,1703936,0.0009953571428571427,,,,
1703936,,,,,0.5972493290901184,4.852436542510986,1.0571430921554565,1.025146245956421
1835008,-0.018105225637555122,0.97625,1835008,0.0009949999999999998,,,,
1835008,,,,,0.583389163017273,1.3459070920944214,0.9817221164703369,0.9874215722084045
1966080,-0.010566091164946556,0.9745535714285715,1966080,0.000994642857142857,,,,
1966080,,,,,0.5740412473678589,1.10146164894104,0.9733982086181641,0.9158430099487305
2097152,-0.001883057877421379,0.9728571428571429,2000000,0.000994285714285714,,,,
2097152,,,,,0.5907956957817078,2.2944583892822266,1.0697890520095825,1.0403838157653809
2228224,-6.792577914893627e-05,0.9711607142857143,2000000,0.0009939285714285712,,,,
2228224,,,,,0.559898316860199,4.534163475036621,0.7875216007232666,0.7243632078170776
2359296,0.022305332124233246,0.9694642857142857,2000000,0.0009935714285714283,,,,
2359296,,,,,0.5726938247680664,2.7757318019866943,1.3225113153457642,1.3141491413116455
2490368,-0.013318425975739956,0.9677678571428572,2000000,0.0009932142857142854,,,,
2490368,,,,,0.5550308227539062,3.5422379970550537,1.7932993173599243,1.763371467590332
2621440,-0.07151536643505096,0.9660714285714286,2000000,0.0009928571428571425,,,,
2621440,,,,,0.5813654661178589,2.8017289638519287,2.020608901977539,2.019345283508301
2752512,-0.04698493704199791,0.964375,2000000,0.0009924999999999997,,,,
2752512,,,,,0.5881286859512329,2.743346691131592,2.040005922317505,2.026981830596924
2883584,-0.013716131448745728,0.9626785714285714,2000000,0.0009921428571428568,,,,
2883584,,,,,0.567676842212677,4.228430271148682,2.381096363067627,2.2930517196655273
3014656,-0.005002804100513458,0.9609821428571429,2000000,0.000991785714285714,,,,
3014656,,,,,0.5566499829292297,6.764291286468506,2.345228910446167,2.189486503601074
3145728,0.009661698713898659,0.9592857142857143,2000000,0.000991428571428571,,,,
3145728,,,,,0.5813359022140503,3.505652666091919,2.242030620574951,2.257417678833008
3276800,-0.0032129939645528793,0.9575892857142857,2000000,0.0009910714285714282,,,,
3276800,,,,,0.5262532234191895,3.75844669342041,2.172074556350708,2.067004680633545
3407872,0.026916619390249252,0.9558928571428571,2000000,0.0009907142857142853,,,,
3407872,,,,,0.567292332649231,2.030003070831299,2.0045127868652344,1.9942777156829834
3538944,-0.011980658397078514,0.9541964285714286,2000000,0.0009903571428571424,,,,
3538944,,,,,0.5559501051902771,2.8637640476226807,2.1340560913085938,2.0253124237060547
3670016,-0.09042620658874512,0.9525,2000000,0.0009899999999999996,,,,
3670016,,,,,0.562563419342041,5.824040412902832,2.713737964630127,2.767516851425171
3801088,-0.04518912732601166,0.9508035714285714,2000000,0.0009896428571428567,,,,
3801088,,,,,0.5531287789344788,4.808066368103027,2.2524116039276123,2.191105365753174
3932160,-0.013889871537685394,0.9491071428571428,2000000,0.0009892857142857138,,,,
3932160,,,,,0.5618777275085449,5.127370357513428,2.5724027156829834,2.475348472595215
4063232,-3.3177901059389114e-05,0.9474107142857143,2000000,0.000988928571428571,,,,
4063232,,,,,0.5390616059303284,3.082394599914551,2.4158413410186768,2.3774845600128174
4194304,-7.241195999085903e-05,0.9457142857142857,2000000,0.000988571428571428,,,,
4194304,,,,,0.5548379421234131,3.129347562789917,2.7104835510253906,2.679326057434082
4325376,-0.012407306581735611,0.9440178571428571,2000000,0.0009882142857142852,,,,
4325376,,,,,0.5621682405471802,2.8639931678771973,2.1512722969055176,2.150233507156372
4456448,0.018542394042015076,0.9423214285714285,2000000,0.0009878571428571423,,,,
4456448,,,,,0.5805879235267639,2.7646143436431885,2.876140594482422,2.8589601516723633
4587520,-0.021555127575993538,0.940625,2000000,0.0009874999999999994,,,,
4587520,,,,,0.5660849809646606,4.936809062957764,2.3839213848114014,2.399143695831299
4718592,-0.08058647811412811,0.9389285714285714,2000000,0.0009871428571428566,,,,
4718592,,,,,0.519336462020874,1.3023571968078613,2.6014790534973145,2.5796592235565186
4849664,-0.041269272565841675,0.9372321428571428,2000000,0.0009867857142857137,,,,
4849664,,,,,0.538533091545105,3.239466428756714,2.773610830307007,2.812565803527832
4980736,-0.01744842156767845,0.9355357142857142,2000000,0.0009864285714285708,,,,
4980736,,,,,0.5301043391227722,2.485598564147949,2.775587558746338,2.761587619781494
5111808,-0.006160528399050236,0.9338392857142858,2000000,0.000986071428571428,,,,
5111808,,,,,0.5334105491638184,3.381659507751465,2.84856915473938,2.8618276119232178
5242880,0.011902747675776482,0.9321428571428572,2000000,0.000985714285714285,,,,
5242880,,,,,0.5531593561172485,1.7126646041870117,2.971872568130493,2.9773597717285156
5373952,-0.008237941190600395,0.9304464285714286,2000000,0.0009853571428571422,,,,
5373952,,,,,0.5458730459213257,4.34348201751709,2.5439200401306152,2.402630567550659
5505024,0.024620529264211655,0.92875,2000000,0.0009849999999999993,,,,
5505024,,,,,0.5715639591217041,3.268714666366577,3.0037503242492676,3.028369903564453
5636096,-0.01695466786623001,0.9270535714285715,2000000,0.0009846428571428565,,,,
5636096,,,,,0.5544683933258057,3.244581460952759,2.9276132583618164,2.9933340549468994
5767168,-0.07180540263652802,0.9253571428571429,2000000,0.0009842857142857136,,,,
5767168,,,,,0.5823956727981567,4.24560022354126,3.131547212600708,3.056333541870117
5898240,-0.03583930805325508,0.9236607142857143,2000000,0.0009839285714285707,,,,
5898240,,,,,0.5458452701568604,2.11741042137146,3.055983304977417,3.041656255722046
6029312,-0.01285320334136486,0.9219642857142857,2000000,0.0009835714285714278,,,,
6029312,,,,,0.5598001480102539,3.251127243041992,3.179278612136841,3.2315175533294678
6160384,0.0007915766909718513,0.9202678571428572,2000000,0.000983214285714285,,,,
6160384,,,,,0.5322651863098145,3.2113935947418213,3.3039348125457764,3.262254238128662
6291456,0.013736467808485031,0.9185714285714286,2000000,0.000982857142857142,,,,
6291456,,,,,0.5661215782165527,7.045782566070557,3.5097970962524414,3.460505485534668
6422528,-0.009286770597100258,0.916875,2000000,0.0009824999999999992,,,,
6422528,,,,,0.5335327982902527,3.266444683074951,3.5270848274230957,3.435300827026367
6553600,0.02541271597146988,0.9151785714285714,2000000,0.0009821428571428563,,,,
6553600,,,,,0.5555616617202759,4.081138610839844,3.2299513816833496,3.143686056137085
6684672,-0.013351601548492908,0.9134821428571429,2000000,0.0009817857142857135,,,,
6684672,,,,,0.5379228591918945,3.345567226409912,3.6478395462036133,3.567410945892334
6815744,-0.05837235227227211,0.9117857142857143,2000000,0.0009814285714285706,,,,
6815744,,,,,0.5348190665245056,4.760444641113281,3.610964059829712,3.64080548286438
6946816,-0.033227741718292236,0.9100892857142857,2000000,0.0009810714285714277,,,,
6946816,,,,,0.5098155736923218,2.2279088497161865,3.7796571254730225,3.750969409942627
7077888,-0.010850480757653713,0.9083928571428571,2000000,0.0009807142857142848,,,,
7077888,,,,,0.5464180707931519,4.372905254364014,3.8100717067718506,3.7080488204956055
7208960,-0.005307255312800407,0.9066964285714285,2000000,0.000980357142857142,,,,
7208960,,,,,0.5410678386688232,5.201448917388916,3.6345765590667725,3.6725642681121826
7340032,0.011483675800263882,0.905,2000000,0.000979999999999999,,,,
7340032,,,,,0.5117127895355225,3.1020848751068115,3.8901638984680176,3.914965867996216
7471104,-0.008315212093293667,0.9033035714285714,2000000,0.0009796428571428562,,,,
7471104,,,,,0.5502439737319946,3.388359308242798,3.448568820953369,3.418416976928711
7602176,0.022609643638134003,0.9016071428571428,2000000,0.0009792857142857134,,,,
7602176,,,,,0.54533851146698,4.170076370239258,3.803208351135254,3.8331384658813477
7733248,-0.01686783879995346,0.8999107142857143,2000000,0.0009789285714285705,,,,
7733248,,,,,0.5100670456886292,1.4921704530715942,3.8233041763305664,3.8049917221069336
7864320,-0.07096008211374283,0.8982142857142857,2000000,0.0009785714285714276,,,,
7864320,,,,,0.5183858275413513,2.59375262260437,4.352928638458252,4.320476531982422
7995392,-0.025416232645511627,0.8965178571428571,2000000,0.0009782142857142847,,,,
7995392,,,,,0.5348409414291382,5.001461982727051,3.920149087905884,3.8157901763916016
8126464,-0.004403900820761919,0.8948214285714285,2000000,0.0009778571428571419,,,,
8126464,,,,,0.5534356832504272,3.4813144207000732,4.031713962554932,3.927581787109375
8257536,-0.004129049368202686,0.8931250000000001,2000000,0.000977499999999999,,,,
8257536,,,,,0.5179295539855957,3.706348180770874,4.245855808258057,4.199565887451172
8388608,0.01667521893978119,0.8914285714285715,2000000,0.0009771428571428561,,,,
8388608,,,,,0.5080523490905762,3.599212408065796,4.340578556060791,4.383085250854492
8519680,-0.013697803020477295,0.8897321428571429,2000000,0.0009767857142857132,,,,
8519680,,,,,0.49177733063697815,3.1168980598449707,3.843703508377075,3.7524936199188232
8650752,0.021327823400497437,0.8880357142857143,2000000,0.0009764285714285704,,,,
8650752,,,,,0.5491942763328552,4.324726581573486,4.2159857749938965,4.114514350891113
8781824,-0.01300602313131094,0.8863392857142858,2000000,0.0009760714285714275,,,,
8781824,,,,,0.5360003709793091,4.333347797393799,4.056461811065674,4.143394470214844
8912896,-0.049987077713012695,0.8846428571428572,2000000,0.0009757142857142846,,,,
8912896,,,,,0.5451666116714478,3.347942352294922,3.991725206375122,3.8881313800811768
9043968,-0.022174054756760597,0.8829464285714286,2000000,0.0009753571428571417,,,,
9043968,,,,,0.5457258224487305,6.468355178833008,4.519339084625244,4.447797775268555
9175040,-0.005753844045102596,0.88125,2000000,0.0009749999999999989,,,,
9175040,,,,,0.5063058137893677,2.2171390056610107,4.423128604888916,4.417469024658203
9306112,-0.00013436074368655682,0.8795535714285714,2000000,0.000974642857142856,,,,
9306112,,,,,0.5126085877418518,2.32074236869812,4.410759925842285,4.332576274871826
9437184,0.00840887613594532,0.8778571428571429,2000000,0.0009742857142857132,,,,
9437184,,,,,0.5175204873085022,6.432254791259766,4.422569274902344,4.49993371963501
9568256,-0.017416805028915405,0.8761607142857143,2000000,0.0009739285714285704,,,,
9568256,,,,,0.5011640787124634,6.072834491729736,4.126466274261475,4.182258605957031
9699328,0.03302769735455513,0.8744642857142857,2000000,0.0009735714285714275,,,,
9699328,,,,,0.549186110496521,2.5956711769104004,4.248547077178955,4.178896427154541
9830400,-0.006011011078953743,0.8727678571428572,2000000,0.0009732142857142846,,,,
9830400,,,,,0.4979310631752014,4.8959059715271,4.462562561035156,4.423925399780273
9961472,-0.041062355041503906,0.8710714285714286,2000000,0.0009728571428571417,,,,
9961472,,,,,0.5156761407852173,3.752889394760132,4.4277191162109375,4.4307541847229
10092544,-0.01568589173257351,0.869375,2000000,0.000972499999999999,,,,
10092544,,,,,0.5365759134292603,1.607313632965088,4.375253677368164,4.333458423614502
10223616,-0.005372300744056702,0.8676785714285714,2000000,0.0009721428571428561,,,,
10223616,,,,,0.5105732083320618,1.7778043746948242,4.503801345825195,4.433340072631836
10354688,-0.0011309320107102394,0.8659821428571428,2000000,0.0009717857142857132,,,,
10354688,,,,,0.5487763285636902,8.295960426330566,4.437990665435791,4.340670108795166
10485760,0.008313389495015144,0.8642857142857143,2000000,0.0009714285714285704,,,,
10485760,,,,,0.5092809200286865,1.8696985244750977,4.63637638092041,4.624295234680176
10616832,-0.011521896347403526,0.8625892857142857,2000000,0.0009710714285714275,,,,
10616832,,,,,0.5095930695533752,1.5461268424987793,4.243420124053955,4.190520286560059
10747904,0.029596315696835518,0.8608928571428571,2000000,0.0009707142857142846,,,,
10747904,,,,,0.5034477710723877,1.7376494407653809,4.714186668395996,4.687777996063232
10878976,-0.0029642735607922077,0.8591964285714286,2000000,0.0009703571428571417,,,,
10878976,,,,,0.5491145253181458,2.2783873081207275,4.287026882171631,4.30168342590332
11010048,-0.05177045613527298,0.8575,2000000,0.0009699999999999989,,,,
11010048,,,,,0.5224025249481201,5.792548656463623,4.930271625518799,4.910454750061035
11141120,-0.01933210901916027,0.8558035714285714,2000000,0.000969642857142856,,,,
11141120,,,,,0.5211725234985352,4.2824530601501465,4.6359076499938965,4.648610591888428
11272192,-0.008716467767953873,0.8541071428571428,2000000,0.0009692857142857131,,,,
11272192,,,,,0.503923773765564,6.2302117347717285,4.504665851593018,4.42802095413208
11403264,0.0025372812524437904,0.8524107142857142,2000000,0.0009689285714285702,,,,
11403264,,,,,0.5126157999038696,4.93900203704834,4.494227886199951,4.571119785308838
11534336,0.015398245304822922,0.8507142857142858,2000000,0.0009685714285714274,,,,
11534336,,,,,0.5194219350814819,4.332799911499023,4.735733985900879,4.702871322631836
11665408,-0.009063024073839188,0.8490178571428572,2000000,0.0009682142857142845,,,,
11665408,,,,,0.4900146722793579,2.248840808868408,4.693884372711182,4.6640496253967285
11796480,0.028509732335805893,0.8473214285714286,2000000,0.0009678571428571417,,,,
11796480,,,,,0.5259188413619995,4.370903968811035,4.631033897399902,4.656037330627441
11927552,-0.002052801661193371,0.845625,2000000,0.0009674999999999989,,,,
11927552,,,,,0.5290464162826538,6.508689880371094,4.8006272315979,4.799192428588867
12058624,-0.03513490408658981,0.8439285714285715,2000000,0.000967142857142856,,,,
12058624,,,,,0.5180971622467041,2.0832736492156982,4.856666088104248,4.851630210876465
12189696,-0.010445775464177132,0.8422321428571429,2000000,0.0009667857142857131,,,,
12189696,,,,,0.5058653950691223,3.999516487121582,5.044654846191406,5.095392227172852
12320768,-0.002763280877843499,0.8405357142857143,2000000,0.0009664285714285702,,,,
12320768,,,,,0.5219226479530334,5.432050704956055,4.885161876678467,4.818543434143066
12451840,-0.0024710106663405895,0.8388392857142857,2000000,0.0009660714285714274,,,,
12451840,,,,,0.5052996873855591,2.9074974060058594,5.099549293518066,5.014060974121094
12582912,0.009199295192956924,0.8371428571428572,2000000,0.0009657142857142845,,,,
12582912,,,,,0.5113285779953003,6.047512531280518,5.207398414611816,5.22706413269043
12713984,-0.00874987430870533,0.8354464285714286,2000000,0.0009653571428571416,,,,
12713984,,,,,0.4987960457801819,4.479971885681152,4.70878791809082,4.77297830581665
12845056,0.020977826789021492,0.83375,2000000,0.0009649999999999987,,,,
12845056,,,,,0.46918344497680664,2.1427981853485107,4.859957695007324,4.85456657409668
12976128,-0.002383509650826454,0.8320535714285714,2000000,0.0009646428571428559,,,,
12976128,,,,,0.4827518165111542,2.429941415786743,4.969493389129639,4.979867935180664
13107200,-0.0419565811753273,0.8303571428571428,2000000,0.000964285714285713,,,,
13107200,,,,,0.5161912441253662,1.465246558189392,4.893070697784424,4.858827590942383
13238272,-0.014448892325162888,0.8286607142857143,2000000,0.0009639285714285701,,,,
13238272,,,,,0.5094079971313477,1.7293752431869507,5.06559944152832,5.059275150299072
13369344,-0.004621134139597416,0.8269642857142857,2000000,0.0009635714285714272,,,,
13369344,,,,,0.4938526749610901,1.9803560972213745,5.160007476806641,5.1492719650268555
13500416,-0.001086631789803505,0.8252678571428571,2000000,0.0009632142857142844,,,,
13500416,,,,,0.5397155284881592,4.072019577026367,5.142508029937744,5.096495151519775
13631488,0.011587210930883884,0.8235714285714286,2000000,0.0009628571428571415,,,,
13631488,,,,,0.514162540435791,7.9835662841796875,5.348916053771973,5.22352933883667
13762560,-0.007200099527835846,0.821875,2000000,0.0009624999999999986,,,,
13762560,,,,,0.4973154366016388,3.90378999710083,5.0437493324279785,5.029767036437988
13893632,0.03080836869776249,0.8201785714285714,2000000,0.0009621428571428557,,,,
13893632,,,,,0.5097251534461975,6.431550979614258,4.894930362701416,4.948143005371094
14024704,-0.005248296540230513,0.8184821428571429,2000000,0.000961785714285713,,,,
14024704,,,,,0.5203420519828796,6.37106990814209,5.367138862609863,5.272503852844238
14155776,-0.033902984112501144,0.8167857142857143,2000000,0.0009614285714285701,,,,
14155776,,,,,0.49083811044692993,3.72076678276062,5.292535305023193,5.305840969085693
14286848,-0.009814787656068802,0.8150892857142857,2000000,0.0009610714285714272,,,,
14286848,,,,,0.4811231195926666,3.2155308723449707,5.462013244628906,5.399768829345703
14417920,-0.0031850598752498627,0.8133928571428571,2000000,0.0009607142857142845,,,,
14417920,,,,,0.5102697014808655,3.7276792526245117,5.298259258270264,5.21051025390625
14548992,-0.0007877869065850973,0.8116964285714285,2000000,0.0009603571428571416,,,,
14548992,,,,,0.5312909483909607,2.7725577354431152,5.330463886260986,5.322059631347656
14680064,0.010724109597504139,0.81,2000000,0.0009599999999999987,,,,
14680064,,,,,0.518032431602478,2.504608154296875,5.427954196929932,5.447574615478516
14811136,-0.0057850005105137825,0.8083035714285715,2000000,0.0009596428571428558,,,,
14811136,,,,,0.5069290399551392,3.159907817840576,5.323526859283447,5.332968711853027
14942208,0.025830693542957306,0.8066071428571429,2000000,0.000959285714285713,,,,
14942208,,,,,0.5302333235740662,2.201669692993164,5.622934818267822,5.61454963684082
15073280,0.002589246490970254,0.8049107142857143,2000000,0.0009589285714285701,,,,
15073280,,,,,0.4946982264518738,4.124115943908691,5.390791416168213,5.348322868347168
15204352,-0.04166993871331215,0.8032142857142858,2000000,0.0009585714285714272,,,,
15204352,,,,,0.5016688108444214,4.819942474365234,5.509562015533447,5.448664665222168
15335424,-0.007586249615997076,0.8015178571428572,2000000,0.0009582142857142844,,,,
15335424,,,,,0.5321121215820312,7.547375202178955,5.494790554046631,5.534313201904297
15466496,-0.004119145683944225,0.7998214285714286,2000000,0.0009578571428571415,,,,
15466496,,,,,0.5117302536964417,2.688521146774292,5.5004706382751465,5.393918991088867
15597568,-0.00148931541480124,0.798125,2000000,0.0009574999999999986,,,,
15597568,,,,,0.49146366119384766,7.346531867980957,5.610402584075928,5.646609306335449
15728640,0.007998957298696041,0.7964285714285715,2000000,0.0009571428571428557,,,,
15728640,,,,,0.5204641222953796,8.455408096313477,5.491418838500977,5.535654067993164
15859712,-0.012680958025157452,0.7947321428571429,2000000,0.0009567857142857129,,,,
15859712,,,,,0.5006135702133179,6.965315818786621,5.783777713775635,5.670965194702148
15990784,0.026909690350294113,0.7930357142857143,2000000,0.00095642857142857,,,,
15990784,,,,,0.5097874999046326,4.692653179168701,5.406952857971191,5.429019451141357
16121856,-0.0007493459852412343,0.7913392857142857,2000000,0.0009560714285714271,,,,
16121856,,,,,0.4940808117389679,5.870826244354248,5.675175666809082,5.62631893157959
16252928,-0.03026137687265873,0.7896428571428571,2000000,0.0009557142857142842,,,,
16252928,,,,,0.4846380352973938,2.934202194213867,5.684000492095947,5.612461090087891
16384000,-0.0028441371396183968,0.7879464285714286,2000000,0.0009553571428571414,,,,
16384000,,,,,0.46702688932418823,4.1013360023498535,5.585408687591553,5.592956066131592
16515072,-0.0047487979754805565,0.78625,2000000,0.0009549999999999985,,,,
16515072,,,,,0.48826152086257935,7.366741180419922,5.629071235656738,5.6159796714782715
16646144,0.0020528873428702354,0.7845535714285714,2000000,0.0009546428571428556,,,,
16646144,,,,,0.5130021572113037,3.1653318405151367,5.668071746826172,5.70269775390625
16777216,0.008154286071658134,0.7828571428571429,2000000,0.0009542857142857127,,,,
16777216,,,,,0.5078881978988647,4.019964694976807,5.738424777984619,5.7389020919799805
16908288,-0.013276412151753902,0.7811607142857143,2000000,0.0009539285714285699,,,,
16908288,,,,,0.47629353404045105,6.392798900604248,6.001438617706299,5.922673225402832
17039360,0.031849078834056854,0.7794642857142857,2000000,0.000953571428571427,,,,
17039360,,,,,0.5183548331260681,3.311103343963623,5.5104289054870605,5.478945732116699
17170432,0.011676042340695858,0.7777678571428571,2000000,0.0009532142857142841,,,,
17170432,,,,,0.49721378087997437,2.706902503967285,6.086549282073975,6.000668048858643
17301504,-0.033480674028396606,0.7760714285714285,2000000,0.0009528571428571413,,,,
17301504,,,,,0.49818551540374756,4.488125324249268,5.904304504394531,5.826946258544922
17432576,-0.001742339227348566,0.774375,2000000,0.0009524999999999984,,,,
17432576,,,,,0.4723339080810547,2.7762365341186523,5.809562683105469,5.730697154998779
17563648,-0.001425471855327487,0.7726785714285714,2000000,0.0009521428571428555,,,,
17563648,,,,,0.47286736965179443,5.55070686340332,5.996854305267334,5.9759697914123535
17694720,0.0001404354115948081,0.7709821428571428,2000000,0.0009517857142857126,,,,
17694720,,,,,0.522302508354187,4.969665050506592,6.057138919830322,5.966587543487549
17825792,0.016750499606132507,0.7692857142857144,2000000,0.0009514285714285698,,,,
17825792,,,,,0.5045939087867737,7.274436950683594,6.067134380340576,5.938132286071777
17956864,-0.012328112497925758,0.7675892857142856,2000000,0.0009510714285714269,,,,
17956864,,,,,0.47770047187805176,4.582756519317627,5.670168399810791,5.739563941955566
18087936,0.030699407681822777,0.7658928571428572,2000000,0.000950714285714284,,,,
18087936,,,,,0.5223737359046936,2.9741783142089844,5.8547749519348145,5.786386966705322
18219008,-0.00036350334994494915,0.7641964285714287,2000000,0.0009503571428571411,,,,
18219008,,,,,0.5033653974533081,6.135196685791016,5.8756022453308105,5.905244827270508
18350080,-0.023555813357234,0.7625,2000000,0.0009499999999999983,,,,
18350080,,,,,0.47590336203575134,5.505577087402344,6.000357627868652,5.902522087097168
18481152,0.001170346513390541,0.7608035714285715,2000000,0.0009496428571428554,,,,
18481152,,,,,0.49250805377960205,6.098582744598389,6.1411356925964355,6.205118179321289
18612224,-0.0033798054791986942,0.7591071428571429,2000000,0.0009492857142857125,,,,
18612224,,,,,0.4801218509674072,3.8361897468566895,6.4722137451171875,6.387266635894775
18743296,0.0016579041257500648,0.7574107142857143,2000000,0.0009489285714285696,,,,
18743296,,,,,0.47951656579971313,5.5736165046691895,6.153224945068359,6.194342136383057
18874368,0.010446996428072453,0.7557142857142858,2000000,0.0009485714285714269,,,,
18874368,,,,,0.48161080479621887,6.258271217346191,6.207460880279541,6.229010581970215
19005440,-0.00645681144669652,0.7540178571428572,2000000,0.0009482142857142841,,,,
19005440,,,,,0.5140401124954224,5.101770401000977,6.131857872009277,6.066473007202148
19136512,0.02731107734143734,0.7523214285714286,2000000,0.0009478571428571412,,,,
19136512,,,,,0.4899812936782837,0.9554125666618347,6.257072448730469,6.226527214050293
19267584,0.007597032003104687,0.750625,2000000,0.0009474999999999985,,,,
19267584,,,,,0.48221227526664734,3.820246458053589,6.158055782318115,6.215630531311035
19398656,-0.02606167271733284,0.7489285714285714,2000000,0.0009471428571428556,,,,
19398656,,,,,0.4684672951698303,3.241121530532837,6.067294120788574,5.983823776245117
19529728,-5.213276017457247e-05,0.7472321428571429,2000000,0.0009467857142857127,,,,
19529728,,,,,0.4724286198616028,3.329228639602661,6.3217291831970215,6.282550811767578
19660800,-0.010924405418336391,0.7455357142857143,2000000,0.0009464285714285699,,,,
19660800,,,,,0.48856478929519653,6.88444185256958,6.020812034606934,6.1054487228393555
19791872,-0.0009620692580938339,0.7438392857142857,2000000,0.000946071428571427,,,,
19791872,,,,,0.4745583236217499,4.725308895111084,6.325144290924072,6.354248523712158
19922944,0.016517460346221924,0.7421428571428572,2000000,0.0009457142857142841,,,,
19922944,,,,,0.4820398986339569,7.472160339355469,6.05067253112793,6.112188339233398
20054016,-0.011057460680603981,0.7404464285714285,2000000,0.0009453571428571412,,,,
20054016,,,,,0.4909679591655731,11.614289283752441,6.217304706573486,6.00520658493042
20185088,0.02991589531302452,0.73875,2000000,0.0009449999999999984,,,,
20185088,,,,,0.45307064056396484,1.6735508441925049,6.033677577972412,6.006012916564941
20316160,0.006072539836168289,0.7370535714285714,2000000,0.0009446428571428555,,,,
20316160,,,,,0.4818817973136902,3.8855974674224854,6.31603479385376,6.290604591369629
20447232,-0.017442863434553146,0.7353571428571428,2000000,0.0009442857142857127,,,,
20447232,,,,,0.4886062741279602,2.265530824661255,6.288912296295166,6.3037919998168945
20578304,-0.004903674125671387,0.7336607142857143,2000000,0.0009439285714285698,,,,
20578304,,,,,0.5137494802474976,5.284444808959961,6.286971569061279,6.324974536895752
20709376,-0.006922060623764992,0.7319642857142857,2000000,0.000943571428571427,,,,
20709376,,,,,0.47007715702056885,4.417780876159668,6.182918071746826,6.250484466552734
20840448,0.000224023824557662,0.7302678571428571,2000000,0.0009432142857142841,,,,
20840448,,,,,0.5124685764312744,5.591293811798096,6.449986457824707,6.4567155838012695
20971520,0.013876790180802345,0.7285714285714286,2000000,0.0009428571428571412,,,,
20971520,,,,,0.4866161346435547,7.2270660400390625,6.144430637359619,6.1806159019470215
21102592,-0.010562349110841751,0.7268749999999999,2000000,0.0009424999999999984,,,,
21102592,,,,,0.49367767572402954,2.5653958320617676,6.236708164215088,6.231566429138184
21233664,0.030930446460843086,0.7251785714285715,2000000,0.0009421428571428555,,,,
21233664,,,,,0.49886035919189453,3.4552810192108154,6.375303745269775,6.254427433013916
21364736,0.003293580375611782,0.7234821428571429,2000000,0.0009417857142857126,,,,
21364736,,,,,0.48168790340423584,5.058539390563965,6.415944576263428,6.3153886795043945
21495808,-0.028365500271320343,0.7217857142857143,2000000,0.0009414285714285697,,,,
21495808,,,,,0.5020031332969666,9.7067289352417,6.1688971519470215,6.292224884033203
21626880,-0.00217974791303277,0.7200892857142858,2000000,0.0009410714285714269,,,,
21626880,,,,,0.48199814558029175,10.319541931152344,6.180703639984131,6.05193567276001
21757952,-0.0047861868515610695,0.7183928571428572,2000000,0.000940714285714284,,,,
21757952,,,,,0.4678604006767273,3.2658565044403076,6.42219352722168,6.404808044433594
21889024,-3.605615347623825e-06,0.7166964285714286,2000000,0.0009403571428571411,,,,
21889024,,,,,0.4796156883239746,2.2900757789611816,6.539839267730713,6.53535795211792
22020096,0.010813312605023384,0.7150000000000001,2000000,0.0009399999999999982,,,,
22020096,,,,,0.4778357148170471,5.327907562255859,6.0892534255981445,6.143263816833496
22151168,-0.013869578950107098,0.7133035714285715,2000000,0.0009396428571428554,,,,
22151168,,,,,0.492362916469574,4.712515830993652,6.085275650024414,6.12565803527832
22282240,0.031563542783260345,0.7116071428571429,2000000,0.0009392857142857125,,,,
22282240,,,,,0.47648686170578003,3.6081676483154297,6.289922714233398,6.208454132080078
22413312,0.003987959586083889,0.7099107142857143,2000000,0.0009389285714285696,,,,
22413312,,,,,0.48293060064315796,4.19101095199585,6.586451053619385,6.534838676452637
22544384,-0.027154766023159027,0.7082142857142857,2000000,0.0009385714285714267,,,,
22544384,,,,,0.48753994703292847,7.637742519378662,6.895834445953369,6.789697647094727
22675456,0.004678769968450069,0.7065178571428572,2000000,0.0009382142857142839,,,,
22675456,,,,,0.4750790297985077,6.447682857513428,6.491752624511719,6.549860000610352
22806528,-0.006118285469710827,0.7048214285714286,2000000,0.000937857142857141,,,,
22806528,,,,,0.48349422216415405,3.190573215484619,6.4136199951171875,6.450995445251465
22937600,0.005021431017667055,0.703125,2000000,0.0009374999999999981,,,,
22937600,,,,,0.45609328150749207,2.636140823364258,6.6368889808654785,6.5985236167907715
23068672,0.010475126095116138,0.7014285714285715,2000000,0.0009371428571428552,,,,
23068672,,,,,0.4964451789855957,2.6846320629119873,6.588944435119629,6.597756385803223
23199744,-0.014666188508272171,0.6997321428571428,2000000,0.0009367857142857124,,,,
23199744,,,,,0.4913191795349121,2.1834895610809326,6.542358875274658,6.492915153503418
23330816,0.031186915934085846,0.6980357142857143,2000000,0.0009364285714285695,,,,
23330816,,,,,0.4757274091243744,3.8512964248657227,6.544225215911865,6.490962982177734
23461888,0.00825515203177929,0.6963392857142858,2000000,0.0009360714285714266,,,,
23461888,,,,,0.4897456765174866,6.545155048370361,6.772298336029053,6.662734508514404
23592960,-0.02018693834543228,0.6946428571428571,2000000,0.0009357142857142838,,,,
23592960,,,,,0.4784899055957794,8.94575309753418,6.545368671417236,6.585724830627441
23724032,-0.002321989741176367,0.6929464285714286,2000000,0.0009353571428571409,,,,
23724032,,,,,0.4914196729660034,4.559189319610596,6.787970542907715,6.707788467407227
23855104,-0.0063880374655127525,0.6912499999999999,2000000,0.000934999999999998,,,,
23855104,,,,,0.4929623007774353,2.9150948524475098,6.87117338180542,6.815812110900879
23986176,0.0027704923413693905,0.6895535714285714,2000000,0.0009346428571428551,,,,
23986176,,,,,0.47578054666519165,2.878199338912964,6.83177375793457,6.763293266296387
24117248,0.008334670215845108,0.687857142857143,2000000,0.0009342857142857123,,,,
24117248,,,,,0.47804608941078186,6.018517971038818,6.663975238800049,6.582813739776611
24248320,-0.01087922416627407,0.6861607142857142,2000000,0.0009339285714285694,,,,
24248320,,,,,0.5069512128829956,7.744725704193115,6.6787333488464355,6.73735237121582
24379392,0.02964670956134796,0.6844642857142857,2000000,0.0009335714285714265,,,,
24379392,,,,,0.48724961280822754,4.586356163024902,6.656378746032715,6.701686859130859
24510464,0.005043306387960911,0.6827678571428571,2000000,0.0009332142857142836,,,,
24510464,,,,,0.47977685928344727,4.404621601104736,6.967807292938232,6.893913745880127
24641536,-0.02594253420829773,0.6810714285714285,2000000,0.0009328571428571409,,,,
24641536,,,,,0.5031331181526184,6.414978504180908,6.600719928741455,6.480541229248047
24772608,0.0031582480296492577,0.6793750000000001,2000000,0.000932499999999998,,,,
24772608,,,,,0.5147886276245117,4.803141117095947,6.98413610458374,7.02663516998291
24903680,-0.0068864780478179455,0.6776785714285714,2000000,0.0009321428571428551,,,,
24903680,,,,,0.4849696755409241,3.48313570022583,6.800154209136963,6.797267436981201
25034752,0.00043872883543372154,0.6759821428571429,2000000,0.0009317857142857123,,,,
25034752,,,,,0.4975529909133911,3.2323617935180664,6.855191707611084,6.865941524505615
25165824,0.012625874020159245,0.6742857142857144,2000000,0.0009314285714285694,,,,
25165824,,,,,0.46272143721580505,3.6413605213165283,6.927909851074219,6.837515830993652
