attempt,collected_frames,grad_contrib/shaping,grad_contrib/joint_ang_from_flat_penalty,grad_contrib/joint_angle_var_penalty,grad_contrib/roll_penalty,grad_contrib/roll_rate_penalty,grad_contrib/pitch_penalty,grad_contrib/pitch_rate_penalty,grad_contrib/shock_penalty,grad_contrib/clearance,grad_contrib/action_bonus,grad_contrib/flipper_action_bonus,grad_contrib/terminal_bonus
0,262144,0.7412810903494211,0.002335737346523661,0.00010113425078259478,-0.0003214842323116597,0.021358043456802617,0.03573656873168155,-1.2806218192125501e-06,0.0003800606073844041,0.0010818216227625249,0.18846336183791573,0.00806656563270296,0.0008728513098919438
0,393216,0.4644389403354997,0.045762841268719955,0.036617181520765735,0.000597344064756944,0.05086975741560669,-0.012610318378605767,0.06613686853808258,-0.0023574438674795963,-0.0016298468336019233,0.29451630048033567,0.024463157296545406,
0,524288,0.5455168833982663,0.002403473273796612,-0.0011000610850169354,-0.002317958470738305,0.00041032677085759344,0.05555387957712203,0.005155875835771123,0.001390205960495685,0.0027410279835273434,0.37739533344071624,-0.004469299258654491,0.0015456749450373263
0,655360,0.5304297628613655,0.006347035846216141,0.004734052073562286,0.003444021785093772,0.01975131572781367,0.025521316111223366,0.012947392573769036,-0.00022079091192486573,0.0010109692370866626,0.37710638236161886,-0.007400277639895848,-0.011086682870430053
0,786432,-0.5390509391887258,-0.0004944835877116478,0.001647298557442719,-0.008175177688282638,-0.014929617619569022,-0.024665365663791114,0.005010910003346906,0.00036206605464821724,-0.0014286747618217548,-0.3988586976666844,0.005376769207975682,
0,917504,-0.2533193421207339,-0.00172389346018042,0.001302725901723742,0.00930060064202728,0.006947791314414793,-0.009156885044944416,0.0026132263074537068,0.0001584492369822521,0.0034628414709975863,-0.14543927780689914,0.018753968958175944,-0.5478209977354668
0,1048576,-0.38694613113279835,0.010303945286001958,0.011770454685834706,-0.018680222125081032,0.00268127478555779,-0.040301906140693844,0.026847912676772924,0.0003148635956206304,-0.004120641580275062,-0.3914809675832508,0.0007361217674924707,0.10581555864062044
0,1179648,-0.1989716699045188,-0.003804897200820144,-0.0015281297272084723,0.0033915314320000205,-0.017788874586851435,0.010686010564616212,-0.013054999942496582,-0.0001655621954851316,-3.5524787877628435e-05,-0.24168322785147178,0.021796798734620988,-0.4870927730720328
0,1310720,-0.3904434635777933,0.013719986087950713,0.014725139086468275,0.0014652011907006924,0.029466576184351615,0.016347549495389822,0.03134216961432359,2.250420806632452e-06,0.002729469117718924,-0.48762794666242076,0.00919663293755735,-0.002933615624518316
0,1441792,0.3786920069988008,0.0017540491960514018,0.002377650090689908,0.0069819145259151305,0.009360570540593725,0.013091479855184473,-0.0003508993157413149,-8.822327012217933e-05,0.0011519688520122253,0.40825961691801527,-0.011800905970685735,-0.1660907144661878
0,1572864,-0.4617566051093109,-0.000615691941451155,0.0008549386786474829,-0.009848366740352069,-0.0014917400151414277,-0.035953467216929394,0.006539337675680401,0.00030989774053485333,-0.0011474205192876024,-0.40713086780355295,0.0013024649529074415,0.07304920160620434
0,1703936,-0.37205120982632295,-0.002220344771141939,-0.0011543327994188197,0.004814635814616355,-0.002273939830902519,-0.008969653969310393,-0.0032596241014854854,-0.0002930880662555726,-0.0013751190017619098,-0.3925984595491421,0.029580699034747457,-0.1814088932348945
0,1835008,-0.4629475471482866,-0.0013592177035957045,0.0010794604245397805,-0.008836055437380105,-0.0061386182430929375,-0.05451667929508452,0.0008626274811433662,-0.0014744002865899988,-0.001754322414184498,-0.4296131463689488,0.015375880114262601,-0.016042045082891008
0,1966080,-0.43914213947415,-0.0012703284324499726,0.0003273299697543206,-0.02141365067982492,-0.0011930285259031637,-0.0569689869761879,0.012951208116755455,-1.5825973864589304e-05,-0.006853432645697807,-0.3125357260606727,0.004578693251479222,0.14274964989325997
0,2097152,0.13473892676249213,-0.000237670200601789,0.0004628706828009204,0.05319129800435093,0.044633220111971864,0.08048793721788919,0.026161667085733756,0.004372582104325577,0.010146362602679967,0.5108193789112331,0.08633394771479751,0.04841413860112326
0,2228224,-0.4365887532470636,-0.00039448081034026993,0.0012696308619934411,-0.014691616962404598,0.0037397404843530677,-0.05992432522988072,0.011312400580143083,0.0004563911550701088,-0.002395462033904423,-0.4352892967702494,-0.008957214591694719,0.024980687272902598
0,2359296,0.5147783767984538,0.01867794886074774,0.0204251206838982,0.03945592878971209,0.06154357891064488,0.0552011835445025,0.041024682692579834,0.0015258360952772575,0.006613662283857221,0.2163803880487722,0.0012041374074686936,-0.023169155884085503
0,2490368,0.3498876934721256,0.0063888319556217816,-0.00030421199719316477,0.03895471635881149,-0.006094914205996547,0.034530910581581815,-0.023355268136768356,0.0005681432968198992,0.001151540617690082,0.34652810838924053,0.008394562614924723,-0.18384109837322601
0,2621440,-0.42969647175026887,-0.0012043384788034198,0.0001553524819555879,-0.021019818746786694,0.004646642920049792,-0.060104034467059274,0.008034974356327326,-0.0002812515536295608,0.000499814760671277,-0.29788329326297663,0.0015008475170543536,0.17497315970441724
0,2752512,-0.3743418397878369,-0.00044269712889574665,0.0008700395769018396,0.006841529702503332,-0.0027304468006963205,-0.05712282219390062,0.0037529639429808173,5.1734322025289216e-05,-0.0028008689677602103,-0.48380393275869915,0.01784628913039567,-0.0493948356874041
0,2883584,-0.4533690919287984,-0.0012933367862898377,8.791323519836176e-05,-0.010571263823441257,0.0005721241728008752,-0.041930849464687545,0.007495520979068703,0.0003912110276823388,-0.0027969522798285784,-0.4054825289528155,0.017304313156191273,0.058704894193197375
0,3014656,-0.40242764573592127,0.0009896986256152395,-0.0020712627855895404,-0.004944071741858757,-0.023268195195584523,-0.00043407767281788024,-0.006353207231133322,0.00016436500401143436,-0.0015492314945434137,-0.4394677681294095,0.025889040600370436,-0.0924414357831447
0,3145728,-0.41139716543388327,-0.0008178431132749185,0.0016514392784966133,0.007763248635868931,0.0003037568344207108,-0.0020186953000118214,0.007576348163634053,-0.00110485828828645,0.001262288770546118,-0.4725319599083049,0.05645247750414099,-0.03711991876913125
0,3276800,-0.41210808872611215,-0.00149553148318676,0.001030698404516823,-0.0054876645954391,-0.008133195988612167,-0.035908801261735866,-0.00010312637379701092,-0.0018130352789330298,-0.0014023579740847169,-0.4209645489122339,0.034947788862369836,0.07660516213897868
0,3407872,-0.49072954669326674,-0.001345274855351295,-0.0020062341609825497,-0.009962414668672983,-0.022290203710275895,-0.013242592139116915,0.0009948711439958617,-4.351995822818301e-05,-0.004035632074095498,-0.4156020328333449,0.016635101942587223,0.023112575820081947
0,3538944,-0.4086256866287496,-0.0011752891617144352,0.0007541157446787576,-0.0034809863529750166,-0.004293658863738484,-0.027178999107408095,0.009390343117956947,-0.0010007058748923714,-0.0020006120701377686,-0.48370618723638453,0.015031463113474874,-0.04336195272788916
0,3670016,-0.4021114488304862,-0.0027639945108837403,0.004877877963028283,0.006086205042604091,0.031726672393219975,-0.050955380796945456,0.014843809425697652,0.0016311540167897967,-0.0026619152899006126,-0.21860041675258965,-0.012941239345845311,0.2507998856320092
0,3801088,-0.4373625249714722,-0.0009114315719875168,-0.0009297162935613169,-0.0019252573172624855,-0.01028204355665348,-0.03713054379484029,0.00696637190928638,-0.0001304594719531303,-0.0009116495219360468,-0.43255733304755445,0.018108190642876585,-0.05278447790061614
0,3932160,-0.32974319113474293,-0.0086684534134075,-0.00885339332820732,0.009666201752126324,0.018845883913402688,-0.046616513164568926,0.0010165233312801807,-0.0021231989368608157,0.0047194230786248275,-0.47275748867258055,0.02275521676732122,0.07423451250687668
0,4063232,-0.4969027726820289,-0.0019852364151503317,-0.00017720368081837058,0.007886725931937965,-0.010651685980414712,-0.014396822467177139,0.008943134025108388,0.0013088609321863821,-0.001153894853969405,-0.39418469424904096,-0.016683243361353208,-0.04572572542081423
0,4194304,-0.4272384830749427,-0.0034781051535780214,-0.004571472849413247,0.029070106304157194,0.005166341151384001,0.009807595421680701,0.00489830640959089,-0.0003561500221379229,0.005841062966088148,-0.42569916224632287,0.02448231514458748,0.059390899256116784
0,4325376,-0.38279307595317497,-0.0001656020636203899,0.0006808659993350603,-0.0021735694573786998,-0.01485758093613018,-0.03221310582670185,0.018918903435257806,0.0007771301392636106,-0.004979392163744729,-0.2982758562883431,0.029176420153702563,0.21498849758334704
0,4456448,-0.4662435436868189,0.0003272892959903494,-0.0007996448967128718,-0.01364512255708541,-0.009780582767459158,-0.022025945870615432,0.010546293181761986,0.0005127129614261589,-0.005437016533320202,-0.439618080595605,0.022430907127546546,-0.008632860525657983
0,4587520,-0.02461169371333213,0.0031744612489185975,0.004212411813926294,0.04117860909849301,0.03739789135118133,0.09120659561123803,0.03321205107991664,0.005392416981509838,0.013473578973839068,-0.548392155957816,0.007369826305600696,0.19037830786422832
0,4718592,-0.45323646641605925,-0.00019470800502625085,0.0011418276630358259,-0.00909370259318569,0.005033373152160182,-0.07580971285836467,0.015787420932280465,-0.0005089779908566198,-0.0049294637807246475,-0.41040048385912486,0.017426852154677066,0.006437010594504475
0,4849664,-0.5516189103979829,-0.004815455001325853,-0.004567386881074871,-0.019144562379809965,-0.0030153013178966875,-0.0310406882493397,0.014569859622743446,0.000431187459421354,-0.01034500455519534,-0.16492182475926956,0.010525742034185267,-0.185004077341755
0,4980736,-0.4981592289403303,-4.9400419760109275e-05,0.0009224313432832042,-0.0030505645197399026,-0.001242643358066842,-0.044085482694486304,0.007650677492648967,-0.0024490594338968897,-0.004947617013913132,-0.361459222744667,0.030292459083763615,0.04569121295544368
0,5111808,-0.463682283844643,1.639828431592113e-05,0.002422613625700034,0.004191881588761558,0.0034797012388696623,-0.032250866404698424,0.010998648266992204,-0.0009466447804611815,0.0016304394509267703,-0.41287292077047505,0.015786952653094443,-0.0517206490910618
0,5242880,-0.32814241935653976,0.0016445224475815632,-0.00028655683629489324,-0.015333552887562281,-0.024396451240937037,0.0032866096679618367,0.0022811123241868506,-0.00038146537007031645,0.0018005002791574123,-0.339285209427048,0.04419400631009736,-0.23896759385256267
0,5373952,-0.4819791017894029,0.00021597518543355846,-0.0005217050515043677,-0.010165879701871964,-0.02438992999970693,0.027904137948425712,-0.015987931555669323,0.00022008607055199505,0.005740400189234245,-0.2995759036802258,0.03090184888332261,-0.1023970999446506
0,5505024,-0.4617186326002461,-0.0007894612441799955,-0.00297671698065197,-0.014663725457194871,-0.014596065258338176,-0.027748904948090722,0.003547927798953044,0.000569717161451181,-0.005821743530633701,-0.4095906223514946,0.03176141999640502,0.026215062672360595
0,5636096,-0.43704982759437006,-0.0011721569288590471,-0.0014362918837288066,-0.006895908716540385,-0.0003709860775956436,-0.05472561431516457,-0.005601747818591214,-0.0020650971948809674,-0.006503797404150614,-0.43668386637412704,0.007976506114659816,-0.03951819957733185
0,5767168,-0.38628900468085897,-0.005017643929663671,-0.0021385093783942836,-0.01173414560150888,0.024142219516458233,-0.03567479162967835,0.016215987599411508,0.001907618140704015,-0.002678402993422729,-0.385000765879722,0.015698094070900944,0.11350281657927641
0,5898240,-0.7160265951740908,0.00584561041699056,-0.0038951958988911644,-0.005422579894180849,-0.003602829736367765,-0.05630283947801874,-0.0064124244190303485,0.0006858785399625169,-0.008353445946383299,0.036492460928382514,-0.02366686604710074,-0.13329327352060066
0,6029312,-0.4448154928357529,-0.004262238179702171,-0.001557539408564707,-0.0005590699244704361,-0.0016368501352984166,-0.010685484077521698,0.00018321235173241696,-0.00033679159399598035,0.0025992890365219416,-0.44403473871716603,0.034029020692401137,0.05530027304687215
0,6160384,-0.40667303762360524,-0.0020088325094664173,-0.0017217664947872541,-0.0047117273814229164,-0.013084623478972088,-0.00010297124869638177,0.003126050248361265,0.0010681369600931219,0.0024276904952244102,-0.5102159524613181,0.007054920706890562,0.04780429039116223
0,6291456,-0.2851368616540702,-0.0013030478990033645,-0.0019640603881384304,-0.013669959405384631,0.0006241497530735559,0.01127688841871068,-0.0018142815394011033,8.75065925595937e-05,0.0005001175836237465,-0.6225036729453913,-0.0017741563538738528,0.05934529746676954
0,6422528,-0.4834628743487606,-0.0017597865301512714,-0.0026441618757397554,0.014190708087171986,-0.00015271045222811985,-0.016887086836878215,-0.004270684634490035,0.0006423936480515561,0.003338577818648263,-0.32171081631749066,0.02132296982291292,0.1296172296274766
0,6553600,-0.5221092607578703,-0.0018833686803181044,-0.0027935640525342297,-0.009164531035209231,-0.02269114558558842,-0.02764448397992946,-0.0036655994873621405,-0.0005939287048018012,-0.0028707336239954294,-0.36738390350297984,0.029567892135980343,-0.00963158845343062
0,6684672,-0.27015475200419126,-0.0008004033532267803,0.0017069198307805426,-0.01354632802099558,0.014890909624183914,-0.02598049050544982,0.03039014864623781,-0.004789766226395303,-0.004083595042574681,-0.5644872143424229,0.005297519071469099,0.06387195333207232
0,6815744,-0.39283301022700096,-0.0025356727553699923,-0.003298192734925435,-0.00841695064102862,0.003141447234078211,-0.053722359540573895,0.015757738456058195,-0.0009058749534766857,-0.003940330272522552,-0.5091661736811396,0.0018918134336246754,0.004390436070201184
0,6946816,-0.4070291392104663,-0.003223456362802056,-0.0010051698188224068,0.0013718221908288488,-0.008417609945346297,-0.012124108842816821,0.012388261599615471,0.0009437307727024083,0.0037076256038547617,-0.3868889019692981,-0.0075576095024703005,0.15534256418097622
0,7077888,-0.18512094024635506,-0.0014588390656204504,0.00023103192118716892,0.02581512925631542,0.02322970888786039,-0.0793978278545295,0.02275917496359646,-0.002416493423307764,-0.007436516911452399,-0.4495327786693393,-0.01632938569685611,0.18627217310358
0,7208960,-0.512865194610745,-0.0023141334686846136,0.000705336489200313,0.008366444218608939,0.017614836552352853,0.005897819611068136,0.010377972076359066,0.001609866603185258,0.00097089636735362,-0.34622790777953955,0.02225318027016021,-0.07079641195274253
0,7340032,-0.3716226695310102,-0.0019399706216115529,-0.0020032318209038604,-0.021670909095330173,0.012343744311516323,0.005108161269608513,-0.005002214016380063,0.0005140921803091549,0.005306044668946827,-0.4330528506816249,0.01632722500367784,-0.12510888679908055
0,7471104,-0.37712029092316146,0.00044583679359217203,0.0014513905653346245,-0.0035969553772423057,0.01802877256789797,0.051502695206588796,0.02118187257704259,-0.00042719711841223784,0.00393887175785328,-0.34506313994585386,-0.006152992786168012,-0.17108998438085268
0,7602176,-0.5132091809344755,-0.0047916764062210645,-0.002465377008128556,-0.00911428114305943,-0.018653253746328216,-0.025001822077098262,-0.00428868293066033,0.00021696058747091023,-0.0028065078739523716,-0.3587190271916904,0.029117682400791985,0.031615547700122884
0,7733248,-0.20869700263395033,-0.001916182449070564,-0.0018767452658196852,-0.004345961495669392,-0.02583489599445108,-0.00838338834054812,-0.016970713171232252,0.001017225793325858,-0.0071641167375478005,-0.19398370562488404,0.026705579252866075,-0.5031044832406348
0,7864320,-0.36887939263331143,-0.0038659504481642648,-0.0012343331984726966,-0.0047193319128788274,0.0026733359821454732,-0.02960529818997388,0.011002106489659507,0.0009952686405358565,-0.0038633143573938438,-0.5434829689481958,0.013366524332184316,-0.0163121748670841
0,7995392,-0.43070188486925937,-0.0006106661825356275,0.0008874330762478495,0.012889457277595242,0.0065088877004443975,-0.014463702773538402,0.0010460261545061614,0.0012243941690852375,0.0026580598625167307,-0.4490339742338179,-0.003068342074592433,0.07690717162586067
0,8126464,-0.40129730314603945,-0.0014365325956415807,0.000292059308793803,-0.017791767064962053,0.014268446572681129,-0.04842307788013316,0.009241379889862974,-3.63553874366382e-05,-0.00021129083314075606,-0.46409481153044,0.029012350023171908,0.01389462576769654
0,8257536,-0.7699613730617958,-0.004061197776319052,0.003196713333151473,0.02032338709132343,0.021012103404193468,0.010273573651314675,-0.018775044844678672,0.003934553297597995,-0.00310916524204555,-0.0932634287304925,0.041087696025098194,0.011001763541989215
0,8388608,-0.1801971593267346,-0.0014702782083194379,0.0018374197257290629,0.010891334580572896,-0.03638706210302012,0.021230799288816042,-0.010387059438684065,-0.0011552124877915334,0.001285108366309171,-0.3466643123624433,0.009852730145706264,-0.37864152396587347
0,8519680,-0.34644591463325525,-0.0032078417670619633,-0.004291229653618794,0.00729834453332676,-0.005950541199204817,0.027039145689906476,-0.00519854238178641,-0.0006512112760452092,-0.0058304631352411925,-0.5401652185914612,-0.0063380488517245336,-0.04758349828736741
0,8650752,-0.4495542463479241,-0.004736872703373764,-0.0023528061911203702,-0.021073078692160758,-0.011240397852780108,-0.03672089557210007,0.0019093328597922492,0.0008537063146729153,-0.004868218780493943,-0.37953512097983727,0.022348003442333546,-0.06480732026341086
0,8781824,0.1191783916564109,0.013136053248448375,0.0034376056484132144,-0.00703807028124399,0.010478254088636138,-0.048105628319294325,0.038561965929779535,-0.0018252174119250425,0.004753711172180676,-0.41916233771758926,0.015022000904054972,-0.3193007636220236
0,8912896,-0.374197325002585,-0.002013789955888918,-0.0010021490229319614,-0.0067270019387576045,-0.0015367183302524264,-0.037082369301701994,0.002804344801588275,0.0003330841236286389,-0.003928615835823551,-0.46553374412853143,0.01895451045566556,-0.08588634710264462
0,9043968,-0.3193387701899292,-0.0036746624575484006,-0.00572563628378476,-0.010609288594379455,-0.015132921323114458,-0.08175447909509095,-0.009162631646273223,-0.0006102456317150076,0.0012682220830906167,-0.4093920222229161,0.017355925048193888,-0.125975195423964
0,9175040,-0.33406185351639384,-0.0009223532105766019,-0.0011046918642859053,0.0005772484362055775,0.0111852250429463,-0.025084845045784808,0.01876021872880773,0.000162603171829468,-0.0012616725687528351,-0.30601493549373227,0.00933719396966757,-0.2915271589510171
0,9306112,0.030126925472196465,-0.011158297392203509,-0.01482101463983015,0.09019610845409094,-0.08862065009195338,0.09504813332438154,-0.04586090639535636,0.02457908173654799,0.0207302435105396,-0.2523047158146737,-0.009873435930199044,0.31668048723802733
0,9437184,0.03940911646157143,-0.0010596787591336417,0.0017841453247816566,0.012777779824359592,-0.02711292266743583,0.08352810359260206,-0.002326770380317047,0.01190492202313231,-0.014954286616039208,0.7004094938781767,0.017684321048385528,-0.0870484594240649
0,9568256,-0.552311701698853,0.0023303883061033194,0.006366382235925311,-0.0017041397589216281,0.028806132944394585,-0.000652940506488723,0.0027962786321358624,-0.00105080692946733,0.0010559246250797171,-0.332609049277898,-0.004907772108743759,0.06540848297598885
0,9699328,-0.42135907274907713,-0.0013948240953779464,-0.0006683817562403119,0.002412809905869459,-0.010066707174208251,-0.029371339481386937,0.0009095158817728485,0.0005975110053394776,-0.003519768974620863,-0.460826585042428,0.014734858727451979,-0.0541386252062268
0,9830400,-0.27564855171868513,-0.0015397434316060162,0.001958974172411195,-0.016270558844673468,0.0016583673574491983,-0.03398865985435755,0.017855659958141975,-0.0003081027644329105,0.0030369654134909173,-0.3854887843514385,0.004533250815644246,-0.2577123813176689
0,9961472,-0.39895152464901884,-0.0012417438509014144,0.001188209365673569,-0.013085747442163792,0.019291760559467207,-0.049893945855414894,0.018939627691387052,0.0007240106235464568,-0.007294731038560518,-0.4599214473520239,-0.01866069385670956,-0.010806557715132786
0,10092544,-0.1534889680145765,-0.005331374167655207,0.0013732263471699694,-0.01071383415509589,0.015488799927607018,0.015436429900372821,0.029470320112987253,0.003595460398000439,-0.00740191418081301,-0.7440622567083565,-0.005533948397626758,-0.00810346768973864
0,10223616,-0.20700874128206123,-0.0010982570899752007,-0.001836892326159441,0.027529371322225996,0.010833392959720294,-0.04942481702380421,-0.0013284991973692083,0.0014955214522896095,0.0030084462813773204,-0.44659026163263155,-0.03418649970387847,0.21565929972850745
0,10354688,-0.10534636468336102,-0.0009587300227326484,-0.0001286014209561975,-0.0195272677642192,0.0006281421766928703,-0.030972615278047972,0.0020637478116431016,-0.0009876455519620027,-0.006034556630033379,-0.4003492786526815,0.008344674093231148,0.42465837591443895
0,10485760,-0.2694524130211297,-0.002318909916508315,-0.003693119227431187,-0.008783828929222014,0.01019202084737559,0.016947641843146694,-0.0007145640492744509,0.0005611048917167165,0.002995740746879441,-0.4755065985957575,0.052072078045583926,-0.15676197988597443
0,10616832,-0.6780403404430358,0.0034496970145861,-0.004024990720905921,0.01705814888652056,-0.010808904436491691,0.046751570273742875,-0.02401829153109164,-0.0038183773712959015,0.011994965804388195,-0.08480168664657678,-0.020109343074430207,-0.09512368379693428
0,10747904,-0.4786386533232073,-0.007711734336592625,0.0016158829729663675,-0.007840758438729582,-0.01875492198287405,-0.014900037422515474,-0.0010650719149544392,0.0002871166717510337,-0.007863465203637652,-0.40707298168292705,0.032543884422157374,-0.021705491627687028
0,10878976,-0.003887192993871484,0.005806781359494088,0.0036128591280089354,-0.0007979119006676433,0.07802253838183437,-0.028849617993665942,0.05624690969043503,-0.0005694272284787842,0.007276058309603361,-0.5090820020878905,0.046305616459913504,0.2595430844661364
0,11010048,-0.3702499149033294,0.0015916219194291794,0.004193627936710936,-0.01231077490557184,0.012096856898165432,-0.06677232492711092,0.0166083335055645,0.0005296775369316111,-0.001330439932973296,-0.3193560173438257,-0.046133668533653374,0.1488267416567338
0,11141120,-0.3411116206765081,-0.001038679774714542,0.0006774585299624979,-0.014911274829183392,0.018305914828472346,-0.017891005186120107,0.01336945735790301,0.0029122393020970653,0.0032751388967868353,-0.5145069289851465,0.06789614976710473,-0.004104131866000869
0,11272192,-0.3709763123251543,-0.0005895915939991928,-0.0014764737159721339,-0.002264061321929134,0.005012750126200318,-0.04126234499462239,0.0052141320914842965,0.001199933519565529,-0.0074768606633362844,-0.5338852965626558,-0.00461769457368704,-0.026024548511393575
0,11403264,-0.15916857362640888,-0.008982744634402375,-0.0013438747375563642,-0.016473113947742375,0.01978828134750298,0.007679878860764988,-0.009455936198164842,0.00818802717745888,0.0009835266559000773,-0.7274307616660014,-0.0005675549468760924,-0.0399377262012208
0,11534336,-0.09894970098443617,-0.005432908240124181,-0.004863249284188036,0.021206104177963342,-0.015035685848600797,-0.06671238547666439,0.01810402387712932,0.0017546493589097529,0.008171733160066584,0.7107897943503327,0.02441877606260122,0.02456098917898351
0,11665408,-0.40007915749144923,-0.00758422977634187,-0.0022385769872461515,-0.01734773342345144,-0.0287198389511206,-0.022666018989505765,0.0006571947934644736,-0.0027361069594609984,-0.013925950064087103,0.14459148618743295,0.037969918985882055,0.32148378739055733
0,11796480,-0.4539757388342555,-0.0047300448216904805,-0.0035886386773925426,-0.010337027791532921,-0.01369511303100333,-0.033985535685199124,0.002826157773201419,-0.0011410246981966399,-0.004692238927894109,-0.3995218404737628,0.0323541935345488,-0.039152445751322276
0,11927552,-0.33091093432684,-0.0011151904791513812,-0.001007874068963776,-0.0027085945015645793,-0.004876498200019759,-0.0033060035876170874,0.00643964286974674,0.00023658152880508767,0.0012653693019903966,-0.44010862111723675,0.017508030722842013,-0.19051665929522246
0,12058624,-0.17731463463975566,0.0001715890757086384,-0.00021109333799815592,0.03151511788020048,-0.007279203472279783,-0.03496320943546108,0.0026920347476264506,0.0009701030410260256,-0.001959823054470214,-0.42245199452356147,-0.020796417267153706,-0.29967477952475835
0,12189696,-0.17563733009055724,0.003103322168178023,0.00484489107182156,-0.02672582755570502,0.029821863031448438,-0.006934264197282293,0.027791404798512997,-0.0019743795761939793,-0.007491920528862338,-0.34616627341673845,0.00032122593781637844,-0.36918729762688324
0,12320768,-0.3082111562545871,-0.004675345277981702,-0.001596603622162542,-0.019131519151970196,-0.010349714999495349,-0.020056456316629633,0.0016745091980342993,0.0001593852202266025,-0.008158931473228737,-0.4545788407949362,0.027561909564297916,-0.14384562812644971
0,12451840,-0.1028126022870477,-0.002701964931185767,0.0014844566493148286,0.013272439469558008,0.017156297865678027,-0.04859304317943566,0.023946719291016827,0.002874277299723626,-0.0033164873957394485,-0.4648825903676417,0.047822636680879195,-0.2711364845827792
0,12582912,-0.25881425408720715,-0.0015439496610927753,-0.003458147387164671,-0.0002897024669228413,-0.0095148794161611,0.028264256213344573,0.00778996708216508,0.006241417943896659,-0.0007956394470632578,0.08666337786671734,0.0019688461810271267,-0.5946555622472375
0,12713984,0.06394101564019462,-0.0058038039373467885,-0.012301428835585713,-0.023745103339262733,-0.025573912613017998,0.04601235708803381,-0.010783404741007039,0.019909302912610238,-0.008743204576041252,0.10012038848745453,0.035400985665057505,-0.6476650921643878
0,12845056,-0.46214475969855084,-0.00573546864949785,-0.00344128923487972,-0.010493095350728872,-0.01795965490210424,-0.01843630396509563,0.002505029105673371,-0.00019810598067141738,-0.0037258798510321376,-0.4344726645547201,0.03533500198973112,0.005552746717314694
0,12976128,-0.2473801158945583,-0.002590643814166907,0.002196722775307816,-0.004809834817467893,0.03617428276182298,-0.03357774815179879,0.016448962134229472,0.0010472197072483183,-0.01070958133626818,-0.6017507062178629,0.0021129059219860795,0.04120127646728243
0,13107200,-0.29928145751236374,-0.004837487388764276,-0.002026955364237273,0.006157400068081403,-0.004138404102899466,-0.03378189571341274,0.0011482364020257978,0.0027086593689896995,0.0003809356504933788,-0.36370549231673316,-0.028967860042113654,0.2528652160698854
0,13238272,-0.3724266138729133,-0.0030579903545110095,0.001927429335422745,0.021158044218121733,0.004492166710329662,0.02143198842814499,-0.004086112608546272,0.0007478258702014105,-0.006739149488334931,0.19757450712191107,0.03502154267898136,0.3313366293125815
0,13369344,-0.4457485296198781,0.00025822163301644535,0.002325911596564022,0.004536427579682996,0.008375668374667779,-0.036326725622134154,0.011376121723671223,0.002252639717005075,0.006631981817575504,-0.42660211142121346,0.03117314596326617,-0.0243925149313251
0,13500416,0.05628625265456409,-0.016444978295190232,-0.010627251863597203,-0.03837499979825564,-0.026735340647511683,-0.059158593098862275,0.02334393757839776,-0.00793645843420277,-0.013119273983393468,-0.44232738619229606,0.11625607580610614,-0.18938945164762266
0,13631488,0.03897040526094212,-0.0031344027703746253,-0.006205078239097686,0.0020837666237150817,0.01041015190729257,-0.020506447349806316,0.007695430122592317,-0.0014270857271164554,-0.005182371077691123,-0.4286288480133595,0.0750394805999731,-0.4007165323080391
0,13762560,-0.07423947945584453,0.002560484545906528,0.0041474359551342595,-0.03883699085275284,0.04043852208017667,-0.10629252582427505,0.059866093410153594,-0.002442536341919319,-0.0028873358937329965,0.09005866885349728,0.07133705311801289,-0.506892873668594
0,13893632,-0.3958164120967822,-0.005532777649032406,-0.004821898450099524,-0.0030762154271116926,-0.015455985561888286,-0.034380620183187306,-0.004323714989097926,7.078864734215365e-05,-0.004665874405514448,-0.4941946256478961,0.028381735778173357,-0.009279351163874587
0,14024704,-0.34642651221750254,-0.0009513705616642786,0.00016413207571064925,0.00027227223885140534,0.015751086036851707,-0.023325546284248988,0.010430058592934196,-0.0017909932539239347,-0.0005491409674536194,-0.3646498660028553,-0.0026861633069954318,-0.2330028584610079
0,14155776,-0.3783584961304681,-0.0007623911262841262,0.0006925020868198211,0.006680122115612712,0.013270636512727677,-0.06640417770788427,0.017738879521117235,0.0009150831961991167,-0.0016488639137869918,-0.4689991580666907,-0.005833452193210166,-0.03869623742919909
0,14286848,-0.27856470660392574,-0.0018435600821048843,0.0023224228989656673,0.007413473714388633,0.008391868502768955,-0.03723974435067825,0.005011330396391243,-0.005024102048066036,-0.0013365940028262178,-0.3691403307046076,-0.007484754098564619,-0.2762271125967122
0,14417920,-0.3444244810607245,-0.004383893013833871,-0.006363938646062142,-0.000618498131653604,-0.036799283519321394,-0.009319626189836977,-0.005506721830733416,-0.0008216436167316703,-0.004769639487573326,-0.23882232805418233,-0.01780565345556117,-0.3303642929937856
0,14548992,-0.0382988254930404,0.0016929597296103786,0.0015986153291311154,0.016366081307033185,0.02807453567230767,-0.05980320438963893,0.009406299281275921,-0.002706517595249991,0.003789329103962304,0.07255136157902403,-0.0010874439454922923,-0.7646248265742338
0,14680064,-0.05321119208276415,0.0034837659490552534,-0.001194553455457403,-0.009087101544316635,0.01661086641852281,0.001526541190352003,-0.007803136146619937,-8.424095533249434e-05,0.00194143169610386,0.387176869187842,0.013327632880022018,-0.5045526684936115
0,14811136,0.16333091611234501,-0.0005904288854875259,0.002313870025431404,0.003152969826035923,0.01215617775159257,-0.03101855696214615,0.0009578004114879059,0.0027254918715794454,-0.0021815645514777974,0.18655006507277339,-0.000867130934265915,-0.594155027595377
0,14942208,-0.3626714147416367,-0.005380755546793922,-0.002773128209344287,-0.018582490706230845,-0.017687268082177892,-0.03814834557082544,-0.001257046693844444,0.0018657980044436105,-0.010260799069526663,-0.4162955559079388,0.022547715465486444,0.10252968200175089
0,15073280,-0.2866838462052413,-0.005851780094739194,-0.002213610975245618,0.00774436468147095,0.0014395275697954802,0.002800103592424942,0.009751620543516191,0.00474635744694218,-0.0022170832393250896,-0.546187593488702,-0.018693392377919477,-0.1116707197846775
0,15204352,-0.36697071145507026,-0.002033788829559461,-0.0027614349014907277,-0.023582781884367854,-0.00538738477686531,-0.05538135762690138,0.013386832431027111,-0.0004400372271574761,-0.005884371311102809,-0.3855225958921784,-0.031155076991925355,0.10749362667235388
0,15335424,-0.14373330268689635,-0.003535813042186645,0.004479635962888068,-0.019209984462438708,-0.0012957282654594397,0.03902868336394801,0.004823967516048656,-0.004956003081936884,0.00223668077061149,0.20446075522746762,0.018518861633750733,-0.5537205839863674
0,15466496,-0.3336616455880003,-0.006400228698848101,-0.002485984483300517,-0.017581296324897397,0.0111580252411506,-0.07602450710617953,0.01607210865663235,0.0016419387428060232,-0.0003850189523096844,0.062024777304209265,-0.015817482184035156,-0.45674698671763103
0,15597568,-0.01607281111587092,-0.0027239551720633815,-0.00020739665302536582,-0.02814344072465859,-0.025673822373166184,-0.05007875815581203,-0.022439431475428123,0.002454638311377259,0.0046268160972699635,0.0767243457721113,0.03940847500139902,-0.7314461091478178
0,15728640,-0.3201216961784436,-0.0012227057780008657,0.0011415130595734378,0.010352651993018038,0.020324772888587552,-0.05688404573094528,0.00970127679734772,0.0009398507690871835,0.00556296306673212,-0.24370662089123543,0.0005732025940751442,-0.3294687002529536
0,15859712,-0.33918848233318105,-0.001106380304059219,-0.008059931969269045,0.0024504385365427864,0.020018046854417874,0.02974725757459584,0.0042952889642605754,-0.00034524198287655763,0.010747111798035081,0.5154375289025064,-0.029367038678720658,0.0392372521015349
0,15990784,-0.4443958001980147,-0.005137948902826555,-0.003755437525265631,-0.006851904788103504,-0.013102676987252454,-0.013641837731175933,0.002309783976363183,-0.0030492520794298387,-0.015558508363805307,-0.36188363611401847,0.05277321173931828,0.07754000159442606
0,16121856,-0.3643062748216262,-0.005180878803853475,-0.0015532514059715182,-0.0025570661107688834,0.005962907149781741,-0.021760211788582638,0.0016754538773490122,0.0014315344647265577,-0.004244539037952431,-0.3417319732480425,0.037889509532884134,0.2117063997584609
0,16252928,-0.4703131526297425,-0.006178378021818871,-0.0013988843875637228,0.006784235955163239,-0.018788416436834224,-0.059966377741045546,0.021410554940447777,0.001586673809216343,-0.002081483399728702,-0.3488700052892744,-0.018624841277318973,-0.04399699611184568
0,16384000,-0.2092599644711628,-0.0019306982998846319,0.0004761816584522332,-0.010607302587381545,-0.003255837378318049,-0.023120544629339133,0.013139488252628242,-0.0013407806025759138,-0.0020072432282711612,-0.2582841742561886,0.02330578659476884,-0.4532719980410288
0,16515072,-0.30403232709513944,0.00037614688993053123,0.002278442181672876,-0.01282199164749614,0.00837530406976819,-0.01934511712461958,0.011561778741834127,0.000558722718708348,-0.0017749482437075233,-0.4146982095447137,0.01981230639704552,-0.20436470534536402
0,16646144,0.08848845265419726,-0.0034515112891259866,0.0009711094405971964,4.282253090004924e-05,0.004860832863073014,-0.0688257503347739,0.010557357068265908,-0.001696276514400658,-0.008301162688577416,-0.07256702756630964,-0.015187024757388744,-0.7250506722923903
0,16777216,-0.39848746790087175,-0.00018383662588870249,-0.00204407470581727,0.018771298179001524,0.011692223218165513,-0.0028558090005061224,0.016242775880662096,-0.0002442042384304318,-0.0009020844394464464,-0.0910855656746788,-0.006051521068752014,-0.4514391390677793
1,131072,-0.10385585960937607,0.014213230840620174,0.011786394960280012,-0.011865270506300544,0.0408520869357119,-8.42757916301826e-05,0.04246255990013259,0.000624118674534332,-0.0014946061164516618,-0.48147191727241745,-0.04403373460000169,0.2472559447925434
1,262144,-0.3015745981021218,-0.0014273545259803153,0.0014013299224177249,-0.003190601678023926,0.007850024239470168,-0.04536270485398449,0.010409614348836036,8.416901546114683e-05,-0.002732252259431347,-0.4647930445551096,-0.011148210821265232,-0.1500260956778982
1,393216,-0.38305976864346275,-0.001575747292897714,-0.0002642900392902479,-0.008864198405284171,0.005266884419338363,-0.04648130744275257,0.011650902404288,0.0001729685801223969,-0.004669165462361318,-0.4763042535607448,-0.000523532349517988,0.061166981399939674
1,524288,-0.3181069129209131,0.0007503488670984539,-0.0007780010969184911,0.0031130088341832706,-0.005768863948594891,-0.011183109257612893,-0.0028000432107335837,-0.0034045566867337,-0.004339382997586009,-0.2678231201313666,-0.007739911143501632,-0.3741927409047574
1,655360,-0.39692283708638665,-0.0020553346446861714,-0.00037713606040497754,-0.005370275481073382,-0.00033993732146436154,-0.0402782409100826,0.0033989571389238674,0.0001339474174086182,-0.004272589252621705,-0.5099221069929141,0.008728012924236852,0.028200624769796744
1,786432,-0.1507279963028814,0.0028360921771318406,0.0026742732659167474,0.0037273523041794635,0.029027206371882868,0.005038388268385613,0.014411587298041956,-0.0011627866943208095,0.00475035667907924,0.10718680429017843,0.005527380141521296,0.6729297762064803
1,917504,-0.17962621440339263,-0.0015561130124183845,-0.0014423216120342333,0.0017345437997696395,0.010117300607282203,-0.01837323560699803,0.005034778628987912,0.00014516226816816126,0.0019226686708824835,-0.5794790333011687,0.004552805578345254,-0.19601582251055244
1,1048576,-0.38129503615662375,-0.0029644876133171454,-0.005815951175720751,-0.021355628420928235,-0.022986096163573177,-0.05657248461907077,0.009607818339464093,-0.0012215690520451185,-0.007114096730762133,-0.3272250115024637,0.049605084687129423,-0.11423673553890168
1,1179648,-0.37481117676009745,0.002108181242156096,0.00014483213808260485,0.01154635291306336,-0.003972286328088984,-0.013372007976786412,0.004563131305322478,-0.0001638215590176599,-0.005776493679889232,-0.14982780914760038,0.033669276691233506,-0.4000446302586618
1,1310720,-0.3979632474499167,-0.0013440420142310516,-0.0006844237471757234,-0.013658727174154665,0.00048365915685311817,-0.02821173820556979,0.00979669099040162,-0.0004722760356731439,-0.007865593028707353,-0.4902632828327869,0.021125643909155067,-0.028130675455374853
1,1441792,-0.43013924067328757,-0.0006322457287001808,0.0018861522628613066,-0.014802736626727797,0.013123513902369944,-0.011070974662535706,0.01647359748073968,-0.00327281954972012,0.0005447536973991615,-0.4536682777902334,0.012489220519597964,-0.04189646710582717
1,1572864,-0.3403604073321205,-0.0015210501751391058,-0.0002683530557713114,0.00019460692150566073,0.003303614863807908,-0.03322293283475992,0.011759698901627208,0.0009135377600028529,-0.00405415002457926,-0.4972804972343851,0.004209158483377533,-0.10291199241292369
1,1703936,-0.1496772252983192,0.0020565114002146913,-0.0030247715813882274,-0.005170074219823633,-0.010528402592862609,-0.04207264182340603,0.02040997318856351,0.0008032942420987654,0.008023184709375726,0.10682066863511337,0.015058073593974652,-0.6363551787148596
1,1835008,-0.24782433845944937,-0.0019197190381626838,-0.0009901458376994365,0.004162457427552947,0.0033510563579109472,-0.021604916311555748,0.002623488260807743,0.0013228638461362015,-0.0016792647011520945,-0.2582677440986835,0.006120966991127386,-0.4501330386697619
1,1966080,0.0685786799676516,-0.005063107415098766,-0.005018766110033988,0.04123482552425693,0.019249906757734088,-0.035607890403732224,-0.02914584169652689,-7.36856201278888e-05,0.01320492606773849,0.48970348320103746,-0.02594996267421802,-0.26716892456184366
1,2097152,-0.2401369805201366,0.0015532256725018445,0.0037107358426568355,0.0012831049963816167,0.011330943533783043,-0.045103713185389624,0.013158295571363632,0.0005102524747309543,-0.007231333270043243,-0.2055971271257761,0.06391041379552621,-0.4064738740117103
1,2228224,-0.4153406402554644,0.0018723585386018053,0.0032539243852016102,-0.017448469051998334,0.0005272226241980713,-0.04675943235894655,0.007056115115879376,-0.0010076349457237956,0.00044020157421075873,-0.2913979444712662,0.024654082557403926,-0.1902419741211051
1,2359296,-0.345924732398127,-0.0016834906717272276,-0.0009286534609838742,-0.004016678301552932,0.00138677245840065,-0.02329588928792521,0.0007604762157026149,0.00027379658748402424,-0.002338505735988715,-0.5526597375785345,0.0188972797632302,-0.04783398754034309
1,2490368,-0.351347579992445,-0.0037507005119023474,0.00040118808938033795,-0.017048683169399188,0.004670387961117308,-0.008254362453531512,0.0047503738975979036,0.0008000049670043832,0.00022113934249175563,-0.49072861650747557,0.005181194811740418,-0.11284576829591429
1,2621440,-0.3135088232953264,-0.007203329682712514,-0.0035337254611251243,-0.029365787130354235,0.009227897362792373,-0.06262010954190579,0.008334247833611615,-0.00455526270362633,-0.007296020566518866,-0.4980895935638411,0.027815807776145816,-0.028449395082039832
1,2752512,-0.15936220665595027,-0.005079017511704051,-0.009299894354299327,0.00976220791035108,0.010642236575169725,-0.00532473398139622,-0.011171987066453844,0.0018458550363450116,0.007664577349727032,-0.06609877019814955,0.0032763325168630206,-0.7104721808435909
1,2883584,-0.37254171488899296,-0.003256741312352776,-0.0018712132201787965,-0.036671698554069064,-0.0009179470638398488,-0.039709495662283795,0.011416717964789476,0.002056306512891024,0.0023036409553974556,0.01013497493346494,-0.024138589099704625,-0.4949809598320352
1,3014656,-0.25613881692726165,-0.0019193358112737085,0.001857701984764443,0.020242966270416787,-0.0005983574605228986,-0.026612030925399998,0.0037926990302165424,-0.0019021361141409916,-0.004992939758388659,-0.4184010801779006,0.005616050627841125,-0.25792588491187257
1,3145728,-0.23464913406676335,-0.00012663088401633602,-0.0006870664680769234,-0.0034125236684808195,-0.0044104186891112075,-0.02474848459490336,-0.02338415366262438,-0.004877713676007447,0.0003118893732613866,-0.13871599376491425,0.024424432487435362,-0.5402515586644051
1,3276800,-0.08170977703135802,-0.0038914344396141966,-0.00490274908983841,0.01900947471870595,-0.013606420770160391,-0.052310962643712454,-0.008157773208832824,0.0004998715872212019,0.001663497586985027,-0.19767950538359666,0.033815387635368115,-0.5827531459046068
1,3407872,-0.35172073112820074,-0.004649936833773567,-0.005105176256270483,-0.036271694169538564,-0.008183742394615303,-0.04582845382286422,0.00336422387170757,0.0017251008612538545,-0.008570503991420057,-0.5097945555069583,0.001685749870480597,0.02310013129291676
1,3538944,-0.19787348636310148,-0.0023466248233064914,0.0016572981619151056,0.009002293117840012,-0.008822193193483117,-0.009252808191847225,0.008399131132837549,0.001676453137191275,-0.00119688313423057,-0.43876962542307346,0.017360419609465955,0.3036427837117078
1,3670016,-0.41846933259130753,-0.0028045321218653756,0.00228072529483211,0.009976850190159042,0.019138409581630735,-0.04630581544547099,0.014046157077443744,0.0004913821973588057,-0.0006559374957309067,-0.4336531908007661,0.03869731199710034,0.013480355206334341
1,3801088,-0.3731957993646617,-0.002359945638931322,0.0026914603145421325,0.007096974349761712,0.017281232275723715,-0.03104671298814913,0.009722554660999173,-0.0010785639082085184,0.006059081160403294,-0.1968610517602235,0.029139073443530672,-0.3234675501348651
1,3932160,-0.20586334301763942,-0.002253838328722273,-0.0029626922203796124,0.002056438324175101,0.0030035573465946788,-0.031410726522626914,-0.007232344462385477,0.0011735689434823845,-0.0045397504857862545,-0.42474950276058665,0.003989482401041098,-0.31076475518658014
1,4063232,-0.2727688761019023,-0.0011401966937634712,-0.003992372613437897,-0.010319111479632517,0.00345792158346088,-0.01947402151031639,-0.002690929738977965,-0.00033617698715368734,0.0022635612203572974,-0.3866452322204149,0.00281769703580829,-0.2940939028147744
1,4194304,-0.37168852254590123,0.0014453685513884942,0.001238462550600596,0.023159721511756264,-0.0027216513430315227,-0.037606674951631044,-0.007978684068787366,0.004409357222326013,-0.0033096716513752234,-0.35700746559156327,0.019242974018818006,-0.170191445992821
1,4325376,-0.15583682732655924,-0.0005746822966447151,0.002081651253889833,0.0011131269106386054,0.0022720334971323888,-0.02856289976808613,0.011593279983638332,-0.000754789388247706,-0.0058111724466142585,-0.1260549859059514,0.0033635777089347594,-0.6619809735136626
1,4456448,-0.31653078523239075,-0.003509209251429576,-0.004783660331034092,-0.01389039218991263,-0.014000138886360458,-0.02549853868753818,0.00011815512501759764,-0.00043632500146943926,-0.005081037855227526,-0.49242468332813233,0.02001436113098559,-0.10371271298050184
1,4587520,-0.2855283539757788,-0.007851408446537587,-0.007911980761444443,0.013657013137406984,0.01302216525063445,0.025264822511195766,0.007288876257490451,-0.002430388153448159,0.0033002294494553757,-0.2513858236285961,-0.009150260786054897,-0.37320867764195703
1,4718592,-0.4315910171614733,-0.001615837029989138,-2.5457317157484605e-05,0.002467034220765961,-0.011574067001598352,-0.01096611548434728,0.00954785829577073,-0.0017760486683095302,-0.002809925530462313,-0.3762317431201059,0.003012239589898209,-0.14838265658012187
1,4849664,-0.5279519148870185,-0.0018040299592080034,-0.008927945113913704,-0.009478983829559659,-0.006463050387656002,-0.03626980966107201,0.01000207453397406,0.0014263142437211847,-0.005980727951091266,-0.35140609582772947,0.007490801887581132,-0.03279825171747503
1,4980736,-0.07730239193148036,0.0017934920194714438,0.001810270470616031,0.023145691776216913,0.027092848246284877,-0.020012382937406387,0.01177918231766057,-0.004924067758472179,0.0019273997178678285,0.42053470811485155,0.051050095516537115,-0.35862746919313476
1,5111808,-0.31045818254888624,-0.005668084915968784,0.0011764908734612988,0.0021863639701298924,0.01821040202168805,-0.03298543962028464,0.017035565727170094,-0.0008705398698175888,-0.0026481747561356074,-0.3325414878005325,-0.0014451630733245627,-0.27477410482260073
1,5242880,-0.31253417558123875,-0.004250771058664917,0.0009661554023976514,-0.015348601286168528,-0.00486369907404115,-0.01778046238797774,0.003916432440924605,0.0007591470591107762,-0.005920719599000559,-0.3819196137525162,-0.009376003201820443,-0.24236421915613865
1,5373952,-0.2571762164456812,-0.005012832858030863,-0.0001617535800173067,0.005166257647564792,-0.0029140495816633496,0.006863035155460703,0.010888050223208405,-0.0008448421259518657,0.0025309250239783816,-0.4586640267141363,0.014019665281580643,-0.23575834536272616
1,5505024,-0.3525663478316212,-0.004711163544402692,-0.0011707580535225306,-0.0005960571852356452,-0.007953112005953642,-0.015370186326260962,0.0016378225912771305,0.0006954006230684787,-0.004044557698081335,-0.5066704611330519,0.01523190311332947,-0.08935222989419496
1,5636096,-0.436442898904533,-0.0029553169792192573,0.004164578959449311,-0.02394214405312681,-0.008091577357352156,0.02356851261629589,0.008873593113528864,-0.0038734449580952843,0.0049807275612455395,-0.33570751728457565,-0.025696360540987343,0.12170332767159088
1,5767168,-0.16052085647619288,-0.0043391590587279335,-0.007879117245455121,0.014768007106387699,0.07009424047945666,-0.02396471023483034,0.04636627208243238,-0.0013841004156616992,0.01383050255439101,-0.40174841548816614,-0.11276557389371149,-0.14233904496458663
1,5898240,0.06756027152144259,-0.004669633510452694,-0.0030472827664924738,-0.006688843024341662,0.01833576719412226,-0.03839342094120161,0.022821795377679473,-0.004435966084549429,0.00492149700423335,0.24728908993308668,-0.056294781072713414,-0.5255416515696844
1,6029312,-0.4806109953661099,-0.0036654906063532263,-0.006346931110133375,0.021578266791527315,0.004153770119362317,-0.029854785447879808,0.016113567951477763,0.0007877858321187122,0.011963237544607918,0.39108099744171715,0.003079391404610014,0.03076478038410253
1,6160384,-0.2522895216732697,-0.0029870841235895883,-0.0003673024061253346,0.013840227609273118,0.01854635682122653,-0.040841556516199216,0.007047242530934346,0.00011400545547963174,-0.0018927690312594565,-0.2214419289856417,0.006991739986393446,-0.43364026486060797
1,6291456,-0.34768729842492785,-0.005389063644933592,-0.004420076549369483,0.005527290221090555,0.03537512285019918,-0.004336691195234468,0.016862246717306986,-0.0007953127974444819,0.007567158500405953,-0.16270752320253482,-0.01529094180674719,-0.39404127408980544
1,6422528,-0.0828793683555362,-0.005074151655137179,-0.0021154560161097294,0.012595969823613981,0.007718965504310934,-0.04648753628400149,-0.023774783645710132,-0.00021936024290356278,0.0013674660227005974,-0.03627236096906011,-0.009029842191574936,-0.7724647392893411
1,6553600,-0.33776999089019194,-0.004299326625789677,-0.007062776709838827,-0.027748002564964555,-0.007542355942136363,-0.025318303471654223,0.004830964616702336,-0.0008136502384835305,-0.0012840597553830067,-0.5583795214558988,0.013913924154693154,-0.011037123574263603
1,6684672,-0.36322074260764686,-0.0005465549255230912,-0.000977400677033929,0.000117896549732544,0.0028213285285344698,0.0002605667722600798,0.000568126292702604,0.0007069743540089202,-0.005331180054606407,-0.5539826374669858,0.01409338967147054,-0.05737320209949473
1,6815744,-0.2825401025709044,-0.0016749600983488578,-0.0017873709965196447,-0.0036478142282498896,0.004750926841147869,-0.03911672594761476,0.005519050194054427,0.0030747156886131496,-0.004941728426647621,-0.2774433372542739,0.004640364559515249,-0.3708629031941102
1,6946816,-0.5238653836206565,-0.016559830180050673,-0.011031655824036765,-0.0006844788850525969,0.029038282304740776,-0.20135833918494586,-0.02258881912125465,-0.017452605494656683,0.03751731395996795,0.030016144257702985,0.09729842766248709,0.012588719504447513
1,7077888,-0.27402440706715536,-0.00451281526430416,0.0045244605784717125,0.015129837416734009,-0.0356559415510097,-0.10289362857515602,0.012885781340976761,0.0036117645879832957,-0.009096166633039972,0.09754737454440901,0.032314948937107874,0.40780287350365213
1,7208960,-0.3863811397781614,-0.004317667042818274,-0.008334501685400583,0.008617987524237274,0.03983249740224296,-0.09642251716743885,-0.01213942614022162,0.004194167821133725,-0.01315727323726241,-0.34886321021534356,0.048777791224938055,0.028961820760801293
1,7340032,-0.34766558903116973,0.0006903448546779088,0.0014954088676091477,0.012788587222858978,0.014378951884074776,-0.04572235079436933,0.02041733798010703,0.0036640940548152688,0.007033825017329822,-0.2956613360677602,-0.0012678604690137911,-0.24921431375621403
1,7471104,-0.5118291093350574,-0.0025855506999757764,-0.009029360411848044,-0.015560001109649297,0.003245213791430999,-0.0433332952202446,-0.0030968475032094,0.0012364517913712827,0.0025588849015188097,-0.3724413001313446,0.03396232909359095,-0.0011216560107588228
1,7602176,-0.418170317937437,-0.003481519580639579,-0.004893543126867408,-0.01738865488093034,-0.01944213626482085,-0.07500091256334215,0.006351080174477947,0.001325496855834693,-0.0060860741907634375,-0.3406706384753873,0.017369843496231652,0.08981978245326762
1,7733248,-0.5534935037607644,-0.012436212338754695,-0.007415900160901288,0.014999361266335592,-0.01408186914239978,0.008678707835198174,0.026256614000885043,-0.005342426702862722,0.005281702986764128,-0.03527354324421853,-0.08763034352715236,0.2291098150337633
1,7864320,-0.30175917472924485,0.0006846536712762651,-0.002519352009721595,0.029849252796393607,0.020832097826095977,-0.05987791143698048,0.015809466987758335,0.0022685805982715747,0.005161091859098675,-0.40586000829823654,-0.02416172373450828,0.13121668605241385
1,7995392,0.21669071725032668,-0.0036418186397448402,-0.004242940428108074,-0.0043573861588469395,0.007967309017299818,-0.04206068959495792,0.021054043347559413,0.008463613945272189,-0.003947522522572545,0.22409106040005367,0.03267762706084747,-0.43080527163441046
1,8126464,-0.22314797509317774,4.61278223702112e-05,-0.0014281393388695801,0.008288756694668286,-0.013098980503265216,-0.041402366494067845,-0.007503136976154465,0.0009945465803288297,-0.0025433716789087374,-0.28546315147576756,0.009963495070456612,-0.4061199522719649
1,8257536,-0.2493485548952963,-0.0036341496298727917,-0.005776707198181098,-0.005434511722833083,-0.0008260980546346755,-0.02564841716931384,0.0161299191075239,0.0003234463882758105,-0.007453856835921816,-0.2787830946564401,-0.023978525071547022,-0.3826627192701596
1,8388608,-0.16640020198727357,-0.001193485431176855,-0.0013676970793075572,0.010005216829004784,-0.005599428056070248,-0.032119416897504964,0.0014048790616470468,0.003116181353326266,-0.0017935244549549612,-0.35709366951843435,-0.01722042453161607,-0.4026858747996833
1,8519680,-0.32931739043837716,3.8270608984017095e-05,-0.0001447848545172233,0.007712898702701714,0.003448901769800621,-0.011209321031284154,0.00044311843229854776,-0.0025841020877095154,0.0008944695753881216,-0.39974737426657986,0.0027453139903780145,-0.24171405424198103
1,8650752,-0.3372417191533741,-0.0036588706288470064,-0.005367357984396989,-0.004164797642574665,-0.004200917818811414,-0.02699263346110853,0.004103910059105263,-0.0012728556929075359,-0.005004022778245087,-0.5243494048128279,0.0175237784495155,-0.06611973151828604
1,8781824,-0.27926648712106955,-0.014136880013344106,-0.016265080584898273,-0.10219242250289035,-0.007893624948470701,-0.011224487679702244,-0.03409710435748927,0.00015839435299666647,-0.011460722606375144,-0.23741602515270413,0.07845406770194481,0.20743470297811475
1,8912896,-0.3447042977161314,0.0013279049121974864,-0.0014819909096773528,0.0021636718441690314,-0.002975713645214114,-0.01767649406908105,0.0032464917306963244,0.003698024560873529,0.0005840346282861614,-0.564031778914002,-0.01366251609268375,-0.04444708097698772
1,9043968,-0.2864723387146989,-0.0015901459907116018,-0.0028484318262734613,-0.0048092136805500205,-0.014573431761653498,-0.038477695909400256,-0.013215877538630239,0.003941380704598892,0.0006660216047782508,-0.4130607616488613,-0.006063080023527169,-0.2142816205963164
1,9175040,-0.3555459934374068,0.005760387431229601,0.015021670385686553,-0.051834982286298605,0.010041140207476937,-0.13501676229342333,0.03629479884065004,-0.022729287610949146,-0.004075135027542622,0.0657380544757432,-0.012709599866179273,-0.2852321881374139
1,9306112,-0.17339722289806228,-0.004901497622410361,-0.005411127467324156,0.013942934100971678,0.00416559566092735,-0.020685245865966526,0.01046189563788993,0.002450112630636365,-0.0009689238937033296,-0.3624737867894678,0.01792774685715408,-0.38321391057548615
1,9437184,-0.1898364536121323,-0.0035287688070136324,-0.004434827948949932,-0.023390982255768675,0.0445085772810426,-0.02605339461829034,0.017038689251741825,-0.004647668030221795,0.0033765521396769776,-0.5002412777415135,0.02820644832216723,-0.15473635999148122
1,9568256,-0.3542866935111229,0.0008422910266011991,0.0030179879371634993,-0.03160841937429593,0.00966623238285048,-0.030633583554852618,0.01785364993761236,0.005519200001313372,0.008341241409251994,-0.22222267846726731,0.009996008970206293,-0.30601201342746204
1,9699328,-0.36545264869329325,-0.008646137673621768,-0.01183231321744467,-0.021749136847998937,-0.0126732936818794,-0.06455073128179226,-0.000752020041754367,0.0003761249498335215,-0.007164195365389969,-0.4575006555006186,0.032134930659229045,0.017167812087144258
1,9830400,-0.3444405290356825,0.0056787586480324505,0.00991730626748075,0.03831410582249172,0.0030528992998321144,-0.03224777070065105,-0.012769939160591805,-0.000280230308220937,0.007206201151780321,-0.2955741434996966,-0.008432641529099612,-0.2420854745764401
1,9961472,-0.49630353689510875,0.0015367979666693248,-0.0010029975931671344,0.026083307691079992,0.045361661124886536,-0.05832969936863916,0.02457051143251256,0.00015161485421083138,-6.8523749637149e-05,-0.2084456894346463,0.025478064668705475,0.11266759522073676
1,10092544,-0.3092658341309085,-0.002297998910681394,-0.0027662717463483194,0.0031826615097426936,-0.00391088959704473,-0.014298841051090971,0.004732894640532223,0.003340480382309926,-0.0016031362858751948,-0.4003576190696898,0.018499524322818133,-0.23574384835295809
1,10223616,-0.3372209763794924,-0.002450749774575316,-0.0019546017180838175,0.003492174605186104,0.0020877587364873224,-0.027092397538674595,0.010138985903059774,-0.002619591137070401,0.0020358322051475955,-0.20295364945773706,0.02301817151589008,-0.3849351110285955
1,10354688,-0.3388015221250951,7.402856579840935e-05,0.001745460141839916,-0.0010551391186055838,0.024939078294728585,-0.053500641947863706,0.012606738998365811,0.0015379406765903903,0.00150666930030722,-0.41038301967654006,0.007070033218054727,-0.14677972793621047
1,10485760,-0.24668106847311563,-0.0012737060480451903,-0.001449935354493434,0.009093071744361785,0.0010382748112994244,-0.0240063549332793,0.0006127021245888094,0.0011895299742186616,0.0009314864583963248,-0.4818094925423135,0.009956883768771732,-0.22195749376711624
1,10616832,-0.36595817181752416,-0.002019820706810921,-0.002320365816082964,0.019636408997200802,0.0014783318163039676,-0.05109767828223952,0.02108105463563998,-0.0026917841567705996,-0.00013121184208107108,-0.2766238630988384,0.01691622093145168,-0.24004508789905593
1,10747904,-0.3704139582942995,-0.004594810865138321,-0.0052973490263917115,-0.00028547962916107886,-0.0077686951515106495,-0.020818009947392108,0.006928994887843444,0.0003562623575537681,-0.005715613035136222,-0.5075935461844996,0.01916468976591302,-0.05106259085516058
1,10878976,-0.42057329634489227,-0.0016307676199098808,0.0008404693864873391,-0.012431541838193075,0.005495830594746059,-0.004241803016797855,0.011133395040473039,-0.0003393238407504173,-0.005025713437742383,-0.4988308071116201,0.005789633908266129,-0.03366741786012143
1,11010048,-0.2466049038580154,-0.002696356091339785,-0.00334380125900958,-0.0013530143639669263,0.008674521589248321,-0.023993033166482776,0.010446203326084383,9.422623390483342e-05,-0.0008501307216546712,-0.3206322312557943,0.01017717405374077,-0.3711344040807582
1,11141120,-0.38820390497587165,-0.0002805428258163857,-5.421602557232013e-05,-0.02007824983586042,0.015478168891837693,-0.04067411065059684,0.005332210101263877,0.003027538497517625,0.015604631183710327,-0.43901349579385157,0.019171944893920417,-0.05308098632418083
1,11272192,-0.25370552227894105,-0.005319666621656152,-0.005032886052202859,-0.006473725272429364,0.018876026005807515,-0.017197424627889316,0.005035014003003301,0.004294713315298134,0.004606431096422741,-0.4086877041387508,-0.020523380545387906,-0.2502475060422109
1,11403264,-0.31658597941937594,-0.0016528638869569986,-0.0006404031139109748,0.010121513947719612,0.019794945009403958,-0.033559030048487155,0.014963587527485283,-0.0009322212054964401,0.003533222976393439,-0.320428019559986,0.012110930741106942,-0.2656772825636773
1,11534336,-0.39049432132963574,-0.002812694419191204,-0.002928220726252526,-0.0019411304427192073,0.0013578411141628999,-0.016138360483687247,0.0023551539715260406,0.0004765893214760581,-0.000199708683824838,-0.47551276889018224,0.009494808754797239,-0.09628840186254481
4,131072,-0.25826579338976785,0.009678840175527286,0.007026264110283119,-0.012813282723866903,0.023845118544154355,-0.014638935489263167,0.028683170212550395,0.0005929302149483014,-0.0015297799065205357,-0.43909419000896943,-0.009544801155023472,0.19428689406912517
