attempt,collected_frames,torque/flipper_torque_FL,torque/flipper_torque_FL_max,torque/flipper_torque_FL_min,torque/flipper_torque_FR,torque/flipper_torque_FR_max,torque/flipper_torque_FR_min,torque/flipper_torque_RL,torque/flipper_torque_RL_max,torque/flipper_torque_RL_min,torque/flipper_torque_RR,torque/flipper_torque_RR_max,torque/flipper_torque_RR_min
0,131072,971.8351030349731,1000.0,15.812044190242887,970.3967614173889,1000.0,13.462699674069881,971.6422185897827,1000.0,13.33373325318098,970.2585692405701,1000.0,15.282587733119726
0,262144,971.3921594619751,1000.0,15.406639960594475,969.8268866539001,1000.0,14.183373098261654,971.2424478530884,1000.0,16.666229113936424,970.152247428894,1000.0,14.00686102360487
0,393216,970.7721819877625,1000.0,13.731049939990044,970.0604043006897,1000.0,13.1567984521389,970.3443064689636,1000.0,13.613580834120512,970.1405572891235,1000.0,15.497215140610933
0,524288,971.1293115615845,1000.0,15.10528913885355,969.1808171272278,1000.0,14.188971392810345,972.5991134643555,1000.0,14.842059506103396,970.1478080749512,1000.0,13.842561356723309
0,655360,971.7242283821106,1000.0,15.502813424915075,968.3149423599243,1000.0,12.09260443225503,971.8651027679443,1000.0,17.006092250347137,969.8124866485596,1000.0,14.484536312520504
0,786432,970.5982022285461,1000.0,15.803360093384981,969.3998394012451,1000.0,13.583729848265648,973.2129292488098,1000.0,15.471636194735765,970.2104024887085,1000.0,12.438128884881735
0,917504,971.1267623901367,1000.0,18.497342508286238,970.1754145622253,1000.0,12.864332575351,974.4631590843201,1000.0,14.144074713811278,971.0796298980713,1000.0,16.4543185736984
0,1048576,971.7526898384094,1000.0,14.73240216076374,969.5213332176208,1000.0,13.661419466137886,972.7947583198547,1000.0,14.281632971018553,969.7809257507324,1000.0,15.497338280081749
0,1179648,740.0875173441568,1000.0,1.9994461900989213,785.5297168477376,1000.0,1.9756838011989992,806.9456851704915,1000.0,2.1540876603126526,779.4746932474773,1000.0,1.9277335322399933
0,1310720,971.6722540855408,1000.0,16.160240218043327,970.2544364929199,1000.0,14.429628413636237,973.5233778953552,1000.0,15.982784427702427,971.0026731491089,1000.0,13.854592552408576
0,1441792,972.1086993217468,1000.0,13.882510859519243,970.2197470664978,1000.0,16.52847160678357,974.1740741729736,1000.0,17.10144055262208,970.9208445549011,1000.0,14.279078396037221
0,1572864,971.3566861152649,1000.0,15.923130203038454,970.0784478187561,1000.0,14.11349007114768,973.039252281189,1000.0,12.88893024250865,971.3796515464783,1000.0,16.782286820933223
0,1703936,971.8437976837158,1000.0,16.82659905962646,971.3373456001282,1000.0,16.081048294901848,974.4290504455566,1000.0,16.10510354116559,970.8246512413025,1000.0,13.578658983111382
0,1835008,971.8138608932495,1000.0,16.387566106393933,970.5735640525818,1000.0,15.196751989424229,973.8983016014099,1000.0,18.893477588891983,971.0629081726074,1000.0,15.61064963042736
0,1966080,972.46178150177,1000.0,16.745452482253313,971.261390209198,1000.0,15.105513088405132,973.9961152076721,1000.0,14.27973522245884,970.293098449707,1000.0,13.947827525436878
0,2097152,972.0528430938721,1000.0,14.46316409856081,970.7370190620422,1000.0,15.545511852949858,974.4620637893677,1000.0,16.266996161080897,971.1561207771301,1000.0,14.567488929256797
0,2228224,853.6194765726725,1000.0,3.102147338365515,862.8733781433106,1000.0,3.2420674182971316,872.1240982564291,1000.0,3.6060554093122485,867.3852826944988,1000.0,3.252200931881865
0,2359296,972.6786613464355,1000.0,16.4887638092041,970.923825263977,1000.0,14.32115200906992,974.1976828575134,1000.0,19.45090962946415,970.7730298042297,1000.0,14.723824489861727
0,2490368,971.1959848403931,1000.0,14.514642514288425,969.8011832237244,1000.0,12.46218578144908,974.2986793518066,1000.0,17.180759977549314,970.6182684898376,1000.0,14.708948658779263
0,2621440,971.4978585243225,1000.0,13.849244941025972,969.565046787262,1000.0,14.835407100617886,973.8867926597595,1000.0,15.61855747550726,970.7588276863098,1000.0,15.746261268854141
0,2752512,971.6384153366089,1000.0,15.244545170105994,970.62868309021,1000.0,10.923846174031496,973.7314014434814,1000.0,13.27575458958745,970.9711742401123,1000.0,14.442735968157649
0,2883584,971.4272131919861,1000.0,13.343285713344812,970.6992478370667,1000.0,14.347298320382833,973.9573965072632,1000.0,13.712407749146223,970.4380373954773,1000.0,16.704333537258208
0,3014656,971.9157843589783,1000.0,17.241673085838556,970.6397109031677,1000.0,15.100574810057878,974.3776345252991,1000.0,16.75296338647604,969.9855556488037,1000.0,15.480439264327288
0,3145728,971.4656639099121,1000.0,16.25739123672247,971.1145462989807,1000.0,15.737017361447215,973.9174704551697,1000.0,17.159107752144337,970.3163042068481,1000.0,15.051699481904507
0,3276800,878.5911155192057,1000.0,3.6451870146145424,892.6687246704103,1000.0,4.226637365495165,896.941664428711,1000.0,4.18766767779986,886.1711745707194,1000.0,3.8976335323850315
0,3407872,971.3278293609619,1000.0,16.078437846153975,970.3184032440186,1000.0,15.16400695592165,974.1217155456543,1000.0,15.798830304294825,969.8446083068848,1000.0,12.990790293551981
0,3538944,971.0844912528992,1000.0,14.861867718398571,969.7169013023376,1000.0,13.74033660441637,974.1846179962158,1000.0,16.28526470437646,970.7874450683594,1000.0,12.791234284639359
0,3670016,970.2790913581848,1000.0,14.090982187539339,970.2314519882202,1000.0,13.408065471798182,973.9858994483948,1000.0,15.677913598716259,970.4885811805725,1000.0,13.74763031117618
0,3801088,970.4002766609192,1000.0,14.780297303572297,971.4258494377136,1000.0,12.208941550925374,974.5727248191833,1000.0,16.62989412806928,971.2581129074097,1000.0,14.48193995282054
0,3932160,971.2927293777466,1000.0,15.564827464520931,971.0322523117065,1000.0,12.761797063052654,973.9077396392822,1000.0,14.494372237473726,970.9933896064758,1000.0,14.817969899624586
0,4063232,971.488715171814,1000.0,14.069140445441008,971.4709959030151,1000.0,14.888116275891662,973.792977809906,1000.0,15.81328596547246,971.3927583694458,1000.0,14.897307332605124
0,4194304,971.1932134628296,1000.0,14.12080135755241,971.5591111183167,1000.0,15.887188881635666,974.2101421356201,1000.0,16.220632164739072,970.8854022026062,1000.0,15.449591383337975
0,4325376,889.6008462524414,1000.0,3.9514565056562425,906.3611514282227,1000.0,4.466377232111991,906.1251379903158,1000.0,4.768258178929488,899.4112348937988,1000.0,4.487994299630324
0,4456448,971.5079598426819,1000.0,16.151115503162146,970.2999687194824,1000.0,14.464391238987446,974.1033005714417,1000.0,17.180273346602917,969.9231996536255,1000.0,11.903698716312647
0,4587520,971.234806060791,1000.0,15.911458402872086,969.5442552566528,1000.0,11.722501996904612,973.7242207527161,1000.0,16.01145900785923,970.9288363456726,1000.0,15.859281867742538
0,4718592,970.7764673233032,1000.0,14.28682029992342,969.7900366783142,1000.0,14.701199254952371,973.2182507514954,1000.0,13.767703903838992,970.8720002174377,1000.0,15.40029613301158
0,4849664,971.3070993423462,1000.0,13.790958551689982,969.0173273086548,1000.0,11.943991020321846,972.8336977958679,1000.0,12.796825259923935,970.7941551208496,1000.0,13.538342487066984
0,4980736,971.7747449874878,1000.0,13.973451420664787,969.8646335601807,1000.0,13.294883471215144,973.4147243499756,1000.0,16.476351287215948,970.4054098129272,1000.0,17.006139174103737
0,5111808,970.8211302757263,1000.0,17.0229140073061,969.6604399681091,1000.0,13.691788628697395,973.4385166168213,1000.0,17.435203835368156,970.515139579773,1000.0,14.616922877728939
0,5242880,971.7500400543213,1000.0,15.81967544183135,968.8929033279419,1000.0,14.878031574189663,972.4880394935608,1000.0,15.185623336583376,970.6141719818115,1000.0,12.610150210559368
0,5373952,900.0018906148275,1000.0,4.217404798020919,915.2177101643881,1000.0,5.295626595616341,909.4127212015787,1000.0,4.975201205462217,903.5893504842122,1000.0,4.716365793198348
0,5505024,971.4844832420349,1000.0,15.138103016652167,970.0410032272339,1000.0,15.888966854661703,972.8256978988647,1000.0,17.365587655454874,970.8763098716736,1000.0,16.27762117423117
0,5636096,970.7649922370911,1000.0,14.135692801326513,969.7907214164734,1000.0,15.688598286360502,972.4550623893738,1000.0,14.67955081909895,970.7526264190674,1000.0,15.821663036942482
0,5767168,971.3150696754456,1000.0,15.879809841513634,968.9021582603455,1000.0,15.272168051451445,971.8168215751648,1000.0,16.813328616321087,970.3517618179321,1000.0,14.774641271680593
0,5898240,970.4892835617065,1000.0,15.580299248918891,969.4706559181213,1000.0,12.103773023933172,971.843316078186,1000.0,15.596354857087135,969.7818522453308,1000.0,12.459625448100269
0,6029312,971.2180967330933,1000.0,16.740916315466166,970.0048379898071,1000.0,13.976127224043012,971.433376789093,1000.0,16.821374848484993,969.6180987358093,1000.0,13.422036089003086
0,6160384,970.9471135139465,1000.0,15.438779082149267,969.4632105827332,1000.0,13.934381008148193,971.0420641899109,1000.0,14.534671122208238,969.9390168190002,1000.0,16.425599329173565
0,6291456,971.291690826416,1000.0,17.675096463412046,969.4588832855225,1000.0,15.388342062011361,971.4431557655334,1000.0,15.49509841017425,969.6505417823792,1000.0,15.749644473195076
0,6422528,906.8675208028158,1000.0,4.885033715963363,924.697635345459,1000.0,5.907945295572281,915.5168314107259,1000.0,5.356443586150805,907.344328918457,1000.0,4.887900012359023
0,6553600,971.5168404579163,1000.0,15.923892248421907,969.7588143348694,1000.0,16.240836460143328,971.767683506012,1000.0,17.246915832161903,970.4891066551208,1000.0,14.296871650964022
0,6684672,971.4378347396851,1000.0,15.622079141438007,969.6999411582947,1000.0,13.487282574176788,972.1874589920044,1000.0,14.20743117108941,969.7658038139343,1000.0,12.640743151307106
0,6815744,971.1022763252258,1000.0,15.165158338844776,970.1714735031128,1000.0,11.339447932317853,971.371856212616,1000.0,15.318332662805915,969.6805424690247,1000.0,12.274601737037301
0,6946816,971.0153579711914,1000.0,13.675426974892616,970.3683342933655,1000.0,16.36169097572565,972.1924390792847,1000.0,16.949228290468454,969.9470448493958,1000.0,14.607352789025754
0,7077888,971.2632365226746,1000.0,12.473671402782202,969.6546306610107,1000.0,12.404809780418873,971.5098576545715,1000.0,16.793222051113844,969.6852922439575,1000.0,14.379397980868816
0,7208960,970.4444437026978,1000.0,12.767569474875927,970.393120765686,1000.0,12.939156733453274,971.3533992767334,1000.0,15.325690433382988,970.274730682373,1000.0,14.774570424109697
0,7340032,970.2039394378662,1000.0,14.239617262035608,969.7222204208374,1000.0,13.931666117161512,971.8036513328552,1000.0,17.41315957903862,970.0179500579834,1000.0,13.827211573719978
0,7471104,911.5465765380859,1000.0,4.676925469152629,929.8941101074219,1000.0,6.281143182516098,920.1567139689128,1000.0,5.394608869949977,914.6821891276041,1000.0,5.428577946076791
0,7602176,971.3211812973022,1000.0,15.702763326466084,970.4774060249329,1000.0,14.845055013895035,971.977014541626,1000.0,15.708924813196063,969.6730070114136,1000.0,14.43176805973053
0,7733248,970.6943340301514,1000.0,14.367621898651123,971.2352256774902,1000.0,14.697271846234798,972.4573721885681,1000.0,13.7955042719841,970.6277327537537,1000.0,14.42030107229948
0,7864320,970.830325126648,1000.0,16.83599977940321,970.1084561347961,1000.0,15.441651996225119,970.8939929008484,1000.0,14.207064911723137,970.6527004241943,1000.0,13.639267940074205
0,7995392,970.543417930603,1000.0,11.668310897424817,969.860710144043,1000.0,15.884274918586016,971.6357088088989,1000.0,15.376047763973475,970.3492980003357,1000.0,17.53416032716632
0,8126464,971.1733627319336,1000.0,14.95467273145914,969.958713054657,1000.0,13.974556099623442,971.9059467315674,1000.0,14.58781798183918,969.5591320991516,1000.0,13.75587098672986
0,8257536,970.6140904426575,1000.0,13.326090589165688,969.190972328186,1000.0,17.650356870144606,971.6796617507935,1000.0,17.468498684465885,969.7199420928955,1000.0,13.425459407269955
0,8388608,971.2314705848694,1000.0,14.715463424101472,970.1597852706909,1000.0,13.451247591525316,970.7228579521179,1000.0,14.783485811203718,969.2683944702148,1000.0,13.234288785606623
0,8519680,913.9412828063964,1000.0,5.114071176548799,929.2907094828288,1000.0,5.957370544622342,923.3203161112467,1000.0,5.725951911161344,916.6613215128581,1000.0,4.984618881344796
0,8650752,970.5590281486511,1000.0,12.634763032197952,969.1957058906555,1000.0,12.817295178771019,971.5249328613281,1000.0,15.22536498401314,968.9372963905334,1000.0,14.114889539778233
0,8781824,970.9173450469971,1000.0,15.805917600169778,970.3690266609192,1000.0,13.18317098915577,971.9440832138062,1000.0,13.585988957434893,969.2962737083435,1000.0,11.77740903943777
0,8912896,971.1927561759949,1000.0,14.96507753059268,969.8712387084961,1000.0,15.324043538421392,971.8489489555359,1000.0,16.272896505892277,969.3710775375366,1000.0,15.184930853545666
0,9043968,971.1192760467529,1000.0,15.266200795769691,970.234827041626,1000.0,13.615435257554054,971.6735520362854,1000.0,16.26807963103056,969.938871383667,1000.0,14.345857501029968
0,9175040,970.2316527366638,1000.0,11.46075763553381,969.6734313964844,1000.0,15.676792412996292,971.5930886268616,1000.0,12.211970552802086,968.8278393745422,1000.0,14.201087900437415
0,9306112,970.5756397247314,1000.0,14.900414833799005,969.377462387085,1000.0,13.294684839434922,971.2265548706055,1000.0,15.32385504245758,967.7994017601013,1000.0,14.783508561551571
0,9437184,971.5079936981201,1000.0,14.26224706787616,970.2912230491638,1000.0,13.955478750169277,971.7522940635681,1000.0,15.21683158352971,969.4369230270386,1000.0,13.478996451944113
0,9568256,916.4398993937175,1000.0,5.142177188346784,931.2659039815267,1000.0,6.543042008280754,922.8200467427571,1000.0,5.628846266369026,919.9455301920573,1000.0,5.639490021169186
0,9699328,971.065450668335,1000.0,14.000631714239717,970.7612257003784,1000.0,13.170888053253293,971.849133014679,1000.0,15.118616662919521,968.6099514961243,1000.0,11.99262723326683
0,9830400,969.8098049163818,1000.0,11.698219753801823,969.6584801673889,1000.0,14.227487660944462,971.735764503479,1000.0,12.740129984915257,968.7584657669067,1000.0,15.107547966763377
0,9961472,970.8347873687744,1000.0,16.31397977285087,969.4868335723877,1000.0,15.749263692647219,971.298445224762,1000.0,15.045298323966563,968.8679060935974,1000.0,12.925882410258055
0,10092544,969.7709832191467,1000.0,16.035223485901952,968.9465880393982,1000.0,12.464945435523987,971.8849544525146,1000.0,14.967773038893938,968.5513319969177,1000.0,12.320384784601629
0,10223616,970.6133685112,1000.0,12.559341601096094,969.6991038322449,1000.0,13.323646981269121,971.3149003982544,1000.0,16.098124001175165,969.1065511703491,1000.0,13.979181438684464
0,10354688,969.8782615661621,1000.0,16.314720556139946,969.9516315460205,1000.0,13.64806666597724,971.565107345581,1000.0,12.524117946624756,968.9357414245605,1000.0,14.964311052113771
0,10485760,970.917649269104,1000.0,15.913226909935474,969.8591365814209,1000.0,14.06010677665472,971.0666055679321,1000.0,13.697776354849339,968.9695301055908,1000.0,11.89998970553279
0,10616832,916.5607760111491,1000.0,5.299131203889846,934.2358301289876,1000.0,6.904068764957289,921.0562942504882,1000.0,5.480454726964235,921.936062672933,1000.0,5.730100775510072
0,10747904,969.9050621986389,1000.0,14.04916750639677,969.2632122039795,1000.0,13.082051627337933,971.4670391082764,1000.0,15.488401114940643,968.5610013008118,1000.0,16.70511368755251
0,10878976,971.0142292976379,1000.0,14.77143968641758,970.3603191375732,1000.0,14.49524850398302,970.7283611297607,1000.0,14.563862912356853,968.643349647522,1000.0,13.496949825435877
0,11010048,971.3631539344788,1000.0,13.977295745164156,969.2126431465149,1000.0,14.386751774698496,971.170389175415,1000.0,14.353834411129355,969.1433839797974,1000.0,14.062362000346184
0,11141120,970.9473209381104,1000.0,14.249264188110828,970.6136159896851,1000.0,14.159187139943242,971.5770554542542,1000.0,16.455005437135696,969.8197894096375,1000.0,14.434319216758013
0,11272192,970.7530293464661,1000.0,11.911509566009045,970.118905544281,1000.0,13.718014594167471,971.2479658126831,1000.0,14.196591813117266,968.8606863021851,1000.0,13.23535917699337
0,11403264,970.4822363853455,1000.0,13.875837855041027,969.9682626724243,1000.0,12.448035351932049,971.4348192214966,1000.0,14.225005589425564,969.1418881416321,1000.0,13.245171012356877
0,11534336,970.597861289978,1000.0,15.591236405074596,969.6695108413696,1000.0,13.988320082426071,971.0539960861206,1000.0,14.618738621473312,969.0282526016235,1000.0,13.36985632777214
0,11665408,918.993313700358,1000.0,5.38390604933103,932.7536456807454,1000.0,6.8175709439814085,923.842673441569,1000.0,5.802373938113451,922.90148050944,1000.0,5.605274759531021
0,11796480,971.2308812141418,1000.0,15.79329338669777,970.1381163597107,1000.0,14.411523473449051,971.426173210144,1000.0,14.314919279888272,969.7608327865601,1000.0,15.664081577211618
0,11927552,970.3508133888245,1000.0,13.903972990810871,968.9728479385376,1000.0,12.59009737893939,971.1858549118042,1000.0,13.977210715413094,969.0950222015381,1000.0,14.385453842580318
0,12058624,970.873363494873,1000.0,15.922303408384323,969.6381559371948,1000.0,12.822116239927709,970.9390859603882,1000.0,13.517752256244421,969.2796530723572,1000.0,14.907863270491362
0,12189696,971.5251049995422,1000.0,16.275901421904564,969.9687829017639,1000.0,13.535121466964483,972.1685853004456,1000.0,16.993797852657735,969.6368708610535,1000.0,15.34416184015572
0,12320768,971.8124423027039,1000.0,17.180302742868662,969.7929549217224,1000.0,14.184832982718945,971.7731738090515,1000.0,13.52324315160513,969.7092509269714,1000.0,13.826817527413368
0,12451840,971.3717927932739,1000.0,14.607781454920769,971.0472388267517,1000.0,14.305282447487116,971.5930752754211,1000.0,16.660514906980097,969.4370861053467,1000.0,13.74840683862567
0,12582912,971.4270181655884,1000.0,16.03170104091987,970.0357599258423,1000.0,13.442721022292972,971.2263584136963,1000.0,13.277810961008072,969.1572189331055,1000.0,13.901844099164009
0,12713984,922.1507458496094,1000.0,5.7981188648939135,932.2002890523274,1000.0,6.574899237714709,923.3535786946616,1000.0,5.564895883401235,921.1616944376627,1000.0,5.598824483590821
0,12845056,970.7237253189087,1000.0,14.733877576887608,969.605309009552,1000.0,12.060061483643949,971.2922687530518,1000.0,12.16847126930952,968.7827401161194,1000.0,12.262180298566818
0,12976128,970.8076629638672,1000.0,13.736396700143814,970.1851062774658,1000.0,14.628330882638693,971.330418586731,1000.0,14.831848315894604,968.8918170928955,1000.0,13.595093067735434
0,13107200,971.3405685424805,1000.0,13.694010529667139,970.6050705909729,1000.0,15.814841073937714,971.0587420463562,1000.0,12.830910965800285,969.6622557640076,1000.0,11.636816104874015
0,13238272,970.9667439460754,1000.0,12.837276937440038,969.6643691062927,1000.0,12.9399758502841,971.1075992584229,1000.0,14.6406378634274,970.5057334899902,1000.0,13.830718302167952
0,13369344,971.7274231910706,1000.0,16.067938704043627,969.8401427268982,1000.0,14.400181427598,971.1156520843506,1000.0,13.490542261861265,970.2261791229248,1000.0,16.390868151560426
0,13500416,970.3706035614014,1000.0,14.780854765325785,969.7396059036255,1000.0,13.868412233889103,970.4983406066895,1000.0,16.436855234205723,969.5931529998779,1000.0,13.400798581540585
0,13631488,971.5611872673035,1000.0,16.90934371575713,969.9613094329834,1000.0,11.344825472682714,970.4508228302002,1000.0,14.559021882712841,969.8273282051086,1000.0,14.798914231359959
0,13762560,922.4354325866699,1000.0,5.620701945225398,931.3548869832357,1000.0,5.907697036961714,926.8657030741374,1000.0,6.0126251789927485,922.7019651285807,1000.0,5.78084320863088
0,13893632,971.8747892379761,1000.0,16.33746799454093,970.7357378005981,1000.0,12.583344480022788,971.0887432098389,1000.0,15.529969599097967,968.8852109909058,1000.0,13.262977831065655
0,14024704,971.9774703979492,1000.0,17.28017422556877,970.426507472992,1000.0,15.460210513323545,970.5437035560608,1000.0,13.706420797854662,969.1706156730652,1000.0,14.43382460065186
0,14155776,972.0724272727966,1000.0,16.206836689263582,969.7882299423218,1000.0,15.425545498728752,971.1253805160522,1000.0,15.96078084781766,970.0732021331787,1000.0,14.554951133206487
0,14286848,971.9828410148621,1000.0,14.83065252751112,971.2283682823181,1000.0,13.079722944647074,970.7152228355408,1000.0,14.090264536440372,970.207350730896,1000.0,16.74674873612821
0,14417920,972.0899076461792,1000.0,16.00362717360258,970.2386131286621,1000.0,14.33262413367629,970.4854440689087,1000.0,13.88177440688014,970.9138350486755,1000.0,12.221693588420749
0,14548992,972.45272397995,1000.0,16.076401840895414,970.5830254554749,1000.0,12.390914667397738,970.9026565551758,1000.0,16.285246156156063,970.5014090538025,1000.0,15.220381351187825
0,14680064,971.6804585456848,1000.0,13.550086170434952,970.6457443237305,1000.0,14.110427010804415,970.2501873970032,1000.0,13.430524876341224,970.486008644104,1000.0,14.585395004600286
0,14811136,923.67826171875,1000.0,5.534651677086949,935.255145517985,1000.0,6.88271142979463,926.5136804707845,1000.0,5.889909200370312,924.0239505513509,1000.0,5.689019894897937
0,14942208,972.0511169433594,1000.0,16.648301089182496,970.4356064796448,1000.0,15.382415850646794,970.6090426445007,1000.0,16.652104403823614,970.1460304260254,1000.0,14.580985691398382
0,15073280,971.9314007759094,1000.0,13.395393608137965,971.0196542739868,1000.0,15.010539270937443,971.2014298439026,1000.0,16.760921597480774,970.5825872421265,1000.0,15.368822075426579
0,15204352,971.6918201446533,1000.0,13.57511006295681,970.9693560600281,1000.0,15.541383534669876,969.7685804367065,1000.0,12.182822525501251,969.8870677947998,1000.0,15.533840220421553
0,15335424,972.2715630531311,1000.0,13.334462530910969,970.4313230514526,1000.0,14.23977767676115,970.8475770950317,1000.0,11.553342144936323,970.6641101837158,1000.0,15.604804357513785
0,15466496,972.1519284248352,1000.0,17.448783430736512,970.9549827575684,1000.0,13.443350180983543,970.7748041152954,1000.0,14.799149688333273,970.5743207931519,1000.0,14.73731953650713
0,15597568,971.7734732627869,1000.0,15.282310128211975,971.3715162277222,1000.0,15.842838011682034,971.1798605918884,1000.0,16.264662615954876,970.2036600112915,1000.0,15.399384833872318
0,15728640,972.1234579086304,1000.0,14.124950714409351,970.3246650695801,1000.0,11.765217710286379,971.1948437690735,1000.0,14.33276879042387,969.6906008720398,1000.0,12.341686315834522
0,15859712,924.4815225728353,1000.0,5.65471575508515,936.2077320353189,1000.0,6.921769312421481,927.4500455220541,1000.0,6.119974856177965,924.9106870015462,1000.0,6.003655630350113
0,15990784,972.482994556427,1000.0,14.769670020788908,970.4922904968262,1000.0,13.878726939670742,971.4043998718262,1000.0,11.887503404170275,970.460597038269,1000.0,13.925764173269272
0,16121856,972.0698494911194,1000.0,16.97731179371476,970.7180557250977,1000.0,13.509380731731653,971.0157356262207,1000.0,13.954110987484455,970.9002361297607,1000.0,13.889932226389647
0,16252928,971.891110420227,1000.0,15.991231732070446,971.0599036216736,1000.0,14.972648905590177,971.2693381309509,1000.0,16.318914841860533,969.8299713134766,1000.0,18.43193120881915
0,16384000,972.0366625785828,1000.0,17.417486786842346,970.548828125,1000.0,13.045779470354319,971.26349401474,1000.0,16.13140520453453,969.9765176773071,1000.0,14.688684318214655
0,16515072,972.3819313049316,1000.0,14.010745484381914,970.8272008895874,1000.0,13.71193416416645,970.5630211830139,1000.0,14.914542702957988,969.7630105018616,1000.0,14.896789334714413
0,16646144,971.6261157989502,1000.0,13.720860160887241,970.9624934196472,1000.0,16.612667724490166,971.7372341156006,1000.0,15.312442108988762,969.9177713394165,1000.0,13.5153424795717
0,16777216,972.8415675163269,1000.0,13.941383082419634,970.6894798278809,1000.0,17.054748713970184,971.3854184150696,1000.0,15.680690437555313,971.0222396850586,1000.0,15.411922182887793
1,131072,971.0079307556152,1000.0,12.523079320788383,970.4296054840088,1000.0,11.849634032696486,970.3834924697876,1000.0,15.243373841047287,969.7173275947571,1000.0,15.495936673134565
1,262144,972.1852650642395,1000.0,16.096840906888247,971.2126350402832,1000.0,14.753209963440895,971.054253578186,1000.0,13.719588164240122,971.1187191009521,1000.0,14.53624626994133
1,393216,971.4160709381104,1000.0,15.339242935180664,971.0086665153503,1000.0,15.643805600702763,970.7328743934631,1000.0,13.083959810435772,970.0023355484009,1000.0,14.880616635084152
1,524288,972.4634523391724,1000.0,13.862043980509043,970.7227568626404,1000.0,14.076340276747942,971.4455146789551,1000.0,15.806372372433543,971.232090473175,1000.0,13.937859117984772
1,655360,971.3476758003235,1000.0,15.80775549262762,971.0322003364563,1000.0,16.49752040952444,970.7318887710571,1000.0,14.308323057368398,970.0001902580261,1000.0,14.28946752101183
1,786432,972.2316370010376,1000.0,14.29160887375474,971.7513103485107,1000.0,13.576635694131255,971.3650650978088,1000.0,12.950322683900595,971.2180233001709,1000.0,16.31509730964899
1,917504,971.6848649978638,1000.0,12.195432792417705,971.502691745758,1000.0,13.579563740640879,970.9427299499512,1000.0,13.151169024407864,971.0931282043457,1000.0,13.883925208821893
1,1048576,971.3702735900879,1000.0,13.381589347496629,971.212818145752,1000.0,14.068459406495094,970.9255890846252,1000.0,15.301255634054542,970.9250564575195,1000.0,14.227698534727097
1,1179648,927.6864280700684,1000.0,6.148976695636908,937.0688745625814,1000.0,7.130068087478479,928.7272015889486,1000.0,6.164344417899848,930.4464887491862,1000.0,6.320413570130865
1,1310720,971.8551893234253,1000.0,17.067203909158707,971.5556650161743,1000.0,17.82009831815958,970.9943709373474,1000.0,15.062276374548674,970.684850692749,1000.0,12.977444633841515
1,1441792,971.6778440475464,1000.0,13.946275815367699,971.8670616149902,1000.0,14.227940641343594,970.8124794960022,1000.0,15.538952127099037,970.8342056274414,1000.0,15.410534426569939
1,1572864,971.7062954902649,1000.0,14.581872432492673,971.320885181427,1000.0,14.916790835559368,970.8759913444519,1000.0,16.102889496833086,971.2075705528259,1000.0,14.785743702203035
1,1703936,971.5568771362305,1000.0,14.220842331647873,971.8266839981079,1000.0,16.91989382682368,970.8185586929321,1000.0,14.44940311461687,971.2088069915771,1000.0,14.011362463235855
1,1835008,971.4830632209778,1000.0,14.71917024627328,971.6046686172485,1000.0,15.43588193319738,970.4637203216553,1000.0,14.188106831163168,970.111894607544,1000.0,14.057757053524256
1,1966080,970.7996487617493,1000.0,15.595086555927992,971.1623620986938,1000.0,15.949228534474969,970.896378993988,1000.0,14.422295160591602,970.5696859359741,1000.0,13.545432096347213
1,2097152,971.5863695144653,1000.0,17.137861790135503,971.1036801338196,1000.0,14.332086656242609,970.2301578521729,1000.0,15.587626768276095,970.8835182189941,1000.0,14.851019872352481
1,2228224,927.9637259928386,1000.0,6.3121827156345045,935.537069498698,1000.0,6.836199594239394,926.2580514526367,1000.0,5.896748254696528,928.845402730306,1000.0,6.082026809354623
1,2359296,971.5222015380859,1000.0,15.16556279361248,970.9312772750854,1000.0,14.061423890292645,969.5340547561646,1000.0,14.22493777051568,969.7177662849426,1000.0,13.726300984621048
1,2490368,970.8978314399719,1000.0,15.28305434808135,970.7270393371582,1000.0,16.05829681456089,970.8814716339111,1000.0,13.807668693363667,970.0689911842346,1000.0,14.075384698808193
1,2621440,971.0705246925354,1000.0,14.7777862213552,970.5813279151917,1000.0,14.752729650586843,970.1306533813477,1000.0,13.7300915569067,970.4195485115051,1000.0,16.916955783963203
1,2752512,971.4213647842407,1000.0,13.737033758312464,970.9642887115479,1000.0,15.630245001986623,970.0131754875183,1000.0,13.46589132770896,970.5907044410706,1000.0,10.786250293254852
1,2883584,970.3063230514526,1000.0,13.280421260744333,970.6444025039673,1000.0,16.732330232858658,970.132740020752,1000.0,14.689815225079656,969.882785320282,1000.0,14.01802184432745
1,3014656,970.7497367858887,1000.0,14.897962730377913,970.123016834259,1000.0,12.696501914411783,970.0697951316833,1000.0,11.640275844372809,971.0205068588257,1000.0,15.137199381366372
1,3145728,970.5677046775818,1000.0,14.969740722328424,970.4090852737427,1000.0,13.56678225658834,970.8902654647827,1000.0,15.31081972271204,970.2302780151367,1000.0,16.267406888771802
1,3276800,926.4816995747883,1000.0,6.322391424278418,935.5419740804036,1000.0,6.6592563824728135,927.0981644185383,1000.0,6.4430108056962485,930.2266547648112,1000.0,6.429042185495296
1,3407872,971.7544302940369,1000.0,14.865856816060841,970.6598229408264,1000.0,16.00474291201681,970.28364610672,1000.0,14.169251810759306,970.3338804244995,1000.0,15.43419785052538
1,3538944,971.145977973938,1000.0,16.649391213431954,971.3839964866638,1000.0,17.214568074792624,970.1873073577881,1000.0,15.078813880681992,970.3930439949036,1000.0,15.305020850151777
1,3670016,970.3102712631226,1000.0,17.003827452659607,971.42041015625,1000.0,14.123409174382687,970.1668572425842,1000.0,11.90070129930973,970.4174981117249,1000.0,14.530650267377496
1,3801088,970.7867889404297,1000.0,16.349996391683817,971.0181512832642,1000.0,15.72346544265747,970.0503435134888,1000.0,12.704055707901716,970.7480854988098,1000.0,12.557317599654198
1,3932160,970.5898480415344,1000.0,16.918881442397833,970.5388073921204,1000.0,14.598302531987429,970.7528128623962,1000.0,16.333621740341187,971.0383434295654,1000.0,18.326164823025465
1,4063232,970.8271059989929,1000.0,14.944211691617966,971.5686531066895,1000.0,16.62310715392232,969.8463830947876,1000.0,14.42818284779787,971.3307781219482,1000.0,13.831384785473347
1,4194304,971.1780099868774,1000.0,13.751116305589676,970.6516647338867,1000.0,13.189198903739452,969.8164238929749,1000.0,17.783195987343788,970.963357925415,1000.0,16.50939466059208
1,4325376,928.1905112202962,1000.0,6.115645426809788,937.7018401590983,1000.0,7.111999740004539,927.969911295573,1000.0,5.952051091517012,932.5294261169433,1000.0,6.49265461663405
1,4456448,970.8346409797668,1000.0,13.09450738132,970.8978509902954,1000.0,14.003537006676197,970.4721674919128,1000.0,12.197979863733053,970.6110377311707,1000.0,16.005423814058304
1,4587520,969.7533855438232,1000.0,13.43657042272389,970.9436054229736,1000.0,15.575709611177444,970.072304725647,1000.0,14.608730531297624,971.4370622634888,1000.0,15.515557680279016
1,4718592,970.68767786026,1000.0,12.66100074723363,970.9730553627014,1000.0,13.979742939583957,970.2961149215698,1000.0,12.921179510653019,971.911581993103,1000.0,14.148684380576015
1,4849664,969.9371461868286,1000.0,13.961950657889247,971.3778209686279,1000.0,12.995158901438117,970.0990538597107,1000.0,16.014495506882668,970.9661474227905,1000.0,15.412758704274893
1,4980736,970.3866438865662,1000.0,16.56307063996792,970.8876767158508,1000.0,14.813485641032457,969.5115919113159,1000.0,14.780787900090218,971.1455726623535,1000.0,12.432371333241463
1,5111808,970.2634887695312,1000.0,12.579043880105019,971.459545135498,1000.0,15.391508382745087,969.0904083251953,1000.0,14.851638436317444,970.9968609809875,1000.0,15.108372744172812
1,5242880,969.9939708709717,1000.0,15.075245812535286,970.9437217712402,1000.0,13.782741261646152,969.8097167015076,1000.0,13.49227549508214,970.9090247154236,1000.0,12.674075545743108
1,5373952,927.8316138712564,1000.0,6.069551464319229,936.6592792765299,1000.0,6.94644436823825,925.1891880289713,1000.0,5.787252310911814,931.2709364827474,1000.0,6.284279514551162
1,5505024,971.0980477333069,1000.0,14.13523368164897,970.248664855957,1000.0,14.871938165277243,968.9958076477051,1000.0,13.263158694840968,971.073588848114,1000.0,14.697916135191917
1,5636096,970.5994391441345,1000.0,16.716961486265063,970.9817099571228,1000.0,12.218292213976383,969.7962346076965,1000.0,12.835876540280879,971.3711471557617,1000.0,15.608558770269156
1,5767168,970.2192058563232,1000.0,13.425888702273369,970.8125553131104,1000.0,15.602015286684036,969.62859582901,1000.0,14.564886398613453,970.5913505554199,1000.0,15.840870406478643
1,5898240,969.9878182411194,1000.0,14.636744253337383,971.5404071807861,1000.0,15.610362522304058,969.7448587417603,1000.0,13.588691659271717,971.1528310775757,1000.0,16.607265293598175
1,6029312,970.1624627113342,1000.0,15.277711901813745,970.5040159225464,1000.0,13.598097745329142,969.0300064086914,1000.0,12.498045319225639,971.0259990692139,1000.0,13.63284651376307
1,6160384,970.690390586853,1000.0,14.752679489552975,971.2903289794922,1000.0,15.823881514370441,969.6248688697815,1000.0,14.967530742287636,970.6629509925842,1000.0,15.107491176575422
1,6291456,970.8376450538635,1000.0,9.782084722071886,971.309986114502,1000.0,14.15597193967551,968.3393783569336,1000.0,14.267148915678263,970.9789600372314,1000.0,13.299150962382555
1,6422528,925.7882275390625,1000.0,5.918917745078604,936.882229309082,1000.0,6.964120946427187,925.2410434468587,1000.0,5.7179531962672865,934.2444261678061,1000.0,6.703541663140059
1,6553600,971.3146829605103,1000.0,17.852373745292425,971.9114308357239,1000.0,15.22405643388629,970.1389074325562,1000.0,14.801084443926811,971.3477754592896,1000.0,14.327908232808113
1,6684672,971.2294707298279,1000.0,15.739283762872219,971.9586644172668,1000.0,15.797205701470375,969.5706462860107,1000.0,13.720801275223494,971.0585780143738,1000.0,14.168182380497456
1,6815744,970.7407183647156,1000.0,12.881639879196882,971.306067943573,1000.0,13.037091271951795,969.2291922569275,1000.0,14.478829408064485,971.0193696022034,1000.0,16.208175098523498
1,6946816,970.2694292068481,1000.0,14.759830731898546,971.4720325469971,1000.0,18.173143506981432,970.2198600769043,1000.0,17.25454553961754,970.907772064209,1000.0,15.97605098132044
1,7077888,970.6271514892578,1000.0,14.659740053117275,971.0076303482056,1000.0,12.991553612053394,969.9874773025513,1000.0,14.811420917510986,971.3015904426575,1000.0,15.078203111886978
1,7208960,971.1436133384705,1000.0,13.634680766612291,972.1773881912231,1000.0,16.113341687247157,969.6605548858643,1000.0,14.489819221198559,971.1815209388733,1000.0,16.116302352398634
1,7340032,970.980987071991,1000.0,14.846060533076525,971.6055784225464,1000.0,15.299582045525312,969.2996325492859,1000.0,13.764021210372448,970.6225924491882,1000.0,13.453277043998241
1,7471104,925.7148704020183,1000.0,5.9469081997126345,935.8858934020996,1000.0,6.9960696734984715,927.2235654703776,1000.0,6.220600872735183,934.2517555745443,1000.0,6.670223095417023
1,7602176,971.7938766479492,1000.0,15.36857045441866,970.8901891708374,1000.0,13.66774101741612,969.4318008422852,1000.0,15.44258981756866,970.8693604469299,1000.0,13.309277161955833
1,7733248,971.3457465171814,1000.0,14.157958330586553,971.2125368118286,1000.0,14.588922325521708,969.994725227356,1000.0,14.667837917804718,970.6994953155518,1000.0,12.235308527946472
1,7864320,970.4757165908813,1000.0,15.628885418176651,971.0467348098755,1000.0,14.522647367790341,969.4334096908569,1000.0,14.362876404076815,971.4622926712036,1000.0,16.585950311273336
1,7995392,970.3589601516724,1000.0,14.164910580962896,971.5388288497925,1000.0,14.345366925001144,969.5541305541992,1000.0,13.77554045803845,971.401111125946,1000.0,15.675585156306624
1,8126464,970.2402558326721,1000.0,12.67013045027852,970.9787001609802,1000.0,15.162142563611269,969.6818079948425,1000.0,13.072194673120975,971.3831086158752,1000.0,15.639498095959425
1,8257536,971.3985567092896,1000.0,15.836537923663855,971.7648944854736,1000.0,16.628348905593157,969.6401915550232,1000.0,14.631463192403316,971.5772061347961,1000.0,13.812206875532866
1,8388608,970.9995317459106,1000.0,15.826826717704535,971.0698294639587,1000.0,16.66142371855676,970.5121479034424,1000.0,17.124607607722282,971.4327392578125,1000.0,13.055664479732513
1,8519680,925.7593377685547,1000.0,5.701017925043901,936.937265065511,1000.0,7.106579646070799,928.0233883158367,1000.0,6.323437283088763,932.9954315694174,1000.0,6.629335603415965
1,8650752,970.6815452575684,1000.0,16.853573877364397,971.1861443519592,1000.0,14.350437693297863,970.0064206123352,1000.0,12.864121635444462,970.36492395401,1000.0,13.005547419190407
1,8781824,971.0749034881592,1000.0,15.062809579074383,971.5816679000854,1000.0,15.429210633039474,968.6329717636108,1000.0,13.955332677811384,971.621262550354,1000.0,15.860585786402225
1,8912896,970.8690280914307,1000.0,16.398971553891897,971.2096347808838,1000.0,16.508449336513877,969.8136491775513,1000.0,13.258461631834507,971.1797018051147,1000.0,17.476610906422138
1,9043968,972.0005798339844,1000.0,16.170316154137254,972.2970323562622,1000.0,15.760275421664119,969.9861612319946,1000.0,14.039410725235939,971.0051655769348,1000.0,14.499149486422539
1,9175040,972.0291442871094,1000.0,15.608359262347221,971.2730460166931,1000.0,14.268830090761185,969.578595161438,1000.0,13.072413311339915,970.6482267379761,1000.0,14.949822809547186
1,9306112,970.8056869506836,1000.0,15.55276558920741,970.8761067390442,1000.0,16.288694754242897,969.9104814529419,1000.0,13.358077362179756,971.2574615478516,1000.0,13.752537742257118
1,9437184,970.677225112915,1000.0,14.245858727023005,971.1872024536133,1000.0,14.15015085786581,970.6211667060852,1000.0,15.750490233302116,971.0916142463684,1000.0,15.825788207352161
1,9568256,927.134195505778,1000.0,6.211005183259646,937.2024448140462,1000.0,6.858408333063125,928.630124206543,1000.0,6.279806801229715,934.236809946696,1000.0,7.308660109341145
1,9699328,971.1043500900269,1000.0,15.505658067762852,970.9003119468689,1000.0,14.508317740634084,969.4584655761719,1000.0,15.484306078404188,969.9491004943848,1000.0,14.257817760109901
1,9830400,970.1058239936829,1000.0,15.514900915324688,971.7568368911743,1000.0,16.157779715955257,969.3955101966858,1000.0,13.40835143206641,971.3373980522156,1000.0,14.99855326488614
1,9961472,970.3961601257324,1000.0,12.098497565835714,971.2043852806091,1000.0,15.277145236730576,969.6684074401855,1000.0,16.143427658826113,970.9400825500488,1000.0,14.625455688685179
1,10092544,970.8401851654053,1000.0,15.375778123736382,971.015148639679,1000.0,13.3382817953825,969.2527413368225,1000.0,14.516897911205888,970.3603959083557,1000.0,14.580692145973444
1,10223616,970.9582643508911,1000.0,15.500851195305586,970.617066860199,1000.0,14.905191339552402,969.149115562439,1000.0,13.799699991941452,970.1182246208191,1000.0,16.357604317367077
1,10354688,970.3636555671692,1000.0,16.043792735785246,970.4494423866272,1000.0,12.154498731717467,967.7455596923828,1000.0,14.552921120077372,970.8119659423828,1000.0,16.823276828974485
1,10485760,970.5933346748352,1000.0,15.459271950647235,971.2131280899048,1000.0,15.287613328546286,968.9024000167847,1000.0,14.278970394283533,970.4266047477722,1000.0,15.921729307621717
1,10616832,924.3065472412109,1000.0,5.756060331563155,937.0395879109701,1000.0,7.309005079766115,929.0846709187825,1000.0,6.380041681230068,931.5958722941081,1000.0,6.656480056494475
1,10747904,971.000205039978,1000.0,14.986221199855208,971.3835916519165,1000.0,13.038027577102184,969.1413021087646,1000.0,13.61946913599968,969.6775846481323,1000.0,15.578322350978851
1,10878976,969.8699460029602,1000.0,15.82749980315566,972.5389161109924,1000.0,17.786646962165833,969.5710668563843,1000.0,12.690996952354908,970.3068885803223,1000.0,14.383506674319506
1,11010048,970.1493124961853,1000.0,15.244685601443052,971.8956336975098,1000.0,16.489961095154285,968.8785510063171,1000.0,13.08934811502695,970.8083410263062,1000.0,15.150125253945589
1,11141120,970.7526326179504,1000.0,16.59234819188714,971.2108302116394,1000.0,15.859395526349545,969.8643174171448,1000.0,12.393502127379179,970.6011505126953,1000.0,17.603794254362583
1,11272192,971.1793413162231,1000.0,14.725243140012026,969.9412775039673,1000.0,16.1206761226058,969.5709567070007,1000.0,12.750147394835949,970.8661203384399,1000.0,17.02924007177353
1,11403264,970.5059003829956,1000.0,12.791644286364317,971.0127849578857,1000.0,14.953560207039118,969.0297813415527,1000.0,14.634972136467695,970.6888947486877,1000.0,14.49225988611579
1,11534336,971.169623374939,1000.0,15.31665944121778,971.3882083892822,1000.0,15.774510566145182,970.1219644546509,1000.0,13.82683957181871,970.4893245697021,1000.0,15.295390874147415
4,131072,969.9447593688965,1000.0,17.202504888176918,970.1419477462769,1000.0,12.436989711597562,969.712254524231,1000.0,14.909432888031006,970.1493973731995,1000.0,14.197398083284497
