collected_frames,shock/accel_magnitude,shock/accel_magnitude_max,shock/accel_magnitude_min,shock/shock_normalised,shock/shock_normalised_max,shock/shock_normalised_min
65536,16.543716326355934,65.96684393286705,0.6948617916787043,0.5822965041734278,0.9963530944660306,0.034658486023545265
131072,13.230123102664948,66.46128511428833,0.5515406334889121,0.5094808577559888,0.9944066219031811,0.027565653435885906
196608,11.771820425987244,76.09594720602036,0.5167051031021401,0.4699206075165421,0.9940050467848778,0.025826478376984596
262144,10.586275614798069,57.464002430438995,0.43458114500390366,0.43632365413941443,0.9903130372986197,0.021723981015384197
327680,10.02181150764227,55.306470185518265,0.34750216238899156,0.4163791888859123,0.9880364378914237,0.017372528091073036
393216,9.33393768966198,57.88128677010536,0.30128395842621103,0.39185926248319447,0.9868138395249844,0.015062222257256508
458752,12.93260669708252,62.98448982834816,0.3219627444341313,0.4864763047080487,0.9949023826047778,0.016095947474241257
524288,9.5851064696908,57.91973960399628,0.2615365908422973,0.39491523848846555,0.9914733404293656,0.013075496070086956
589824,8.06724151968956,52.273829966783524,0.16741425008513033,0.3438072132412344,0.9846969908103347,0.008370380848646164
655360,7.43571412563324,55.08044046163559,0.17732281517237425,0.3191696882713586,0.9882231894880533,0.008865771815180779
720896,6.821901563555002,52.91724571585655,0.14270466020388994,0.2967557217925787,0.985754775814712,0.007135043852031231
786432,9.772291924804449,57.344883263111115,0.1399645224082633,0.39109630207531154,0.9907025536522269,0.006998024880886078
851968,7.47360322624445,64.40722450613976,0.16422654784400947,0.3216723545920104,0.9875259706750512,0.008211048319935799
917504,6.564820550382137,49.615909934043884,0.12466531978861894,0.2891765877138823,0.9781361855566502,0.006233135238289833
983040,6.225804731249809,46.67700037360191,0.10606386662038858,0.27626353478990495,0.9709032047539949,0.005303097888827324
1048576,5.966594260185957,45.49989706277847,0.09867674582346808,0.26704438077285886,0.9703064300119877,0.004933773539960384
1114112,8.390439428389072,56.938052505254745,0.13362635046360083,0.34529619943350554,0.9886163370683789,0.006681137718260288
1179648,6.414897162467241,46.154796332120895,0.093987294130784,0.2844746266491711,0.9722929066047072,0.0046992795541882515
1245184,6.239815428853035,48.201309874653816,0.08775052670534933,0.27607041387818754,0.9758067196235061,0.004387465305626392
1310720,6.264458637684584,48.72448015213013,0.09188716451171786,0.2768014403991401,0.9765756381675601,0.004594291560351849
1376256,6.183426387608051,49.531816214323044,0.09324620108964154,0.2732972993981093,0.9780893521383405,0.004662238992750645
1441792,9.313477493822575,59.47715836763382,0.12097720782912802,0.3767694605048746,0.990864235907793,0.0060487063601613045
1507328,6.671473499387503,49.10085417330265,0.13901367917424068,0.2928713362198323,0.9790679980069399,0.006950494833290577
1572864,6.21565468609333,47.53415338695049,0.11780809631454758,0.2744328409899026,0.9749908177182078,0.0058902958407998085
1638400,5.847469728440046,48.12601260840893,0.0975390974781476,0.25939706165809184,0.9763850327581167,0.004876887425780296
1703936,5.688344769179821,47.63753569126129,0.08979284038650803,0.2532162823481485,0.9743195660412312,0.004489597864449024
1769472,8.591120444238186,58.0159949362278,0.11886695211433107,0.35069200256839395,0.9904252085834742,0.0059432219713926315
1835008,6.116143103688955,48.288496911525726,0.11278878454322694,0.27041924104560167,0.9769006809219718,0.005639334209263325
1900544,5.386130169034004,48.92583020031452,0.10291476359998342,0.24047428730409592,0.977532060816884,0.005145643837749958
1966080,5.000019293278456,45.908334106206894,0.09565119625040097,0.2262400797335431,0.9682811694219708,0.004782499745488167
2031616,4.948706727474928,44.37790624797344,0.09898061407147907,0.22474531957414,0.9638827228918672,0.00494895875453949
2097152,9.853487633168697,61.39189839363098,0.2774818347534165,0.39215695741586387,0.992251118645072,0.013872568495571613
2162688,6.152999754995108,56.18902391195297,0.14845752338442253,0.2680503926239908,0.9865954807028174,0.007422632537782192
2228224,5.568199820816517,53.079104363918304,0.13764997878752183,0.24468976794742048,0.9843251341953874,0.006882337853312492
2293760,5.063436698168516,46.87958984076977,0.12392735286994139,0.2272178779821843,0.9725401112809777,0.006196243688464165
2359296,4.780316304415464,45.6315042078495,0.10735255698818946,0.21636806870810688,0.9686559913679957,0.005367548204958439
2424832,9.571305248886347,58.203360706567764,0.19261563822510652,0.3860875063110143,0.9903876222670078,0.009630323387682438
2490368,6.62286439165473,49.94994309544563,0.12983544803864788,0.28851701272651553,0.9803928462788463,0.006491619162261486
2555904,5.89852824434638,49.818044275045395,0.12062887795036659,0.25960151688195765,0.979196161031723,0.006031332537531853
2621440,5.472940627485514,46.7319870442152,0.10115676891291514,0.24414763983804733,0.9733357783406973,0.005057762376964092
2686976,5.152332812547684,45.03373599052429,0.08187995781554491,0.2325192125281319,0.968058317899704,0.004093954339623451
2752512,8.5956149995327,55.686248391866684,0.15391083255235571,0.3540939758531749,0.9883140316233039,0.007695275358855724
2818048,6.822079744189978,43.99903033673763,0.14025006821611896,0.301781237591058,0.9678374184295535,0.007012305781245232
2883584,5.995685014873743,42.226596131920815,0.1300332208920736,0.2698329316917807,0.961519562639296,0.006501496769487858
2949120,5.783377010375261,42.706989109516144,0.10344792253454216,0.2610003981972113,0.9613942401483655,0.005172320641577244
3014656,6.007235273718834,47.2575736194849,0.11436627568036783,0.26738032465800643,0.9711645422503352,0.005718206986784935
3080192,8.607392366975546,58.48506215214729,0.15174998773727566,0.3524440953042358,0.9900950100272894,0.00758725218474865
3145728,6.530930180102587,50.25372424721718,0.13169701551669277,0.28671915573067963,0.97757488489151,0.0065846992656588554
3211264,5.715946841984987,49.19150622189045,0.1112701940437546,0.2546353326179087,0.9752378948032856,0.005563405342400074
3276800,5.438891172409058,49.30462598800659,0.10669455969764385,0.24345901003107429,0.9750965628772974,0.00533464178442955
3342336,5.326929599046707,49.09623530507088,0.07413161832664628,0.2384835360571742,0.9760899962857366,0.0037065409123897552
3407872,8.862756211310625,55.06564939022064,0.12613668286940083,0.3656397832091898,0.9868874289095402,0.006306659430265427
3473408,6.560726560652256,47.23213143646717,0.1216147578379605,0.2890306308399886,0.975148094817996,0.006080612540245056
3538944,5.9544418677687645,47.090928331017494,0.11027794804249424,0.26517761347349733,0.9735484812408686,0.005513807758688927
3604480,5.645315665751696,45.2933818846941,0.11792766039434355,0.2535894252359867,0.968169592320919,0.005896269343793392
3670016,5.804386783391237,45.88257655501366,0.1181745953454083,0.2599591283360496,0.9690499315038323,0.005908618681132793
3735552,7.918961942195892,52.70129042863846,0.1266264020378003,0.33337931940332055,0.984931917861104,0.0063311876729130745
3801088,6.387175872921944,46.59952859580517,0.12502465415309416,0.2842155690304935,0.9708045581355691,0.006251085549592972
3866624,5.982215266674757,46.86804895102978,0.11482794187395484,0.2676131103653461,0.9719678666442633,0.0057412851601839066
3932160,5.85210145264864,44.34211312234402,0.0976127485773759,0.2627782562049106,0.9651641258969903,0.004880573600530624
3997696,5.882189553231001,43.4126190841198,0.10982956585939974,0.2644105236977339,0.9645714666694403,0.005491392686963081
4063232,7.651219602674246,53.883563697338104,0.13352062074409332,0.32405252126045525,0.985170304775238,0.006675851531326771
4128768,6.359652426093817,45.25393910706043,0.1175523767597042,0.28382979333400726,0.9671033462509513,0.00587751530110836
4194304,6.113560948520899,44.18918927013874,0.11735853008576669,0.2749989340081811,0.9656355027109385,0.005867800675332546
4259840,6.259869739413261,46.287815660238266,0.12094686762429774,0.27875088318251073,0.9724640995264053,0.006047201342880726
4325376,6.2727880254387856,47.3524444848299,0.11376485993969254,0.27854929119348526,0.9734506271779537,0.005688133649528027
4390912,7.416152890771627,52.92322680354118,0.12347374037199188,0.3174326126463711,0.9857620000839233,0.006173552013933659
4456448,6.451223757117987,43.11035072803497,0.11745010190497851,0.28735837363637984,0.9649078026413918,0.005872376263141632
4521984,6.166804797947407,43.9927633702755,0.09612794269196456,0.2767486956436187,0.9645690163597465,0.004806330427527428
4587520,6.514240577816963,46.10762429237366,0.11869446310447529,0.28926444076932967,0.9723065486177802,0.005934548564255238
4653056,6.318715896457434,43.49932172894478,0.1134661847318057,0.28329181764274836,0.964062511920929,0.005673195235431194
4718592,7.529761269688606,50.84400340914726,0.15914210218761582,0.3229343688581139,0.9828420775011182,0.007956817746162415
4784128,6.560980346053839,47.995284005999565,0.14405867875029799,0.2924862706568092,0.9727723095566034,0.007202738896012306
4849664,6.31532260030508,45.31595195829868,0.11919866917014588,0.2833628859370947,0.963521383702755,0.005959800444543362
4915200,6.774639204144478,46.342903420329094,0.14303174147789832,0.3000518246553838,0.9704498033970594,0.007151374593377113
4980736,6.686913229525089,45.46940851211548,0.10192101396387443,0.2966716883238405,0.9717799052596092,0.005095953121781349
5046272,8.000235047191381,51.34002274274826,0.1571521176956594,0.3394648318644613,0.9839645167812705,0.00785730592906475
5111808,6.819026965647936,46.47079390287399,0.09879906626156298,0.30198595277033746,0.9732198435813189,0.004939858801662922
5177344,6.205149799585342,44.09837767481804,0.08396417952462798,0.2782803475856781,0.9654120774939656,0.004198147915303707
5242880,6.2634889259934425,45.69339203834534,0.09183879995543975,0.2785100843757391,0.9714678954333067,0.004591860808432102
5308416,6.2342619597911835,49.418148800730705,0.09704640001291409,0.2775603197515011,0.9722209265455604,0.0048522502183914185
5373952,7.713913127779961,53.694651901721954,0.12230119809828466,0.32750357198528945,0.9850093368440866,0.00611492246389389
5439488,6.96241344884038,47.35229639708996,0.1143446932110237,0.30588157195597887,0.976644879207015,0.005717133171856403
5505024,6.695677153766155,63.00872594118118,0.12735045402587275,0.29369873018004,0.9817243004217744,0.0063673947006464005
5570560,6.433478392660618,46.83844129741192,0.08029444257408613,0.2852190244011581,0.9734844956547022,0.004014665260910988
5636096,6.388264574110508,49.008458241820335,0.05782913984148763,0.28282892354764044,0.976759453304112,0.002891426905989647
5701632,7.379232797771692,51.04714189469814,0.10911284447502112,0.31608135416172445,0.9822198916226625,0.005455546081066132
5767168,6.4146276749670506,43.470405891537666,0.10368265213037375,0.28580867033451796,0.9664207920432091,0.0051840441301465034
5832704,5.906312022358179,44.53577549755573,0.09452454209531425,0.2661086197476834,0.9665261879563332,0.004726158455014229
5898240,5.951286219060421,46.55073530972004,0.08484154611505801,0.2660464547807351,0.973350727930665,0.004242022521793842
5963776,6.031392112374306,45.724975407123566,0.09982072703860467,0.26956325373612344,0.9714680910110474,0.004990960471332073
6029312,7.450149446725845,53.17479081451893,0.09587998119241092,0.3172412358690053,0.984258845448494,0.004793926142156124
6094848,6.23011352494359,45.03391781449318,0.11269905402878067,0.2779211071319878,0.968363611958921,0.005634850822389126
6160384,5.91151986271143,46.6459696739912,0.10368386230402393,0.2646310699637979,0.9697880977764726,0.0051841093227267265
6225920,5.9983361922204494,46.79753357172012,0.09573655404165038,0.26736895681824535,0.9694319916889071,0.004786749370396137
6291456,5.8995999954640865,45.28162698447704,0.0832900080786203,0.2639984533889219,0.967375535517931,0.004164458252489567
6356992,7.585319634526968,51.97892768681049,0.12075945042306557,0.3227932909503579,0.983390019275248,0.006037827581167221
6422528,6.512491796165705,47.55499151349068,0.1302423442248255,0.28778294124640524,0.9758275216445327,0.006511975079774857
6488064,6.03708766028285,45.91628709435463,0.11027187333093025,0.26988301146775484,0.9698294410482049,0.005513489246368408
6553600,5.925180125981569,47.02279540896416,0.08925789067870937,0.26503515325021,0.9730022186413407,0.004462842829525471
6619136,5.890125583857298,49.97871509194374,0.09133633236342575,0.2630852295551449,0.9756573671475053,0.0045667607337236404
6684672,7.509834609925747,52.11071306467056,0.1493186720617814,0.32157080597244203,0.9831508165225387,0.007465708069503307
6750208,6.355989556759596,43.70521758496761,0.12780905803811038,0.2845453389454633,0.9631317919120193,0.006390303373336792
6815744,6.060067985206842,43.722323790192604,0.12253149795287754,0.2731197359971702,0.9617293225601315,0.006126446649432182
6881280,6.1930710300803185,43.021229669451714,0.11639670597651275,0.27775420621037483,0.9637226862832904,0.005819730460643768
6946816,6.339513041079044,46.84280999004841,0.13314450954203494,0.2820070260204375,0.9748961208388209,0.006657076999545097
7012352,7.8501552157104015,52.59401199221611,0.13264367970623425,0.3343513053841889,0.9844457488507032,0.006631989032030106
7077888,6.767674993723631,45.93852758407593,0.12612248286313843,0.29929611971601844,0.9727987702935934,0.0063059767708182335
7143424,6.237210962921381,44.841042414307594,0.10977642534999177,0.2789844882208854,0.9684505434706807,0.005488724447786808
7208960,5.868179354816675,44.26201395690441,0.09071814006529166,0.26424370252061635,0.9640538515523076,0.004535846412181854
7274496,6.031645182520151,44.58394227921963,0.09633360010047909,0.2697869169060141,0.9673288501799107,0.004816610366106033
7340032,7.76341649889946,53.51615300774574,0.10222014111059252,0.329585685627535,0.986665515229106,0.0051109157502651215
7405568,6.543577376753092,46.68448415398598,0.10601912809215719,0.2900383099913597,0.9737729448825121,0.005300866439938545
7471104,5.92894684523344,44.860071271657944,0.10001057461340679,0.26608639454934746,0.9670111853629351,0.005000452511012554
7536640,5.9164070300757885,45.20032341778278,0.09674037121294532,0.2646239687455818,0.9696347042918205,0.0048369597643613815
7602176,6.103049326688051,45.13634113967419,0.09039162388944533,0.2720140302553773,0.9691081065684557,0.004519535228610039
7667712,7.484946087002754,53.03904478251934,0.10364651072450215,0.31884070741944015,0.9841153593733907,0.005182245746254921
7733248,6.452354084700346,46.744035452604294,0.11065164631872904,0.2847170236054808,0.9745125966146588,0.005532498471438885
7798784,5.82863537222147,51.336850464344025,0.08498648093518568,0.2603226248174906,0.9723903005942702,0.004249272868037224
7864320,5.848268896341324,46.14262539148331,0.08602379105286673,0.26119200699031353,0.9715117644518614,0.004301141016185284
7929856,6.139704152941704,47.223223939538,0.09800889405596536,0.27321600168943405,0.972297178581357,0.004900372587144375
7995392,7.32292902842164,50.970419734716415,0.10676869999952032,0.31379520683549345,0.9825679305940866,0.005338337272405624
8060928,6.75597258657217,45.10328982770443,0.12114389786438551,0.2985917723271996,0.9712264742702246,0.0060570742934942245
8126464,6.374708969146013,46.22793638706207,0.10362550164427375,0.28395559289492667,0.9720601607114077,0.005181176587939262
8192000,6.481124389916658,47.111844062805176,0.12120479418081231,0.2875335041899234,0.97463065572083,0.006060115061700344
8257536,6.594125550240278,50.884329468011856,0.11851451922120759,0.2902086309622973,0.9794956753030419,0.005925607867538929
8323072,7.422633670270443,53.12354676425457,0.11747168962028809,0.3165022886823863,0.9842100637033582,0.005873465910553932
8388608,6.384640350937843,47.650489553809166,0.11203644087072462,0.28325297008268535,0.9745526285842061,0.005601728335022926
8454144,5.999703019857407,47.963376849889755,0.1028788771291147,0.2681936761364341,0.9742805454879999,0.005143865942955017
8519680,6.0385349206626415,48.98670256137848,0.09428666479652748,0.26842602842953056,0.9769324157387018,0.004714267328381538
8585216,6.107068635523319,47.21227851510048,0.08143428632683936,0.27163222699891776,0.9726629694923759,0.004071671515703201
8650752,7.208412915468216,52.05648848414421,0.10875230963574722,0.30889865872450173,0.9842359758913517,0.005437502637505531
8716288,6.428651791065931,49.78018444776535,0.10696429512609029,0.284297963604331,0.9777703639119864,0.005348127335309982
8781824,6.292181957513094,45.31329467892647,0.08630255493335426,0.2797464218456298,0.9693979090079665,0.004315081052482128
8847360,6.459308128803968,47.62445020675659,0.10280728297948372,0.2854058069642633,0.9741903385147452,0.00514028687030077
8912896,6.499114234000444,49.26160718500614,0.0990225727437064,0.28718499606475234,0.9794708797708154,0.004951076582074165
8978432,7.759689886122942,50.368882834911346,0.11061629609321244,0.33149301493540406,0.9824385223910213,0.005530725233256817
9043968,7.152268726378679,49.23107509315014,0.09785792685579509,0.31230421643704176,0.9792039403691888,0.0048928093165159225
9109504,6.746873032301664,47.953775241971016,0.11528783882386051,0.2984059618320316,0.9741486739367247,0.005764278583228588
9175040,6.866640936583281,48.64495016634464,0.15226420624094317,0.3025336335413158,0.9780646758154035,0.007612995803356171
9240576,6.891048528254032,52.16558995842934,0.11702029515436152,0.3027791779022664,0.9821664253249764,0.005850896239280701
9306112,8.064615495502949,64.0603627115488,0.11453689449990634,0.33898165938444436,0.9897400960326195,0.005726723000407219
9371648,7.218722328543663,57.08002896606922,0.13119970652041957,0.3143222783692181,0.9839819790795445,0.006559820845723152
9437184,6.610830433666706,48.18921263515949,0.12291084441676503,0.29293089266866446,0.9738458078354597,0.006145399995148182
9502720,6.623816553503275,46.46002987027168,0.11573605109879281,0.29439925868064165,0.972722040489316,0.005786675028502941
9568256,6.745694361627102,52.527119159698486,0.11714146151643945,0.2993049176875502,0.9726878814399242,0.005856932140886784
9633792,7.558194272220135,52.2599858045578,0.1201179801573744,0.3254290309268981,0.9844737639650702,0.006005778908729553
9699328,6.939832143485546,48.139984011650085,0.10940159854362719,0.3061336704995483,0.9771455889567733,0.005469970405101776
9764864,6.743223417550325,55.890091344714165,0.11756315059028566,0.2982542214449495,0.9757358944043517,0.005878036841750145
9830400,6.945434428751469,48.74653308093548,0.0995289171114564,0.3049774926621467,0.9788727471604943,0.00497636292129755
9895936,7.040743246674538,47.28230707347393,0.10837163805263117,0.30979014351032674,0.9750756714493036,0.005418475717306137
9961472,7.900130994617939,51.84866192936897,0.12572626178371138,0.3343681008554995,0.9838432352989912,0.006286160089075565
10027008,7.067343488335609,47.38726103305817,0.1488688909157645,0.31146122328937054,0.9764962382614613,0.007443221285939217
10092544,6.771387729793787,45.515009090304375,0.14959451950562652,0.30090245767496526,0.971622352488339,0.00747949443757534
10158080,6.859973460435867,46.13087013363838,0.16175978945102543,0.30415382562205195,0.9730039993301034,0.008087698370218277
10223616,7.2469576224684715,48.33825013041496,0.14518125558970496,0.3176603747997433,0.9794614063575864,0.007258818484842777
10289152,7.912643864750862,51.84676471352577,0.14604502959991805,0.33701116964221,0.9846981875598431,0.007302025333046913
10354688,7.555842120200396,50.90217971801758,0.15275037428364158,0.32804561499506235,0.9827056871727109,0.007637283764779568
10420224,7.157729867845774,47.92021004855633,0.12598285466083325,0.3151099730748683,0.9755199104547501,0.0062990011647343636
10485760,7.130688205361366,49.13294515013695,0.12844152304023737,0.3143819379620254,0.9761670101433992,0.006421922706067562
10551296,7.403287071734667,51.24168808758259,0.15340511742397211,0.32308664661832154,0.9780638264492154,0.0076700178906321526
10616832,8.222617145627737,53.181756258010864,0.15498085599392653,0.3485340524930507,0.9844913901761174,0.007748762145638466
10682368,7.537165213376284,46.711768701672554,0.13803614303469658,0.3294363506138325,0.9750547287985682,0.006901634857058525
10747904,7.207941219210625,46.18747815489769,0.14273381044040434,0.3181313509121537,0.9727239180356264,0.007136494852602482
10813440,6.917843732982874,44.09627613425255,0.1339618076599436,0.3090399354696274,0.962141266092658,0.006697908043861389
10878976,7.157514803111553,46.46349577605724,0.14708597064600326,0.31689984421245754,0.9742800425738096,0.0073540788143873215
10944512,8.295957323163748,51.6982184946537,0.1593626341491472,0.35209658136591315,0.9854617770761251,0.007967783138155937
11010048,7.571871817111969,47.65837404131889,0.1727135552209802,0.33181957085616887,0.9769851891323924,0.00863531045615673
11075584,7.282949287444353,46.959238797426224,0.1742063210112974,0.3208545248489827,0.9751718062907457,0.00870997179299593
11141120,7.0803553238511086,46.272364020347595,0.09277232229032961,0.3135726961772889,0.9723903751000762,0.00463849026709795
11206656,7.137517340481281,49.05787989497185,0.13790413564129267,0.31396260508336127,0.9776123026385903,0.006895003840327263
11272192,8.032965946942568,53.01017078757286,0.11147958271976677,0.3400629728566855,0.9865590194240212,0.0055738696828484535
11337728,7.400701943784952,49.027720749378204,0.128818889381364,0.3223858238197863,0.9807226872071624,0.006440775468945503
11403264,7.091366417706013,48.92498791217804,0.13849532630410977,0.3114690566435456,0.9770671837031841,0.006924588233232498
11468800,7.033686276525259,50.62145468592644,0.13555848272517323,0.30850286642089486,0.9791458649560809,0.00677775964140892
11534336,7.102569717913866,49.59194493293762,0.1407809187658131,0.3106580921448767,0.9799075415357947,0.007038832642138004
11599872,8.202857609838247,53.153787195682526,0.15956921470933594,0.3468767588492483,0.9863239591941237,0.007978190667927265
11665408,7.388600345700979,48.713901460170746,0.1492074757552473,0.3222348028793931,0.9799552289769053,0.007460141554474831
11730944,6.942826773971319,47.00276616215706,0.1588615166110685,0.3067021039314568,0.9755747523158789,0.007942778058350086
11796480,6.548964075744152,46.392656311392784,0.15017212374368683,0.2919291176367551,0.9730091309174895,0.007508378475904465
11862016,6.704857271164656,47.39600199460983,0.13570856428850675,0.29666934674605727,0.9751565828919411,0.006785239093005657
11927552,8.254131093621254,53.50375558435917,0.13644298711733427,0.3464055676013231,0.9863501861691475,0.006821952760219574
11993088,7.0637336820364,47.43664275109768,0.14079744562332053,0.30980473826639354,0.9756251461803913,0.007039681077003479
12058624,6.427744433283806,45.65285359323025,0.14551107787701767,0.286449657054618,0.9712937949225307,0.007275314070284367
12124160,6.367666307836771,47.26209105551243,0.14073965878924355,0.28404815029352903,0.9688368299975991,0.007036780007183552
12189696,6.750016216188669,47.31762854754925,0.1638859972008504,0.29769456828944385,0.9727412285283208,0.00819396786391735
12255232,8.39780606329441,53.33590975403786,0.15610611440206412,0.35039718239568174,0.9865266997367144,0.007805049419403076
12320768,7.202309139072895,50.85240413248539,0.14754142651509028,0.3137831592466682,0.9819135507568717,0.007376823574304581
12386304,6.5805885046720505,47.588681131601334,0.17043074406683445,0.2913214119616896,0.975986116565764,0.008521211333572865
12451840,6.683815825730562,47.413520365953445,0.13893226388609037,0.2957374022807926,0.9751703999936581,0.006946444511413574
12517376,6.936293248087168,49.222358241677284,0.1789220342761837,0.30491031613200903,0.9775288747623563,0.008945731446146965
12582912,8.031020630151033,52.9081991314888,0.13782592868665233,0.33873155480250716,0.9854766558855772,0.0068910988047719
12648448,6.80449802801013,44.36745457351208,0.14769251777761383,0.3010830821003765,0.9692357098683715,0.007384369149804115
12713984,6.19084781780839,42.79887284338474,0.13975552616466302,0.278568358393386,0.9631780972704291,0.006987596862018108
12779520,6.393161877989769,44.3638995885849,0.13061362950247712,0.28524374589324,0.9682946782559156,0.006530518643558025
12845056,6.494574934244156,45.17441128194332,0.14191060290613677,0.28877065423876047,0.9682404287159443,0.007095329463481903
12910592,8.083867855370045,53.71484896540642,0.15588829470652854,0.34010058525018394,0.9870091220363975,0.007794100791215897
12976128,6.559666085988283,44.714917823672295,0.14531949200318195,0.2917207945138216,0.9705615546554327,0.007265765219926834
13041664,6.00862081348896,43.083934396505356,0.12080538297595922,0.2712430612882599,0.9607505155727267,0.006040138192474842
13107200,6.413016565144062,46.81492838263512,0.1296563596552005,0.2854259442538023,0.9761707885190845,0.006482656113803387
13172736,6.357397805899382,44.354218542575836,0.13641729512892198,0.2845515334047377,0.9663647171109915,0.006820703856647015
13238272,7.862894285470247,52.60419997572899,0.11399515953962691,0.33316883305087686,0.9845697591081262,0.005699644796550274
13303808,6.554538957774639,47.01014468073845,0.11665282925241627,0.28991841641254723,0.9763962840661407,0.005832526832818985
13369344,5.944482017308474,45.36540372669697,0.10195094968366902,0.26640188903547823,0.9685400445014238,0.005097473971545696
13434880,6.06257139518857,47.39428086578846,0.10904230939195259,0.2701173983514309,0.9757526004686952,0.005452025681734085
13500416,6.024140812456608,47.37934683263302,0.09691936051240191,0.2694844277575612,0.9718067403882742,0.004845895804464817
13565952,7.775485817342997,55.814703941345215,0.13505099996109493,0.32744996971450746,0.9856552481651306,0.006752385757863522
13631488,6.364023696631193,48.67158496379852,0.1214488263358362,0.2813243377022445,0.9786467337980866,0.006072319112718105
13697024,5.939833011478186,48.44641275703907,0.10683724605041789,0.265180894639343,0.97620187420398,0.00534175056964159
13762560,6.219651199877262,49.52514320611954,0.109407632946386,0.27575459820218384,0.9778814679011703,0.0054702674970030785
13828096,6.076329782605171,46.11761352419853,0.10384668417827925,0.27085706242360175,0.9715792378410697,0.00519225187599659
13893632,7.548386950045824,53.08234992623329,0.10162874785601161,0.32048114645294845,0.9854431189596653,0.005081361159682274
13959168,6.184202276170254,47.973183780908585,0.10890256855782354,0.27457192656584084,0.9746892629191279,0.005445033311843872
14024704,5.7997922077775,49.31859311461449,0.09976909995020833,0.2586899215821177,0.9755786033347249,0.004988369531929493
14090240,5.741809993982315,53.272305101156235,0.11039955407613888,0.25489064352586865,0.981302990578115,0.0055198874324560165
14155776,6.002905886620283,48.602618515491486,0.09323480373132043,0.2663462007185444,0.9788459381088614,0.004661678336560726
14221312,7.830743286758661,55.141346752643585,0.11822457083326299,0.32976514124311507,0.9868750451132655,0.005911113694310188
14286848,6.403824996203184,49.54843083024025,0.10440496345836436,0.2819786708569154,0.9796127080917358,0.005220148712396622
14352384,5.885228864848614,47.004853919148445,0.12131566338939592,0.2629230482270941,0.97223667986691,0.006065664812922478
14417920,5.978167589753866,48.09375822544098,0.12085350809502415,0.266475320328027,0.9739934401586652,0.0060425447300076485
14483456,6.008790984749794,45.87497669458389,0.11367478252213914,0.2682567606680095,0.9712631581351161,0.0056836409494280815
14548992,7.224603816866875,52.02854406833649,0.0979942627636774,0.3097485990729183,0.9843260534107685,0.0048996396362781525
14614528,6.24586595594883,46.261924028396606,0.11377732169057708,0.27818633150309324,0.9740580581128597,0.005688763223588467
14680064,6.000137064605951,46.63972492516041,0.10623783635674044,0.2686056380625814,0.9721834445372224,0.005311809480190277
14745600,6.145510263741016,63.423414781689644,0.11139449972688453,0.27193630021065474,0.9809282794594765,0.005569630302488804
14811136,6.312665916979313,47.8287219107151,0.10686403531872202,0.2796488313470036,0.9759155530482531,0.0053431130945682526
14876672,7.296082425862551,49.924924820661545,0.1136182058180566,0.31301519786939025,0.9813152942806482,0.005680798552930355
14942208,6.419678818434477,47.5739718824625,0.10578449135209667,0.2846691703889519,0.9758766265586019,0.005289134569466114
15007744,6.111658297479153,48.082860469818115,0.09620566759986104,0.2729753307066858,0.9739695554599166,0.004810213111341
15073280,6.368702106177807,48.12740361690521,0.10973893689515535,0.28238286287523806,0.976426369510591,0.005486851558089256
15138816,6.42580159753561,47.736053213477135,0.11501720841624774,0.2844989860896021,0.9756113681942225,0.005750757642090321
15204352,7.401878856122494,50.78121994435787,0.1518658980494365,0.3182559972628951,0.9823669204488397,0.007593046873807907
15269888,6.638993371278048,47.53188532590866,0.14218444874859415,0.29424167796969414,0.974013164639473,0.007109028287231922
15335424,6.288053389638662,48.72498317062855,0.10741294535546331,0.2808059314265847,0.9775316566228867,0.005370547994971275
15400960,6.535479411482811,49.57434916496277,0.12889057866414078,0.2895849449560046,0.9804420173168182,0.006444377824664116
15466496,6.497730076313019,48.40707975625992,0.1471065898804227,0.28773593343794346,0.9772629234939814,0.007355116307735443
15532032,7.408845078200102,51.69430458545685,0.11604678854928352,0.3168613724410534,0.9846913814544678,0.005802233703434467
15597568,6.469337392598391,47.00856027007103,0.12109968756703893,0.28650638717226684,0.974216933362186,0.006054865196347237
15663104,6.1873752400279045,45.50320707261562,0.13137322523107287,0.2763695130124688,0.9717656997963786,0.006568508222699165
15728640,6.208259232342243,49.99770949780941,0.12976042280206457,0.27627987368032336,0.9783778740093112,0.006487883627414703
15794176,6.491148706525564,56.08624552190304,0.13246360573975835,0.2856875555589795,0.983742855489254,0.006623029708862305
15859712,7.202682476490736,50.07370185852051,0.1288540451278095,0.3102266974747181,0.9818111713975668,0.006442545913159847
15925248,6.3758307211101055,45.31147284805775,0.14203569773235358,0.2854264380875975,0.9673120584338903,0.00710156187415123
15990784,6.303344327956438,47.404970198869705,0.1174400388263166,0.2811406790278852,0.9750723410397768,0.005871881730854511
16056320,6.132415924221277,47.43002687394619,0.07694181692932034,0.2735512072686106,0.9721470633521676,0.0038470467552542686
16121856,6.366377588361502,47.648404374718666,0.09041792687639827,0.2822220849338919,0.9759348211809993,0.00452082883566618
16187392,7.162823982536793,49.66919708251953,0.1143724375142483,0.3099149826448411,0.9811225049197674,0.00571850873529911
16252928,6.611503217369318,53.86953350901604,0.12257534609307186,0.29076975281350315,0.9801409477367997,0.006128629669547081
16318464,6.337247252464294,52.56790189445019,0.11975529335904866,0.28138469881378114,0.977378711104393,0.00598765816539526
16384000,6.16829502210021,48.43914423882961,0.11824359037564136,0.2762930211611092,0.9726261664181948,0.005912072956562042
16449536,6.3833400048315525,50.62645833194256,0.12539922867290443,0.28196566505357623,0.977581225335598,0.006269821897149086
16515072,7.279262751340866,51.80051675438881,0.11945804140850669,0.31304558203555644,0.9842785419896245,0.005972770042717457
16580608,6.714745920151472,46.495703771710396,0.14017870454699732,0.29729860043153167,0.9747937433421612,0.007008742541074753
16646144,6.420888178050518,46.07509243488312,0.13040791705134325,0.28602508758194745,0.973581894300878,0.006520266644656658
16711680,6.418027687817812,48.73330135643482,0.1307767925900407,0.285621763439849,0.9787544403225183,0.00653866957873106
16777216,6.550580270588398,47.61641347408295,0.116744523136731,0.29065079474821687,0.975520946085453,0.005837094038724899
16842752,7.321365658193827,50.86262157559395,0.117168748183758,0.31614376744255424,0.9820219166576862,0.005858324468135834
16908288,6.816183224320412,45.21391585469246,0.13308982769376598,0.30130496015772223,0.9708949085325003,0.006654331460595131
16973824,6.5712916776537895,44.88060483336449,0.1345324953290401,0.29209431703202426,0.9709524381905794,0.006726452149450779
17039360,6.648191824555397,49.76552081108093,0.12502078679972328,0.29394492018036544,0.9793442776426673,0.006250903010368347
17104896,6.730167165398598,46.809488609433174,0.13863137966836803,0.2980285594239831,0.9723532181233168,0.00693136639893055
17170432,7.512106455862522,51.341800421476364,0.11732825334183872,0.3227208014577627,0.9845557566732168,0.005866296589374542
17235968,7.1080857664346695,53.616696417331696,0.13701970702095423,0.31020677043125033,0.9810328120365739,0.0068508051335811615
17301504,6.85847108066082,47.22338551282883,0.14335495745763183,0.3021994852460921,0.9743533600121737,0.007167545147240162
17367040,6.784130986779928,46.095571517944336,0.13428081874735653,0.30063097877427936,0.9746419340372086,0.006713861599564552
17432576,6.988312777131796,46.61362139880657,0.16407561633968726,0.30836193659342825,0.9738974068313837,0.008203485049307346
17498112,7.871850419789553,51.313649386167526,0.13480651593272341,0.33526918361894786,0.9844229901209474,0.006740155629813671
17563648,7.206764556467533,48.642941266298294,0.1500290386757115,0.31587710068561137,0.978163355961442,0.0075011951848864555
17629184,6.9288763627409935,46.539591267704964,0.12931728427793132,0.3059958091471344,0.9751989906653762,0.00646571721881628
17694720,6.891408141702414,47.22830645740032,0.1255522390420083,0.30437638727016747,0.9753839001059532,0.006277469918131828
17760256,6.792639374732971,48.06451639533043,0.13368478194024647,0.30089303315617144,0.9755602516233921,0.006684089079499245
17825792,7.586295031011105,50.94276449084282,0.12670270289527252,0.3248080303892493,0.9827800812199712,0.006334984675049782
17891328,6.820734366774559,46.69353772699833,0.12242624644568423,0.30149435927160084,0.9742385372519493,0.006121163256466389
17956864,6.607213154435158,44.604694217443466,0.12914997420739383,0.29399783071130514,0.9708969490602612,0.006457357667386532
18022400,6.344517782330513,43.69096186757088,0.1447120984958019,0.28485657344572246,0.9645741209387779,0.007235405966639519
18087936,6.575624480843544,48.28530961275101,0.14599214361805934,0.29234196711331606,0.9764884328469634,0.007299375720322132
18153472,7.6913511753082275,51.41559571027756,0.13537755588185973,0.3278900964651257,0.9845563685521483,0.006768699735403061
18219008,6.87751704454422,47.666946798563,0.09963390888879076,0.30289280554279685,0.9754279218614101,0.00498160719871521
18284544,6.6212014220654964,49.61596478521824,0.11196665347961243,0.2931475124787539,0.9747097725048661,0.005598227493464947
18350080,6.627334754914045,48.913491904735565,0.11990964480719413,0.2941444041207433,0.9750974513590336,0.00599536020308733
18415616,6.615235436707735,45.928055584430695,0.14944222182384692,0.29432724649086595,0.9723255913704634,0.007471900433301926
18481152,7.3883363381028175,48.45513518154621,0.1274394044157816,0.3208051829133183,0.9796316362917423,0.00637182779610157
18546688,6.84092453867197,46.99833357334137,0.15572646587679628,0.30448178155347705,0.9720219299197197,0.0077860672026872635
18612224,6.6568017192184925,44.533031567931175,0.12961528237792663,0.29824878042563796,0.9669718369841576,0.0064806099981069565
18677760,6.694634083658457,45.188545018434525,0.14273836142820073,0.29947249265387654,0.9682544330134988,0.007136705331504345
18743296,6.919446859508753,45.873604983091354,0.15370642062771367,0.30719552049413323,0.972351087257266,0.007685062475502491
18808832,7.762501586228609,49.527613922953606,0.1633877589192707,0.3345893828663975,0.9816828034818172,0.00816909410059452
18874368,7.087857697159052,44.51682960987091,0.1559394019714091,0.3148565227165818,0.9684896236285567,0.0077966973185539246
18939904,6.84429694712162,44.19479851424694,0.15031194752373267,0.3055697719100863,0.966146438382566,0.007515380159020424
19005440,6.874611593782902,45.03989873826504,0.16141660780704115,0.3069182620383799,0.9701614687219262,0.008070516400039196
19070976,6.834253184497356,45.21764288842678,0.17004740276024677,0.30534001253545284,0.9689593827351928,0.00850202888250351
19136512,7.460000555962324,48.98344540596008,0.12434009936987422,0.3240045711863786,0.9798845015466213,0.006216880865395069
19202048,6.872856203466654,46.42910672724247,0.14779343879490625,0.30595395155251026,0.9724934110417962,0.007389465346932411
19267584,6.716856379061937,44.95879055559635,0.1407107105187606,0.2997338860295713,0.9712631851434708,0.00703535508364439
19333120,6.956991966813803,56.40182504057884,0.1369884923187783,0.30679777287878096,0.9798070508986712,0.00684923492372036
19398656,7.010050471872091,47.73345974087715,0.14910450964816846,0.3097004552837461,0.9757234249264002,0.007454987615346909
19464192,7.706650715321302,50.3328438103199,0.13737039985790034,0.33186468295753,0.9815655201673508,0.00686831958591938
19529728,7.030253790318966,45.53318263590336,0.13893305508827325,0.31145935133099556,0.9712820667773485,0.006946436129510403
19595264,6.781707476824522,44.07741568982601,0.1398379815655062,0.3030464693438262,0.967291472479701,0.006991705857217312
19660800,6.754597924649715,43.9065952450037,0.14745282092189882,0.301499146502465,0.9686477454379201,0.0073724426329135895
19726336,6.8664315193891525,46.4883798956871,0.13302552330424078,0.30501428223215044,0.973337628878653,0.0066511016339063644
19791872,7.610757905989885,49.69064113497734,0.1477550561176031,0.3298602954018861,0.9802204119041562,0.0073875077068805695
19857408,6.973182339221239,45.45154766738415,0.1145966285985196,0.3105622089933604,0.9709869511425495,0.0057297153398394585
19922944,6.943322658538818,46.07461215555668,0.1335935796960257,0.3098212245386094,0.9696639832109213,0.006679466925561428
19988480,7.026995159685612,47.09118486940861,0.15648831728321966,0.31262696511112154,0.97541060205549,0.007824144326150417
20054016,6.972103469073772,43.788832023739815,0.18080106261186302,0.31115632178261876,0.967478402890265,0.00903963390737772
20119552,7.674400828778744,49.0188514739275,0.1453647652233485,0.33418575930409133,0.979668790474534,0.0072680190205574036
20185088,7.095338754355907,45.64770159125328,0.1482628823723644,0.31618116656318307,0.9721304941922426,0.007412910461425781
20250624,6.999109346419573,44.913452580571175,0.1666639533941634,0.3124785318505019,0.9717164570465684,0.00833288487046957
20316160,7.090795170515776,45.91964370012283,0.16034098561794963,0.3161721942014992,0.9719141172245145,0.008016742765903473
20381696,6.984550181776285,43.494009256362915,0.17819105261878576,0.3136509780306369,0.9641638267785311,0.008909109979867935
20447232,7.462443742901087,47.59978470206261,0.14600325317587703,0.3265355157200247,0.9773342637345195,0.007299927994608879
20512768,7.145309295505285,47.77279818058014,0.14242853241739795,0.3178678809199482,0.973308626562357,0.007121196016669273
20578304,7.039557032287121,54.19615742564201,0.1448864475969458,0.3135444817598909,0.972893726080656,0.007244114764034748
20643840,7.377762299031019,50.10654951632023,0.18639673272991786,0.3253150174859911,0.9771239999681711,0.009319338016211987
20709376,7.213591434061527,48.03527095913887,0.1704160207445966,0.32100474229082465,0.9742177622392774,0.00852044578641653
20774912,7.609860945492983,49.68985578417778,0.12688764644553885,0.3290153187699616,0.981261346489191,0.006344238296151161
20840448,7.044029030948877,45.59396940469742,0.13871904117695522,0.31310672662220895,0.9728433676064014,0.006935762241482735
20905984,6.8951403349637985,48.03414335846901,0.14494307368295267,0.3079184324014932,0.9707641992717981,0.007246959954500198
20971520,6.93342861533165,47.589127242565155,0.15660694842517842,0.30936210113577545,0.9663642132654786,0.007830094546079636
21037056,7.058408062905073,46.68133455514908,0.1803182338771876,0.3132420778274536,0.9735535141080618,0.009015530347824097
21102592,7.459172539412975,50.42585922777653,0.12856877642479958,0.32272123149596155,0.9825797798112035,0.006428299471735954
21168128,6.9154738783836365,45.6546850502491,0.12175232658046298,0.3063638829626143,0.9717389810830355,0.0060874829068779945
21233664,6.46441650018096,44.292906016111374,0.12436786573380232,0.2905265304725617,0.965867375023663,0.006218256428837776
21299200,6.630892224609852,44.57935379445553,0.13198616995941848,0.29609279870055616,0.9684209106490016,0.006599141284823418
21364736,6.563705161213875,45.578989669680595,0.1487615404985263,0.2940060617402196,0.9703384647145867,0.007437854073941708
21430272,7.482883628457785,52.00151367485523,0.1396877163933823,0.32128799380734563,0.9838812304660678,0.0069842152297496796
21495808,6.754391506314278,46.113460555672646,0.1292668360256357,0.29978600540198386,0.9722456624731421,0.006463195197284222
21561344,6.402440086007118,45.519689574837685,0.1210552293996443,0.28700719214975834,0.9699963191524148,0.006052633747458458
21626880,6.7044675424695015,47.71481302380562,0.12033525698643643,0.29712727991864085,0.9751660600304604,0.006016643717885017
21692416,6.692277744412422,50.487831100821495,0.14546125501510687,0.29682200495153666,0.9777531595900655,0.007272849790751934
21757952,7.347879432141781,50.61675789952278,0.13019308002549224,0.3166984219569713,0.9825859433040023,0.0065095080062747
21823488,6.822671536356211,45.394214287400246,0.1365273416886339,0.30167760723270476,0.9726978251710534,0.0068261874839663506
21889024,6.4439612329006195,56.187475487589836,0.12451871782832313,0.28693787031807005,0.9769554175436497,0.006225788965821266
21954560,6.468295846134424,46.895840018987656,0.11731418930867221,0.2889696282800287,0.9719223203137517,0.005865571089088917
22020096,6.598188858479261,44.55267579853535,0.12054832553258166,0.29367999639362097,0.968745892867446,0.006027283146977425
22085632,7.238774988800287,52.92729517817497,0.125167247671925,0.31358178053051233,0.9810650926083326,0.00625822227448225
22151168,6.837027661502361,49.6102192401886,0.12263053141214186,0.30331642692908645,0.9750152183696628,0.0061313798651099205
22216704,6.560236290097237,44.86797848343849,0.10801415238893242,0.29354689829051495,0.9693633494898677,0.00540060643106699
22282240,6.676311738789082,48.49624910950661,0.12942909222329035,0.29748980491422117,0.9696883037686348,0.006471291184425354
22347776,6.790654364973307,47.178519397974014,0.14557900201180018,0.3010570870246738,0.9765036376193166,0.007278721779584885
22413312,7.501357331871986,51.915305852890015,0.1102489166878513,0.323246005224064,0.9839686052873731,0.00551234744489193
22478848,7.081044416874647,48.98413062095642,0.12474509140884038,0.3115562554448843,0.9782530441880226,0.00623711571097374
22544384,6.794099751859903,45.13195538520813,0.1345371542192879,0.30221285950392485,0.9697717381641269,0.006726662628352642
22609920,6.746197506785393,48.28209574520588,0.1641809172288049,0.2994159401860088,0.9744769288226962,0.008208751678466797
22675456,6.866630543023348,47.13752768933773,0.15250217517314013,0.30420837877318263,0.9738047420978546,0.007624856196343899
22740992,7.6973898857831955,53.05621585249901,0.1373293968354119,0.3258035285398364,0.9860327392816544,0.006866294890642166
22806528,6.820271253585815,49.21177530288696,0.1303179320821073,0.29895276483148336,0.980257005430758,0.006515747867524624
22872064,6.465832024812698,45.70790745317936,0.13064587076951284,0.28746782150119543,0.9726412240415812,0.006532137282192707
22937600,6.350196298211813,45.044157177209854,0.13113001720194006,0.2832765085622668,0.9701784709468484,0.006556332111358643
23003136,6.458713553845882,47.00236035883427,0.13209596571687143,0.2869284679181874,0.9705344690009952,0.006604641675949097
23068672,7.7497714795172215,52.69487273693085,0.1302907327626599,0.3294629871379584,0.985764941200614,0.006514372304081917
23134208,6.772620547562838,47.65124437212944,0.1350558296253439,0.2991235021036118,0.9754896890372038,0.00675261951982975
23199744,6.2914249412715435,46.79523566365242,0.11843903061526362,0.28029816574417055,0.9733593035489321,0.005921836011111736
23265280,6.249332681298256,45.797930374741554,0.11545412222039886,0.2785948619712144,0.9715764364227653,0.005772599019110203
23330816,6.226294189691544,46.54590500891209,0.11691193669685163,0.2770673756022006,0.9703359184786677,0.005845479667186737
23396352,7.666053514927626,50.68927516043186,0.10633869249068084,0.3252276333514601,0.9831256698817015,0.005316845141351223
23461888,6.35156861320138,46.64795637130737,0.119831500473083,0.28202081518247724,0.9744553007185459,0.005991455167531967
23527424,6.000317361205816,46.54859647154808,0.10621655377326533,0.2682787418598309,0.9715565145015717,0.0053107356652617455
23592960,5.828259725123644,48.099700555205345,0.09878522870712914,0.2607813854701817,0.972027275711298,0.004939192906022072
23658496,6.010983757674694,54.978548645973206,0.1120416141638998,0.26619909272994846,0.9812122620642185,0.0056019797921180725
23724032,7.479497250169516,51.34333157539368,0.1060402517177863,0.3191405937541276,0.9834397025406361,0.005301911383867264
23789568,6.404729772359133,46.791933953762054,0.10493566689547151,0.2844795600976795,0.9732016958296299,0.0052467044442892075
23855104,6.106526225805283,46.10867953300476,0.12671033591323067,0.27288875193335116,0.9719463912770152,0.0063353851437568665
23920640,6.027146443724632,50.511336877942085,0.12096939893672243,0.2698679342865944,0.9735302999615669,0.006048338487744331
23986176,6.131661739200354,56.43422777950764,0.09151760907843709,0.27249175356701016,0.9778442839160562,0.004575802944600582
24051712,7.6244672648608685,53.16173651814461,0.0935335411450069,0.32340210187248886,0.9856652850285172,0.004676611162722111
24117248,6.4144701808691025,61.62458637356758,0.10991967208974529,0.28230941738002,0.9807551093399525,0.005495882593095303
24182784,6.040259573608637,46.70776990056038,0.09928338624013122,0.2693060487508774,0.9731290554627776,0.004964097402989864
24248320,6.089083556085825,48.12174542248249,0.10724620634573512,0.2705777697265148,0.977486178278923,0.00536221731454134
24313856,6.171077094972134,49.0863723307848,0.09559972162242047,0.27350005973130465,0.9753715535625815,0.004779932089149952
24379392,7.619978565722704,52.49555614590645,0.05224565777461976,0.32316303672268987,0.9841366875916719,0.0026122452691197395
24444928,6.171337299048901,46.64171078801155,0.05196888622594997,0.2749430483672768,0.9709755042567849,0.002598416991531849
24510464,5.807494163513184,46.28171621263027,0.100002634091652,0.2604268229333684,0.9705759864300489,0.005000052973628044
24576000,5.851890593767166,46.9817119538784,0.09341189872066025,0.2612562037538737,0.9733219929039478,0.004670536145567894
24641536,6.114915054291487,49.822054997086525,0.07362663841922767,0.2715211631730199,0.9759194934740663,0.0036812908947467804
24707072,7.6208798587322235,54.43099185824394,0.13494311933754943,0.3240711868274957,0.9857704546302557,0.00674697570502758
24772608,6.3852247558534145,51.488000482320786,0.11793088405102026,0.28237188211642206,0.9806395880877972,0.005896434187889099
24838144,5.957674372941256,46.37104868888855,0.10736779218132142,0.2665085408370942,0.9697774294763803,0.005368306301534176
24903680,5.9457888305187225,45.65281976759434,0.1222260131398798,0.2665323121473193,0.9706780016422272,0.006111178547143936
24969216,6.27839707583189,61.593993708491325,0.11551878580939956,0.2761536610778421,0.9819696033373475,0.0057758307084441185
25034752,7.630250070244074,55.60481345653534,0.11733493617794011,0.3245084872469306,0.9864521874114871,0.005866631865501404
25100288,6.463099956512451,57.29914651811123,0.09866556726046838,0.2854822261724621,0.9782936554402113,0.0049331942573189735
25165824,6.164812583476305,45.863529697060585,0.09888602698629256,0.2746030876878649,0.9712844220921397,0.00494422297924757
25231360,6.16289634630084,48.13724784553051,0.12224539504677523,0.27408370398916304,0.9766751974821091,0.006112152710556984
25296896,6.335512492805719,47.345550894737244,0.11080391283030622,0.2806771285831928,0.975321538746357,0.005540085956454277
25362432,6.936979867517948,49.96822968125343,0.11301358154742047,0.2994538072962314,0.9805776113644242,0.0056505706161260605
25427968,5.9837179481983185,46.29936799407005,0.10378101443347987,0.2671368612209335,0.9728079633787274,0.005188966169953346
25493504,5.807035002857447,62.66742683947086,0.08697911348281195,0.25953358691185713,0.9800465637817979,0.004348902031779289
25559040,6.036455988883972,47.21027925610542,0.09795383839809801,0.2694965361151844,0.9749860847368836,0.00489762332290411
25624576,6.065500222146511,45.179704904556274,0.10646011622156948,0.27084013842977583,0.967254844494164,0.005322934128344059
25690112,7.363019064068794,51.668519020080566,0.13902681894251145,0.31548516801558435,0.9844238944351673,0.006951156072318554
25755648,6.3213853389024734,47.05175484716892,0.11613923050754238,0.2810897051822394,0.9730588318780065,0.005806859582662582
25821184,6.131300885230303,46.78139525651932,0.1153700444556307,0.27384159015491605,0.972931987605989,0.005768398754298687
25886720,6.019599016755819,47.732239812612534,0.05419960739163798,0.26931639667600393,0.9751246506348252,0.0027099400758743286
25952256,6.246325857937336,47.8235519528389,0.09410476191987982,0.2777833177242428,0.9747058348730206,0.004705154336988926
26017792,7.189043533056974,52.1001815199852,0.10470358138263691,0.3071826028171927,0.9847715580835938,0.005235088989138603
26083328,6.358599938452244,47.2652902752161,0.10671396074758377,0.28204022953286767,0.9754354543983936,0.005335613153874874
26148864,5.974299468100071,46.888577327132225,0.08778518847248051,0.2674248927505687,0.9725596997886896,0.0043892087414860725
26214400,6.119486704468727,48.007524996995926,0.08840699979919009,0.2719121330883354,0.9757794430479407,0.004420282319188118
26279936,6.294857777655125,47.06034815311432,0.11348325313883834,0.2786498172208667,0.9749242877587676,0.005674066953361034
26345472,7.300270169973373,53.190422520041466,0.11258270368125523,0.31152116414159536,0.9838918661698699,0.005629037506878376
26411008,6.282908260822296,47.22731363773346,0.1073566711274907,0.27918049902655184,0.974798820912838,0.0053677428513765335
26476544,6.188320625573397,47.41002240777016,0.10437461886976962,0.2759105016011745,0.9737510420382023,0.0052186427637934685
26542080,6.097192220389843,48.77568159997463,0.09326963698549662,0.2722068491857499,0.9774858076125383,0.004663414321839809
26607616,6.2017723098397255,49.13015875220299,0.09949584217974916,0.2758270539343357,0.9774918891489506,0.004974719136953354
26673152,7.031371355056763,50.826360404491425,0.08544138890829345,0.3034584957640618,0.983370284549892,0.004272005520761013
26738688,6.238758496940136,46.64489358663559,0.10406268298538635,0.2773695201613009,0.9737554341554642,0.005203030072152615
26804224,6.158891294151545,56.32320982217789,0.11570330111499061,0.27260542288422585,0.9778141342103481,0.0057850610464811325
26869760,5.914017654955387,45.18238054215908,0.12105555066955276,0.26584176952019334,0.9690589578822255,0.006052638404071331
26935296,6.388060744851828,48.93848930299282,0.1047694845328806,0.28227300848811865,0.9768088245764375,0.005238383077085018
27000832,6.901703555136919,51.67652407288551,0.09135693147436541,0.2985778646543622,0.9816459016874433,0.0045677972957491875
27066368,6.473501279950142,45.7465797662735,0.1014644588358351,0.2863952873740345,0.9730773000046611,0.00507314782589674
27131904,6.480210740119219,48.426720932126045,0.11081912806548644,0.2864011684432626,0.9759687036275864,0.005540860816836357
27197440,6.590094648301601,48.10499307513237,0.09813541571202222,0.29098875541239977,0.9765668520703912,0.004906696267426014
27262976,6.6525143794715405,49.09140045940876,0.11370431809336878,0.2934034538920969,0.9790772469714284,0.005685117095708847
27328512,7.386477824300528,52.822528436779976,0.11533164819775266,0.31634991872124374,0.9857452409341931,0.005766477435827255
27394048,6.68003411591053,46.63330528140068,0.1298969335766742,0.29519253969192505,0.9747469965368509,0.006494708359241486
27459584,6.636953599750996,49.62765422463417,0.10987381079758052,0.2935561740305275,0.9765987014397979,0.005493594333529472
27525120,6.4243225529789925,45.313421443104744,0.1014200416393578,0.2861708889249712,0.9710578387603164,0.005070923827588558
27590656,6.622110188007355,47.21368362009525,0.12623840411833953,0.2929015124682337,0.9763071816414595,0.006311772391200066
27656192,7.365810472518206,55.34160888195038,0.13387673722172622,0.3162132650613785,0.9867063444107771,0.006693674251437187
27721728,6.8509321808815,50.86659938097,0.10845997430442367,0.3003070105332881,0.9800456883385777,0.005422917194664478
27787264,6.813137322664261,63.361719474196434,0.107136075021117,0.2975700940005481,0.9840592434629798,0.005356700159609318
27852800,6.585156939923763,48.83288577198982,0.11921433853422059,0.292800817405805,0.975367184728384,0.005960551090538502
27918336,6.798924766480923,62.05520011484623,0.1127226073804195,0.29738192120566964,0.9832502985373139,0.005636017769575119
27983872,7.158498696982861,50.22973473370075,0.14910218279692344,0.30997618823312223,0.9815141167491674,0.0074548618867993355
28049408,6.661657851189375,46.45073029398918,0.1441706634068396,0.29522573249414563,0.9733510781079531,0.007208323106169701
28114944,6.476689446717501,45.97590555250645,0.13197377434698865,0.2885757777839899,0.9699108973145485,0.006598529405891895
28180480,6.5222519636154175,46.97690200805664,0.13843720317163388,0.29023498902097344,0.9730660645291209,0.006921679712831974
28246016,6.774416487663984,46.16817978024483,0.15858677205687854,0.2994560836814344,0.9733815556392074,0.007929032668471336
28311552,7.459130261093378,51.203067779541016,0.11246859942912124,0.31989192334003747,0.9824699657037854,0.005623297765851021
28377088,6.908354375511408,48.46798087656498,0.14166724012466148,0.30415802146308124,0.9726570583879948,0.007083160802721977
28442624,6.734981458634138,46.514163091778755,0.11621646869753022,0.298905918141827,0.9727494986727834,0.005810704082250595
28508160,6.569251120090485,56.67464983463287,0.1357354213250801,0.2914159654174,0.979246006347239,0.006786597892642021
28573696,6.8610138557851315,47.7832038551569,0.14133498708542902,0.30261572054587305,0.9754445478320122,0.007066531106829643
28639232,7.8491476364433765,51.79106467962265,0.12122072360216407,0.33445208333432674,0.9844937613233924,0.006060889922082424
28704768,7.050725545734167,47.02362382411957,0.11909640509111341,0.3096414911560714,0.9755891654640436,0.0059546902775764465
28770304,6.66337588429451,43.2140993475914,0.11209918273743824,0.29700320214033127,0.965751270763576,0.005604860372841358
28835840,6.62852881103754,45.995990455150604,0.12158778529556002,0.294381340732798,0.9711836567148566,0.006079270504415035
28901376,6.7798297964036465,48.83874148130417,0.12163218358909944,0.29928894084878266,0.9778302870690823,0.006081473082304001
28966912,7.853237759321928,51.15787413716316,0.1377704610276851,0.33430518116801977,0.9837300907820463,0.006888349540531635
29032448,7.241218701004982,47.745689272880554,0.1255036485963501,0.3176830697339028,0.9773131450638175,0.006275024265050888
29097984,7.003439754247665,47.381455555558205,0.13430016954953317,0.3078884019050747,0.9754568552598357,0.006714819930493832
29163520,6.720113433897495,45.69728508591652,0.1026359609895735,0.29783666669391096,0.9736695950850844,0.005131700076162815
29229056,6.903145302087069,50.90174040198326,0.11832967952977924,0.30430980515666306,0.9779940117150545,0.005916346795856953
29294592,7.608216114342213,52.110915541648865,0.11755495043689734,0.32446136558428407,0.9841312048956752,0.0058776214718818665
29360128,6.962064810097218,49.82623690366745,0.1361112750164466,0.30517970211803913,0.9768945947289467,0.006805380806326866
29425664,6.715073972940445,45.25620110332966,0.14057212536863517,0.2977819407824427,0.972521897405386,0.007028409279882908
29491200,6.622168254107237,47.551751494407654,0.141552496352233,0.29419677006080747,0.9747201837599277,0.007077413611114025
29556736,6.815428581088781,47.04351806640625,0.13298545122961514,0.3002238906919956,0.9749701032415032,0.006649099290370941
29622272,7.581839337944984,52.891108751297,0.12727142671792535,0.3215994583442807,0.9855488454923034,0.006363430991768837
29687808,6.935445938259363,60.59949713945389,0.13357704685768113,0.30192741309292614,0.985436424612999,0.006678697653114796
29753344,6.631068125367165,48.98815767467022,0.12701603312598309,0.2925588327925652,0.9773298064246774,0.006350653246045113
29818880,6.660997416824102,50.73829910159111,0.12669139680292574,0.2943398538045585,0.9789894549176097,0.006334417499601841
29884416,6.787816409021616,48.936406672000885,0.13345288713026093,0.29986448283307254,0.9795627910643816,0.00667247548699379
29949952,7.710000831633806,50.53694987297058,0.14402360380336177,0.330419709905982,0.9823313700035214,0.00720097403973341
30015488,7.013461586087942,47.56792809069157,0.15014423438697122,0.3100688273552805,0.9754610015079379,0.007506983354687691
30081024,6.753429625183344,45.35682071745396,0.1430067609762773,0.3002012607175857,0.9708087183535099,0.007150152698159218
30146560,6.796673741191626,46.31778636574745,0.1489676702331053,0.3015849308576435,0.9730147290974855,0.007448126561939716
30212096,6.966960538178682,55.10969939827919,0.14121218703803606,0.3062918772920966,0.980445733293891,0.007060397416353226
30277632,7.699179068207741,51.33798736333847,0.13270446367823752,0.32992943632416427,0.9829615782946348,0.006635047495365143
30343168,7.013815067708492,45.56314344704151,0.14345939036502386,0.30943368771113455,0.9719806481152773,0.007172770798206329
30408704,6.81056597456336,44.54715132713318,0.13779744108614977,0.30239979131147265,0.9708870491012931,0.006889685057103634
30474240,6.783471491187811,46.32373468577862,0.14017120942298789,0.3022576905786991,0.9704816080629826,0.007008370943367481
30539776,7.070538237690926,48.09518909454346,0.1420855865435442,0.3117873144801706,0.9762966074049473,0.007104060612618923
30605312,7.643453527241945,49.81166955828667,0.1551861463522073,0.33048498583957553,0.9816063037142158,0.007759058848023415
30670848,7.1656179651618,46.324156910181046,0.1465624121192377,0.31689079012721777,0.9751530652865767,0.00732788909226656
30736384,7.012670397758484,44.85151542723179,0.13270591219770722,0.31086170952767134,0.9696679096668959,0.00663512758910656
30801920,6.997157257050276,45.57203480601311,0.13105929923040094,0.3104691293556243,0.9717720495536923,0.006552787497639656
30867456,7.14270244166255,46.40039563179016,0.14578436306328513,0.31572656449861825,0.974124014377594,0.0072889793664216995
30932992,7.694686401635408,50.79606157541275,0.10316266657900997,0.3308770223520696,0.982809972949326,0.005158040672540665
30998528,7.214007381349802,53.604097574949265,0.13207911276549567,0.3166217578109354,0.9802079284563661,0.006603773683309555
31064064,7.030115377157927,46.5929074883461,0.12183515530341538,0.3108509711455554,0.9735119212418795,0.006091632880270481
31129600,6.868098765611649,45.862638756632805,0.1330797159462236,0.30528004467487335,0.9708372252061963,0.0066537875682115555
31195136,7.089823886752129,51.49448451399803,0.15846976377360988,0.31192317651584744,0.9787774104624987,0.007923158816993237
31260672,8.061826270073652,53.7276671230793,0.1413664828360197,0.343254161067307,0.9842270966619253,0.007068122737109661
31326208,7.177713964134455,48.78190632164478,0.15922070360102225,0.3169486075639725,0.9735623607411981,0.007960738614201546
31391744,6.789710372686386,42.59115120768547,0.14808711170917377,0.302769532892853,0.9657382816076279,0.007404143922030926
31457280,6.911230735480785,44.839380428195,0.15414422664616723,0.3066533913370222,0.9701164439320564,0.007706969045102596
31522816,6.912745837122202,45.46564140915871,0.15914130207966082,0.30596433067694306,0.9716667179018259,0.007956765592098236
31588352,8.043175850063562,52.38118636608124,0.15548625407973304,0.3400598142761737,0.9853216400370002,0.0077740466222167015
31653888,7.106177017092705,45.970841497182846,0.1426313154224772,0.3130054329521954,0.9735938822850585,0.007131353951990604
31719424,6.637875389307737,45.70669484138489,0.13883184142468963,0.2948131354060024,0.9716037232428789,0.006941432133316994
31784960,6.557486474514008,43.97144038975239,0.13400166400242597,0.2924189956393093,0.9671627674251795,0.006699923425912857
31850496,6.789407383650541,47.38977187871933,0.09663633989111986,0.2998507253360003,0.9731158707290888,0.004831699654459953
31916032,7.5051465556025505,49.88605469465256,0.11157361314690206,0.32123033609241247,0.9820503108203411,0.005578580312430859
31981568,6.881442937999964,47.205207258462906,0.1372394675781834,0.30285404389724135,0.9759723488241434,0.006861786358058453
32047104,6.62838289514184,48.42040926218033,0.12250147856684634,0.2937075877562165,0.9730004891753197,0.00612495094537735
32112640,6.697472367435694,48.17911632359028,0.14310970824590186,0.29723455174826086,0.969926904886961,0.00715529453009367
32178176,6.75083277747035,48.35174214839935,0.13406863134878222,0.2985647798050195,0.9772637924179435,0.006703267805278301
32243712,7.4444045424461365,51.87582013010979,0.12210583843989298,0.31978239538148046,0.9807800678536296,0.006105172447860241
32309248,6.926024544984102,46.46896259486675,0.13330704328836873,0.3054049259517342,0.9731340128928423,0.006665182299911976
32374784,6.8838649317622185,45.546600207686424,0.11556718705833191,0.30456728185527027,0.9710675505921245,0.005778244696557522
32440320,6.85191947966814,46.95581944286823,0.13566276352503337,0.3031537141650915,0.9740552399307489,0.006782974116504192
32505856,6.8460293635725975,49.546296149492264,0.12060656095854938,0.3025865308009088,0.978176929987967,0.006030194461345673
32571392,7.839922979474068,50.39526093006134,0.13326821074588224,0.33569604344666004,0.9827281245961785,0.006663219071924686
32636928,7.362230435013771,47.44745934009552,0.13470335697638802,0.32259979005903006,0.9768489943817258,0.006734997965395451
32702464,7.0693182572722435,45.79414828121662,0.14777818358925288,0.3129466820973903,0.9720661947503686,0.007388686761260033
32768000,7.1286352798342705,46.31265166401863,0.17397614850779064,0.3161410626489669,0.9734199587255716,0.00869846623390913
32833536,7.251027334481478,45.82722666859627,0.17007048764207866,0.32014781329780817,0.9723015343770385,0.008503181859850883
32899072,7.659893054515123,51.440915912389755,0.12311022798894555,0.32927219895645976,0.9833907065913081,0.0061553847044706345
32964608,7.160952229052782,46.30715465545654,0.13527565593540203,0.31466145953163505,0.9742761384695768,0.006763610057532787
33030144,6.987508960068226,46.70974126458168,0.14124092897691298,0.3084307524841279,0.9759033648297191,0.00706184096634388
33095680,6.853491276502609,47.602026283741,0.14430459259892814,0.3034750120714307,0.9742636103183031,0.007215026766061783
33161216,6.792116153985262,44.015104204416275,0.1261703499039868,0.3024469225201756,0.9658729555085301,0.0063083721324801445
33226752,7.950500387698412,50.816508799791336,0.1284067628730554,0.3379554711282253,0.9834502432495356,0.00642018299549818
33292288,7.083517242223024,47.50147585570812,0.131899899977725,0.31108140479773283,0.9762586876749992,0.006594834849238396
33357824,6.908690363168716,50.672834008932114,0.1347786488913698,0.30585429770871997,0.9730428671464324,0.006738768890500069
33423360,6.810818754136562,46.95250791311264,0.134714993822854,0.301586561370641,0.9740208042785525,0.006735565140843391
33488896,6.781929463148117,44.52434556186199,0.1363335123169236,0.3007969702593982,0.9692661175504327,0.006816504523158073
33554432,8.086825050413609,51.94478118419647,0.14982604718534276,0.3431536266580224,0.9840047070756555,0.007491088472306728
33619968,7.305690813809633,47.18462085723877,0.14762532094027847,0.3205847479403019,0.9760373532772064,0.007381043396890163
33685504,7.058521047234535,45.26675274968147,0.1396787594712805,0.31250315462239087,0.9713500374928117,0.0069837309420108795
33751040,6.897932194173336,43.42932899296284,0.16045475471764803,0.30718675372190773,0.9646046133711934,0.008022456429898739
33816576,7.040564171969891,46.25879007577896,0.15253090209444053,0.3100439424160868,0.9734267424792051,0.007626299746334553
33882112,7.825141496956348,50.72707697749138,0.13904208783787908,0.3350773600395769,0.9833947103470564,0.006951896473765373
33947648,7.102666988968849,46.722086519002914,0.13417564242263325,0.31245247670449317,0.9750477513298392,0.00670862291008234
34013184,6.695085495710373,45.3231510668993,0.13562672010448296,0.29746342333965003,0.9707955233752728,0.006781170144677162
34078720,6.682886049151421,44.694375559687614,0.13448614683875348,0.2974998261779547,0.9692080318927765,0.006724141538143158
34144256,6.951087523251772,47.09148021042347,0.11770161837193882,0.3077565187122673,0.9758252846077085,0.005884960293769836
34209792,7.878293365240097,51.219504207372665,0.1429577095550485,0.3348325751721859,0.9837052281945944,0.007147662341594696
34275328,7.112537212669849,52.67660118639469,0.1404601022368297,0.3118260072078556,0.9792750226333737,0.00702279806137085
34340864,6.901524607092142,48.77314767241478,0.13933381529932376,0.305252006277442,0.9700051192194223,0.006966503337025642
34406400,6.789949636906385,54.459314331412315,0.1358972379239276,0.2999057152774185,0.9771847883239388,0.006794683635234833
34471936,6.927771281450987,56.56089073419571,0.13107053958810866,0.30419052205979824,0.9812948005273938,0.006553381681442261
34537472,7.971422962844372,50.48335811495781,0.12235721273464151,0.3412427471484989,0.9836642052978277,0.006117719225585461
34603008,7.280401308089495,46.20632880926132,0.13602547557093203,0.31942803296260536,0.9759575622156262,0.006801115348935127
34668544,6.9834380485117435,50.565320283174515,0.1340403134963708,0.30839934409596026,0.9748876839876175,0.0067018382251262665
34734080,7.209979344159365,57.93977466225624,0.1459042527276324,0.31516471947543323,0.9828222412616014,0.007294991984963417
34799616,7.198613326996565,51.656375020742416,0.1453707568362006,0.31559285311959684,0.9788510827347636,0.007268319837749004
34865152,7.851217802613974,51.62462645769119,0.1526400147122331,0.3350372617132962,0.9843310974538326,0.007631760090589523
34930688,7.166041847318411,47.63055157661438,0.14746511130942963,0.3143517333082855,0.9763306556269526,0.007373034954071045
34996224,6.8112118653953075,49.15681701898575,0.15221752038632985,0.3019577832892537,0.9741379143670201,0.00761058833450079
35061760,6.891047604382038,47.3723935931921,0.14208032869646559,0.3049307919573039,0.9747713496908545,0.007103783078491688
35127296,7.1007404662668705,49.071688666939735,0.15577404922805727,0.3123089603614062,0.978134703822434,0.007788404822349548
35192832,8.025297176092863,57.258638083934784,0.11322763244243106,0.34015648788772523,0.9885266395285726,0.00566126499325037
35258368,7.230750411748886,50.307698875665665,0.13203581064590253,0.3162170697469264,0.9765328085049987,0.00660164188593626
35323904,6.870683383196592,46.47188124060631,0.14878806582419202,0.30470736464485526,0.9742330107837915,0.0074391914531588554
35389440,6.969312809407711,46.12286974489689,0.1521854750753846,0.30828319350257516,0.9723886093124747,0.00760900042951107
35454976,7.060193035751581,47.19511851668358,0.1708856435434427,0.31202952982857823,0.9753417950123549,0.008543948642909527
35520512,7.721735049039125,51.049982130527496,0.12259445102245081,0.3302589792292565,0.9830915089696646,0.006129572167992592
35586048,7.321784794330597,50.45688924193382,0.1381563771647052,0.318190005607903,0.980577914044261,0.006907624192535877
35651584,7.122068930417299,57.98084831237793,0.13845177528855857,0.3109989152289927,0.981033586896956,0.006922404281795025
35717120,6.878667619079351,46.60191258788109,0.12547725775220897,0.30286445701494813,0.9746707724407315,0.006273726932704449
35782656,6.70768291503191,47.48582439124584,0.12808381102513522,0.29647082183510065,0.9765122076496482,0.006404038518667221
35848192,8.03376705572009,52.57315814495087,0.15252448957471643,0.34205964021384716,0.9854355659335852,0.007625984027981758
35913728,7.422967866063118,45.98943440616131,0.15483758955087978,0.3253206149674952,0.9739958448335528,0.007741629146039486
35979264,7.050892382860184,45.76933780312538,0.15626140017411672,0.312476891791448,0.9712250763550401,0.00781281292438507
36044800,7.019090849906206,46.32759526371956,0.14500501848306158,0.30995878553949296,0.9729755856096745,0.007250036112964153
36110336,7.04891550168395,49.31400093436241,0.13643793303344864,0.3096777086611837,0.9785757251083851,0.006821725517511368
36175872,8.028817016631365,50.671417236328125,0.13167769597203005,0.3409073909278959,0.9843577044084668,0.006583734415471554
36241408,7.391642201691866,47.424541264772415,0.132665494500543,0.3224737881682813,0.9770816061645746,0.006633111275732517
36306944,6.867655415087938,45.84139804542065,0.12012665133079281,0.303675165399909,0.9724173443391919,0.006006198935210705
36372480,6.9208435863256454,50.503228694200516,0.14113750649266876,0.30494817439466715,0.9785910006612539,0.007056675851345062
36438016,7.060953535139561,50.002509996294975,0.11542578307853546,0.30839140131138265,0.9795194799080491,0.00577117595821619
36503552,7.763895366340876,51.71284477412701,0.10811363734683255,0.32849947549402714,0.9839461240917444,0.005405589938163757
36569088,7.045557331293821,46.61001794040203,0.13667491004162002,0.30923922965303063,0.9735630936920643,0.0068335700780153275
36634624,6.767862048000097,45.82923382520676,0.13745485342224129,0.29840099322609603,0.9727503648027778,0.006872557103633881
36700160,6.799940250813961,47.06925484538078,0.13397497615369502,0.2993775214999914,0.9743011221289635,0.006698582321405411
36765696,6.801406241953373,48.41436716914177,0.1477839527942706,0.2993098597507924,0.9790078541263938,0.00738894660025835
36831232,7.9893402345478535,52.996497482061386,0.1361346679041162,0.3395562139339745,0.9857091438025236,0.006806571967899799
36896768,7.3044775277376175,46.70030900835991,0.13250390353641706,0.3194372644647956,0.9733659541234374,0.006625027395784855
36962304,6.928906284272671,44.7299769371748,0.12354818990570493,0.30603442224673927,0.9704723730683327,0.006177269853651524
37027840,6.85850140824914,47.22424407303333,0.12154370039934292,0.3032917412929237,0.9753495687618852,0.006077056750655174
37093376,7.03934969753027,48.37722684442997,0.14238832972478122,0.3096026002895087,0.9777827160432935,0.007119223475456238
37158912,7.767595909535885,54.14460226893425,0.13231230227393098,0.3304891912266612,0.984212689101696,0.006615432910621166
37224448,6.903612561523914,46.00411270558834,0.13534970126784174,0.30464820796623826,0.9727586396038532,0.006767311133444309
37289984,6.47999020293355,44.06811581552029,0.12423734157346189,0.28894082526676357,0.9688243363052607,0.006211722269654274
37355520,6.793273087590933,44.96270935237408,0.1639072238758672,0.30135522969067097,0.971223721280694,0.008195060305297375
37421056,6.775678433477879,47.70899356901646,0.13742345737409778,0.2996350342873484,0.9749495685100555,0.006870985962450504
37486592,7.916456773877144,51.9952709376812,0.14814534559263848,0.33783932588994503,0.9841682557016611,0.007407038472592831
37552128,7.3190704099833965,47.54051016271114,0.1491191258392064,0.32089033792726696,0.9767877738922834,0.007455725222826004
37617664,6.962686840444803,49.220538690686226,0.1338418176601408,0.3078354215249419,0.9746314650401473,0.0066919149830937386
37683200,6.780465692281723,47.66736717522144,0.11944049784506205,0.30165031063370407,0.971973336301744,0.005971893668174744
37748736,6.8817167691886425,46.89048334956169,0.1359007399150869,0.3052872682455927,0.9724495513364673,0.0067948512732982635
37814272,7.848456010222435,52.94882586598396,0.1419975382159464,0.3335370416752994,0.9849817389622331,0.0070996880531311035
37879808,7.265902288258076,48.385407626628876,0.12220913686905988,0.3171123412903398,0.9791456395760179,0.0061103301122784615
37945344,6.84408625587821,46.62683866918087,0.13976328103308333,0.30302364751696587,0.974634200334549,0.0069879889488220215
38010880,6.891700137406588,51.82671928405762,0.13051731692394242,0.30360474553890526,0.978742259554565,0.006525697186589241
38076416,6.930338088423014,51.640984535217285,0.12188506952952594,0.3047736168373376,0.9784683166071773,0.006094140000641346
38141952,8.020382970571518,51.40620306134224,0.13658705176203512,0.3404709037858993,0.9846671856939793,0.006829150021076202
38207488,7.143635045737028,46.716125786304474,0.14209142010076903,0.3139140564016998,0.9753329325467348,0.007104375399649143
38273024,6.871823187917471,46.55673259496689,0.1323353978950763,0.30418386263772845,0.9755007522180676,0.006616583094000816
38338560,6.78770986944437,42.53627844154835,0.12975996862951433,0.3029659513849765,0.9625681359320879,0.006487838923931122
38404096,7.073300890624523,46.3816124945879,0.13567117424099706,0.3119882638566196,0.9727135142311454,0.006783382035791874
38469632,8.077306058257818,52.14453926682472,0.15253861113160383,0.3448370343539864,0.9847682761028409,0.00762667041271925
38535168,7.228988979011774,46.74238108098507,0.14685291380737908,0.3187198801897466,0.9751124605536461,0.007342418655753136
38600704,6.9891801699995995,50.75061306357384,0.157751477410784,0.3109278886113316,0.9714602213352919,0.007887289859354496
38666240,7.097719591110945,47.26381103694439,0.14647249694098718,0.3140562982298434,0.9762796889990568,0.007323406636714935
38731776,7.21077087149024,46.88406381011009,0.15371264958230313,0.31866295798681676,0.9755220860242844,0.0076853567734360695
38797312,8.038591746240854,52.269716024398804,0.14240370703919325,0.34210293577052653,0.9841971853747964,0.007119993679225445
38862848,7.313129115849733,45.528101697564125,0.14939197011699434,0.32120111398398876,0.9724785573780537,0.007469356991350651
38928384,6.878309015184641,50.05088095366955,0.14418549212859944,0.30489170737564564,0.9755826173350215,0.007209045812487602
38993920,6.750096309930086,49.232496753335,0.13080765256017912,0.2997925477102399,0.9693195354193449,0.00654020719230175
39059456,6.9348331317305565,47.98081357777119,0.15337319097307045,0.3055598824284971,0.9775116322562099,0.007668427191674709
39124992,8.066897861659527,51.138379603624344,0.1632533106894698,0.34075358137488365,0.9840978281572461,0.008162363432347775
39190528,6.98146303370595,54.49300044775009,0.14742404020216782,0.30636357329785824,0.9789444617927074,0.007370997220277786
39256064,6.701659630984068,46.94192308187485,0.14619504688016605,0.29682611976750195,0.9738380508497357,0.007309542968869209
39321600,6.641290809959173,45.41802836954594,0.1501215913303895,0.2956968368962407,0.9699714528396726,0.007505827583372593
39387136,6.483078971505165,45.46109515428543,0.13310348834784236,0.2890885884407908,0.9720768425613642,0.006655007600784302
39452672,7.861948050558567,52.36858484148979,0.1382280213292688,0.33343951497226954,0.985117414034903,0.006911221891641617
39518208,7.0498996414244175,47.6262174397707,0.14672758409869857,0.3094812810886651,0.9753681849688292,0.00733617227524519
39583744,6.705421604216099,46.218470916152,0.13180673027818557,0.29655874287709594,0.9731733482331038,0.0065901512280106544
39649280,6.60474956408143,46.77861797809601,0.11762136568722781,0.2927510133013129,0.9734283080324531,0.005880963988602161
39714816,6.597482196986675,47.52793663740158,0.12695048085879534,0.2931341950315982,0.9748532176017761,0.006347371265292168
39780352,7.736107598990202,50.45195513963699,0.1429122363042552,0.32993644406087697,0.9824981549754739,0.007145363837480545
39845888,7.174746319651604,46.40899774432182,0.1368298373563448,0.31477126223035157,0.9753029448911548,0.0068413084372878075
39911424,6.800440311431885,46.29057851433754,0.14667833100975258,0.30124549474567175,0.9738104082643986,0.007333704270422459
39976960,6.788023412227631,46.49272431433201,0.13491519680974307,0.3007204325404018,0.9732119962573051,0.006745579652488232
40042496,7.024653866887093,46.4205187857151,0.14418243836553302,0.3091702333185822,0.9753453675657511,0.007208922877907753
40108032,8.013034343719482,58.39073199033737,0.12714945176412584,0.3387105918955058,0.9869284173473716,0.006357301026582718
40173568,7.110639002174139,46.54655113816261,0.14742293322342448,0.31240255874581635,0.9761098334565759,0.007370910607278347
40239104,6.855290178209543,46.84732601046562,0.14167538925539702,0.30234230775386095,0.9756493140012026,0.007083557546138763
40304640,6.678976811468601,45.938233241438866,0.14387792178604286,0.2962356759235263,0.9730488872155547,0.007193691097199917
40370176,6.579183034598827,45.09298077225685,0.142287246111664,0.2932639780919999,0.9695934113115072,0.0071141887456178665
40435712,7.668501801788807,51.7539119720459,0.13578004107330344,0.3277871157042682,0.9833833687007427,0.006788824684917927
40501248,6.940807271748781,45.95368430018425,0.1408393420279026,0.3060996944550425,0.9748805956915021,0.007041759788990021
40566784,6.59217818826437,46.57671384513378,0.14129473813954974,0.29352216166444123,0.9715025275945663,0.007064535282552242
40632320,6.48591035977006,43.19995282590389,0.13543604048754787,0.2905953614972532,0.9640308255329728,0.006771614775061607
40697856,6.635187566280365,46.19120165705681,0.12663546799740288,0.29531763307750225,0.9712409777566791,0.0063316235318779945
40763392,7.714923348277807,50.49064111709595,0.1228104254550999,0.3288113328162581,0.9827310340479016,0.006140395067632198
40828928,6.871589280664921,51.324217081069946,0.12895954583655111,0.3030249555595219,0.9766333186998963,0.006447837688028812
40894464,6.391032211482525,43.12175929546356,0.12460548347735312,0.2867811410687864,0.9644323727115989,0.0062301428988575935
40960000,6.348002023994923,43.17332126200199,0.12873304981621914,0.28488404606468976,0.964567937888205,0.006436517462134361
41025536,6.579437643289566,45.760702192783356,0.13179251592373475,0.29259477416053414,0.97147346008569,0.006589457392692566
41091072,7.492594078183174,50.62161657214165,0.16382920565956738,0.3220822897274047,0.9823589138686657,0.008191143162548542
41156608,6.773510795086622,45.19807514548302,0.15838427748531103,0.300512813962996,0.9706907998770475,0.00791895855218172
41222144,6.479558862745762,43.86404199898243,0.14893068143283017,0.29067533765919507,0.9651002362370491,0.00744630116969347
41287680,6.456015303730965,46.305981531739235,0.14783503599755932,0.2885734965093434,0.9715953292325139,0.007391524501144886
41353216,6.991896204650402,51.8804619461298,0.1621230226883199,0.3073760662227869,0.9787218160927296,0.00810585543513298
41418752,7.6766277477145195,49.55077147483826,0.1435764773050323,0.3288264942821115,0.9816991109400988,0.007178605534136295
41484288,6.995545994490385,43.97595517337322,0.1379820606962312,0.3096904279664159,0.969191187992692,0.006898927502334118
41549824,6.39451439678669,45.797202080488205,0.147541038953932,0.28652689792215824,0.9697678163647652,0.007376836612820625
41615360,6.486425306648016,44.629076555371284,0.12750813873572042,0.28912438522093,0.970750292763114,0.006375265307724476
41680896,6.7000932097435,47.65920037031174,0.12925016260123812,0.2959093989338726,0.9760596202686429,0.006462354212999344
41746432,7.622178416699171,50.69183278083801,0.09461431935778819,0.3241286501288414,0.9824442118406296,0.004730659537017345
41811968,6.653004769235849,44.69398187100887,0.12269195440603653,0.2955041448585689,0.9697821913287044,0.006134453229606152
41877504,6.27786610648036,43.621446430683136,0.12010618405474816,0.2823223224841058,0.9636605130508542,0.0060051605105400085
41943040,6.359717886894941,45.02026063203812,0.134834127544309,0.2840452026575804,0.9693960892036557,0.006741546094417572
