collected_frames,failure/rollover,failure/out_of_range,failure/shock_high
131072,7.62939453125e-06,0.0,0.0
262144,0.00016021728515625,7.62939453125e-06,0.0
393216,6.866455078125e-05,0.0,0.0
524288,8.392333984375e-05,0.0,0.0
655360,4.57763671875e-05,0.0,0.0
786432,9.1552734375e-05,0.0,0.0
917504,8.392333984375e-05,0.0,0.0
1048576,6.866455078125e-05,0.0,0.0
1179648,5.340576171875e-05,0.0,0.0
1310720,5.9564429593373496e-05,1.0295086596385541e-05,0.0
1441792,7.62939453125e-06,7.62939453125e-06,0.0
1572864,3.814697265625e-05,3.0517578125e-05,0.0
1703936,0.00012969970703125,0.0,0.0
1835008,8.392333984375e-05,0.0,0.0
1966080,0.00012969970703125,0.0,0.0
2097152,0.0001220703125,0.0,0.0
2228224,0.000152587890625,0.0,0.0
2359296,0.0001625152955572289,0.00023531626506024096,0.0
2490368,0.0001373291015625,0.00031280517578125,0.0
2621440,6.866455078125e-05,2.288818359375e-05,0.0
2752512,3.0517578125e-05,7.62939453125e-06,0.0
2883584,5.340576171875e-05,0.0,0.0
3014656,3.814697265625e-05,0.0,0.0
3145728,3.0517578125e-05,0.0,0.0
3276800,1.52587890625e-05,0.0,0.0
3407872,0.00067138671875,0.0,0.0
3538944,0.0002288818359375,0.0,0.0
3670016,1.52587890625e-05,7.62939453125e-06,0.0
3801088,7.62939453125e-06,0.0,0.0
3932160,3.814697265625e-05,0.0,0.0
4063232,3.0517578125e-05,0.0,0.0
4194304,0.0,0.0,0.0
4325376,3.0517578125e-05,0.0,0.0
4456448,0.00013015930911144578,7.20656061746988e-05,0.0
4587520,0.0001220703125,0.00011444091796875,0.0
4718592,3.0517578125e-05,5.340576171875e-05,0.0
4849664,7.62939453125e-05,0.0,0.0
4980736,0.0,1.52587890625e-05,0.0
5111808,7.62939453125e-06,0.0,0.0
5242880,0.0,0.0,0.0
5373952,7.62939453125e-06,0.0,0.0
5505024,0.0,2.206089984939759e-06,0.0
5636096,0.0,0.0,0.0
5767168,7.62939453125e-06,0.0,0.0
5898240,0.0,0.0,0.0
6029312,0.0,0.0,0.0
6160384,2.288818359375e-05,7.62939453125e-06,0.0
6291456,2.288818359375e-05,0.0,0.0
6422528,0.0,7.62939453125e-06,0.0
6553600,2.0590173192771083e-05,7.35363328313253e-07,0.0
6684672,7.62939453125e-06,0.0,0.0
6815744,0.0,1.52587890625e-05,0.0
6946816,7.62939453125e-06,2.288818359375e-05,0.0
7077888,7.62939453125e-06,0.0,0.0
7208960,7.62939453125e-06,2.288818359375e-05,0.0
7340032,7.62939453125e-06,1.52587890625e-05,0.0
7471104,1.52587890625e-05,0.0,0.0
7602176,5.1475432981927714e-05,0.00020443100527108433,0.0
7733248,8.392333984375e-05,0.00029754638671875,0.0
7864320,4.57763671875e-05,6.103515625e-05,0.0
7995392,1.52587890625e-05,7.62939453125e-06,0.0
8126464,0.0,3.814697265625e-05,0.0
8257536,3.814697265625e-05,0.0,0.0
8388608,5.340576171875e-05,7.62939453125e-06,0.0
8519680,8.392333984375e-05,0.0,0.0
8650752,0.000430187547063253,1.3236539909638554e-05,0.0
8781824,0.00018310546875,1.52587890625e-05,0.0
8912896,3.814697265625e-05,5.340576171875e-05,0.0
9043968,7.62939453125e-05,7.62939453125e-06,0.0
9175040,4.57763671875e-05,3.0517578125e-05,0.0
9306112,6.866455078125e-05,3.0517578125e-05,0.0
9437184,7.62939453125e-05,3.0517578125e-05,0.0
9568256,9.1552734375e-05,3.814697265625e-05,0.0
9699328,0.0001706042921686747,0.00018310546875,0.0
9830400,0.0002288818359375,0.00028228759765625,0.0
9961472,0.00017547607421875,5.340576171875e-05,0.0
10092544,2.288818359375e-05,7.62939453125e-06,0.0
10223616,4.57763671875e-05,3.814697265625e-05,0.0
10354688,9.918212890625e-05,5.340576171875e-05,0.0
10485760,7.62939453125e-05,1.52587890625e-05,0.0
10616832,8.392333984375e-05,7.62939453125e-06,0.0
10747904,0.0007302157850150602,8.015460278614457e-05,0.0
10878976,0.0002899169921875,0.00011444091796875,0.0
11010048,0.00016021728515625,2.288818359375e-05,0.0
11141120,8.392333984375e-05,2.288818359375e-05,0.0
11272192,9.1552734375e-05,2.288818359375e-05,0.0
11403264,0.0001220703125,3.814697265625e-05,0.0
11534336,0.00017547607421875,7.62939453125e-06,0.0
11665408,0.0001068115234375,4.57763671875e-05,0.0
11796480,0.0007478645048945783,6.471197289156627e-05,0.0
11927552,0.00020599365234375,0.0001068115234375,0.0
12058624,0.000152587890625,6.103515625e-05,0.0
12189696,0.0001068115234375,8.392333984375e-05,0.0
12320768,5.340576171875e-05,6.866455078125e-05,0.0
12451840,0.00014495849609375,6.866455078125e-05,0.0
12582912,0.0002288818359375,8.392333984375e-05,0.0
12713984,0.00016021728515625,3.814697265625e-05,0.0
12845056,0.0006787403520331325,7.941923945783132e-05,0.0
12976128,0.00034332275390625,0.00019073486328125,0.0
13107200,0.0001678466796875,0.00019073486328125,0.0
13238272,9.1552734375e-05,7.62939453125e-05,0.0
13369344,9.1552734375e-05,7.62939453125e-05,0.0
13500416,0.00018310546875,0.0001220703125,0.0
13631488,0.0001983642578125,9.1552734375e-05,0.0
13762560,0.00014495849609375,3.0517578125e-05,0.0
13893632,0.00041842173381024096,0.00020737245858433735,0.0
14024704,0.000244140625,0.00029754638671875,0.0
14155776,0.00022125244140625,3.814697265625e-05,0.0
14286848,0.00019073486328125,6.866455078125e-05,0.0
14417920,0.000213623046875,6.866455078125e-05,0.0
14548992,0.000152587890625,6.103515625e-05,0.0
14680064,0.00022125244140625,3.0517578125e-05,0.0
14811136,0.0002288818359375,6.103515625e-05,0.0
14942208,0.0005044592432228916,0.00020884318524096385,0.0
15073280,0.000244140625,0.000274658203125,0.0
15204352,0.00011444091796875,0.000152587890625,0.0
15335424,0.000244140625,5.340576171875e-05,0.0
15466496,0.00023651123046875,7.62939453125e-05,0.0
15597568,0.0002899169921875,7.62939453125e-05,0.0
15728640,0.000244140625,9.918212890625e-05,0.0
15859712,0.00025177001953125,0.0001068115234375,0.0
15990784,0.0007581595914909639,0.00025737716490963856,0.0
16121856,0.00040435791015625,0.00031280517578125,0.0
16252928,0.00025177001953125,6.103515625e-05,0.0
16384000,0.0002593994140625,0.00016021728515625,0.0
16515072,0.00026702880859375,9.918212890625e-05,0.0
16646144,0.000244140625,6.866455078125e-05,0.0
16777216,0.0003814697265625,0.0001068115234375,0.0
16908288,0.000335693359375,0.0001068115234375,0.0
17039360,0.0007544827748493975,0.00010956913591867469,0.0
17170432,0.00049591064453125,0.0001678466796875,0.0
17301504,0.0002288818359375,0.0001373291015625,0.0
17432576,0.00034332275390625,5.340576171875e-05,0.0
17563648,0.00034332275390625,0.00016021728515625,0.0
17694720,0.0004119873046875,0.00014495849609375,0.0
17825792,0.00019073486328125,0.00011444091796875,0.0
17956864,0.0003662109375,0.000152587890625,0.0
18087936,0.0008147825677710844,0.00020075418862951807,0.0
18219008,0.0004730224609375,0.000213623046875,0.0
18350080,0.000457763671875,0.000152587890625,0.0
18481152,0.000335693359375,0.0001220703125,0.0
18612224,0.00023651123046875,7.62939453125e-05,0.0
18743296,0.0004119873046875,0.00012969970703125,0.0
18874368,0.00043487548828125,0.0001220703125,0.0
19005440,0.00045013427734375,9.918212890625e-05,0.0
19136512,0.0003735645707831325,0.00018016401543674698,0.0
19267584,0.00026702880859375,0.0002288818359375,0.0
19398656,0.00054168701171875,0.00016021728515625,0.0
19529728,0.0003814697265625,0.00011444091796875,0.0
19660800,0.00034332275390625,9.1552734375e-05,0.0
19791872,0.000518798828125,0.0001068115234375,0.0
19922944,0.000396728515625,8.392333984375e-05,0.0
20054016,0.00041961669921875,9.1552734375e-05,0.0
20185088,0.00035518048757530123,0.00017869328878012048,0.0
20316160,0.0003662109375,0.00020599365234375,0.0
20447232,0.00038909912109375,0.00011444091796875,0.0
20578304,0.0003509521484375,0.0001220703125,0.0
20709376,0.00032806396484375,0.00011444091796875,0.0
20840448,0.00054168701171875,0.0001068115234375,0.0
20971520,0.00054168701171875,8.392333984375e-05,0.0
21102592,0.0004730224609375,8.392333984375e-05,0.0
21233664,0.0010170074830572289,7.868387612951807e-05,0.0
21364736,0.00032806396484375,0.0001068115234375,0.0
21495808,0.00048065185546875,0.00020599365234375,0.0
21626880,0.00054931640625,7.62939453125e-05,0.0
21757952,0.00049591064453125,0.00012969970703125,0.0
21889024,0.00057220458984375,0.0001220703125,0.0
22020096,0.0005340576171875,8.392333984375e-05,0.0
22151168,0.00061798095703125,7.62939453125e-05,0.0
22282240,0.00040592055722891567,0.00023752235504518072,0.0
22413312,0.00042724609375,0.00026702880859375,0.0
22544384,0.000579833984375,9.918212890625e-05,0.0
22675456,0.00058746337890625,0.0001373291015625,0.0
22806528,0.00032806396484375,7.62939453125e-05,0.0
22937600,0.0005035400390625,0.0001220703125,0.0
23068672,0.000457763671875,9.1552734375e-05,0.0
23199744,0.00072479248046875,0.0001068115234375,0.0
23330816,0.0007250682417168675,0.00012427640248493976,0.0
23461888,0.00048828125,0.0001983642578125,0.0
23592960,0.00063323974609375,0.00014495849609375,0.0
23724032,0.00072479248046875,0.0001678466796875,0.0
23855104,0.0002899169921875,0.00014495849609375,0.0
23986176,0.000396728515625,5.340576171875e-05,0.0
24117248,0.00052642822265625,0.00011444091796875,0.0
24248320,0.00043487548828125,0.00012969970703125,0.0
24379392,0.0005103421498493975,0.00018384083207831326,0.0
24510464,0.00029754638671875,0.000244140625,0.0
24641536,0.00041961669921875,0.000152587890625,0.0
24772608,0.00045013427734375,5.340576171875e-05,0.0
24903680,0.000579833984375,6.103515625e-05,0.0
25034752,0.00025177001953125,0.00016021728515625,0.0
25165824,0.00022125244140625,9.918212890625e-05,0.0
25296896,0.0002288818359375,6.103515625e-05,0.0
25427968,0.00023678699171686746,9.853868599397591e-05,0.0
25559040,0.0001373291015625,0.0001068115234375,0.0
25690112,0.00019073486328125,6.866455078125e-05,0.0
25821184,0.00012969970703125,0.00011444091796875,0.0
25952256,0.00012969970703125,0.00014495849609375,0.0
26083328,0.00020599365234375,0.00012969970703125,0.0
26214400,0.000152587890625,0.0001220703125,0.0
26345472,0.0001068115234375,0.0001220703125,0.0
26476544,0.00011398131588855421,0.00017133965549698794,0.0
26607616,9.1552734375e-05,0.00018310546875,0.0
26738688,0.00012969970703125,0.00016021728515625,0.0
26869760,8.392333984375e-05,0.000213623046875,0.0
27000832,6.103515625e-05,9.918212890625e-05,0.0
27131904,9.1552734375e-05,8.392333984375e-05,0.0
27262976,7.62939453125e-05,7.62939453125e-05,0.0
27394048,0.0001220703125,0.00017547607421875,0.0
27525120,0.00012133494917168675,0.0001941359186746988,0.0
27656192,9.918212890625e-05,0.00025177001953125,0.0
27787264,0.00012969970703125,0.000152587890625,0.0
27918336,8.392333984375e-05,7.62939453125e-05,0.0
28049408,6.103515625e-05,0.00017547607421875,0.0
28180480,0.00011444091796875,0.00022125244140625,0.0
28311552,8.392333984375e-05,0.00017547607421875,0.0
28442624,9.918212890625e-05,9.918212890625e-05,0.0
28573696,0.00010148013930722892,0.00018604692206325302,0.0
28704768,0.0001068115234375,0.00022125244140625,0.0
28835840,0.0001220703125,0.000213623046875,0.0
28966912,0.0001068115234375,0.0001678466796875,0.0
29097984,5.340576171875e-05,0.00016021728515625,0.0
29229056,0.00011444091796875,0.0001068115234375,0.0
29360128,7.62939453125e-05,9.918212890625e-05,0.0
29491200,5.340576171875e-05,0.00014495849609375,0.0
29622272,9.853868599397591e-05,0.00018678228539156626,0.0
29753344,0.0001373291015625,0.0002288818359375,0.0
29884416,0.0001220703125,0.00014495849609375,0.0
30015488,6.103515625e-05,0.00019073486328125,0.0
30146560,9.1552734375e-05,0.000152587890625,0.0
30277632,0.00014495849609375,0.0001373291015625,0.0
30408704,9.918212890625e-05,0.00014495849609375,0.0
30539776,8.392333984375e-05,9.918212890625e-05,0.0
30670848,7.794851280120481e-05,0.00016030920557228914,0.0
30801920,6.866455078125e-05,0.0001983642578125,0.0
30932992,9.918212890625e-05,0.00023651123046875,0.0
31064064,0.0001220703125,0.0002288818359375,0.0
31195136,9.918212890625e-05,0.00020599365234375,0.0
31326208,0.0001220703125,0.00018310546875,0.0
31457280,0.00012969970703125,0.00017547607421875,0.0
