collected_frames,rew/pitch_penalty,rew/pan_geom_reward,rew/terminal_bonus,rew/total_reward
131072,-0.003132475750196484,0.06473777297651395,0.0035400390625,0.06514493940630928
262144,-0.0035033946805924643,0.052539064665324986,0.002899169921875,0.05192669486859813
393216,-0.003693893502713763,0.059078237216454,-0.0078887939453125,0.04749205271946266
524288,-0.003979137962232926,0.05694360949564725,0.0005645751953125,0.05352472283993848
655360,-0.003443023515501409,0.057310705742565915,-0.004150390625,0.04971485317219049
786432,-0.003927078329070355,0.057998259930172935,-0.0010223388671875,0.05304370608064346
917504,-0.003680914673168445,0.05625407173647545,0.0001983642578125,0.052767072775168344
1048576,-0.0037209123129287036,0.05687148621655069,-0.0041351318359375,0.04901188882649876
1179648,-0.003652613724625553,0.05701806870638393,-0.0012054443359375,0.05215716964448802
1310720,-0.002555275464146689,0.0870109832030721,-0.0013427734375,0.08310319203155814
1441792,-0.0028859923040727153,0.07577142189256847,-0.00030517578125,0.07257912956993096
1572864,-0.0030349908956850413,0.06585508602438495,-0.0047607421875,0.0580547159188427
1703936,-0.0037939336798444856,0.0566137173154857,-0.001434326171875,0.051378651296545286
1835008,-0.0035671331897901837,0.056261859252117574,-0.003509521484375,0.04918094366439618
1966080,-0.003783830661632237,0.056558640993898734,-0.00250244140625,0.05026538748643361
2097152,-0.003683548260596581,0.05640829444746487,-0.000518798828125,0.052199507859768346
2228224,-0.003924263037333731,0.06018866618978791,-0.0036163330078125,0.052639472552982625
2359296,-0.004540098661891534,0.08553127176128328,-0.00103759765625,0.07992842263774946
2490368,-0.0036971645895391703,0.07507816847646609,-0.002471923828125,0.0688756913295947
2621440,-0.0035362211183382897,0.06692851980915293,-0.0041961669921875,0.059190199128352106
2752512,-0.0037587872466247063,0.06034015986369923,-0.0010528564453125,0.055526365380501375
2883584,-0.003660565987956943,0.05890591535717249,-0.0028533935546875,0.05238893724163063
3014656,-0.0038086333697719965,0.060098307993030176,-0.001373291015625,0.054914228996494785
3145728,-0.0037149859654164175,0.060891239991178736,-0.0001220703125,0.05705243977718055
3276800,-0.0037884798093728023,0.061786609614500776,-0.00201416015625,0.05598306664614938
3407872,-0.004177951783276512,0.09520863904617727,-0.0028839111328125,0.08808237475750502
3538944,-0.003818421542746364,0.08154220238793641,-0.0004119873046875,0.07729234205908142
3670016,-0.003288243624410825,0.0693851885444019,-0.0030670166015625,0.06302843475714326
3801088,-0.0037341298502724385,0.06459062860812992,-0.001708984375,0.05914704251699732
3932160,-0.0036441191950871143,0.06507522103493102,-0.0015869140625,0.0598418386944104
4063232,-0.003766835676287883,0.0670637121074833,-0.0016632080078125,0.06163171508524101
4194304,-0.003720165999766323,0.06679197784978896,-0.0007171630859375,0.062354649271583185
4325376,-0.0035200496949983062,0.06348840545979328,-0.002655029296875,0.05731148607446812
4456448,-0.0043096855260955635,0.09117934032110497,-0.001617431640625,0.08523885392060038
4587520,-0.0037269845306582283,0.07841998740332201,-0.000885009765625,0.07378926579258405
4718592,-0.003429811278692796,0.06705117956153117,-0.0054931640625,0.05812249882728793
4849664,-0.004047122469273745,0.06349234152003191,-0.0005950927734375,0.058845572188147344
4980736,-0.0036434173853194807,0.06569645635318011,-0.00238037109375,0.059671728376997635
5111808,-0.003974946570451721,0.0666099758236669,-0.0003662109375,0.06226833319669822
5242880,-0.0039016738774080295,0.06779741897480562,0.0009307861328125,0.06482653113198467
5373952,-0.004107958402528311,0.07006411883048713,-0.0017242431640625,0.06423141303821467
5505024,-0.003791318506046082,0.08208557410398498,4.57763671875e-05,0.07834003193420358
5636096,-0.0036907930807501543,0.07644583215005696,0.0007476806640625,0.07350271969335154
5767168,-0.0035516528459993424,0.07328919303836301,-0.0022735595703125,0.06746344777639024
5898240,-0.003690537711008801,0.07300633325939998,-0.0014495849609375,0.06786621068022214
6029312,-0.0037538688175118295,0.07417756656650454,-0.00244140625,0.06798229162814096
6160384,-0.003590485603126581,0.07536477042594925,-0.001495361328125,0.07027670540264808
6291456,-0.0033555951831658604,0.07531027094228193,-0.001922607421875,0.07003041947609745
6422528,-0.003544355735357385,0.07489644072484225,-0.0027313232421875,0.06862022218410857
6553600,-0.003824377792625455,0.08281052182428539,0.00054931640625,0.0795342429773882
6684672,-0.0038243423477979377,0.07994969916762784,-4.57763671875e-05,0.07607900927541777
6815744,-0.003426726196266827,0.07917280087713152,-0.002685546875,0.07305938430363312
6946816,-0.0033078253763960674,0.07937998382840306,-0.003387451171875,0.0726823897275608
7077888,-0.0034025816894427408,0.07983015407808125,-0.0030364990234375,0.07339048519497737
7208960,-0.003192640486304299,0.08150580391520634,-0.0024566650390625,0.07585408049635589
7340032,-0.0031130633760767523,0.08153375051915646,-0.0027618408203125,0.07565705943852663
7471104,-0.003312221901069279,0.08159481280017644,-0.00311279296875,0.07516859719180502
7602176,-0.004108489900318091,0.0922054581460543,-0.0005340576171875,0.08754845970543101
7733248,-0.003328181055621826,0.08598414325388148,-0.0023345947265625,0.08028931019362062
7864320,-0.0032331224501831457,0.08413152286084369,-0.0059967041015625,0.07489315798738971
7995392,-0.003155322643578984,0.08268655504798517,-0.002471923828125,0.07705749160959385
8126464,-0.002998255580678233,0.08235976257128641,-0.00506591796875,0.07429252594010904
8257536,-0.0032672034758434165,0.08241493860259652,-0.002716064453125,0.07642862515058368
8388608,-0.0030869651436660206,0.08155224827351049,-0.001434326171875,0.07702620682539418
8519680,-0.003293375004432164,0.08336102578323334,-0.0043792724609375,0.0756817061919719
8650752,-0.002730316459746973,0.09532901691272855,-0.003143310546875,0.08940878223074833
8781824,-0.0029269071037560934,0.09010181826306507,-0.0008697509765625,0.08628778421552852
8912896,-0.003149725382172619,0.08524703909642994,-0.0050048828125,0.07708553664269857
9043968,-0.0034915234300569864,0.08414224727312103,-0.00299072265625,0.07765324187312217
9175040,-0.0029759441822534427,0.08470932103227824,-0.004119873046875,0.07760728598805144
9306112,-0.003315905889394344,0.08594616455957294,-0.0034027099609375,0.07921940147934947
9437184,-0.0031130400966503657,0.08513151563238353,-0.001983642578125,0.08002607530215755
9568256,-0.003167384184052935,0.08563223981764168,-0.005584716796875,0.07686945281602675
9699328,-0.0037964993298373884,0.09335331415059045,-0.002044677734375,0.08748004780500196
9830400,-0.003229640724384808,0.08851456071715802,-0.002410888671875,0.08283138123806566
9961472,-0.0031291240338759962,0.08809703303268179,-0.0068817138671875,0.0780666371283587
10092544,-0.0032054554012574954,0.08576511213323101,-0.001983642578125,0.08057351666502655
10223616,-0.0028814045508624986,0.08571930282050744,-0.004974365234375,0.07785653747851029
10354688,-0.003307411583591602,0.08654676005244255,-0.0034942626953125,0.07973234279779717
10485760,-0.0030240964206313947,0.08647403854411095,-0.0013580322265625,0.0820842221728526
10616832,-0.0030470767942460952,0.08720508520491421,-0.00506591796875,0.07908438934828155
10747904,-0.003580238568247296,0.09786326927132905,-0.004119873046875,0.09008870743855368
10878976,-0.003304112244222779,0.0923875910229981,-0.001861572265625,0.08718524867435917
11010048,-0.0031805118414922617,0.08893469936447218,-0.0047454833984375,0.08099309320095927
11141120,-0.0034902480383607326,0.08700055145891383,-0.0032958984375,0.08020553803362418
11272192,-0.0032742456132837106,0.08622261707205325,-0.0034942626953125,0.07944461092120036
11403264,-0.0034700674477790017,0.0870745797874406,-0.0046844482421875,0.07890679070260376
11534336,-0.0034090781828126637,0.0879265942494385,-0.00262451171875,0.08187749527860433
11665408,-0.003124050630503916,0.08833275234792382,-0.0052947998046875,0.07990095412242226
11796480,-0.003663758521724958,0.09657839493593201,-0.0039825439453125,0.0888607624656288
11927552,-0.0034326046152273193,0.09230536501854658,-0.0019683837890625,0.08687651564832777
12058624,-0.0032096719023684273,0.08981056581251323,-0.0051422119140625,0.08144015856669284
12189696,-0.0033310630060441326,0.08897382928989828,-0.00421142578125,0.08141498154145665
12320768,-0.0031000629060145,0.08704416773980483,-0.003753662109375,0.08018016401911154
12451840,-0.0033001529991452117,0.08698621758958325,-0.0043792724609375,0.07928884963621385
12582912,-0.003458399844021187,0.08811463334131986,-0.003082275390625,0.08154751546680927
12713984,-0.0034065691816067556,0.08985284657683223,-0.0047454833984375,0.0816835924051702
12845056,-0.003465212540504581,0.09767333586933091,-0.0042266845703125,0.08990847253880929
12976128,-0.0035251295448688325,0.09299669350730255,-0.0023651123046875,0.08705826970981434
13107200,-0.0033513394300825894,0.08954603830352426,-0.0058135986328125,0.08035007092985325
13238272,-0.0035238495820522076,0.08829581388272345,-0.003692626953125,0.08106504855095409
13369344,-0.0032621917634969577,0.08845020760782063,-0.004608154296875,0.08056551095796749
13500416,-0.003544277731634793,0.08944245439488441,-0.004364013671875,0.08150823807227425
13631488,-0.0034867181038862327,0.08936709555564448,-0.0032196044921875,0.08263587800320238
13762560,-0.003415965078602312,0.09016235294984654,-0.00494384765625,0.08178731490625069
13893632,-0.004072319194165175,0.09602834179531783,-0.00274658203125,0.08915360967512242
14024704,-0.0034248465944983764,0.09191222203662619,-0.0025177001953125,0.0859214379452169
14155776,-0.003237224462282029,0.09088545991107821,-0.0064544677734375,0.08117116260109469
14286848,-0.0034194029267382575,0.09004282869864255,-0.0032958984375,0.0833050413057208
14417920,-0.003127625355773489,0.09054495766758919,-0.0054168701171875,0.08197582262801006
14548992,-0.003493935209917254,0.09034056385280564,-0.003875732421875,0.08295226018526591
14680064,-0.0034622361617948627,0.08955787442391738,-0.00238037109375,0.0836936169071123
14811136,-0.0034385487269901205,0.09031700767809525,-0.0055694580078125,0.08128377181128599
14942208,-0.003879138706906815,0.09585399512434378,-0.0028839111328125,0.08903048551292159
15073280,-0.003473966440651566,0.09257961675757542,-0.0028533935546875,0.08620581892319024
15204352,-0.003235271116864169,0.0906862520496361,-0.0058746337890625,0.08155283489031717
15335424,-0.003510257452944643,0.08985188259975985,-0.00360107421875,0.08271472383057699
15466496,-0.003262050382545567,0.09053630725247785,-0.00469970703125,0.0825473316363059
15597568,-0.0036816770589211956,0.09122030535945669,-0.0039825439453125,0.08352419239236042
15728640,-0.0033258817056776024,0.09054041176568717,-0.0025177001953125,0.0846669131424278
15859712,-0.003351644245412899,0.09126256103627384,-0.0054473876953125,0.08243190258508548
15990784,-0.004420828545335098,0.09732772834831849,-0.00384521484375,0.08897859329590574
16121856,-0.003877880470099626,0.09433609072584659,-0.0032958984375,0.08709713688585907
16252928,-0.003555280542059336,0.09147231571841985,-0.004913330078125,0.08297622259124182
16384000,-0.003703819525981089,0.09034294111188501,-0.0035247802734375,0.08307785930810496
16515072,-0.0035094239265163196,0.09119242377346382,-0.0038604736328125,0.08379039721330628
16646144,-0.003437387458689045,0.09144085366278887,-0.00408935546875,0.0838866003905423
16777216,-0.003565863911717315,0.09163107472704723,-0.003875732421875,0.08414647344034165
16908288,-0.0034955522896780167,0.09209645423106849,-0.004180908203125,0.0843808580248151
17039360,-0.004273327489499934,0.09875817585270852,-0.0031280517578125,0.09127316623926163
17170432,-0.00417572040714731,0.09574263077229261,-0.0023193359375,0.08918678644113243
17301504,-0.003270791970862774,0.09284447989193723,-0.004241943359375,0.08529908311902545
17432576,-0.0034712377237156034,0.09191845980240032,-0.004119873046875,0.08429235639050603
17563648,-0.003640466771685169,0.09256603615358472,-0.0045013427734375,0.08437943831086159
17694720,-0.0036709492469526595,0.09248082473641261,-0.0043182373046875,0.08444226425490342
17825792,-0.0035549296626413707,0.0921541849966161,-0.002960205078125,0.08561205357545987
17956864,-0.003647229952548514,0.09168212249642238,-0.004791259765625,0.08319795894203708
18087936,-0.004382007316962699,0.09918446885421872,-0.003173828125,0.09154303462128155
18219008,-0.004204943697914132,0.0957711806986481,-0.00262451171875,0.08887858042726293
18350080,-0.003799846497713588,0.09369165601674467,-0.0045623779296875,0.08527492982102558
18481152,-0.0037558552612608764,0.0939501659013331,-0.004669189453125,0.08548390492796898
18612224,-0.003467475335128256,0.09286710154265165,-0.0030364990234375,0.08633517497219145
18743296,-0.0035854522302543046,0.09206168749369681,-0.0051727294921875,0.08325573342153803
18874368,-0.003770054254346178,0.09301193046849221,-0.0034637451171875,0.08572826901217923
19005440,-0.0037956251981086098,0.09364769310923293,-0.00433349609375,0.08546919051150326
19136512,-0.0037343597705330467,0.09612949780421332,-0.001678466796875,0.09067687718197703
19267584,-0.0036724436049553333,0.09342445310903713,-0.0027313232421875,0.08697606192436069
19398656,-0.003717677485838067,0.0935947333346121,-0.006561279296875,0.08325288922060281
19529728,-0.003727766052179504,0.09383323672227561,-0.0039520263671875,0.0861086841323413
19660800,-0.0035407375908107497,0.09346690244274214,-0.0043792724609375,0.08550770650617778
19791872,-0.0038326455378410174,0.09324267343617976,-0.00469970703125,0.0846545040840283
19922944,-0.0036044468943146057,0.09375282458495349,-0.003204345703125,0.08690068067517132
20054016,-0.0037860566644667415,0.0934801371768117,-0.0050201416015625,0.08462804567534477
20185088,-0.004022864648504765,0.09505492093740031,-0.0021820068359375,0.08879968040855601
20316160,-0.0037622282143274788,0.09323496301658452,-0.0028228759765625,0.08659842319320887
20447232,-0.003558260776117095,0.09345698938705027,-0.006378173828125,0.08347549496102147
20578304,-0.0036557647326844744,0.09297627693740651,-0.0043792724609375,0.08489874063525349
20709376,-0.0033497956464998424,0.09275991056347266,-0.005279541015625,0.08409134374232963
20840448,-0.003781900048124953,0.09340610646177083,-0.0052490234375,0.08431709374417551
20971520,-0.0038032520133128855,0.0934403741848655,-0.00323486328125,0.08634629257721826
21102592,-0.00377769660371996,0.09399098134599626,-0.00537109375,0.084791868343018
21233664,-0.0038355600172508275,0.09666036686394364,-0.004425048828125,0.08828842992079444
21364736,-0.003635920702436124,0.09432037331862375,-0.002410888671875,0.08823413052596152
21495808,-0.0033545768401381793,0.09307059086859226,-0.005859375,0.0837955059541855
21626880,-0.0036960163197363727,0.09307960595469922,-0.0051116943359375,0.08421619940781966
21757952,-0.0034453819134796504,0.09307151212124154,-0.004180908203125,0.08538916305406019
21889024,-0.0036305310859461315,0.09308448299998417,-0.0049285888671875,0.08446331386221573
22020096,-0.003390530748220044,0.09375516639556736,-0.0035858154296875,0.0867230404401198
22151168,-0.003508199060888728,0.09429749479750171,-0.0053863525390625,0.08534003680688329
22282240,-0.003467488082605996,0.09460074023809284,-0.0024871826171875,0.08859168682829477
22413312,-0.003102597373072058,0.09263103775447235,-0.003173828125,0.08629231702070683
22544384,-0.0034110911383322673,0.09343244653427973,-0.0067291259765625,0.08323174965335056
22675456,-0.003748790853933315,0.09348450391553342,-0.003173828125,0.08649700816022232
22806528,-0.003225168304197723,0.0935249425820075,-0.00421142578125,0.08605199435260147
22937600,-0.0034978840722033055,0.09360239916713908,-0.0043792724609375,0.08566898660501465
23068672,-0.003449740477662999,0.09380294586298987,-0.003021240234375,0.08728242520010099
23199744,-0.0039477457030443475,0.09479515661951154,-0.0055694580078125,0.0852027774672024
23330816,-0.003681219179270556,0.09763031685724854,-0.0029754638671875,0.0908980258682277
23461888,-0.003365137479704572,0.09515193017432466,-0.0027618408203125,0.08896209252998233
23592960,-0.0035892086889361963,0.09426277212332934,-0.005584716796875,0.08501873014029115
23724032,-0.003917818861737032,0.0949464260484092,-0.0050506591796875,0.08589683141326532
23855104,-0.0030810761400061892,0.09355892922030762,-0.00372314453125,0.08671553817111999
23986176,-0.0031985014757083263,0.09285710856784135,-0.004791259765625,0.08482702175388113
24117248,-0.0035281176642456558,0.09358998294919729,-0.0039215087890625,0.08608255657600239
24248320,-0.0034549256106402026,0.09383835853077471,-0.004852294921875,0.08548000530572608
24379392,-0.0035140850050083827,0.0952094336389564,-0.00299072265625,0.08864397718571126
24510464,-0.0030963646222517127,0.09260315611027181,-0.0027313232421875,0.08672664675395936
24641536,-0.0029713056865148246,0.09313332359306514,-0.0064849853515625,0.08362569558084942
24772608,-0.0032462021390529117,0.094033268163912,-0.0035858154296875,0.08715548139298335
24903680,-0.0033288126451225253,0.09373121854150668,-0.003997802734375,0.08634677238296717
25034752,-0.0031526548063993687,0.093396510113962,-0.0041351318359375,0.08607158571248874
25165824,-0.002910595221692347,0.09254611446522176,-0.002410888671875,0.08719596354058012
25296896,-0.003087893395786523,0.0920786281931214,-0.00469970703125,0.08426535781472921
25427968,-0.0029454707037075423,0.0935014295973815,-0.00140380859375,0.0891214290750213
25559040,-0.002500867674825713,0.09143766848137602,-0.00177001953125,0.08714482595678419
25690112,-0.0026528837233854574,0.09169654018478468,-0.00494384765625,0.08407655794871971
25821184,-0.0028275447748455917,0.09164822445018217,-0.0036773681640625,0.08512154215713963
25952256,-0.002709595726628322,0.09163550834637135,-0.0046234130859375,0.08427802828373387
26083328,-0.0029459933703037677,0.09201272396603599,-0.0039825439453125,0.08505431894445792
26214400,-0.003015934275026666,0.0910262672114186,-0.00286865234375,0.0851173929986544
26345472,-0.003035585936231655,0.09164978878106922,-0.0049285888671875,0.08366536747780629
26476544,-0.003262631589677767,0.093719691503793,-0.0006103515625,0.08982776681659743
26607616,-0.002864280959329335,0.09101952484343201,-0.0023345947265625,0.08579600387020037
26738688,-0.002818384240526939,0.09123070805799216,-0.00634765625,0.08203890029108152
26869760,-0.0028586809858097695,0.0912762088701129,-0.0043182373046875,0.08407269814051688
27000832,-0.002524312536479556,0.09107330208644271,-0.0049896240234375,0.08354518550913781
27131904,-0.002616810897961841,0.09134359995368868,-0.003570556640625,0.08514063601614907
27262976,-0.002691789964956115,0.0903763062087819,-0.0019989013671875,0.08567214047070593
27394048,-0.002983013388075051,0.09161927324021235,-0.0052947998046875,0.0833150727848988
27525120,-0.003028162547707325,0.09239517926471308,-0.0007781982421875,0.08856549178017303
27656192,-0.0025829736168816453,0.0908259471761994,-0.0027008056640625,0.0855107021634467
27787264,-0.0023328024353759247,0.09158631961327046,-0.0056915283203125,0.08353685168549418
27918336,-0.002292429790031747,0.09025555429980159,-0.00335693359375,0.08459201920777559
28049408,-0.002385690462688217,0.08919566893018782,-0.0048065185546875,0.08198274049209431
28180480,-0.002815646146700601,0.08963650884106755,-0.004058837890625,0.08273268674383871
28311552,-0.002609294488138403,0.08937524701468647,-0.0023040771484375,0.08443937299307436
28442624,-0.00254430605127709,0.09016554843401536,-0.004058837890625,0.08354504621820524
28573696,-0.0030325391908263555,0.09312861162470654,-0.0011749267578125,0.08890055021038279
28704768,-0.0029007326611463213,0.09142032271483913,-0.0022430419921875,0.08624713309109211
28835840,-0.0026168459608015837,0.09213798446580768,-0.0057220458984375,0.08376904262695462
28966912,-0.002652054552527261,0.09074677206808701,-0.0038604736328125,0.08420987197314389
29097984,-0.0024094189084280515,0.08963467471767217,-0.004730224609375,0.08247635245788842
29229056,-0.002724458845477784,0.0904682258842513,-0.0037078857421875,0.08401625804253854
29360128,-0.0026486643128009746,0.09056865173624828,-0.0020904541015625,0.08581402496201918
29491200,-0.0026536248242337024,0.09156424860702828,-0.0045318603515625,0.08436113048810512
29622272,-0.0028226551548868883,0.09176081424811855,-0.0008544921875,0.08806697477120906
29753344,-0.0026795694284373894,0.09061322797788307,-0.0021514892578125,0.08574956574011594
29884416,-0.0027014118004444754,0.0912178271682933,-0.005889892578125,0.08260284003335983
30015488,-0.0026992449129465967,0.09038193681044504,-0.0030975341796875,0.08456289561581798
30146560,-0.0023101051920093596,0.0897526498301886,-0.00457763671875,0.08284346031723544
30277632,-0.002637275669258088,0.08809944713721052,-0.003631591796875,0.08180637622717768
30408704,-0.002633805766890873,0.08530327858170494,-0.0021209716796875,0.08052844705525786
30539776,-0.0026236155990773113,0.0871812630794011,-0.00408935546875,0.08045281760860234
30670848,-0.0027405067412473727,0.08702939446084201,-0.00091552734375,0.08336163611966185
30801920,-0.002668504936082172,0.08466162695549428,-0.0018310546875,0.08013939514057711
30932992,-0.0027192705256311456,0.08684227260528132,-0.006072998046875,0.07802157220430672
31064064,-0.0027892333764611976,0.08565504872240126,-0.0041351318359375,0.07870115013793111
31195136,-0.0026673984903027304,0.08504461433039978,-0.0059661865234375,0.07638573256554082
31326208,-0.002778490110358689,0.081939252151642,-0.0043182373046875,0.07481788223958574
31457280,-0.0026793809593073092,0.07929582690121606,-0.0021514892578125,0.07444160501472652
