collected_frames,action/v_mean,action/w_mean,action/front_mean,action/rear_mean
131072,0.5,0.0,-0.00244140625,0.00017547607421875
262144,0.5,0.0,0.00174713134765625,0.00090789794921875
393216,0.5,0.0,-0.00322723388671875,0.0039520263671875
524288,0.5,0.0,0.00514984130859375,0.00379180908203125
655360,0.5,0.0,0.00334930419921875,0.00328826904296875
786432,0.5,0.0,0.00261688232421875,0.00693511962890625
917504,0.5,0.0,0.00807952880859375,0.0014190673828125
1048576,0.5,0.0,-0.00640869140625,0.0039215087890625
1179648,0.5,0.0,0.00092315673828125,0.00315093994140625
1310720,0.5,0.0,0.10578155517578125,0.1230316162109375
1441792,0.5,0.0,0.0065155029296875,0.00768280029296875
1572864,0.5,0.0,0.0095367431640625,0.0033111572265625
1703936,0.5,0.0,0.00605010986328125,0.0049285888671875
1835008,0.5,0.0,0.006317138671875,0.0032958984375
1966080,0.5,0.0,-0.008636474609375,0.0072021484375
2097152,0.5,0.0,0.0103607177734375,0.00817108154296875
2228224,0.5,0.0,0.01328277587890625,0.01192474365234375
2359296,0.5,0.0,0.5933456420898438,0.8163070678710938
2490368,0.5,0.0,-0.01892852783203125,0.00519561767578125
2621440,0.5,0.0,0.00890350341796875,0.0058441162109375
2752512,0.5,0.0,0.0085906982421875,0.00732421875
2883584,0.5,0.0,-0.0028533935546875,0.003509521484375
3014656,0.5,0.0,0.02069091796875,0.00954437255859375
3145728,0.5,0.0,-0.00041961669921875,0.017669677734375
3276800,0.5,0.0,0.0049591064453125,0.01709747314453125
3407872,0.5,0.0,0.5591888427734375,0.6346588134765625
3538944,0.5,0.0,0.02536773681640625,0.0143890380859375
3670016,0.5,0.0,0.014556884765625,0.02843475341796875
3801088,0.5,0.0,0.01285552978515625,0.009063720703125
3932160,0.5,0.0,-0.0023193359375,0.0185546875
4063232,0.5,0.0,-0.00528717041015625,0.02342987060546875
4194304,0.5,0.0,0.01424407958984375,0.00366973876953125
4325376,0.5,0.0,0.0038604736328125,0.03575897216796875
4456448,0.5,0.0,0.60711669921875,0.8942184448242188
4587520,0.5,0.0,0.0010223388671875,0.034881591796875
4718592,0.5,0.0,-0.02042388916015625,0.04123687744140625
4849664,0.5,0.0,0.0261688232421875,0.02317047119140625
4980736,0.5,0.0,0.037628173828125,0.0382843017578125
5111808,0.5,0.0,0.0029754638671875,0.04177093505859375
5242880,0.5,0.0,0.01372528076171875,0.014190673828125
5373952,0.5,0.0,-0.0130462646484375,0.034088134765625
5505024,0.5,0.0,0.6291046142578125,0.8783645629882812
5636096,0.5,0.0,0.01422119140625,0.0203857421875
5767168,0.5,0.0,-0.02935028076171875,0.02709197998046875
5898240,0.5,0.0,0.04016876220703125,0.0625152587890625
6029312,0.5,0.0,-0.000732421875,0.05722808837890625
6160384,0.5,0.0,0.0002593994140625,0.0229644775390625
6291456,0.5,0.0,0.04395294189453125,0.034912109375
6422528,0.5,0.0,0.00533294677734375,0.04874420166015625
6553600,0.5,0.0,0.00237274169921875,0.7982711791992188
6684672,0.5,0.0,-0.05678558349609375,0.05877685546875
6815744,0.5,0.0,0.0294342041015625,0.03560638427734375
6946816,0.5,0.0,0.0378875732421875,0.0607452392578125
7077888,0.5,0.0,-0.02384185791015625,0.05267333984375
7208960,0.5,0.0,0.01688385009765625,0.04596710205078125
7340032,0.5,0.0,0.0095367431640625,0.04723358154296875
7471104,0.5,0.0,0.043609619140625,0.05388641357421875
7602176,0.5,0.0,0.341400146484375,0.7647552490234375
7733248,0.5,0.0,-0.0253143310546875,0.06255340576171875
7864320,0.5,0.0,-0.0001220703125,0.0650482177734375
7995392,0.5,0.0,-0.00154876708984375,0.04864501953125
8126464,0.5,0.0,0.06574249267578125,0.04860687255859375
8257536,0.5,0.0,0.0009002685546875,0.0636138916015625
8388608,0.5,0.0,0.043212890625,0.06893157958984375
8519680,0.5,0.0,-0.03232574462890625,0.061492919921875
8650752,0.5,0.0,0.00728607177734375,0.59619140625
8781824,0.5,0.0,0.03057861328125,0.0535888671875
8912896,0.5,0.0,0.03897857666015625,0.06719970703125
9043968,0.5,0.0,-0.01763153076171875,0.05210113525390625
9175040,0.5,0.0,0.00267791748046875,0.0615386962890625
9306112,0.5,0.0,0.003082275390625,0.05295562744140625
9437184,0.5,0.0,0.01998138427734375,0.01560211181640625
9568256,0.5,0.0,-0.0125579833984375,0.03522491455078125
9699328,0.5,0.0,-0.05699920654296875,0.5696487426757812
9830400,0.5,0.0,0.07269287109375,0.0746307373046875
9961472,0.5,0.0,-0.03748321533203125,0.06671142578125
10092544,0.5,0.0,-0.0244140625,0.04235076904296875
10223616,0.5,0.0,0.02852630615234375,0.06992340087890625
10354688,0.5,0.0,0.0089111328125,0.0466156005859375
10485760,0.5,0.0,0.02355194091796875,0.07921600341796875
10616832,0.5,0.0,-0.019134521484375,0.05628204345703125
10747904,0.5,0.0,0.5752334594726562,0.1367950439453125
10878976,0.5,0.0,-0.0684967041015625,0.09383392333984375
11010048,0.5,0.0,-0.00872802734375,0.06298065185546875
11141120,0.5,0.0,-0.004058837890625,0.0505828857421875
11272192,0.5,0.0,-0.02225494384765625,0.06558990478515625
11403264,0.5,0.0,0.00649261474609375,0.05718994140625
11534336,0.5,0.0,0.034912109375,0.0634613037109375
11665408,0.5,0.0,0.0067901611328125,0.0866546630859375
11796480,0.5,0.0,-0.0337677001953125,0.6865310668945312
11927552,0.5,0.0,0.03432464599609375,0.11724090576171875
12058624,0.5,0.0,-0.02503204345703125,0.01711273193359375
12189696,0.5,0.0,0.01030731201171875,0.03079986572265625
12320768,0.5,0.0,-0.0089111328125,0.00902557373046875
12451840,0.5,0.0,0.12520599365234375,0.13128662109375
12582912,0.5,0.0,0.0081329345703125,0.031646728515625
12713984,0.5,0.0,0.07294464111328125,0.08885955810546875
12845056,0.5,0.0,0.17916107177734375,0.6915359497070312
12976128,0.5,0.0,0.05144500732421875,0.117218017578125
13107200,0.5,0.0,0.0509490966796875,0.056365966796875
13238272,0.5,0.0,-0.0263671875,0.06941986083984375
13369344,0.5,0.0,-0.00926971435546875,0.0821533203125
13500416,0.5,0.0,0.03582763671875,0.0859527587890625
13631488,0.5,0.0,0.049346923828125,0.08022308349609375
13762560,0.5,0.0,0.09649658203125,0.09601593017578125
13893632,0.5,0.0,0.33106231689453125,0.8412628173828125
14024704,0.5,0.0,0.08779144287109375,0.08966827392578125
14155776,0.5,0.0,-0.06172943115234375,0.0603179931640625
14286848,0.5,0.0,0.022857666015625,0.06592559814453125
14417920,0.5,0.0,-0.0025177001953125,0.02057647705078125
14548992,0.5,0.0,0.05139923095703125,0.079742431640625
14680064,0.5,0.0,0.00360107421875,0.122802734375
14811136,0.5,0.0,0.02730560302734375,0.08795928955078125
14942208,0.5,0.0,0.71282958984375,0.925872802734375
15073280,0.5,0.0,-0.05881500244140625,0.16674041748046875
15204352,0.5,0.0,-0.07205963134765625,0.1036834716796875
15335424,0.5,0.0,0.02754974365234375,0.0731658935546875
15466496,0.5,0.0,0.0214080810546875,0.1174163818359375
15597568,0.5,0.0,-0.0374755859375,0.09136962890625
15728640,0.5,0.0,0.00146484375,0.040496826171875
15859712,0.5,0.0,-0.01998138427734375,0.10585784912109375
15990784,0.5,0.0,0.10854339599609375,0.5320358276367188
16121856,0.5,0.0,0.02382659912109375,0.12825775146484375
16252928,0.5,0.0,0.041046142578125,0.05657958984375
16384000,0.5,0.0,-0.022064208984375,0.14731597900390625
16515072,0.5,0.0,0.03717041015625,0.06830596923828125
16646144,0.5,0.0,-0.04869842529296875,0.1082763671875
16777216,0.5,0.0,0.10611724853515625,0.16536712646484375
16908288,0.5,0.0,0.0699005126953125,0.1736297607421875
17039360,0.5,0.0,0.423736572265625,0.7825469970703125
17170432,0.5,0.0,0.04976654052734375,0.037200927734375
17301504,0.5,0.0,0.055694580078125,0.11135101318359375
17432576,0.5,0.0,0.0528411865234375,0.11937713623046875
17563648,0.5,0.0,0.0299835205078125,0.069580078125
17694720,0.5,0.0,-0.07132720947265625,0.103515625
17825792,0.5,0.0,-0.03104400634765625,0.1416015625
17956864,0.5,0.0,0.05059814453125,0.11547088623046875
18087936,0.5,0.0,0.60919189453125,0.7423934936523438
18219008,0.5,0.0,0.1236114501953125,0.1832122802734375
18350080,0.5,0.0,0.090728759765625,0.13222503662109375
18481152,0.5,0.0,0.1233673095703125,0.15531158447265625
18612224,0.5,0.0,0.0183563232421875,0.112030029296875
18743296,0.5,0.0,0.01290130615234375,0.12914276123046875
18874368,0.5,0.0,0.14215087890625,0.1381378173828125
19005440,0.5,0.0,0.086822509765625,0.162841796875
19136512,0.5,0.0,-0.05985260009765625,0.5672531127929688
19267584,0.5,0.0,0.0440673828125,0.1616973876953125
19398656,0.5,0.0,0.06926727294921875,0.1376953125
19529728,0.5,0.0,0.0326385498046875,0.15546417236328125
19660800,0.5,0.0,0.05846405029296875,0.12332916259765625
19791872,0.5,0.0,0.00324249267578125,0.15398406982421875
19922944,0.5,0.0,0.06884002685546875,0.1205596923828125
20054016,0.5,0.0,0.03984832763671875,0.13349151611328125
20185088,0.5,0.0,-0.02532196044921875,0.596832275390625
20316160,0.5,0.0,0.0229034423828125,0.09000396728515625
20447232,0.5,0.0,-0.00185394287109375,0.1305694580078125
20578304,0.5,0.0,-0.04857635498046875,0.104644775390625
20709376,0.5,0.0,0.0241241455078125,0.146148681640625
20840448,0.5,0.0,-0.02970123291015625,0.137847900390625
20971520,0.5,0.0,0.08530426025390625,0.12689208984375
21102592,0.5,0.0,-0.01888275146484375,0.1326446533203125
21233664,0.5,0.0,0.001007080078125,0.59954833984375
21364736,0.5,0.0,0.02599334716796875,0.09503936767578125
21495808,0.5,0.0,0.09110260009765625,0.10405731201171875
21626880,0.5,0.0,0.1285247802734375,0.1357879638671875
21757952,0.5,0.0,0.04430389404296875,0.182891845703125
21889024,0.5,0.0,0.080230712890625,0.1410675048828125
22020096,0.5,0.0,-0.08222198486328125,0.1651763916015625
22151168,0.5,0.0,0.0008697509765625,0.1537628173828125
22282240,0.5,0.0,0.7365341186523438,0.8258132934570312
22413312,0.5,0.0,0.0208282470703125,0.130615234375
22544384,0.5,0.0,0.0917816162109375,0.17803955078125
22675456,0.5,0.0,0.11048126220703125,0.191558837890625
22806528,0.5,0.0,0.09159088134765625,0.17780303955078125
22937600,0.5,0.0,0.20114898681640625,0.20778656005859375
23068672,0.5,0.0,0.0986175537109375,0.1855621337890625
23199744,0.5,0.0,0.1267547607421875,0.20633697509765625
23330816,0.5,0.0,0.20017242431640625,0.7285003662109375
23461888,0.5,0.0,0.0482635498046875,0.04961395263671875
23592960,0.5,0.0,0.12435150146484375,0.204742431640625
23724032,0.5,0.0,0.11737060546875,0.03765106201171875
23855104,0.5,0.0,0.03383636474609375,0.1316375732421875
23986176,0.5,0.0,0.140228271484375,0.17731475830078125
24117248,0.5,0.0,0.1682281494140625,0.1786346435546875
24248320,0.5,0.0,0.196746826171875,0.2205047607421875
24379392,0.5,0.0,-0.0156707763671875,0.5335769653320312
24510464,0.5,0.0,0.12935638427734375,0.1352386474609375
24641536,0.5,0.0,-0.0310211181640625,0.17840576171875
24772608,0.5,0.0,0.13681793212890625,0.18549346923828125
24903680,0.5,0.0,0.10141754150390625,0.1567840576171875
25034752,0.5,0.0,0.01705169677734375,0.1785125732421875
25165824,0.5,0.0,-0.10516357421875,0.13397979736328125
25296896,0.5,0.0,0.03038787841796875,0.0549774169921875
25427968,0.5,0.0,-0.02256011962890625,0.33917236328125
25559040,0.5,0.0,0.03961944580078125,0.0834197998046875
25690112,0.5,0.0,-0.00701904296875,0.080902099609375
25821184,0.5,0.0,0.12862396240234375,0.17282867431640625
25952256,0.5,0.0,0.0579376220703125,0.18119049072265625
26083328,0.5,0.0,0.13201904296875,0.03964996337890625
26214400,0.5,0.0,-0.14028167724609375,0.14119720458984375
26345472,0.5,0.0,0.11687469482421875,0.19875335693359375
26476544,0.5,0.0,-0.00968170166015625,0.5907516479492188
26607616,0.5,0.0,-0.0544586181640625,0.17859649658203125
26738688,0.5,0.0,-0.115203857421875,0.1330108642578125
26869760,0.5,0.0,0.162017822265625,0.22314453125
27000832,0.5,0.0,-0.03461456298828125,0.0234375
27131904,0.5,0.0,0.07820892333984375,0.12953948974609375
27262976,0.5,0.0,-0.07973480224609375,0.15340423583984375
27394048,0.5,0.0,0.1015625,0.08551788330078125
27525120,0.5,0.0,0.04775238037109375,0.329010009765625
27656192,0.5,0.0,-0.0321502685546875,0.15711212158203125
27787264,0.5,0.0,-0.07470703125,0.1747589111328125
27918336,0.5,0.0,-0.02215576171875,0.07965850830078125
28049408,0.5,0.0,0.02307891845703125,0.11939239501953125
28180480,0.5,0.0,0.06270599365234375,0.178192138671875
28311552,0.5,0.0,0.12490081787109375,0.200164794921875
28442624,0.5,0.0,-0.007049560546875,0.19521331787109375
28573696,0.5,0.0,-0.0160369873046875,0.39211273193359375
28704768,0.5,0.0,0.06760406494140625,0.13897705078125
28835840,0.5,0.0,0.00902557373046875,0.15071868896484375
28966912,0.5,0.0,0.051513671875,0.11376953125
29097984,0.5,0.0,0.16507720947265625,0.1946868896484375
29229056,0.5,0.0,0.087188720703125,0.19654083251953125
29360128,0.5,0.0,0.05124664306640625,0.1451568603515625
29491200,0.5,0.0,0.1747283935546875,0.2402191162109375
29622272,0.5,0.0,0.35037994384765625,0.6312103271484375
29753344,0.5,0.0,0.13834381103515625,0.16352081298828125
29884416,0.5,0.0,0.0599365234375,0.2560577392578125
30015488,0.5,0.0,0.10400390625,0.16892242431640625
30146560,0.5,0.0,0.09047698974609375,0.18125152587890625
30277632,0.5,0.0,0.12020111083984375,0.1751708984375
30408704,0.5,0.0,-0.101959228515625,0.1603546142578125
30539776,0.5,0.0,0.00725555419921875,0.14629364013671875
30670848,0.5,0.0,0.399688720703125,0.5138702392578125
30801920,0.5,0.0,0.1094818115234375,0.0604705810546875
30932992,0.5,0.0,0.10335540771484375,0.21811676025390625
31064064,0.5,0.0,0.06359100341796875,0.1092681884765625
31195136,0.5,0.0,0.0743865966796875,0.20123291015625
31326208,0.5,0.0,0.03722381591796875,0.14690399169921875
31457280,0.5,0.0,-0.00650787353515625,0.18659210205078125
31588352,0.5,0.0,-0.11888885498046875,0.1594085693359375
31719424,0.5,0.0,0.1538238525390625,0.46147918701171875
31850496,0.5,0.0,0.00078582763671875,0.2296142578125
31981568,0.5,0.0,0.01123046875,0.16814422607421875
32112640,0.5,0.0,-0.12591552734375,0.0814208984375
32243712,0.5,0.0,0.00986480712890625,0.104248046875
32374784,0.5,0.0,0.06578826904296875,0.0910491943359375
32505856,0.5,0.0,-0.090911865234375,0.18535614013671875
32636928,0.5,0.0,-0.00659942626953125,0.223663330078125
32768000,0.5,0.0,0.1455535888671875,0.6280975341796875
32899072,0.5,0.0,-0.03795623779296875,0.2407073974609375
33030144,0.5,0.0,0.0497894287109375,0.12286376953125
33161216,0.5,0.0,-0.058990478515625,0.1684417724609375
33292288,0.5,0.0,0.00339508056640625,0.19489288330078125
33423360,0.5,0.0,0.038726806640625,0.24253082275390625
33554432,0.5,0.0,0.14788055419921875,0.1578216552734375
33685504,0.5,0.0,0.0556182861328125,0.2794189453125
33816576,0.5,0.0,-0.03203582763671875,0.4805755615234375
33947648,0.5,0.0,-0.05706024169921875,0.20725250244140625
34078720,0.5,0.0,0.0941619873046875,0.2456207275390625
34209792,0.5,0.0,-0.03864288330078125,0.19781494140625
34340864,0.5,0.0,-0.11823272705078125,0.1463775634765625
34471936,0.5,0.0,-0.0205841064453125,0.1486358642578125
34603008,0.5,0.0,-0.0191192626953125,0.15761566162109375
34734080,0.5,0.0,-0.12368011474609375,0.179290771484375
34865152,0.5,0.0,-0.02497100830078125,0.21759033203125
34996224,0.5,0.0,0.04381561279296875,0.0363006591796875
35127296,0.5,0.0,-0.02002716064453125,0.072967529296875
35258368,0.5,0.0,-0.03137969970703125,0.2329864501953125
35389440,0.5,0.0,-0.00977325439453125,0.23282623291015625
35520512,0.5,0.0,0.13452911376953125,0.23854827880859375
35651584,0.5,0.0,-0.04073333740234375,0.2262725830078125
35782656,0.5,0.0,0.255859375,0.26834869384765625
35913728,0.5,0.0,-0.00841522216796875,0.42742919921875
36044800,0.5,0.0,-0.0192108154296875,0.19826507568359375
36175872,0.5,0.0,-0.042083740234375,0.27443695068359375
36306944,0.5,0.0,-0.04196929931640625,0.21494293212890625
36438016,0.5,0.0,0.0760345458984375,0.24680328369140625
36569088,0.5,0.0,0.11481475830078125,0.17095184326171875
36700160,0.5,0.0,0.05440521240234375,0.163116455078125
36831232,0.5,0.0,-0.15909576416015625,0.1243133544921875
36962304,0.5,0.0,0.4420166015625,0.6374588012695312
37093376,0.5,0.0,-0.14166259765625,0.19327545166015625
37224448,0.5,0.0,0.11827850341796875,0.17705535888671875
37355520,0.5,0.0,0.0489349365234375,0.14383697509765625
37486592,0.5,0.0,0.08924102783203125,0.2162628173828125
37617664,0.5,0.0,-0.02581787109375,0.18560791015625
37748736,0.5,0.0,0.126190185546875,0.11171722412109375
37879808,0.5,0.0,-0.0806427001953125,0.09438323974609375
38010880,0.5,0.0,-0.011993408203125,0.33730316162109375
38141952,0.5,0.0,-0.044708251953125,0.14286041259765625
38273024,0.5,0.0,0.17902374267578125,0.09619903564453125
38404096,0.5,0.0,-0.07379913330078125,0.2843170166015625
38535168,0.5,0.0,-0.10482025146484375,0.17140960693359375
38666240,0.5,0.0,-0.0261993408203125,0.24542999267578125
38797312,0.5,0.0,-0.04051971435546875,0.1885528564453125
38928384,0.5,0.0,0.277801513671875,0.10382843017578125
39059456,0.5,0.0,0.7186660766601562,0.5917587280273438
39190528,0.5,0.0,0.23171234130859375,0.28691864013671875
39321600,0.5,0.0,0.11474609375,0.1930084228515625
39452672,0.5,0.0,0.1568145751953125,0.108673095703125
39583744,0.5,0.0,0.000579833984375,0.2877044677734375
39714816,0.5,0.0,0.17090606689453125,0.22795867919921875
39845888,0.5,0.0,0.040679931640625,0.19652557373046875
39976960,0.5,0.0,0.13431549072265625,0.317108154296875
40108032,0.5,0.0,0.3418731689453125,0.28069305419921875
40239104,0.5,0.0,-0.12012481689453125,0.1581268310546875
40370176,0.5,0.0,0.11913299560546875,0.25218963623046875
40501248,0.5,0.0,0.164306640625,0.0992889404296875
40632320,0.5,0.0,0.141876220703125,0.04940032958984375
40763392,0.5,0.0,0.1099853515625,0.21781158447265625
40894464,0.5,0.0,-0.1114044189453125,0.2335968017578125
41025536,0.5,0.0,0.15192413330078125,0.04547119140625
41156608,0.5,0.0,0.45510101318359375,0.060333251953125
41287680,0.5,0.0,0.10817718505859375,0.2556304931640625
41418752,0.5,0.0,0.0288848876953125,0.3324127197265625
41549824,0.5,0.0,-0.0497283935546875,0.26168060302734375
41680896,0.5,0.0,0.23227691650390625,0.23122406005859375
41811968,0.5,0.0,0.210784912109375,0.2549896240234375
41943040,0.5,0.0,-0.1035003662109375,0.26348114013671875
42074112,0.5,0.0,0.0885162353515625,0.07680511474609375
42205184,0.5,0.0,0.36873626708984375,0.11041259765625
42336256,0.5,0.0,0.32518768310546875,0.36522674560546875
42467328,0.5,0.0,0.2631072998046875,0.39038848876953125
42598400,0.5,0.0,0.11487579345703125,0.18353271484375
42729472,0.5,0.0,-0.07525634765625,0.31131744384765625
42860544,0.5,0.0,0.0478057861328125,-0.04961395263671875
42991616,0.5,0.0,-0.0355377197265625,0.32555389404296875
43122688,0.5,0.0,-0.00244140625,0.25408172607421875
43253760,0.5,0.0,0.52899169921875,0.5939788818359375
43384832,0.5,0.0,-0.02886962890625,0.03678131103515625
43515904,0.5,0.0,0.25902557373046875,0.37178802490234375
43646976,0.5,0.0,0.1351470947265625,0.23455810546875
43778048,0.5,0.0,0.064453125,0.25765228271484375
43909120,0.5,0.0,0.2093353271484375,0.2693328857421875
44040192,0.5,0.0,0.2502593994140625,0.3472442626953125
44171264,0.5,0.0,0.2969207763671875,0.3927001953125
44302336,0.5,0.0,0.5711669921875,0.49092864990234375
44433408,0.5,0.0,0.366241455078125,0.29277801513671875
44564480,0.5,0.0,0.2921142578125,0.01039886474609375
44695552,0.5,0.0,0.21047210693359375,0.34586334228515625
44826624,0.5,0.0,0.20671844482421875,0.35083770751953125
44957696,0.5,0.0,0.00650787353515625,0.08931732177734375
45088768,0.5,0.0,-0.0338592529296875,0.1907958984375
45219840,0.5,0.0,0.27236175537109375,0.3122711181640625
45350912,0.5,0.0,0.346832275390625,0.22519683837890625
45481984,0.5,0.0,0.3644256591796875,0.0596923828125
45613056,0.5,0.0,-0.10623931884765625,0.18994140625
45744128,0.5,0.0,0.1405792236328125,0.16489410400390625
45875200,0.5,0.0,0.16326904296875,0.36246490478515625
46006272,0.5,0.0,0.02252960205078125,-0.001983642578125
46137344,0.5,0.0,0.27685546875,0.36673736572265625
46268416,0.5,0.0,0.335601806640625,0.130462646484375
46399488,0.5,0.0,0.45601654052734375,0.3830718994140625
46530560,0.5,0.0,0.0130157470703125,0.167999267578125
46661632,0.5,0.0,0.2200469970703125,0.19588470458984375
46792704,0.5,0.0,0.17209625244140625,0.33588409423828125
46923776,0.5,0.0,0.41248321533203125,0.0585784912109375
47054848,0.5,0.0,0.12047576904296875,0.26338958740234375
47185920,0.5,0.0,0.243560791015625,0.2731781005859375
47316992,0.5,0.0,0.05178070068359375,0.08673095703125
47448064,0.5,0.0,-0.04026031494140625,0.26862335205078125
47579136,0.5,0.0,0.0962677001953125,0.29764556884765625
47710208,0.5,0.0,0.23474884033203125,0.30832672119140625
47841280,0.5,0.0,0.11356353759765625,0.22525787353515625
47972352,0.5,0.0,-0.0345458984375,0.24723052978515625
48103424,0.5,0.0,0.3091278076171875,0.3003997802734375
48234496,0.5,0.0,0.20911407470703125,0.12686920166015625
48365568,0.5,0.0,0.06219482421875,0.17279052734375
48496640,0.5,0.0,0.29550933837890625,0.4173583984375
48627712,0.5,0.0,0.160858154296875,0.1884307861328125
48758784,0.5,0.0,0.09639739990234375,0.28974151611328125
48889856,0.5,0.0,0.14037322998046875,0.2383270263671875
49020928,0.5,0.0,0.27262115478515625,0.24941253662109375
49152000,0.5,0.0,0.1347198486328125,0.0660247802734375
49283072,0.5,0.0,0.14502716064453125,0.300506591796875
49414144,0.5,0.0,0.308197021484375,0.27126312255859375
49545216,0.5,0.0,-0.0190277099609375,0.16907501220703125
49676288,0.5,0.0,0.113983154296875,0.1597137451171875
49807360,0.5,0.0,0.32756805419921875,0.34642791748046875
49938432,0.5,0.0,0.2196807861328125,0.28946685791015625
50069504,0.5,0.0,0.25324249267578125,0.29721832275390625
50200576,0.5,0.0,0.1823577880859375,0.26084136962890625
50331648,0.5,0.0,0.3213958740234375,0.137786865234375
50462720,0.5,0.0,0.177032470703125,0.40010833740234375
50593792,0.5,0.0,0.23894500732421875,0.44234466552734375
50724864,0.5,0.0,0.0915374755859375,0.1040802001953125
50855936,0.5,0.0,0.15979766845703125,0.39646148681640625
50987008,0.5,0.0,0.0527191162109375,0.11859130859375
51118080,0.5,0.0,0.06046295166015625,0.2167816162109375
51249152,0.5,0.0,0.3532562255859375,0.33917236328125
51380224,0.5,0.0,0.1770782470703125,0.27713775634765625
51511296,0.5,0.0,0.31618499755859375,0.33493804931640625
51642368,0.5,0.0,0.3776397705078125,0.5405960083007812
51773440,0.5,0.0,0.193145751953125,0.2695465087890625
51904512,0.5,0.0,0.0648651123046875,0.0417633056640625
52035584,0.5,0.0,0.24356842041015625,0.3347625732421875
52166656,0.5,0.0,0.21526336669921875,0.1264495849609375
52297728,0.5,0.0,0.3892974853515625,0.094482421875
52428800,0.5,0.0,-0.0500335693359375,0.31328582763671875
52559872,0.5,0.0,0.33161163330078125,0.3836212158203125
52690944,0.5,0.0,0.45940399169921875,0.515838623046875
52822016,0.5,0.0,0.18317413330078125,0.33606719970703125
52953088,0.5,0.0,0.3379974365234375,0.32588958740234375
53084160,0.5,0.0,-0.0019989013671875,0.4476165771484375
53215232,0.5,0.0,-0.01912689208984375,-0.0079498291015625
53346304,0.5,0.0,-0.00775146484375,0.28148651123046875
53477376,0.5,0.0,0.3811492919921875,0.0558624267578125
53608448,0.5,0.0,0.01470947265625,0.4135284423828125
53739520,0.5,0.0,0.3089447021484375,0.5675048828125
53870592,0.5,0.0,0.35723114013671875,0.42108154296875
54001664,0.5,0.0,0.12967681884765625,0.21192169189453125
54132736,0.5,0.0,-0.12548065185546875,0.364715576171875
54263808,0.5,0.0,0.11000823974609375,0.07721710205078125
54394880,0.5,0.0,0.1686248779296875,0.313140869140625
54525952,0.5,0.0,0.0120697021484375,0.3896331787109375
54657024,0.5,0.0,0.323822021484375,0.3883819580078125
54788096,0.5,0.0,0.29296112060546875,0.5619277954101562
54919168,0.5,0.0,-0.08206939697265625,0.33538055419921875
55050240,0.5,0.0,0.30451202392578125,0.342864990234375
55181312,0.5,0.0,0.00662994384765625,0.31192779541015625
55312384,0.5,0.0,0.204559326171875,0.0868377685546875
55443456,0.5,0.0,0.27471160888671875,0.296722412109375
55574528,0.5,0.0,0.303131103515625,0.33733367919921875
55705600,0.5,0.0,-0.024322509765625,0.36660003662109375
55836672,0.5,0.0,0.19777679443359375,0.28450775146484375
55967744,0.5,0.0,-0.02204132080078125,0.13343048095703125
56098816,0.5,0.0,0.25263214111328125,0.29721832275390625
56229888,0.5,0.0,0.2939910888671875,0.37975311279296875
56360960,0.5,0.0,0.06229400634765625,0.413818359375
56492032,0.5,0.0,0.1304473876953125,0.1769866943359375
56623104,0.5,0.0,0.00852203369140625,0.38755035400390625
56754176,0.5,0.0,0.160125732421875,0.1480865478515625
56885248,0.5,0.0,0.5396804809570312,0.13430023193359375
57016320,0.5,0.0,-0.00487518310546875,0.3408355712890625
57147392,0.5,0.0,0.30567169189453125,0.3094482421875
57278464,0.5,0.0,0.22393798828125,0.3703460693359375
57409536,0.5,0.0,-0.03131866455078125,0.35741424560546875
57540608,0.5,0.0,0.19458770751953125,0.21668243408203125
57671680,0.5,0.0,0.2410430908203125,0.2942047119140625
57802752,0.5,0.0,0.0663909912109375,0.12415313720703125
57933824,0.5,0.0,0.29016876220703125,0.5729141235351562
58064896,0.5,0.0,0.25052642822265625,0.3501129150390625
58195968,0.5,0.0,0.35025787353515625,0.3839111328125
58327040,0.5,0.0,0.2698516845703125,0.421173095703125
58458112,0.5,0.0,0.02048492431640625,0.298675537109375
58589184,0.5,0.0,0.30619049072265625,0.4496612548828125
58720256,0.5,0.0,0.256011962890625,0.29168701171875
58851328,0.5,0.0,-0.00765228271484375,0.32647705078125
58982400,0.5,0.0,0.240875244140625,0.490966796875
59113472,0.5,0.0,0.14697265625,0.3058013916015625
59244544,0.5,0.0,0.2973175048828125,0.41492462158203125
59375616,0.5,0.0,0.34527587890625,0.3727569580078125
59506688,0.5,0.0,0.19812774658203125,0.2728271484375
59637760,0.5,0.0,0.2088470458984375,0.37473297119140625
59768832,0.5,0.0,0.339996337890625,0.03162384033203125
59899904,0.5,0.0,0.2128753662109375,0.08287811279296875
60030976,0.5,0.0,0.3195037841796875,0.4739837646484375
60162048,0.5,0.0,0.1962890625,0.17700958251953125
60293120,0.5,0.0,0.0743255615234375,0.32613372802734375
60424192,0.5,0.0,0.23346710205078125,0.37525177001953125
60555264,0.5,0.0,0.20125579833984375,0.35772705078125
60686336,0.5,0.0,0.0416259765625,0.3330841064453125
60817408,0.5,0.0,0.11391448974609375,0.312652587890625
60948480,0.5,0.0,0.45281982421875,0.05963134765625
61079552,0.5,0.0,0.00543212890625,0.5470962524414062
61210624,0.5,0.0,0.36913299560546875,0.44980621337890625
61341696,0.5,0.0,0.2772369384765625,0.3406982421875
61472768,0.5,0.0,0.1032257080078125,0.2573699951171875
61603840,0.5,0.0,0.0954437255859375,0.3363037109375
61734912,0.5,0.0,0.30535888671875,0.1331787109375
61865984,0.5,0.0,-0.0343780517578125,0.38330078125
61997056,0.5,0.0,0.330413818359375,0.085113525390625
62128128,0.5,0.0,0.5438690185546875,0.30614471435546875
62259200,0.5,0.0,0.19176483154296875,0.13409423828125
62390272,0.5,0.0,0.2192535400390625,0.4026947021484375
62521344,0.5,0.0,0.1569366455078125,0.37378692626953125
62652416,0.5,0.0,0.42372894287109375,0.38887786865234375
62783488,0.5,0.0,0.2312469482421875,0.4298095703125
62914560,0.5,0.0,0.01619720458984375,0.28426361083984375
63045632,0.5,0.0,0.01374053955078125,0.1150360107421875
63176704,0.5,0.0,0.0713653564453125,0.2121124267578125
63307776,0.5,0.0,0.1194915771484375,0.19365692138671875
63438848,0.5,0.0,0.0169219970703125,0.133697509765625
63569920,0.5,0.0,0.432952880859375,0.10588836669921875
63700992,0.5,0.0,0.35881805419921875,0.3768157958984375
63832064,0.5,0.0,-0.00235748291015625,0.27307891845703125
63963136,0.5,0.0,0.38326263427734375,0.34151458740234375
64094208,0.5,0.0,0.3332366943359375,0.17525482177734375
64225280,0.5,0.0,0.05092620849609375,0.30971527099609375
64356352,0.5,0.0,-0.00531768798828125,0.05039215087890625
64487424,0.5,0.0,-0.169158935546875,0.348724365234375
64618496,0.5,0.0,0.3391876220703125,0.19890594482421875
64749568,0.5,0.0,0.151519775390625,0.06612396240234375
64880640,0.5,0.0,0.1009368896484375,0.16103363037109375
65011712,0.5,0.0,0.00286865234375,0.09288787841796875
65142784,0.5,0.0,0.01718902587890625,0.23964691162109375
65273856,0.5,0.0,0.266326904296875,0.4554901123046875
65404928,0.5,0.0,0.30860137939453125,0.39893341064453125
65536000,0.5,0.0,0.00339508056640625,0.40181732177734375
65667072,0.5,0.0,0.24024200439453125,0.13213348388671875
65798144,0.5,0.0,0.25434112548828125,0.16645050048828125
65929216,0.5,0.0,0.26644134521484375,0.2510986328125
66060288,0.5,0.0,0.0500335693359375,0.06702423095703125
66191360,0.5,0.0,0.03755950927734375,0.068145751953125
66322432,0.5,0.0,0.2650299072265625,0.49256134033203125
66453504,0.5,0.0,0.25652313232421875,0.45194244384765625
66584576,0.5,0.0,0.16139984130859375,0.2848358154296875
66715648,0.5,0.0,0.16501617431640625,0.0692291259765625
66846720,0.5,0.0,0.2319793701171875,0.39385223388671875
66977792,0.5,0.0,0.14189910888671875,0.4517822265625
67108864,0.5,0.0,0.24211883544921875,0.343536376953125
67239936,0.5,0.0,0.00095367431640625,0.2351837158203125
67371008,0.5,0.0,0.17348480224609375,0.13623046875
67502080,0.5,0.0,0.0751800537109375,0.13315582275390625
67633152,0.5,0.0,0.19657135009765625,0.42559814453125
67764224,0.5,0.0,0.2633209228515625,0.36789703369140625
67895296,0.5,0.0,0.23968505859375,0.10239410400390625
68026368,0.5,0.0,0.28391265869140625,0.2261505126953125
68157440,0.5,0.0,0.2132415771484375,0.2929229736328125
68288512,0.5,0.0,0.11606597900390625,0.19061279296875
68419584,0.5,0.0,0.2962646484375,0.1495513916015625
68550656,0.5,0.0,0.23784637451171875,0.103302001953125
68681728,0.5,0.0,0.282684326171875,0.138336181640625
68812800,0.5,0.0,0.21685791015625,0.18560028076171875
68943872,0.5,0.0,0.17768096923828125,0.26970672607421875
69074944,0.5,0.0,0.25513458251953125,0.11061859130859375
69206016,0.5,0.0,0.38092041015625,0.1038055419921875
69337088,0.5,0.0,0.26113128662109375,0.37512969970703125
69468160,0.5,0.0,0.27269744873046875,0.48297882080078125
69599232,0.5,0.0,0.11882781982421875,0.4580078125
69730304,0.5,0.0,0.36386871337890625,0.084259033203125
69861376,0.5,0.0,0.2716217041015625,0.218902587890625
69992448,0.5,0.0,0.2337799072265625,0.3214111328125
70123520,0.5,0.0,0.05596160888671875,0.1732330322265625
70254592,0.5,0.0,0.404327392578125,0.136993408203125
70385664,0.5,0.0,0.21221160888671875,0.35216522216796875
70516736,0.5,0.0,0.025848388671875,0.14470672607421875
70647808,0.5,0.0,-0.06771087646484375,0.39723968505859375
70778880,0.5,0.0,0.0799560546875,0.3503570556640625
70909952,0.5,0.0,0.2228240966796875,0.40802001953125
71041024,0.5,0.0,0.0038299560546875,0.13597869873046875
71172096,0.5,0.0,0.35295867919921875,0.0312347412109375
71303168,0.5,0.0,0.2553558349609375,0.25547027587890625
71434240,0.5,0.0,0.069366455078125,0.37409210205078125
71565312,0.5,0.0,-0.03736114501953125,0.260467529296875
71696384,0.5,0.0,0.0362701416015625,0.3400726318359375
71827456,0.5,0.0,0.0102996826171875,0.3800506591796875
71958528,0.5,0.0,0.03000640869140625,0.42063140869140625
72089600,0.5,0.0,0.199310302734375,0.39768218994140625
72220672,0.5,0.0,0.298858642578125,0.4247589111328125
72351744,0.5,0.0,0.119781494140625,0.4130096435546875
72482816,0.5,0.0,0.07164764404296875,0.18041229248046875
72613888,0.5,0.0,0.325653076171875,0.11750030517578125
72744960,0.5,0.0,0.27819061279296875,0.20546722412109375
72876032,0.5,0.0,0.20262908935546875,0.3022918701171875
73007104,0.5,0.0,0.06027984619140625,0.3990020751953125
73138176,0.5,0.0,0.22925567626953125,0.1128082275390625
73269248,0.5,0.0,0.299591064453125,0.36109161376953125
73400320,0.5,0.0,0.37908935546875,0.3961334228515625
