attempt,collected_frames,action/v_mean,action/v_std,action/w_mean,action/w_std,action/flipper_fl_mean,action/flipper_fl_std,action/flipper_fr_mean,action/flipper_fr_std,action/flipper_rl_mean,action/flipper_rl_std,action/flipper_rr_mean,action/flipper_rr_std
0,131072,0.36087819933891296,0.29295578598976135,0.001005213474854827,0.3292849063873291,-0.06439385563135147,0.3281667232513428,-0.06354430317878723,0.32889434695243835,0.007199019659310579,0.33050644397735596,0.007058299146592617,0.32979127764701843
0,262144,0.36142390966415405,0.2973664402961731,-7.173704216256738e-05,0.3338901400566101,-0.08177457004785538,0.3323430120944977,-0.08151260763406754,0.33110299706459045,0.031213238835334778,0.3347499966621399,0.032725535333156586,0.33312419056892395
0,393216,0.3588271737098694,0.3024890124797821,0.00024520617444068193,0.3382691740989685,-0.07931852340698242,0.3363516330718994,-0.08195647597312927,0.3328329026699066,0.034046806395053864,0.3396080732345581,0.03302391991019249,0.3367880582809448
0,524288,0.3589736223220825,0.3085956573486328,-0.001052271225489676,0.34287816286087036,-0.07915838807821274,0.33799636363983154,-0.07585392892360687,0.33277982473373413,0.033910080790519714,0.3437955975532532,0.03468210995197296,0.3401017487049103
0,655360,0.35677409172058105,0.3127167522907257,0.001560285221785307,0.3452020585536957,-0.0791388601064682,0.3387737572193146,-0.07843189686536789,0.33504539728164673,0.03353622555732727,0.3461875021457672,0.03595788776874542,0.3440653681755066
0,786432,0.35369718074798584,0.31866878271102905,0.0010710431961342692,0.34614837169647217,-0.0794505923986435,0.34235236048698425,-0.08064007759094238,0.3382703959941864,0.029326148331165314,0.3466522991657257,0.02946656383574009,0.3478349447250366
0,917504,0.35391563177108765,0.3217994272708893,-0.001037280773743987,0.35250622034072876,-0.08151070773601532,0.34457463026046753,-0.08329490572214127,0.3426935374736786,0.03684256225824356,0.34937620162963867,0.03608895093202591,0.3509984016418457
0,1048576,0.3528936505317688,0.3265843987464905,5.850166780874133e-05,0.3543857932090759,-0.08016079664230347,0.34357479214668274,-0.08155478537082672,0.34541094303131104,0.03693929687142372,0.35043948888778687,0.039278317242860794,0.3549826741218567
0,1179648,0.35218876600265503,0.33394402265548706,-0.0007189731113612652,0.35933661460876465,-0.08128117024898529,0.3458097577095032,-0.08145897835493088,0.34738433361053467,0.04251595586538315,0.35519009828567505,0.0431167334318161,0.3595643639564514
0,1310720,0.350847989320755,0.336526483297348,0.0010637741070240736,0.3628479242324829,-0.0810166671872139,0.3494466245174408,-0.08045704662799835,0.3528010845184326,0.0455511175096035,0.3550174832344055,0.04463702440261841,0.3601081371307373
0,1441792,0.3482540547847748,0.3419249951839447,-0.0009528619702905416,0.36853915452957153,-0.0788373276591301,0.3507119417190552,-0.07804691046476364,0.35063260793685913,0.04232146590948105,0.3573174774646759,0.041857898235321045,0.36028456687927246
0,1572864,0.3474246859550476,0.3444344401359558,-0.00030398485250771046,0.3679853677749634,-0.07907212525606155,0.35352981090545654,-0.07843312621116638,0.3568049371242523,0.04452778398990631,0.3603154718875885,0.04534488916397095,0.36325404047966003
0,1703936,0.34752151370048523,0.3476038873195648,-0.0006266061682254076,0.3732837736606598,-0.07721857726573944,0.35910746455192566,-0.07808832824230194,0.3584602177143097,0.04440929740667343,0.36126625537872314,0.04669751226902008,0.36463338136672974
0,1835008,0.3441554307937622,0.3544646203517914,-0.0003917248104698956,0.37679073214530945,-0.07689473032951355,0.3617282807826996,-0.07712887227535248,0.3621242642402649,0.04921866953372955,0.36622512340545654,0.05085138976573944,0.36927515268325806
0,1966080,0.3434360921382904,0.35931384563446045,2.6128371246159077e-05,0.3827369511127472,-0.07655573636293411,0.36793991923332214,-0.07550134509801865,0.36558797955513,0.05460486188530922,0.3700256049633026,0.054574742913246155,0.3680543005466461
0,2097152,0.3433559536933899,0.36335045099258423,-0.0007621633121743798,0.384057879447937,-0.07508698105812073,0.37083905935287476,-0.0750245600938797,0.369843989610672,0.05508036911487579,0.36947548389434814,0.05671784281730652,0.37258434295654297
0,2228224,0.342099130153656,0.3683074712753296,0.0006123443599790335,0.388761430978775,-0.079146608710289,0.3742029666900635,-0.07591889798641205,0.3753930628299713,0.06036961078643799,0.3718312084674835,0.05736977607011795,0.37285590171813965
0,2359296,0.3398502469062805,0.37257909774780273,-0.0017971473280340433,0.3927984833717346,-0.07805433869361877,0.3750355839729309,-0.07508941739797592,0.37595540285110474,0.06549301743507385,0.37424248456954956,0.06503903865814209,0.3741467297077179
0,2490368,0.33832284808158875,0.3767116665840149,-0.001367610995657742,0.3961816728115082,-0.07609844207763672,0.3766918182373047,-0.07493986934423447,0.37990602850914,0.06888577342033386,0.3765415847301483,0.06709600985050201,0.3794657588005066
0,2621440,0.33776968717575073,0.38098135590553284,-0.0006503649055957794,0.402423232793808,-0.07567042112350464,0.3788905739784241,-0.07547631859779358,0.3813590109348297,0.06735791265964508,0.37987422943115234,0.06830672919750214,0.3809632360935211
0,2752512,0.33796876668930054,0.38472965359687805,-0.0005098404362797737,0.4063638150691986,-0.0721285343170166,0.38338592648506165,-0.07278260588645935,0.38130325078964233,0.06693001836538315,0.38213667273521423,0.06585720926523209,0.3827667534351349
0,2883584,0.33391252160072327,0.38912951946258545,-0.0013944910606369376,0.40941256284713745,-0.07107193768024445,0.3869786262512207,-0.07006041705608368,0.38500913977622986,0.06715040653944016,0.38584378361701965,0.06811746954917908,0.3827682137489319
0,3014656,0.33393436670303345,0.3931710124015808,0.0015688554849475622,0.4137360155582428,-0.06848660856485367,0.3921490013599396,-0.07036802172660828,0.3856254816055298,0.06570616364479065,0.38774800300598145,0.06760959327220917,0.3859640955924988
0,3145728,0.3310942053794861,0.3970288038253784,0.0013884389773011208,0.4197750389575958,-0.06705256551504135,0.39433351159095764,-0.06934809684753418,0.39026981592178345,0.06683992594480515,0.39198675751686096,0.06643699109554291,0.3872140049934387
0,3276800,0.33157187700271606,0.4007229506969452,0.00126843829639256,0.4231589734554291,-0.06535947322845459,0.3980811536312103,-0.06629832088947296,0.39311906695365906,0.06737802922725677,0.393415242433548,0.06749947369098663,0.38988161087036133
0,3407872,0.32915985584259033,0.4040793478488922,-8.176604751497507e-05,0.4262208044528961,-0.0643063485622406,0.40264633297920227,-0.06492665410041809,0.3973156213760376,0.07161428034305573,0.3964462876319885,0.07154810428619385,0.3927452564239502
0,3538944,0.32730770111083984,0.4104214608669281,-0.0013408941449597478,0.4266282916069031,-0.06255795061588287,0.40297701954841614,-0.06292977929115295,0.3996463418006897,0.07137641310691833,0.39825430512428284,0.07147309184074402,0.3948867917060852
0,3670016,0.3265645205974579,0.417417049407959,-0.0003294345806352794,0.4312751293182373,-0.06297867745161057,0.4088442325592041,-0.060880351811647415,0.4007081985473633,0.0723443329334259,0.4019060730934143,0.07146629691123962,0.39799174666404724
0,3801088,0.3238373398780823,0.423101007938385,-0.001540946657769382,0.430419385433197,-0.05852586030960083,0.4079265296459198,-0.05956002324819565,0.4030102789402008,0.07219299674034119,0.4056535065174103,0.07544109225273132,0.3992278277873993
0,3932160,0.32544925808906555,0.42636409401893616,-0.0007478815387003124,0.43413904309272766,-0.06291219592094421,0.40907952189445496,-0.06456063687801361,0.4012312889099121,0.07640182226896286,0.40612494945526123,0.07638747990131378,0.3999951183795929
0,4063232,0.3206450343132019,0.43007317185401917,0.00028738632681779563,0.4395686686038971,-0.0633162260055542,0.41115814447402954,-0.06415481865406036,0.4069747030735016,0.08208601921796799,0.40848997235298157,0.08023039996623993,0.40400877594947815
0,4194304,0.31913894414901733,0.437289297580719,-0.0006471629021689296,0.4410683810710907,-0.062288425862789154,0.4154855012893677,-0.06271108239889145,0.4098166525363922,0.08300627768039703,0.41281795501708984,0.08695269376039505,0.40745842456817627
0,4325376,0.319983571767807,0.4376381039619446,-0.0004574174527078867,0.4443497955799103,-0.06229787692427635,0.4187186658382416,-0.06331629306077957,0.4132773280143738,0.08582857251167297,0.4093490242958069,0.08563749492168427,0.4085831046104431
0,4456448,0.3156420886516571,0.44213250279426575,0.0008135561947710812,0.4492168724536896,-0.061062611639499664,0.42266225814819336,-0.06044518202543259,0.41534245014190674,0.08237750828266144,0.41509735584259033,0.08271108567714691,0.4117976129055023
0,4587520,0.31536734104156494,0.446012020111084,0.0015352478949353099,0.4535147249698639,-0.057038407772779465,0.42621201276779175,-0.058807097375392914,0.4221739172935486,0.0841817557811737,0.418918251991272,0.08405191451311111,0.41389015316963196
0,4718592,0.3130376935005188,0.4529185891151428,0.001926878234371543,0.4557274281978607,-0.057884082198143005,0.42764219641685486,-0.05528423190116882,0.4237293303012848,0.07922255247831345,0.41729024052619934,0.08106754720211029,0.41509103775024414
0,4849664,0.31367284059524536,0.45609360933303833,-0.0009436021791771054,0.45800697803497314,-0.053778182715177536,0.42946210503578186,-0.056130170822143555,0.42537921667099,0.08497659116983414,0.42076417803764343,0.08525137603282928,0.41683971881866455
0,4980736,0.3107140064239502,0.45879828929901123,-0.0017220753943547606,0.46217024326324463,-0.05306622013449669,0.43401169776916504,-0.0553487092256546,0.4258415699005127,0.0874030813574791,0.4232822060585022,0.09001493453979492,0.4186854660511017
0,5111808,0.31062233448028564,0.4626438319683075,0.0015889620408415794,0.463626503944397,-0.05287452042102814,0.4349924623966217,-0.05185897648334503,0.4305148720741272,0.08765041083097458,0.4244190752506256,0.09056038409471512,0.4223918318748474
0,5242880,0.30845731496810913,0.46538764238357544,0.0006093968986533582,0.4621947407722473,-0.054708898067474365,0.4362295866012573,-0.05371871963143349,0.4318138360977173,0.09318866580724716,0.4263894557952881,0.09058234095573425,0.4256998598575592
0,5373952,0.3055875897407532,0.47109442949295044,-0.0019001958426088095,0.46208301186561584,-0.053025439381599426,0.4378949701786041,-0.05237710475921631,0.4375276267528534,0.09215612709522247,0.4283662736415863,0.09391482174396515,0.42735323309898376
0,5505024,0.3058989942073822,0.47370830178260803,0.0010288977064192295,0.46243607997894287,-0.055010028183460236,0.43945762515068054,-0.05442897602915764,0.4380960464477539,0.0950581282377243,0.4293555021286011,0.09230327606201172,0.42959973216056824
0,5636096,0.30712422728538513,0.4752694368362427,0.0013409079983830452,0.4646280109882355,-0.05531611293554306,0.44227075576782227,-0.055334966629743576,0.4426420331001282,0.09819155186414719,0.4290221333503723,0.09770592302083969,0.43523693084716797
0,5767168,0.30389803647994995,0.47835075855255127,0.0015008039772510529,0.4671652317047119,-0.05437265336513519,0.44159045815467834,-0.053065456449985504,0.44446757435798645,0.09534984081983566,0.43016085028648376,0.09332424402236938,0.43859782814979553
0,5898240,0.30055999755859375,0.48576563596725464,-0.0018498500576242805,0.4706319570541382,-0.06024695187807083,0.4444378614425659,-0.056088127195835114,0.44642066955566406,0.0936930924654007,0.4284224510192871,0.09378041326999664,0.43585485219955444
0,6029312,0.3014843463897705,0.48882025480270386,-0.00033549685031175613,0.4765271544456482,-0.05817607790231705,0.44549110531806946,-0.06047648936510086,0.4508911073207855,0.0960494875907898,0.42906975746154785,0.09541568160057068,0.4384132921695709
0,6160384,0.2977755665779114,0.4932602345943451,-0.000369685934856534,0.4784018099308014,-0.06219180300831795,0.44601115584373474,-0.061304520815610886,0.45236265659332275,0.09717489778995514,0.4327622354030609,0.09722010046243668,0.44104915857315063
0,6291456,0.29737943410873413,0.49809786677360535,0.0025206743739545345,0.4823102056980133,-0.061742156744003296,0.4480752944946289,-0.060107842087745667,0.45323047041893005,0.09854182600975037,0.43371790647506714,0.09782784432172775,0.4389072358608246
0,6422528,0.2966671288013458,0.5031290650367737,-0.002092743990942836,0.48618462681770325,-0.0551624670624733,0.4528057277202606,-0.05557408928871155,0.45677417516708374,0.09025385230779648,0.4341277778148651,0.09247244894504547,0.4397203028202057
0,6553600,0.29487550258636475,0.5041702389717102,0.001527603017166257,0.48719140887260437,-0.05309746414422989,0.453094482421875,-0.05108320713043213,0.4602228105068207,0.09051008522510529,0.4342777132987976,0.0894266813993454,0.4408148527145386
0,6684672,0.29281848669052124,0.5047767162322998,-0.0009812988573685288,0.4923780858516693,-0.05257904529571533,0.4545140862464905,-0.0504058375954628,0.4642024636268616,0.09221123158931732,0.43429818749427795,0.09603702276945114,0.44243332743644714
0,6815744,0.29143092036247253,0.5079652070999146,0.0003232755116187036,0.4933660924434662,-0.053303223103284836,0.45686644315719604,-0.0499701127409935,0.46817705035209656,0.09650520980358124,0.4330638349056244,0.09560617804527283,0.4459257125854492
0,6946816,0.29380685091018677,0.5078411102294922,0.0008055220823734999,0.499306857585907,-0.055821217596530914,0.4581090807914734,-0.05228886753320694,0.4676836133003235,0.09843440353870392,0.43642207980155945,0.09947778284549713,0.44592079520225525
0,7077888,0.2920336425304413,0.5110471248626709,-0.00024201616179198027,0.5052385330200195,-0.057258784770965576,0.46135422587394714,-0.055578283965587616,0.47411462664604187,0.10074351727962494,0.4355318248271942,0.09926887601613998,0.44953954219818115
0,7208960,0.28790611028671265,0.5165927410125732,-0.00162047753110528,0.5049248933792114,-0.060264408588409424,0.46633264422416687,-0.05574803426861763,0.47549039125442505,0.09947597980499268,0.4395527243614197,0.098549023270607,0.45277151465415955
0,7340032,0.29140332341194153,0.512128472328186,0.0010564187541604042,0.5046573877334595,-0.05889361351728439,0.47145774960517883,-0.05808364599943161,0.48028436303138733,0.09864575415849686,0.4396984577178955,0.09957432746887207,0.45403239130973816
0,7471104,0.2899881601333618,0.511468768119812,0.0014665282797068357,0.5042290091514587,-0.06114225462079048,0.4736606180667877,-0.059573374688625336,0.48246923089027405,0.09741073846817017,0.4411628246307373,0.09774057567119598,0.45447641611099243
0,7602176,0.289241224527359,0.5150507092475891,0.0002807733544614166,0.5035709738731384,-0.059753064066171646,0.4737287759780884,-0.05851218104362488,0.4839813709259033,0.10008397698402405,0.4414513409137726,0.09891016781330109,0.4556838274002075
0,7733248,0.28663626313209534,0.5213788151741028,-0.0011336755705997348,0.507598876953125,-0.06034703552722931,0.4743148386478424,-0.05806533992290497,0.48295772075653076,0.10349424183368683,0.4466094374656677,0.10046087950468063,0.45644834637641907
0,7864320,0.2892896831035614,0.5152087211608887,0.0006077985162846744,0.5078696608543396,-0.060188740491867065,0.4786936342716217,-0.058749306946992874,0.4840829074382782,0.10057909786701202,0.44424813985824585,0.09604015946388245,0.4570333659648895
0,7995392,0.2871154248714447,0.517108678817749,0.00044650182826444507,0.5079439878463745,-0.05682670697569847,0.4806255102157593,-0.05720830708742142,0.4831436574459076,0.10000109672546387,0.448669970035553,0.10189709812402725,0.4562886953353882
0,8126464,0.28801628947257996,0.5210673809051514,0.0016026950906962156,0.5042431354522705,-0.05490612983703613,0.48208087682724,-0.05545379966497421,0.48858556151390076,0.10375334322452545,0.45073455572128296,0.10013669729232788,0.458878755569458
0,8257536,0.2890818119049072,0.5193171501159668,0.0007883264916017652,0.5047395825386047,-0.05582847446203232,0.48338761925697327,-0.0542156845331192,0.48749804496765137,0.10066137462854385,0.45443490147590637,0.10228891670703888,0.46291354298591614
0,8388608,0.2884294390678406,0.5151910781860352,-0.00031454942654818296,0.5056522488594055,-0.053297486156225204,0.48705339431762695,-0.051875703036785126,0.48901864886283875,0.10416960716247559,0.45699992775917053,0.1049124151468277,0.46335074305534363
0,8519680,0.2879340946674347,0.5206692218780518,0.004328704904764891,0.5027483105659485,-0.05228642001748085,0.4912042021751404,-0.0529339462518692,0.49342504143714905,0.10864284634590149,0.45675987005233765,0.1086752861738205,0.4648767411708832
0,8650752,0.2859272360801697,0.5212059617042542,0.00048114039236679673,0.5057495832443237,-0.04811032861471176,0.49000418186187744,-0.049107883125543594,0.4944871664047241,0.10663039237260818,0.4580188989639282,0.10928227752447128,0.4637903571128845
0,8781824,0.28112465143203735,0.5272440314292908,-0.0001659034169279039,0.5057671666145325,-0.055254120379686356,0.490342915058136,-0.05409739166498184,0.4984869658946991,0.11130870878696442,0.4584987759590149,0.11240646243095398,0.46533864736557007
0,8912896,0.285746306180954,0.5237918496131897,-0.002053104806691408,0.5055490732192993,-0.052253469824790955,0.4910837411880493,-0.05036105960607529,0.5014426708221436,0.10629304498434067,0.4592287242412567,0.10642183572053909,0.46553951501846313
0,9043968,0.2842298448085785,0.5285580158233643,-0.0027074054814875126,0.5094003081321716,-0.055073998868465424,0.49139901995658875,-0.05521687865257263,0.502970278263092,0.10592642426490784,0.45793041586875916,0.1090288907289505,0.4644353985786438
0,9175040,0.28214460611343384,0.530121386051178,0.0023706890642642975,0.5071222186088562,-0.05276157706975937,0.4968169033527374,-0.054107360541820526,0.5053918957710266,0.109978586435318,0.4611731469631195,0.10822619497776031,0.466031938791275
0,9306112,0.2836350202560425,0.5307687520980835,-0.00035714622936211526,0.5083627104759216,-0.049559108912944794,0.4991013705730438,-0.04770547151565552,0.504635751247406,0.10846197605133057,0.4618425667285919,0.1063627153635025,0.46678856015205383
0,9437184,0.27956777811050415,0.5361282825469971,-0.0020196610130369663,0.5098082423210144,-0.05496962368488312,0.49774691462516785,-0.051878176629543304,0.5057834386825562,0.11384238302707672,0.4653039872646332,0.11132530122995377,0.47123250365257263
0,9568256,0.28207671642303467,0.5393332242965698,-0.0007387064397335052,0.511186957359314,-0.05421765148639679,0.4957066476345062,-0.0517258495092392,0.5058326125144958,0.11506706476211548,0.4679172933101654,0.11596554517745972,0.4741455316543579
0,9699328,0.27580952644348145,0.5440300107002258,0.0017995452508330345,0.5153888463973999,-0.05311514437198639,0.4977753162384033,-0.05649007856845856,0.5051347613334656,0.12001186609268188,0.4683939516544342,0.11728783696889877,0.47480425238609314
0,9830400,0.27621179819107056,0.5456675887107849,-0.0011728116078302264,0.5173754692077637,-0.057186901569366455,0.4956483542919159,-0.055965643376111984,0.5046944618225098,0.12360955774784088,0.4691934287548065,0.12000538408756256,0.476800799369812
0,9961472,0.2767096161842346,0.542996346950531,0.001056892448104918,0.5221824049949646,-0.05495544150471687,0.49863359332084656,-0.052897825837135315,0.5059865713119507,0.1135360598564148,0.47185420989990234,0.11453258246183395,0.4769544303417206
0,10092544,0.27921855449676514,0.5411110520362854,0.0011093106586486101,0.5256378054618835,-0.05014830455183983,0.5036826729774475,-0.0525764599442482,0.5098915100097656,0.11580918729305267,0.4695696234703064,0.11384551227092743,0.47829651832580566
0,10223616,0.2758639454841614,0.5445306301116943,0.0030869492329657078,0.5296989679336548,-0.04774761199951172,0.5033430457115173,-0.04886413738131523,0.5106661915779114,0.11405158042907715,0.4692361056804657,0.11525271087884903,0.4784347116947174
0,10354688,0.2782396078109741,0.543671727180481,-0.0004755994596052915,0.5346619486808777,-0.04789924621582031,0.501724123954773,-0.046454042196273804,0.5135091543197632,0.11398113518953323,0.47356221079826355,0.11578133702278137,0.47763651609420776
0,10485760,0.27510136365890503,0.5465086698532104,-0.0021358293015509844,0.534951388835907,-0.04576723277568817,0.5050087571144104,-0.042316943407058716,0.5143696069717407,0.11895769089460373,0.47383031249046326,0.11927296221256256,0.4793291389942169
0,10616832,0.2773665189743042,0.5469577312469482,0.00028193945763632655,0.5325961709022522,-0.04203003644943237,0.5062916278839111,-0.04274148494005203,0.5143926739692688,0.12051552534103394,0.4743475317955017,0.12213730067014694,0.4792545437812805
0,10747904,0.2761005461215973,0.5469350218772888,-0.0005105577292852104,0.533866286277771,-0.0428057536482811,0.510454535484314,-0.04039662331342697,0.5156040191650391,0.12141449749469757,0.47596967220306396,0.1209760457277298,0.4803605377674103
0,10878976,0.2773572504520416,0.5439751148223877,-0.0029712202958762646,0.5390837788581848,-0.04135295748710632,0.5128631591796875,-0.040387459099292755,0.5184884071350098,0.12036268413066864,0.47639331221580505,0.12225551903247833,0.48056626319885254
0,11010048,0.27680185437202454,0.54511958360672,0.0008891993202269077,0.5405181646347046,-0.03917567431926727,0.509967565536499,-0.03995775431394577,0.5184991955757141,0.11515544354915619,0.4758273661136627,0.11228951811790466,0.4830274283885956
0,11141120,0.2780691981315613,0.547929048538208,-0.0004226353776175529,0.5429469347000122,-0.037019964307546616,0.5077934265136719,-0.035841748118400574,0.5197047591209412,0.11217829585075378,0.47491395473480225,0.11068855226039886,0.48220881819725037
0,11272192,0.27707576751708984,0.5480149984359741,-0.0029087713919579983,0.5454988479614258,-0.041036516427993774,0.5116761922836304,-0.04164721071720123,0.5220910310745239,0.11598449945449829,0.48083966970443726,0.11458218097686768,0.48610255122184753
0,11403264,0.2731425166130066,0.5534858703613281,-0.0003668994177132845,0.5468869805335999,-0.04638594388961792,0.5137155652046204,-0.04130932316184044,0.522895872592926,0.11546295136213303,0.4812753200531006,0.1176203116774559,0.4889352023601532
0,11534336,0.27403929829597473,0.553954541683197,-0.0008011185564100742,0.5490562319755554,-0.03962647169828415,0.5140230655670166,-0.037722453474998474,0.5224940180778503,0.12316058576107025,0.4839104413986206,0.12073835730552673,0.489750474691391
0,11665408,0.27179986238479614,0.5565899014472961,-0.0004782670293934643,0.5488439202308655,-0.04049600660800934,0.5175508856773376,-0.04160977154970169,0.519290030002594,0.1223001480102539,0.48485323786735535,0.12616491317749023,0.4895797371864319
0,11796480,0.27297699451446533,0.5571973323822021,0.000569256953895092,0.5472274422645569,-0.04054682329297066,0.5167233347892761,-0.03821490705013275,0.5229814648628235,0.11971617490053177,0.4883691966533661,0.12273973226547241,0.4905034899711609
0,11927552,0.27008137106895447,0.5610467195510864,0.0017254094127565622,0.5481604337692261,-0.04013931751251221,0.5179156064987183,-0.03999748080968857,0.5238041877746582,0.1208750531077385,0.48631981015205383,0.12146463990211487,0.49016451835632324
0,12058624,0.2720966637134552,0.5575801730155945,-0.0017485158750787377,0.5494805574417114,-0.04257294535636902,0.5210494995117188,-0.041790541261434555,0.5258169770240784,0.11591631174087524,0.4860967993736267,0.11643972992897034,0.48997795581817627
0,12189696,0.2715665102005005,0.561491847038269,-0.00116575020365417,0.5451527833938599,-0.04399406909942627,0.5223076939582825,-0.040157586336135864,0.5276647806167603,0.11423733085393906,0.48629701137542725,0.11500422656536102,0.49059364199638367
0,12320768,0.26574620604515076,0.5663841366767883,-0.0004145048442296684,0.5503864884376526,-0.04377852380275726,0.5244718194007874,-0.04521512612700462,0.5277940630912781,0.11666135489940643,0.4848617613315582,0.11488217860460281,0.4914567470550537
0,12451840,0.2723260521888733,0.5628933906555176,-0.0010878653265535831,0.5553447008132935,-0.04397754371166229,0.523172914981842,-0.043787699192762375,0.5277881026268005,0.11430095136165619,0.4895179867744446,0.11313703656196594,0.49510717391967773
0,12582912,0.2680705785751343,0.5648005604743958,-0.003700974164530635,0.5585629940032959,-0.04292163625359535,0.5216463804244995,-0.04187722131609917,0.5288149118423462,0.11506018042564392,0.4881569445133209,0.11464046686887741,0.4934002161026001
0,12713984,0.271404504776001,0.5678370594978333,0.0013071605935692787,0.5604019165039062,-0.04381325840950012,0.5228360891342163,-0.041603729128837585,0.5308436751365662,0.11859975755214691,0.4888094365596771,0.11391474306583405,0.49454474449157715
0,12845056,0.26653802394866943,0.5702473521232605,-0.0016447344096377492,0.56525719165802,-0.04264023154973984,0.5201876163482666,-0.041121289134025574,0.52979975938797,0.11228381842374802,0.49295714497566223,0.11409623920917511,0.49470001459121704
0,12976128,0.2650834321975708,0.5716485977172852,0.0019546272233128548,0.5668318867683411,-0.04024668037891388,0.5199058055877686,-0.038570620119571686,0.5269007086753845,0.1158425509929657,0.490585058927536,0.1152556911110878,0.49689605832099915
0,13107200,0.26709216833114624,0.5690210461616516,0.002056744182482362,0.5675137639045715,-0.04538135603070259,0.524683952331543,-0.044801466166973114,0.5275380611419678,0.10912105441093445,0.4924841821193695,0.11074381321668625,0.4983864724636078
0,13238272,0.2638586163520813,0.5743666291236877,-0.0020650990772992373,0.5682915449142456,-0.047309644520282745,0.5220288038253784,-0.049241941422224045,0.5284307599067688,0.1147802546620369,0.4898501932621002,0.11120733618736267,0.49884387850761414
0,13369344,0.26751434803009033,0.5694206357002258,0.0013206518488004804,0.5650225877761841,-0.048489466309547424,0.5232067108154297,-0.0461709089577198,0.5284321308135986,0.10738605260848999,0.4906712472438812,0.1105678379535675,0.4990634620189667
0,13500416,0.2665629982948303,0.5728959441184998,-0.00041945534758269787,0.5692139267921448,-0.04561953246593475,0.5259584188461304,-0.048597075045108795,0.5264546275138855,0.11355049908161163,0.4916507601737976,0.1127917468547821,0.4979168176651001
0,13631488,0.2641957998275757,0.5769637227058411,-0.00022821698803454638,0.5706907510757446,-0.045671626925468445,0.5286526679992676,-0.047145068645477295,0.5278457403182983,0.10807270556688309,0.49380314350128174,0.11154644936323166,0.496706485748291
0,13762560,0.26476389169692993,0.5744871497154236,0.0017447280697524548,0.5762438774108887,-0.04475995898246765,0.5314087271690369,-0.04668986052274704,0.5309476852416992,0.10769857466220856,0.49605444073677063,0.1091119647026062,0.4961372911930084
0,13893632,0.26266294717788696,0.57537841796875,-0.001489521935582161,0.5752769112586975,-0.03983912616968155,0.532817006111145,-0.03985615819692612,0.5332525372505188,0.10960936546325684,0.49365928769111633,0.10795345902442932,0.4960232377052307
0,14024704,0.2648478150367737,0.5730032920837402,0.0025386125780642033,0.581455409526825,-0.04236816614866257,0.5313805341720581,-0.0394241139292717,0.537554919719696,0.1091885045170784,0.4943593144416809,0.10857366025447845,0.4965122938156128
0,14155776,0.2674925923347473,0.5714008212089539,-0.001582805416546762,0.5786013603210449,-0.04343458265066147,0.5325007438659668,-0.04248902201652527,0.5414448380470276,0.10409177839756012,0.49659204483032227,0.1051054298877716,0.4961968958377838
0,14286848,0.26633188128471375,0.5693677663803101,-0.0018645126838237047,0.5780331492424011,-0.04083417356014252,0.533133327960968,-0.042821627110242844,0.5419537425041199,0.10607825219631195,0.4968351125717163,0.10716542601585388,0.4939112663269043
0,14417920,0.26648640632629395,0.5677801370620728,0.0010750077199190855,0.5769948959350586,-0.04184511676430702,0.532076895236969,-0.03876754641532898,0.5420516133308411,0.10874676704406738,0.4981892704963684,0.10941801965236664,0.49435701966285706
0,14548992,0.26786768436431885,0.5686370134353638,-0.0002941893762908876,0.5764443278312683,-0.03722119703888893,0.5313813090324402,-0.0387016199529171,0.5439445376396179,0.10400660336017609,0.4973487854003906,0.10314227640628815,0.4961564838886261
0,14680064,0.2627720236778259,0.5727477669715881,-0.000634842726867646,0.5752418041229248,-0.04317035526037216,0.5303295254707336,-0.03652673214673996,0.5438438057899475,0.11065970361232758,0.4976043701171875,0.11241781711578369,0.49738824367523193
0,14811136,0.2652477025985718,0.5695428252220154,-0.0035941575188189745,0.5796714425086975,-0.04136084020137787,0.5304462909698486,-0.0389297753572464,0.5415425896644592,0.10874462127685547,0.4999605715274811,0.1085435003042221,0.49765723943710327
0,14942208,0.26365789771080017,0.5720471739768982,-0.0011211269302293658,0.5756548643112183,-0.0418388769030571,0.5313248634338379,-0.04035104811191559,0.5422139167785645,0.11036505550146103,0.5037572979927063,0.11215264350175858,0.5005499720573425
0,15073280,0.2644025981426239,0.5707684755325317,0.0009483569301664829,0.5793346166610718,-0.04238172993063927,0.5334959030151367,-0.0377645306289196,0.542741060256958,0.11807435750961304,0.5033951997756958,0.11894895136356354,0.5003349781036377
0,15204352,0.26737967133522034,0.5684335231781006,-3.360066330060363e-05,0.5825119018554688,-0.043205179274082184,0.5307601690292358,-0.03792104125022888,0.5450714230537415,0.11476588249206543,0.5054765939712524,0.11953672021627426,0.5034273266792297
0,15335424,0.26582032442092896,0.5682803392410278,8.348957635462284e-05,0.5792477130889893,-0.03778789937496185,0.5334916114807129,-0.04006312042474747,0.5456651449203491,0.12012219429016113,0.5038446187973022,0.11986315250396729,0.5056897401809692
0,15466496,0.2633206844329834,0.5691817998886108,-0.0015723928809165955,0.5787078738212585,-0.032025326043367386,0.5352258086204529,-0.03171831741929054,0.5452948808670044,0.12068986892700195,0.5060708522796631,0.12224595248699188,0.5068371295928955
0,15597568,0.2673092484474182,0.5684478878974915,0.002002751687541604,0.5779238939285278,-0.03492998331785202,0.5349019765853882,-0.029309025034308434,0.5462327599525452,0.11561225354671478,0.5035887956619263,0.1141226515173912,0.5082553625106812
0,15728640,0.27250730991363525,0.56443852186203,-0.00015473534585908055,0.5765368342399597,-0.0356377437710762,0.5377126932144165,-0.0323881134390831,0.5482861995697021,0.11814495921134949,0.504711389541626,0.11815541982650757,0.5097346901893616
0,15859712,0.26891475915908813,0.5649687647819519,-0.0008587170159444213,0.5808425545692444,-0.03163931518793106,0.5329639315605164,-0.03244636207818985,0.5507347583770752,0.11903013288974762,0.5073386430740356,0.11937535554170609,0.5087391138076782
0,15990784,0.2662372589111328,0.5689240097999573,0.00047944087418727577,0.5797869563102722,-0.03288525342941284,0.5359857678413391,-0.030503638088703156,0.5487020015716553,0.12450768053531647,0.5100479125976562,0.12487339228391647,0.5080769062042236
0,16121856,0.2677989602088928,0.5704069137573242,0.00046585442032665014,0.5790949463844299,-0.03059418685734272,0.5365030765533447,-0.02981826663017273,0.5481298565864563,0.12560740113258362,0.5103127956390381,0.12941986322402954,0.5087443590164185
0,16252928,0.2630005478858948,0.5696040987968445,-0.0016117083141580224,0.5812349915504456,-0.031207025051116943,0.5360410809516907,-0.029980432242155075,0.5492510795593262,0.12256456911563873,0.507714569568634,0.12091326713562012,0.5109715461730957
0,16384000,0.26477402448654175,0.5698876976966858,-0.0016939234919846058,0.5764262676239014,-0.029261525720357895,0.5353655815124512,-0.027321316301822662,0.552446722984314,0.1225493848323822,0.5091504454612732,0.12378719449043274,0.5119809508323669
0,16515072,0.269455224275589,0.5675699710845947,2.009532181546092e-06,0.581975519657135,-0.02587786689400673,0.5361097455024719,-0.02233399823307991,0.550771951675415,0.12075826525688171,0.5079512596130371,0.1208275556564331,0.5131655931472778
0,16646144,0.266036719083786,0.5696226954460144,0.0030461610294878483,0.5791060924530029,-0.023550208657979965,0.5396084785461426,-0.022167470306158066,0.5535483360290527,0.12244082987308502,0.508644163608551,0.12096119672060013,0.5130395889282227
0,16777216,0.26578575372695923,0.5736048817634583,-3.039301373064518e-05,0.5746946930885315,-0.01882968842983246,0.5425280332565308,-0.01644405722618103,0.5533646941184998,0.12386095523834229,0.5085794925689697,0.12295898795127869,0.5136909484863281
0,16908288,0.2684299349784851,0.5703327059745789,0.00140512571670115,0.5773114562034607,-0.01624961942434311,0.5389004945755005,-0.020797010511159897,0.5555860996246338,0.12549233436584473,0.5102691054344177,0.13020701706409454,0.5128600597381592
0,17039360,0.26483556628227234,0.5687525868415833,0.0010415251599624753,0.5766623616218567,-0.01683986559510231,0.5411472320556641,-0.01557275652885437,0.5544806718826294,0.1289454698562622,0.5107625126838684,0.12736482918262482,0.5147897601127625
0,17170432,0.27060288190841675,0.5643570423126221,-0.0009468602947890759,0.5814911723136902,-0.02002818137407303,0.5379294157028198,-0.01906452141702175,0.5570425987243652,0.129532128572464,0.5110655426979065,0.12986129522323608,0.5142822265625
0,17301504,0.26501742005348206,0.5695306658744812,-0.002276930958032608,0.5787674784660339,-0.016513019800186157,0.540968120098114,-0.012430723756551743,0.5585477352142334,0.12733347713947296,0.5126575827598572,0.12599453330039978,0.5158317685127258
0,17432576,0.2680419981479645,0.5680895447731018,-0.0006780067924410105,0.5770280361175537,-0.01184413954615593,0.5399773120880127,-0.011710308492183685,0.5574742555618286,0.12849171459674835,0.5112165212631226,0.129264235496521,0.5184335112571716
0,17563648,0.26861175894737244,0.5644422769546509,-0.00034521304769441485,0.5748494863510132,-0.015466757118701935,0.5409524440765381,-0.015953512862324715,0.5577582716941833,0.13197976350784302,0.5102592706680298,0.1270258128643036,0.5164534449577332
0,17694720,0.27060943841934204,0.562807023525238,0.00185455905739218,0.5808848738670349,-0.018925238400697708,0.5433198809623718,-0.016980353742837906,0.5555252432823181,0.1267957091331482,0.5096863508224487,0.12829725444316864,0.5133790373802185
0,17825792,0.26764029264450073,0.5636107921600342,-0.00036043496220372617,0.5820799469947815,-0.017602618783712387,0.5462510585784912,-0.016504410654306412,0.5564903020858765,0.12632037699222565,0.5064012408256531,0.12613403797149658,0.5142399072647095
0,17956864,0.2662910223007202,0.5650193095207214,-0.00046353915240615606,0.5799379944801331,-0.015855077654123306,0.5464382767677307,-0.019230367615818977,0.5595988631248474,0.12947292625904083,0.5082805156707764,0.12871995568275452,0.5152100920677185
0,18087936,0.2670125961303711,0.5689135789871216,0.0015774163184687495,0.5805588960647583,-0.024209637194871902,0.5445279479026794,-0.02125065214931965,0.5621662735939026,0.1352098435163498,0.5082105994224548,0.1358780562877655,0.515863299369812
0,18219008,0.26547348499298096,0.5680521130561829,-0.000693636538926512,0.580003023147583,-0.021462606266140938,0.5468214750289917,-0.015941197052598,0.5627065896987915,0.13079963624477386,0.5089855194091797,0.13313184678554535,0.5154546499252319
0,18350080,0.2689208984375,0.5639365911483765,0.00022129438002593815,0.5807603597640991,-0.022865410894155502,0.5454325079917908,-0.02026800625026226,0.5625296235084534,0.12906986474990845,0.5091006755828857,0.12925872206687927,0.5156129002571106
0,18481152,0.2685660123825073,0.5617557764053345,-0.0009806051384657621,0.5795234441757202,-0.023010777309536934,0.5468586683273315,-0.022190045565366745,0.563479483127594,0.12099543958902359,0.5086474418640137,0.12288936972618103,0.5145290493965149
0,18612224,0.269126296043396,0.5610752105712891,0.0009131596889346838,0.5807843804359436,-0.02829359471797943,0.5472556948661804,-0.028250310570001602,0.5649906396865845,0.1257193684577942,0.5082522034645081,0.12307561933994293,0.5159658789634705
0,18743296,0.2710719704627991,0.5589921474456787,0.0007637667004019022,0.5800434947013855,-0.022547945380210876,0.5491657257080078,-0.021262016147375107,0.5616137385368347,0.12598885595798492,0.5088849663734436,0.12645070254802704,0.5173584222793579
0,18874368,0.26910361647605896,0.5628193616867065,-0.002932843752205372,0.5791799426078796,-0.01987023465335369,0.5485078692436218,-0.02089899778366089,0.564211368560791,0.12383124232292175,0.5075421929359436,0.12495847046375275,0.5157940983772278
0,19005440,0.26954370737075806,0.5620623230934143,-0.001836371491663158,0.5821341872215271,-0.01707696169614792,0.5470560789108276,-0.018452461808919907,0.5623980760574341,0.11947226524353027,0.5074243545532227,0.123114675283432,0.5169017314910889
0,19136512,0.2688930630683899,0.5636764168739319,0.000175449502421543,0.5773063898086548,-0.0229523666203022,0.5492796301841736,-0.022686511278152466,0.5618468523025513,0.12048406898975372,0.5067898631095886,0.11889652907848358,0.5152846574783325
0,19267584,0.267619252204895,0.5658578276634216,-0.00076198490569368,0.5767132043838501,-0.022443672642111778,0.5499107241630554,-0.022556763142347336,0.563442587852478,0.11809275299310684,0.5088936686515808,0.1229797825217247,0.5155454277992249
0,19398656,0.26768916845321655,0.5640614032745361,-6.87773572281003e-05,0.5753961205482483,-0.022746562957763672,0.5496281385421753,-0.02073339745402336,0.5638153553009033,0.11075357347726822,0.5101341009140015,0.11645795404911041,0.5120797753334045
0,19529728,0.27053532004356384,0.562004029750824,-0.0028375713154673576,0.5778797268867493,-0.02623530849814415,0.5487231016159058,-0.0237971730530262,0.5613477230072021,0.1148989349603653,0.5095105171203613,0.11447805166244507,0.5141972899436951
0,19660800,0.26999780535697937,0.5623413920402527,0.00010234219371341169,0.5770399570465088,-0.022994209080934525,0.547753632068634,-0.022325031459331512,0.5597630739212036,0.11780539900064468,0.5082101225852966,0.11644870042800903,0.5144785642623901
0,19791872,0.2680954337120056,0.5663871765136719,-0.00020086774020455778,0.5777888298034668,-0.028741959482431412,0.5456569194793701,-0.026930412277579308,0.5616911053657532,0.12307366728782654,0.5070793628692627,0.12114620953798294,0.5157620906829834
0,19922944,0.26941514015197754,0.5669455528259277,0.001760687679052353,0.5805703997612,-0.020457111299037933,0.5434486865997314,-0.020558472722768784,0.5598640441894531,0.12276521325111389,0.5103799104690552,0.12217828631401062,0.5178542137145996
0,20054016,0.267985463142395,0.5637422800064087,-0.0008137417025864124,0.5786640048027039,-0.0236438550055027,0.5451871752738953,-0.018765656277537346,0.558819055557251,0.12303782254457474,0.5102248787879944,0.12284383922815323,0.5165859460830688
0,20185088,0.2723269760608673,0.5600573420524597,-0.00153829506598413,0.5782082080841064,-0.017283117398619652,0.5437461137771606,-0.01925705187022686,0.5546283721923828,0.1216355413198471,0.5053314566612244,0.1225646585226059,0.5168945789337158
0,20316160,0.2715896964073181,0.5596967339515686,0.002632622141391039,0.5820773839950562,-0.02377009391784668,0.5450153946876526,-0.020756743848323822,0.5552286505699158,0.12447422742843628,0.5072175860404968,0.12382310628890991,0.5160735249519348
0,20447232,0.26894909143447876,0.5573651194572449,7.765644113533199e-05,0.582284688949585,-0.02032732218503952,0.5446516275405884,-0.02281174808740616,0.5547996759414673,0.11804476380348206,0.5068507790565491,0.11684144288301468,0.5156587362289429
0,20578304,0.2735156714916229,0.5570930242538452,0.00022593390895053744,0.5814216732978821,-0.01969844475388527,0.5438553094863892,-0.020074855536222458,0.5551859736442566,0.11711563169956207,0.5046228766441345,0.11323904246091843,0.5162097215652466
0,20709376,0.2708854079246521,0.5579492449760437,-0.0007795726996846497,0.5832298994064331,-0.02525525726377964,0.5450291037559509,-0.02120330184698105,0.5524962544441223,0.1172085851430893,0.5018325448036194,0.11691752821207047,0.5147665143013
0,20840448,0.27223432064056396,0.5555694103240967,-0.0003132071578875184,0.5855715870857239,-0.02212495729327202,0.5455055236816406,-0.021387698128819466,0.5522140264511108,0.11914914846420288,0.5041256546974182,0.11923512816429138,0.5143862366676331
0,20971520,0.27300524711608887,0.5551596879959106,-9.502596367383376e-05,0.5812551379203796,-0.021854694932699203,0.5443291664123535,-0.021667087450623512,0.5504661202430725,0.12156330794095993,0.5041573643684387,0.11963218450546265,0.5153465867042542
0,21102592,0.2724660634994507,0.5579174757003784,-0.0034587178379297256,0.576167643070221,-0.024388473480939865,0.5456184148788452,-0.022444389760494232,0.5521266460418701,0.12294945120811462,0.5030301213264465,0.12385676056146622,0.5167075395584106
0,21233664,0.272037148475647,0.5579491853713989,0.0005565776373259723,0.5789594054222107,-0.029583346098661423,0.5453208684921265,-0.028775081038475037,0.5521644353866577,0.12410333007574081,0.5060361623764038,0.12529797852039337,0.516486644744873
0,21364736,0.2714822590351105,0.5600777864456177,-0.0019965260289609432,0.5762614607810974,-0.02562316507101059,0.5473346710205078,-0.027705460786819458,0.5547842979431152,0.13409775495529175,0.5081008076667786,0.13376902043819427,0.5141472220420837
0,21495808,0.2684488892555237,0.5650621056556702,0.0017228061333298683,0.576030433177948,-0.021466393023729324,0.5453986525535583,-0.022607704624533653,0.5541699528694153,0.1310654580593109,0.5074219703674316,0.1288413405418396,0.5141497254371643
0,21626880,0.269490122795105,0.5629115700721741,0.0006670764414593577,0.5768248438835144,-0.024185478687286377,0.5461978912353516,-0.022656284272670746,0.5550031661987305,0.1318342536687851,0.5056495070457458,0.12928339838981628,0.5153021812438965
0,21757952,0.270749032497406,0.5619925260543823,-0.001549634849652648,0.5789393782615662,-0.01985584758222103,0.542691707611084,-0.01798335649073124,0.5547966361045837,0.1314965784549713,0.5058350563049316,0.12872134149074554,0.5122727155685425
0,21889024,0.2707679867744446,0.55965656042099,-0.00044721411541104317,0.5815229415893555,-0.018364161252975464,0.5417854189872742,-0.016577990725636482,0.5527950525283813,0.13482233881950378,0.5044760704040527,0.13578474521636963,0.5133986473083496
0,22020096,0.2717093527317047,0.5569061040878296,0.0013064818922430277,0.5823944211006165,-0.019601672887802124,0.5423427820205688,-0.019673310220241547,0.5527511835098267,0.13722848892211914,0.5051880478858948,0.14003896713256836,0.5105746984481812
0,22151168,0.2732035517692566,0.5568855404853821,0.00015287206042557955,0.5842412114143372,-0.015380484983325005,0.5425517559051514,-0.013887854292988777,0.5530899167060852,0.13543552160263062,0.5044419169425964,0.1347387284040451,0.5144991278648376
0,22282240,0.2705036699771881,0.5614197850227356,0.0020671426318585873,0.5822235345840454,-0.018807893618941307,0.5444754958152771,-0.016713488847017288,0.5546983480453491,0.13611939549446106,0.5052189826965332,0.13759499788284302,0.5150154232978821
0,22413312,0.2671329975128174,0.5658931732177734,-0.0009995909640565515,0.5884559750556946,-0.013596118427813053,0.5443739295005798,-0.0165860578417778,0.5552788376808167,0.14259764552116394,0.5035514831542969,0.1410616934299469,0.5138293504714966
0,22544384,0.26871317625045776,0.5649251937866211,0.002656176220625639,0.5870553255081177,-0.013318231329321861,0.5427977442741394,-0.012344161048531532,0.5583204627037048,0.13611309230327606,0.5035427808761597,0.13486924767494202,0.514214038848877
0,22675456,0.26952582597732544,0.5670172572135925,0.0003685608971863985,0.5850405097007751,-0.016850359737873077,0.5445976257324219,-0.013708329759538174,0.5543410778045654,0.13295608758926392,0.5039975643157959,0.12973573803901672,0.5154060125350952
0,22806528,0.26640498638153076,0.5686215162277222,-0.001674361526966095,0.5826425552368164,-0.016959870234131813,0.5469440817832947,-0.013570605777204037,0.5527524352073669,0.12706789374351501,0.5042309165000916,0.12471667677164078,0.5176883339881897
0,22937600,0.2695717215538025,0.5652121305465698,-0.0004139257944189012,0.5870956778526306,-0.011535104364156723,0.547275960445404,-0.012858751229941845,0.5526514053344727,0.12543228268623352,0.5056419372558594,0.12360863387584686,0.5184996724128723
0,23068672,0.26628369092941284,0.56430983543396,0.0006232436280697584,0.5875041484832764,-0.01028828602284193,0.5463991165161133,-0.010704773478209972,0.5508936047554016,0.12370279431343079,0.5052907466888428,0.12415693700313568,0.5189737677574158
0,23199744,0.27127498388290405,0.5624446272850037,0.0032918304204940796,0.5907788872718811,-0.007579157594591379,0.5452865362167358,-0.007957846857607365,0.5528643727302551,0.12124127894639969,0.5064724683761597,0.12308473885059357,0.5198945999145508
0,23330816,0.267559289932251,0.5634699463844299,0.00011511857155710459,0.5911902785301208,-0.009909836575388908,0.5481762886047363,-0.008670233190059662,0.5536624789237976,0.1268141269683838,0.5057438611984253,0.12201698124408722,0.5220715403556824
0,23461888,0.2683512568473816,0.5655891299247742,0.0017086360603570938,0.5881949067115784,-0.0033073448576033115,0.5489351153373718,-0.008430726826190948,0.5524789094924927,0.1309812068939209,0.5048325061798096,0.12803196907043457,0.5201974511146545
0,23592960,0.26788753271102905,0.5679284334182739,-0.002028334653005004,0.5909364223480225,-0.010802572593092918,0.5481846928596497,-0.008445405401289463,0.5505121946334839,0.12944787740707397,0.5061673521995544,0.12643206119537354,0.521896481513977
0,23724032,0.2684325873851776,0.568046510219574,0.002691409783437848,0.5890688896179199,-0.004677416756749153,0.5518091917037964,-0.007680218666791916,0.5458040833473206,0.13087671995162964,0.5070415139198303,0.12960515916347504,0.5212954878807068
0,23855104,0.26822638511657715,0.5685309171676636,-0.0019938687328249216,0.5893706679344177,-0.004702026955783367,0.5501127243041992,-0.004794956650584936,0.5500386953353882,0.12784914672374725,0.5060431957244873,0.1308019757270813,0.5210742354393005
0,23986176,0.270138144493103,0.5648144483566284,0.0003454092948231846,0.5867640376091003,-0.006830362603068352,0.5513226389884949,-0.006558574270457029,0.5492017865180969,0.1346820592880249,0.5066769123077393,0.12938058376312256,0.5248934030532837
0,24117248,0.26973602175712585,0.566464364528656,0.00022093579173088074,0.5847744941711426,-0.0072999256663024426,0.5499427914619446,-0.00587186124175787,0.5515401363372803,0.13431093096733093,0.5060326457023621,0.13371536135673523,0.5252907872200012
0,24248320,0.26716911792755127,0.5680714249610901,-0.00044804648496210575,0.5819699764251709,-0.008419369347393513,0.5502510070800781,-0.007305661216378212,0.55232173204422,0.13500232994556427,0.5073726773262024,0.13500076532363892,0.5251896977424622
0,24379392,0.2672852575778961,0.5662549734115601,-0.000978228752501309,0.5779170393943787,-0.009241659194231033,0.5505794286727905,-0.010166182182729244,0.5492366552352905,0.13336805999279022,0.5072841644287109,0.13044312596321106,0.5257511138916016
0,24510464,0.26835572719573975,0.5647422075271606,-0.00029485998675227165,0.5788182020187378,-0.008238738402724266,0.5520521402359009,-0.006462525110691786,0.5516061186790466,0.1319805085659027,0.5047277808189392,0.12756673991680145,0.5236884951591492
0,24641536,0.2729751467704773,0.5617961883544922,-0.001312248408794403,0.5778657793998718,-0.00857249554246664,0.5501227974891663,-0.004520588554441929,0.5526975393295288,0.12995105981826782,0.504930317401886,0.12600895762443542,0.5258293151855469
0,24772608,0.27293452620506287,0.5613239407539368,0.002766489051282406,0.5766236782073975,-0.00589140085503459,0.5518542528152466,-0.006260114721953869,0.5542946457862854,0.1339029222726822,0.510290265083313,0.1315777599811554,0.5257430672645569
0,24903680,0.2688089609146118,0.5672608613967896,-0.0006572127458639443,0.5759908556938171,-0.006549051962792873,0.549544632434845,-0.008270923048257828,0.5520684123039246,0.1415260136127472,0.5108761787414551,0.13953539729118347,0.5267653465270996
0,25034752,0.2660917043685913,0.5674942135810852,-0.001324778888374567,0.5755655169487,-0.015307657420635223,0.5478445887565613,-0.010523872449994087,0.5528570413589478,0.1361788660287857,0.5101693272590637,0.13372090458869934,0.5255150198936462
0,25165824,0.2665739059448242,0.5678790807723999,-0.0008454637136310339,0.5771536231040955,-0.011371349915862083,0.5472304821014404,-0.011462628841400146,0.5499599575996399,0.1338728964328766,0.5070791840553284,0.13112136721611023,0.5249662399291992
0,25296896,0.2679084539413452,0.5674731135368347,-0.0010517152259126306,0.5791930556297302,-0.011050351895391941,0.5481888651847839,-0.007930317893624306,0.5488983392715454,0.12603431940078735,0.505932629108429,0.12782222032546997,0.5233778953552246
0,25427968,0.26899126172065735,0.56844162940979,0.0005090336198918521,0.5782952904701233,-0.01625882089138031,0.550247073173523,-0.014927584677934647,0.5486424565315247,0.1273307353258133,0.5082661509513855,0.1265185922384262,0.5232580900192261
0,25559040,0.2673285901546478,0.5675691962242126,-6.1032362282276154e-05,0.5795125961303711,-0.021478857845067978,0.5499153733253479,-0.021313883364200592,0.5496155023574829,0.12664614617824554,0.5097289085388184,0.12333386391401291,0.5226143002510071
0,25690112,0.26830053329467773,0.5659347176551819,0.0005610495572909713,0.5805317163467407,-0.022624962031841278,0.5535941123962402,-0.019489945843815804,0.5506653189659119,0.12124766409397125,0.5114098787307739,0.12173700332641602,0.5249117016792297
0,25821184,0.26685550808906555,0.5680137872695923,-0.0003341921838000417,0.5804681777954102,-0.023102866485714912,0.5524959564208984,-0.022014690563082695,0.5490321516990662,0.12534430623054504,0.509159505367279,0.12257209420204163,0.5237990021705627
0,25952256,0.2684604227542877,0.5705859065055847,-0.003558716271072626,0.5824868679046631,-0.02251623570919037,0.5513123869895935,-0.024322383105754852,0.5495530366897583,0.13254880905151367,0.5126983523368835,0.1271001547574997,0.5271133780479431
0,26083328,0.26710161566734314,0.568368136882782,0.002550870645791292,0.5824849605560303,-0.027414020150899887,0.5537996292114258,-0.027637436985969543,0.5498758554458618,0.12941224873065948,0.5156763792037964,0.1290387511253357,0.5278803706169128
0,26214400,0.2680269479751587,0.5679306983947754,0.0020012909080833197,0.5815345644950867,-0.027783911675214767,0.5525618195533752,-0.024248741567134857,0.5520827174186707,0.13236495852470398,0.5129749178886414,0.1328970193862915,0.526809811592102
0,26345472,0.267896443605423,0.5648632049560547,-5.74063160456717e-05,0.5848140716552734,-0.02820003032684326,0.5503376126289368,-0.02490519918501377,0.5497702956199646,0.13032972812652588,0.5119102001190186,0.13050644099712372,0.5261676907539368
0,26476544,0.2703620195388794,0.5664891600608826,-0.0003170762793160975,0.5868949294090271,-0.029938222840428352,0.550401508808136,-0.02826247736811638,0.5510016679763794,0.12884923815727234,0.5092549920082092,0.1272018402814865,0.5270370244979858
0,26607616,0.26818835735321045,0.5657795071601868,0.0014307679375633597,0.5904433131217957,-0.03396973758935928,0.5525310039520264,-0.031558990478515625,0.5516549348831177,0.13510766625404358,0.5099470615386963,0.13603274524211884,0.5277637243270874
0,26738688,0.26934704184532166,0.566230833530426,0.0008685446227900684,0.5928317904472351,-0.035938989371061325,0.5522820353507996,-0.03133223205804825,0.5546025633811951,0.12706199288368225,0.5099764466285706,0.12852631509304047,0.5286138653755188
0,26869760,0.2714700698852539,0.5635198354721069,0.000729817315004766,0.5941260457038879,-0.029729939997196198,0.553571879863739,-0.02955661714076996,0.5515046715736389,0.12895163893699646,0.5112845301628113,0.1254613995552063,0.5301632285118103
0,27000832,0.2698882222175598,0.5616183280944824,-0.0013481494970619678,0.5968185663223267,-0.03822660446166992,0.5531381368637085,-0.0343349315226078,0.5518155694007874,0.13113336265087128,0.5100524425506592,0.1265944540500641,0.5279830098152161
0,27131904,0.26450860500335693,0.5660133361816406,-0.001053053536452353,0.5962555408477783,-0.03378155082464218,0.5558388233184814,-0.02974647842347622,0.5507233738899231,0.12456905841827393,0.5103467106819153,0.12526459991931915,0.526885449886322
0,27262976,0.26920798420906067,0.5663047432899475,-0.0018583310302346945,0.5990222692489624,-0.03226804360747337,0.5498462319374084,-0.029869846999645233,0.5519314408302307,0.12374554574489594,0.514676034450531,0.12127997726202011,0.5269659757614136
0,27394048,0.2651502192020416,0.5679479241371155,0.0010797074064612389,0.6021305322647095,-0.03334546834230423,0.5501495003700256,-0.03337617963552475,0.5508556962013245,0.12244991213083267,0.5142980217933655,0.12157157063484192,0.5256882309913635
0,27525120,0.26765012741088867,0.5689804553985596,-0.001503773732110858,0.6034179329872131,-0.031530458480119705,0.546999454498291,-0.03052658960223198,0.5504055023193359,0.11967240273952484,0.5130569934844971,0.11781711876392365,0.524673581123352
0,27656192,0.2672514319419861,0.5669875741004944,0.00017754273721948266,0.6038678288459778,-0.024606265127658844,0.548371434211731,-0.029555892571806908,0.5477920770645142,0.11849428713321686,0.5107086300849915,0.12024746835231781,0.5227742195129395
0,27787264,0.26527684926986694,0.5690672397613525,-0.0004884632653556764,0.6037204265594482,-0.024268589913845062,0.5473082661628723,-0.027415908873081207,0.5491964817047119,0.12116377800703049,0.5107734799385071,0.11772400140762329,0.5222522616386414
0,27918336,0.26690614223480225,0.5665763020515442,0.0012249741703271866,0.6051956415176392,-0.025318777188658714,0.5445170402526855,-0.025484148412942886,0.5477367639541626,0.11938335001468658,0.511867105960846,0.12073970586061478,0.5236324071884155
0,28049408,0.2730099558830261,0.5612285733222961,-0.001935414969921112,0.605126678943634,-0.028634052723646164,0.5436817407608032,-0.024207884445786476,0.5449716448783875,0.12531550228595734,0.5118756890296936,0.1233975738286972,0.522487998008728
1,131072,0.26363247632980347,0.5686794519424438,0.002453800290822983,0.6038166284561157,-0.0361662358045578,0.5467743873596191,-0.0338452123105526,0.5512174963951111,0.08094735443592072,0.5156557559967041,0.08264923095703125,0.5270241498947144
1,262144,0.2687411308288574,0.5677603483200073,-0.0021552443504333496,0.6041591763496399,-0.029318250715732574,0.5450987219810486,-0.026996763423085213,0.5522622466087341,0.1260358989238739,0.5097417831420898,0.12875989079475403,0.5228691697120667
1,393216,0.2682710289955139,0.5691763162612915,-0.0011417020577937365,0.6047482490539551,-0.028722401708364487,0.5469306111335754,-0.024966832250356674,0.554794430732727,0.11482729017734528,0.512389063835144,0.11328640580177307,0.5280088186264038
1,524288,0.26966506242752075,0.5712636709213257,0.0002605230547487736,0.6016387939453125,-0.02610248699784279,0.5472212433815002,-0.025094226002693176,0.5567037463188171,0.11790375411510468,0.5100916028022766,0.11572657525539398,0.526271641254425
1,655360,0.26693272590637207,0.571452260017395,0.0007090154103934765,0.6019286513328552,-0.029596157371997833,0.5500003695487976,-0.02517758682370186,0.555648684501648,0.12050090730190277,0.5106592178344727,0.11935801804065704,0.5253689289093018
1,786432,0.2663267254829407,0.5686706900596619,0.0021271214354783297,0.6025655269622803,-0.030277881771326065,0.5495571494102478,-0.025868866592645645,0.5570968985557556,0.12056373059749603,0.5115014910697937,0.119602732360363,0.5243948698043823
1,917504,0.2679179906845093,0.571047842502594,-7.103453390300274e-05,0.6005841493606567,-0.03520888835191727,0.5530058145523071,-0.03269420191645622,0.5598779320716858,0.1313447654247284,0.514378547668457,0.1324455887079239,0.5265800356864929
1,1048576,0.2657667398452759,0.5717129111289978,0.0017825820250436664,0.5971401333808899,-0.026306642219424248,0.556006669998169,-0.026507273316383362,0.5596387386322021,0.13054974377155304,0.5150106549263,0.12824103236198425,0.528648316860199
1,1179648,0.2668343782424927,0.570479154586792,0.0035663899034261703,0.600976824760437,-0.026096832007169724,0.5537078976631165,-0.02419721521437168,0.5576872825622559,0.12849001586437225,0.5150717496871948,0.12700898945331573,0.5266415476799011
1,1310720,0.2667006850242615,0.5716065764427185,0.0014374885940924287,0.6015564799308777,-0.027639230713248253,0.5539499521255493,-0.023450706154108047,0.5563162565231323,0.12412020564079285,0.5151879191398621,0.12088605016469955,0.5280646085739136
1,1441792,0.2657069265842438,0.5726879835128784,2.0700215827673674e-05,0.600011944770813,-0.02474074810743332,0.5538315176963806,-0.022123025730252266,0.556108295917511,0.12411564588546753,0.5146603584289551,0.1251341998577118,0.5265896320343018
1,1572864,0.2638048529624939,0.5758059024810791,-3.597790782805532e-05,0.5944229364395142,-0.026187723502516747,0.5513537526130676,-0.02437056414783001,0.5569131970405579,0.12585757672786713,0.5148493051528931,0.12421295046806335,0.5295116305351257
1,1703936,0.26443350315093994,0.5739408731460571,-0.0006897486164234579,0.5948125720024109,-0.028400158509612083,0.5522329807281494,-0.02720985934138298,0.5593382120132446,0.12351951003074646,0.5144563913345337,0.1225074976682663,0.5265569686889648
1,1835008,0.265849232673645,0.5751132965087891,8.061312837526202e-05,0.59687739610672,-0.026292065158486366,0.552144467830658,-0.02486054226756096,0.5603763461112976,0.12408024072647095,0.5116775631904602,0.12238450348377228,0.5252587199211121
1,1966080,0.2653648257255554,0.5736876130104065,-0.0007484761299565434,0.5907766819000244,-0.022170398384332657,0.5539517998695374,-0.021590571850538254,0.5586398839950562,0.12323689460754395,0.5120019912719727,0.12028715014457703,0.5264515280723572
1,2097152,0.2665327489376068,0.5721361041069031,-0.0014127484755590558,0.5870326161384583,-0.02315181866288185,0.5548791289329529,-0.020550698041915894,0.5623607635498047,0.12454832345247269,0.5114709734916687,0.12246792018413544,0.5265628695487976
1,2228224,0.26635801792144775,0.5695125460624695,0.001369003439322114,0.5813838243484497,-0.014185212552547455,0.5564396381378174,-0.013775509782135487,0.5625733733177185,0.12339658290147781,0.5122269988059998,0.12203250825405121,0.5251458287239075
1,2359296,0.26905882358551025,0.5700220465660095,-0.0004679129342548549,0.583612322807312,-0.011151494458317757,0.5571412444114685,-0.013608148321509361,0.5641573667526245,0.13211023807525635,0.5100977420806885,0.1264323890209198,0.5263509750366211
1,2490368,0.26554861664772034,0.5696135759353638,0.0002205955097451806,0.5861555933952332,-0.00800328329205513,0.5568574666976929,-0.009563487023115158,0.5653663277626038,0.13694897294044495,0.5124180912971497,0.13208556175231934,0.5249413251876831
1,2621440,0.2652890682220459,0.570582389831543,0.001289295731112361,0.5835484266281128,-0.015436685644090176,0.5585410594940186,-0.013744428753852844,0.5677015781402588,0.1266174018383026,0.5158421993255615,0.12703770399093628,0.5266218185424805
1,2752512,0.2661789059638977,0.5678824782371521,-3.6339624784886837e-06,0.585864245891571,-0.01506491657346487,0.5627784132957458,-0.012413726188242435,0.567872166633606,0.13021701574325562,0.5156500935554504,0.1287769228219986,0.5275035500526428
1,2883584,0.2681795656681061,0.5668553113937378,-0.001824738341383636,0.5818293690681458,-0.011613894253969193,0.5651283860206604,-0.008856168948113918,0.5696282982826233,0.13180387020111084,0.5154828429222107,0.130878746509552,0.5258536338806152
1,3014656,0.2683904767036438,0.5661895871162415,-0.0008256781147792935,0.5854334831237793,-0.006397622171789408,0.5594388246536255,-0.00475684180855751,0.5674773454666138,0.133775532245636,0.516731321811676,0.13488900661468506,0.525224506855011
1,3145728,0.26994240283966064,0.5623725652694702,0.0014395571779459715,0.5826042294502258,-0.003126241499558091,0.5585522651672363,-0.003535796422511339,0.5666765570640564,0.13431072235107422,0.5178238153457642,0.13292664289474487,0.5237406492233276
2,131072,0.26564091444015503,0.5651124119758606,0.0038880030624568462,0.5872668027877808,-0.011395614594221115,0.5577366948127747,-0.009793748147785664,0.5648679137229919,0.09474562853574753,0.5235090851783752,0.09727178514003754,0.5269984602928162
2,262144,0.2708281874656677,0.5609266757965088,-0.002393025439232588,0.5889045596122742,0.008515709079802036,0.5572941303253174,0.009828399866819382,0.5650760531425476,0.14950892329216003,0.5160988569259644,0.14794982969760895,0.5199218392372131
2,393216,0.2704020142555237,0.5624220371246338,-0.0011953425128012896,0.5867502093315125,0.0035586319863796234,0.5556067228317261,0.006490036379545927,0.5636821389198303,0.13163208961486816,0.521740198135376,0.13118445873260498,0.5267339944839478
2,524288,0.2696288228034973,0.5647741556167603,3.3825577702373266e-05,0.5848050713539124,0.010238099843263626,0.5549696087837219,0.006371862255036831,0.5658583045005798,0.13172683119773865,0.5206324458122253,0.13019311428070068,0.5256144404411316
2,655360,0.26926103234291077,0.5635940432548523,0.0007857322343625128,0.5825680494308472,0.013140401802957058,0.5557547807693481,0.015914876013994217,0.566756546497345,0.13480667769908905,0.5198131203651428,0.13236001133918762,0.5273130536079407
2,786432,0.2697666585445404,0.5625940561294556,0.002712717279791832,0.5818110108375549,0.012751854956150055,0.5571163892745972,0.015816358849406242,0.5665715932846069,0.13496562838554382,0.5181736350059509,0.12853074073791504,0.5300472378730774
2,917504,0.27212053537368774,0.56098872423172,0.0027816002257168293,0.5800371766090393,0.01650415174663067,0.5572139024734497,0.017345136031508446,0.5614936351776123,0.13702963292598724,0.5144168138504028,0.13598379492759705,0.5256202220916748
2,1048576,0.26875633001327515,0.5598690509796143,0.0008697893936187029,0.5785387754440308,0.012389980256557465,0.5570856332778931,0.012696189805865288,0.5624197125434875,0.1333036720752716,0.516534149646759,0.13110312819480896,0.5295770168304443
3,131072,0.26630669832229614,0.5655106902122498,0.001302347518503666,0.5815829634666443,-0.005891839042305946,0.5529056191444397,-0.003586307168006897,0.5614342093467712,0.09917914867401123,0.5195898413658142,0.09783059358596802,0.5287162065505981
3,262144,0.27103716135025024,0.5645028352737427,-0.0024612429551780224,0.5831749439239502,0.01861840859055519,0.551552414894104,0.019276844337582588,0.5612671375274658,0.1511867642402649,0.5119577646255493,0.1504957675933838,0.520548403263092
3,393216,0.266486793756485,0.566453754901886,-0.0006804782897233963,0.5847084522247314,0.01348108984529972,0.5541141033172607,0.018422743305563927,0.5625553727149963,0.12813740968704224,0.5136907696723938,0.12478578090667725,0.5226053595542908
3,524288,0.2691735029220581,0.5657849311828613,-0.0018300734227523208,0.5851280689239502,0.01614365354180336,0.5525799989700317,0.01700439676642418,0.5644676685333252,0.12783199548721313,0.5149603486061096,0.1294868290424347,0.5216972231864929
3,655360,0.26619166135787964,0.567261815071106,-0.0009510214440524578,0.5851345658302307,0.024036023765802383,0.5520396828651428,0.02281973510980606,0.5633779168128967,0.13133196532726288,0.5147558450698853,0.1326923668384552,0.5211465954780579
3,786432,0.267133504152298,0.5681406259536743,0.0018795966170728207,0.5863974690437317,0.020439453423023224,0.5535256266593933,0.020923489704728127,0.5648252964019775,0.13399527966976166,0.5153900980949402,0.1325301229953766,0.5199228525161743
3,917504,0.27064332365989685,0.5661568641662598,0.0022396836429834366,0.5860987305641174,0.026067890226840973,0.5519247651100159,0.0246448814868927,0.5642454028129578,0.13965708017349243,0.5142350792884827,0.140248104929924,0.5174492597579956
3,1048576,0.2684304118156433,0.5662147998809814,-0.0010444364743307233,0.5831477046012878,0.021821238100528717,0.549443781375885,0.02210301160812378,0.5640512108802795,0.13980287313461304,0.5132657885551453,0.14004367589950562,0.5171889066696167
3,1179648,0.2679680585861206,0.5659385323524475,0.0005714860744774342,0.5856298208236694,0.0294635072350502,0.5476414561271667,0.02568436600267887,0.5612443089485168,0.13467329740524292,0.5128016471862793,0.13512705266475677,0.5176332592964172
3,1310720,0.26682958006858826,0.5699713230133057,-0.0030673278961330652,0.5851231813430786,0.02900005504488945,0.5503447651863098,0.02844894491136074,0.5625100135803223,0.13436758518218994,0.5116643905639648,0.134182870388031,0.5165016651153564
3,1441792,0.2653520107269287,0.5688021183013916,0.0003075223648920655,0.5827259421348572,0.029117338359355927,0.5517091155052185,0.032107651233673096,0.5616710782051086,0.12956738471984863,0.510952889919281,0.1331629604101181,0.5159271359443665
3,1572864,0.26700136065483093,0.5681899189949036,-0.0011097699170932174,0.583932638168335,0.029537267982959747,0.5471506118774414,0.02682778611779213,0.5633220672607422,0.12636543810367584,0.5105600357055664,0.12481246888637543,0.5164157748222351
3,1703936,0.2679283618927002,0.567334771156311,-0.0009977769805118442,0.585494875907898,0.031299881637096405,0.5477939248085022,0.032913967967033386,0.5638118386268616,0.1284702718257904,0.5118201375007629,0.12920545041561127,0.5149925351142883
3,1835008,0.2659263610839844,0.5715507864952087,-0.0029757723677903414,0.5829529762268066,0.030886594206094742,0.5494593381881714,0.03076920285820961,0.5639800429344177,0.12432445585727692,0.5126283168792725,0.12439341843128204,0.5160971879959106
3,1966080,0.2661777138710022,0.5729935765266418,-0.003055740613490343,0.5775396227836609,0.028224069625139236,0.5480250120162964,0.025762509554624557,0.5660489797592163,0.12679484486579895,0.5118498206138611,0.12523676455020905,0.5187192559242249
3,2097152,0.2636840343475342,0.573116660118103,-0.00012515054550021887,0.5785777568817139,0.027929721400141716,0.5472415089607239,0.026524098590016365,0.5636178851127625,0.13352973759174347,0.511527419090271,0.130382239818573,0.5195521116256714
3,2228224,0.26436007022857666,0.5727196335792542,0.00113674346357584,0.5825750827789307,0.028716932982206345,0.5485634803771973,0.02621854655444622,0.563184916973114,0.13850151002407074,0.5113299489021301,0.13789048790931702,0.5170607566833496
3,2359296,0.2643178701400757,0.573203444480896,0.0004928400740027428,0.5858858227729797,0.024833476170897484,0.5510770082473755,0.03177013620734215,0.5660153031349182,0.13026398420333862,0.5131234526634216,0.13475969433784485,0.5176198482513428
3,2490368,0.26332569122314453,0.5735753178596497,-0.0005678653833456337,0.5902356505393982,0.029570698738098145,0.553836464881897,0.028794821351766586,0.5668442845344543,0.13385123014450073,0.5128500461578369,0.12998856604099274,0.5166693925857544
3,2621440,0.2637901306152344,0.5716673135757446,-0.0007539851358160377,0.5914963483810425,0.02829933911561966,0.5552845001220703,0.025427356362342834,0.5643447041511536,0.12652289867401123,0.5107897520065308,0.12420211732387543,0.5163604617118835
3,2752512,0.2669164836406708,0.5750147700309753,6.409382331185043e-05,0.595552384853363,0.028650982305407524,0.5544335842132568,0.030061479657888412,0.5656735301017761,0.12593954801559448,0.511237621307373,0.12568944692611694,0.5156652927398682
3,2883584,0.26417386531829834,0.5707417726516724,0.001638091285713017,0.5986533761024475,0.029786068946123123,0.5548810362815857,0.030270395800471306,0.5646248459815979,0.13069845736026764,0.5120605826377869,0.12682434916496277,0.5183718800544739
3,3014656,0.26656121015548706,0.5694247484207153,-0.0022780599538236856,0.5980875492095947,0.029015563428401947,0.5530229210853577,0.02850939705967903,0.5642377734184265,0.1283044070005417,0.5151928663253784,0.1282537281513214,0.5204755067825317
3,3145728,0.264168918132782,0.5702911019325256,0.000462456519016996,0.5958874821662903,0.030439339578151703,0.5507045984268188,0.031196661293506622,0.5663145780563354,0.1297033727169037,0.5127786993980408,0.1294879913330078,0.5226141214370728
3,3276800,0.2668442726135254,0.5678719878196716,-0.0004248032928444445,0.5957687497138977,0.031135521829128265,0.5517931580543518,0.028504732996225357,0.5697482824325562,0.13397297263145447,0.5136281251907349,0.1318676471710205,0.5216796398162842
3,3407872,0.2690759301185608,0.5656213760375977,-0.0008413041359744966,0.5923853516578674,0.028729083016514778,0.5505966544151306,0.03342142701148987,0.5676878690719604,0.13367968797683716,0.5129871368408203,0.13510169088840485,0.5197710990905762
3,3538944,0.2695746421813965,0.564368486404419,-0.0013425466604530811,0.595250129699707,0.028086964040994644,0.553076446056366,0.033689823001623154,0.5699062943458557,0.136704683303833,0.5136308073997498,0.13798314332962036,0.5210392475128174
3,3670016,0.26670849323272705,0.5678088068962097,-0.001089641940779984,0.5935357213020325,0.03320833295583725,0.5537760853767395,0.0305654127150774,0.5682870149612427,0.13804124295711517,0.5116752982139587,0.13548028469085693,0.5189703106880188
3,3801088,0.26807093620300293,0.5662649869918823,-0.0016598417423665524,0.5890659093856812,0.029470445588231087,0.5542911291122437,0.030912067741155624,0.5670385956764221,0.13458770513534546,0.5120824575424194,0.13442273437976837,0.518923282623291
3,3932160,0.26957446336746216,0.5667021870613098,0.0010449928231537342,0.5894018411636353,0.02837367355823517,0.553329586982727,0.029522737488150597,0.5689337253570557,0.13435617089271545,0.5106338858604431,0.13813436031341553,0.5191986560821533
3,4063232,0.2677406668663025,0.5691354870796204,0.0015430760104209185,0.5898528099060059,0.030712949112057686,0.5525768995285034,0.028369488194584846,0.5674352049827576,0.13734428584575653,0.5116859674453735,0.1344049870967865,0.521105945110321
3,4194304,0.26519185304641724,0.5700781345367432,0.00017655364354141057,0.5859596133232117,0.029986457899212837,0.5540196895599365,0.031010128557682037,0.5671895146369934,0.13809996843338013,0.5136973857879639,0.13867813348770142,0.5174323320388794
4,131072,0.26397889852523804,0.5679012537002563,0.002381513360887766,0.5877243280410767,0.009400514885783195,0.5525822043418884,0.010566100478172302,0.5659838914871216,0.09281820803880692,0.5192601680755615,0.09475475549697876,0.5212815999984741
4,262144,0.26840126514434814,0.5650345087051392,0.00035873311571776867,0.589728057384491,0.040164656937122345,0.5524725317955017,0.04060932993888855,0.5655033588409424,0.14996707439422607,0.5128245949745178,0.15070271492004395,0.5150772333145142
4,393216,0.26786553859710693,0.5655414462089539,0.0005320627824403346,0.5844937562942505,0.03284461051225662,0.5505399107933044,0.03444056212902069,0.5687054991722107,0.13019877672195435,0.5136836767196655,0.13228033483028412,0.5149828791618347
4,524288,0.26447173953056335,0.5707110166549683,-0.0014126177411526442,0.5800634622573853,0.03198843076825142,0.5533767342567444,0.03458802402019501,0.5670360326766968,0.13038361072540283,0.5149545073509216,0.12630288302898407,0.516467273235321
4,655360,0.26500242948532104,0.5746926665306091,0.001199673512019217,0.5805264115333557,0.034174270927906036,0.5535462498664856,0.03690370172262192,0.5658224821090698,0.13346123695373535,0.5145091414451599,0.13536790013313293,0.514729380607605
4,786432,0.2616192102432251,0.5757172703742981,0.0014757153112441301,0.5818348526954651,0.033323001116514206,0.5566375851631165,0.03765378147363663,0.5646426677703857,0.13861972093582153,0.5134665369987488,0.1375017911195755,0.5167813301086426
4,917504,0.2642776668071747,0.576165497303009,-0.0012568540405482054,0.5791881680488586,0.03546743467450142,0.5568003058433533,0.033118102699518204,0.5635846853256226,0.14839090406894684,0.5147940516471863,0.14995503425598145,0.5161795020103455
4,1048576,0.2669270634651184,0.5708320736885071,0.0026024961844086647,0.5799478888511658,0.02838459238409996,0.5544120073318481,0.0310289915651083,0.5665035843849182,0.14230658113956451,0.5162868499755859,0.1411377191543579,0.5192236304283142
4,1179648,0.2675415575504303,0.5721186995506287,-0.0013519342755898833,0.5812354683876038,0.03352111950516701,0.5565850734710693,0.034463729709386826,0.5660536885261536,0.14664962887763977,0.5187684297561646,0.14782080054283142,0.5200173258781433
4,1310720,0.26542216539382935,0.5701227188110352,0.0006037229904904962,0.5758856534957886,0.03132904693484306,0.5585342049598694,0.029852500185370445,0.5644350647926331,0.15350228548049927,0.5167734026908875,0.15270204842090607,0.5192685127258301
4,1441792,0.2642608880996704,0.5707811117172241,-0.0008830069564282894,0.5794053077697754,0.024840548634529114,0.557959258556366,0.02533213049173355,0.5672879815101624,0.15634554624557495,0.5158836841583252,0.15802797675132751,0.517496645450592
4,1572864,0.26839718222618103,0.5705696940422058,-0.0005106025491841137,0.5817399024963379,0.024575285613536835,0.5613569617271423,0.026335999369621277,0.5647474527359009,0.15433256328105927,0.5174447894096375,0.15562716126441956,0.5229525566101074
4,1703936,0.265102744102478,0.5705746412277222,-0.0030215000733733177,0.5791228413581848,0.02511049620807171,0.5615292191505432,0.025269411504268646,0.563973069190979,0.14776886999607086,0.5157651305198669,0.15368618071079254,0.5196208357810974
4,1835008,0.26506125926971436,0.5695923566818237,0.0013185254065319896,0.5801714062690735,0.029869914054870605,0.562641978263855,0.03016655705869198,0.5611120462417603,0.15318959951400757,0.5160117149353027,0.1549493670463562,0.5184991359710693
4,1966080,0.2647639811038971,0.5704739093780518,-0.0003109933459199965,0.5756815671920776,0.026538385078310966,0.5610248446464539,0.02728225663304329,0.5618599653244019,0.14607547223567963,0.5166850090026855,0.14941708743572235,0.5172742009162903
4,2097152,0.2691417932510376,0.5670785903930664,-0.001362024573609233,0.579169511795044,0.02854882925748825,0.566041111946106,0.02903243899345398,0.5613937377929688,0.14466995000839233,0.5156120657920837,0.14838045835494995,0.5157420039176941
4,2228224,0.2670997083187103,0.5700783729553223,0.0026653315871953964,0.5796931982040405,0.024143218994140625,0.5641567707061768,0.025787360966205597,0.560726523399353,0.1432298868894577,0.516221284866333,0.14824560284614563,0.5174113512039185
4,2359296,0.26687920093536377,0.5667619705200195,-0.0005749913398176432,0.5802779197692871,0.022220533341169357,0.5638043880462646,0.02772533893585205,0.5616599917411804,0.13886162638664246,0.5180100202560425,0.14280544221401215,0.5182836055755615
4,2490368,0.26782941818237305,0.5701817870140076,0.0023185552563518286,0.5829474925994873,0.03391929715871811,0.5618419647216797,0.03609224781394005,0.5625419616699219,0.14739161729812622,0.5170230865478516,0.14988481998443604,0.5199844241142273
4,2621440,0.27004286646842957,0.5666213631629944,0.0004150868917349726,0.5776416063308716,0.025537589564919472,0.5636453032493591,0.03146231546998024,0.5628376007080078,0.1520223617553711,0.5155540108680725,0.1525956094264984,0.5211729407310486
4,2752512,0.26783230900764465,0.5659592747688293,-0.00021118076983839273,0.5792755484580994,0.023771902546286583,0.5637161135673523,0.022802436724305153,0.5637211203575134,0.1501668095588684,0.5186617970466614,0.15410733222961426,0.521946132183075
4,2883584,0.26757103204727173,0.5711399912834167,0.0013350285589694977,0.5803499817848206,0.02156360074877739,0.5663152933120728,0.025837566703557968,0.5647004246711731,0.15104424953460693,0.5177028179168701,0.1497182548046112,0.5206535458564758
4,3014656,0.2706785202026367,0.5655488967895508,0.00025951076531782746,0.5793175101280212,0.02728000469505787,0.5649590492248535,0.025543343275785446,0.565481960773468,0.14925336837768555,0.5183925032615662,0.14821317791938782,0.5200076103210449
4,3145728,0.2678779065608978,0.5634249448776245,0.0009146129596047103,0.5799359083175659,0.02333005703985691,0.5634673833847046,0.02112814038991928,0.5633195042610168,0.14977461099624634,0.5183398723602295,0.15262766182422638,0.5195702314376831
4,3276800,0.26767802238464355,0.563006579875946,-0.0011590463109314442,0.5748554468154907,0.023818103596568108,0.559322714805603,0.024809004738926888,0.563261091709137,0.1536588817834854,0.5221356153488159,0.15546265244483948,0.5217580795288086
4,3407872,0.2669520378112793,0.5669708251953125,-0.0005521814455278218,0.5758539438247681,0.023993104696273804,0.5600168108940125,0.022860875353217125,0.563529372215271,0.15010592341423035,0.5244609117507935,0.15098881721496582,0.524463415145874
4,3538944,0.2680487334728241,0.5672912001609802,-0.001966061070561409,0.5805569887161255,0.026449110358953476,0.5595040917396545,0.025756467133760452,0.5658438801765442,0.1506790965795517,0.5238897800445557,0.15133017301559448,0.5237375497817993
4,3670016,0.26930975914001465,0.5632806420326233,0.0020567383617162704,0.5805518627166748,0.017790134996175766,0.5607370138168335,0.020002715289592743,0.5656072497367859,0.15190142393112183,0.5253687500953674,0.15519404411315918,0.5233410596847534
4,3801088,0.2669196128845215,0.5647361278533936,-0.0028953556902706623,0.5824958086013794,0.023926246911287308,0.5621858835220337,0.022515974938869476,0.5668522119522095,0.15001606941223145,0.5246201157569885,0.15311256051063538,0.5233464241027832
4,3932160,0.2700638771057129,0.565348744392395,0.0013189989840611815,0.5816159844398499,0.020458128303289413,0.561931312084198,0.019779538735747337,0.5665603876113892,0.15221428871154785,0.5242628455162048,0.1559746265411377,0.523266613483429
4,4063232,0.2666582465171814,0.5658296346664429,0.0005342364311218262,0.5802907347679138,0.016734402626752853,0.5625951886177063,0.015334759838879108,0.5672950744628906,0.15226799249649048,0.5260134935379028,0.15464411675930023,0.5247963070869446
4,4194304,0.2664753794670105,0.5667107105255127,-0.0002221704926341772,0.5792003870010376,0.01665939763188362,0.5615028738975525,0.023092035204172134,0.5657597780227661,0.14789026975631714,0.5243620872497559,0.14783377945423126,0.52390056848526
4,4325376,0.26560282707214355,0.5673202872276306,-0.0017417031340301037,0.5762993693351746,0.024319235235452652,0.5608101487159729,0.021429922431707382,0.5651446580886841,0.14842012524604797,0.5254404544830322,0.14635401964187622,0.5262645483016968
4,4456448,0.26629239320755005,0.566432774066925,0.001603120006620884,0.5729113817214966,0.02131866291165352,0.5584982633590698,0.020383335649967194,0.5635755658149719,0.14397990703582764,0.5285900831222534,0.14560164511203766,0.5259986519813538
4,4587520,0.2675945460796356,0.5688461661338806,0.0001349125523120165,0.5724673271179199,0.022987835109233856,0.5584774017333984,0.0232866071164608,0.5642282962799072,0.1445503979921341,0.5282820463180542,0.14445729553699493,0.5277128219604492
4,4718592,0.2642561197280884,0.5706149339675903,0.002636862453073263,0.5745522379875183,0.019023463129997253,0.5586744546890259,0.021224893629550934,0.5657011270523071,0.14393235743045807,0.5260728001594543,0.14509163796901703,0.5277566909790039
4,4849664,0.2698898911476135,0.5675165057182312,0.0008505010046064854,0.5763914585113525,0.017174500972032547,0.5592138767242432,0.018260113894939423,0.5606639385223389,0.14867040514945984,0.525230348110199,0.1510031819343567,0.528216540813446
4,4980736,0.26640814542770386,0.5705633163452148,-2.6548514142632484e-05,0.578235924243927,0.025334762409329414,0.561194121837616,0.02567945048213005,0.5646929740905762,0.149907648563385,0.5263134837150574,0.15114982426166534,0.5295373797416687
4,5111808,0.26680442690849304,0.5703283548355103,-0.001059513771906495,0.577974259853363,0.029939020052552223,0.5609959363937378,0.030120614916086197,0.5639435052871704,0.14807891845703125,0.5278509855270386,0.15038494765758514,0.5294800400733948
4,5242880,0.26813608407974243,0.5673738718032837,0.0019961639773100615,0.5770711302757263,0.02540113776922226,0.5591970682144165,0.024862470105290413,0.5649053454399109,0.14965884387493134,0.5263556241989136,0.15122848749160767,0.5315568447113037
4,5373952,0.26831328868865967,0.5674828886985779,-0.001700039254501462,0.578346848487854,0.025123924016952515,0.560975968837738,0.025516195222735405,0.5625267624855042,0.15218991041183472,0.5254350900650024,0.1537996530532837,0.5297104716300964
4,5505024,0.26992613077163696,0.5638267993927002,-0.00046441087033599615,0.5773110389709473,0.027023334056138992,0.5592502355575562,0.028549611568450928,0.562758207321167,0.1518913060426712,0.5297694802284241,0.1528921276330948,0.528694748878479
4,5636096,0.26815223693847656,0.5637510418891907,-0.0013335136463865638,0.577124834060669,0.03103739582002163,0.5590125322341919,0.030365586280822754,0.559781551361084,0.15928377211093903,0.5289903879165649,0.16028445959091187,0.5267353057861328
4,5767168,0.27048155665397644,0.5614185929298401,0.0006758621893823147,0.5771981477737427,0.030585721135139465,0.5613616704940796,0.033392272889614105,0.5586735010147095,0.15117588639259338,0.5282213091850281,0.15655680000782013,0.5259206295013428
4,5898240,0.26724594831466675,0.564755916595459,-0.001485841698013246,0.5730915069580078,0.02947702817618847,0.5635389685630798,0.032556336373090744,0.5575361847877502,0.15501543879508972,0.5271351337432861,0.1526486873626709,0.5251169204711914
4,6029312,0.27187374234199524,0.5633363127708435,-0.00048399996012449265,0.5708522200584412,0.030652381479740143,0.563575029373169,0.034273386001586914,0.5608670711517334,0.14519530534744263,0.5265145897865295,0.14884647727012634,0.5255306363105774
4,6160384,0.27018213272094727,0.5620669722557068,0.0021261926740407944,0.5743588805198669,0.03351351618766785,0.5632500052452087,0.034188710153102875,0.5597187876701355,0.14846371114253998,0.5288362503051758,0.14852437376976013,0.5274282097816467
4,6291456,0.26968085765838623,0.5619357228279114,0.0006556983571499586,0.5738002061843872,0.041544198989868164,0.56292724609375,0.041681475937366486,0.5608871579170227,0.14560046792030334,0.5297555327415466,0.1480506956577301,0.5250416994094849
