collected_frames,rew/potential_shaping,rew/step_penalty,rew/joint_vel_variance,rew/roll,rew/roll_rate,rew/pitch,rew/pitch_rate,rew/terminal_bonus,rew/total_reward
16384,1.6296066278591752,-0.620943244525492,-0.3058951091952622,-0.007817091542193566,-0.1276329746178817,-0.013729525450372648,-0.08188549008627888,-0.00411332119256258,0.46758984960615635
32768,1.1369381635449827,-0.620943244525492,-0.30586943379603326,-0.01359084299474489,-0.1104470154386945,-0.01861932227620855,-0.07593427374376915,-0.008136565564200282,-0.01660253808950074
49152,1.1731654796749353,-0.620943244525492,-0.30653962679207325,-0.013188239761802834,-0.10171545873163268,-0.01659717432630714,-0.07027550405473448,-0.0023456336930394173,0.04156059351225849
65536,1.1517592836171389,-0.620943244525492,-0.303637606324628,-0.010683503343898337,-0.09683847008273005,-0.014271301683038473,-0.06907907119602896,-0.004357255878858268,0.03194882687239442
81920,1.2591667380183935,-0.620943244525492,-0.303468412021175,-0.009573039103997871,-0.09926890165661462,-0.012377351573377382,-0.06692488031694666,0.0007843956118449569,0.14739528916106792
98304,1.263897211290896,-0.620943244525492,-0.30548747698776424,-0.010111840638273861,-0.11495895829284564,-0.015105934951861855,-0.07402663349057548,-0.0044923711102455854,0.11877073888899758
114688,1.4831672105938196,-0.620943244525492,-0.305373314069584,-0.006437303410166351,-0.10325291828485206,-0.015461361170309829,-0.07720629943651147,-0.0008932150667533278,0.35359952662838623
131072,1.122595738619566,-0.620943244525492,-0.30333002214320004,-0.01040060037485091,-0.10317600390408188,-0.01652113802265376,-0.07397532009053975,-0.0018314685439690948,-0.00758207240869524
147456,1.2388891261070967,-0.620943244525492,-0.3055941464845091,-0.011200903863937128,-0.10813854541629553,-0.015599052880133968,-0.07538695516996086,0.0008294340223073959,0.10285569974803366
163840,1.2014339547604322,-0.620943244525492,-0.30654519563540816,-0.011521528962475713,-0.09961914818268269,-0.01506915064965142,-0.06761145088239573,-0.0001988962758332491,0.07992534287041053
180224,1.2839746633544564,-0.620943244525492,-0.30455653578974307,-0.010258858066663379,-0.09326134269940667,-0.013031464310188312,-0.06741896842140704,0.002886094618588686,0.17739033019461203
196608,1.4439691146835685,-0.620943244525492,-0.30699766031466424,-0.008259181271569105,-0.10527997865574434,-0.01497246974031441,-0.07584594361833297,-0.000983291887678206,0.310687332006637
212992,1.173380914144218,-0.620943244525492,-0.3069044202566147,-0.010852153354790062,-0.11186419636942446,-0.016722834152460564,-0.07360574285848998,-0.0065039932960644364,0.025984316700487398
229376,1.2524544121697545,-0.620943244525492,-0.3048791333567351,-0.010473753260157537,-0.09714109334163368,-0.015727382386103272,-0.0725621480087284,0.0014336759923025966,0.13216132593515795
245760,1.2130844797939062,-0.620943244525492,-0.3047753544524312,-0.011804575362475589,-0.09490014432230964,-0.013863793872587848,-0.06671022565569729,-0.00491645943839103,0.09517067404522095
262144,1.2468868801370263,-0.620943244525492,-0.3058284956496209,-0.009750504988915054,-0.10055706388084218,-0.014331081823911518,-0.06948269350687042,0.0013435991713777184,0.1273373882540909
278528,1.4374325759708881,-0.620943244525492,-0.30552666960284114,-0.007767888437228976,-0.10926912471768446,-0.013343655427888734,-0.07083596868324094,-0.0008932150667533278,0.308852783346083
294912,1.2222795635461807,-0.620943244525492,-0.30550154484808445,-0.00975561594532337,-0.1076616485370323,-0.014447897796344478,-0.06955457254662178,0.0034903365885838866,0.09790537130902521
311296,1.2241646638140082,-0.620943244525492,-0.3065789823886007,-0.010281907801982015,-0.09817823680350557,-0.014292362793639768,-0.06776374176843092,-0.0028147604316473007,0.1033114150268375
327680,1.2047052308917046,-0.620943244525492,-0.30501734954304993,-0.011267813919403125,-0.09683117939857766,-0.015510542092670221,-0.06771382168517448,0.002886094618588686,0.09030736541899387
344064,1.2858249992132187,-0.620943244525492,-0.3067548503167927,-0.010092495573189808,-0.09901923208963126,-0.01408678144798614,-0.07095803914126009,0.003625451819971204,0.16759580210054992
360448,1.4143435740843415,-0.620943244525492,-0.30550916655920446,-0.007832167582819238,-0.1136367904546205,-0.013003229250898585,-0.0748946607200196,0.0007393572013825178,0.2792636543599656
376832,1.1986671397462487,-0.620943244525492,-0.3044043001718819,-0.008558168046874925,-0.10799318976933137,-0.016073387931101024,-0.0746668087085709,-1.874263398349285e-05,0.06600928977968579
393216,1.256109433248639,-0.620943244525492,-0.3043585908599198,-0.00907627480046358,-0.09642714739311486,-0.014349056138598826,-0.07133529434213415,-0.00015385786537081003,0.13946595817105845
409600,1.2639898555353284,-0.620943244525492,-0.3049370178487152,-0.009556050827086437,-0.09420070803025737,-0.014197570373653434,-0.06600491376593709,-0.0002889730967581272,0.1538613703160081
425984,1.2624992309138179,-0.620943244525492,-0.3059339022729546,-0.008553662435588194,-0.09531861689174548,-0.01435600031982176,-0.06361209572060034,0.0023719294695183635,0.15615362988319248
442368,1.4089286960661411,-0.620943244525492,-0.3091481467708945,-0.0063738457811268745,-0.0936938826343976,-0.012688687435002066,-0.06629010377218947,-0.0013623418053612113,0.2984284380218014
458752,1.2452353909611702,-0.620943244525492,-0.3058850853703916,-0.008250561855675187,-0.09789795376127586,-0.014051451922568958,-0.06600103271193802,0.0023719294695183635,0.13457797706359997
475136,1.269161337055266,-0.620943244525492,-0.30476528289727867,-0.009127567394898506,-0.09648075385484844,-0.014661276261904277,-0.06447348603978753,-0.001182188163511455,0.15752752605476417
491520,1.2277314867824316,-0.620943244525492,-0.3037668946199119,-0.009198949963320047,-0.10057369800051674,-0.014668874238850549,-0.06806696834973991,-0.00024393468629568815,0.11026890745415585
507904,1.2636906476691365,-0.620943244525492,-0.3057092276867479,-0.00908509350483655,-0.09517643513390794,-0.014657096806331538,-0.06553893876844086,0.006575327483005822,0.15915593023237307
524288,1.3982602804899216,-0.620943244525492,-0.3043320218566805,-0.007189581605416606,-0.09998804033966735,-0.011932982670259662,-0.06346647159080021,0.006530289072543383,0.29693822376430035
540672,1.3040091581642628,-0.620943244525492,-0.30449098674580455,-0.009436628737603314,-0.10115542181301862,-0.012322778304223903,-0.06734963553026319,0.009416383691132069,0.19772683311020955
557056,1.2965471930801868,-0.620943244525492,-0.30527613149024546,-0.008559740737837274,-0.09546421241248026,-0.012115029188862536,-0.06690569329657592,-0.0018314685439690948,0.185451658006059
573440,1.208279537037015,-0.620943244525492,-0.30598372453823686,-0.008670402588904835,-0.09479198936605826,-0.012904116774734575,-0.06503506933222525,-0.0034640408121049404,0.0964869439631002
589824,1.2433215966448188,-0.620943244525492,-0.30390499951317906,-0.009069764473679243,-0.09106239926768467,-0.011294260591967031,-0.0630533624207601,0.004563705297186971,0.1485572679375764
606208,1.4321571113541722,-0.620943244525492,-0.3049940364435315,-0.007259978516231058,-0.10166535491589457,-0.013885645275877323,-0.07148760632844642,-0.002994914073497057,0.3089263278816361
622592,1.2682215804234147,-0.620943244525492,-0.30559769948013127,-0.008518034956068732,-0.09892520366702229,-0.012896402578917332,-0.06625460940995254,0.0066654043039307,0.1617517817649059
638976,1.2491102097555995,-0.620943244525492,-0.3048703679814935,-0.008626048831501976,-0.09011980699142441,-0.01315108491689898,-0.06559742975514382,0.0025070447009056807,0.14830926226568408
655360,1.2668443769216537,-0.620943244525492,-0.30488173686899245,-0.007916434376966208,-0.08593439095420763,-0.013713295542402193,-0.06914393484476022,0.0024620062904432416,0.16677332857216243
671744,1.2709485795348883,-0.620943244525492,-0.30539122712798417,-0.007096521538187517,-0.09376621778937988,-0.01306508136622142,-0.0641583509859629,0.002976171439513564,0.1695040942140622
688128,1.388941466808319,-0.620943244525492,-0.3072916381061077,-0.007161013018048834,-0.10302110729389824,-0.0113566485561023,-0.07239408799796365,-0.005006536259315908,0.26176718962960877
704512,1.2993450099602342,-0.620943244525492,-0.3067864414770156,-0.008191441782400943,-0.10473273845855147,-0.012751439091516659,-0.06981942741549574,0.00460874370764941,0.18072898645186797
720896,1.2528357086703181,-0.620943244525492,-0.3069342833478004,-0.00895592810047674,-0.09576211858075112,-0.0126015901696519,-0.06779873897903599,-0.00015385786537081003,0.13968593327444978
737280,1.1780665013939142,-0.620943244525492,-0.3046212869230658,-0.009254859625798417,-0.08894207840785384,-0.013659971227752976,-0.06601795824826695,0.004563705297186971,0.07919080056308303
753664,1.2056525964289904,-0.620943244525492,-0.3074483769014478,-0.0071073249164328445,-0.08867664646822959,-0.013161045644665137,-0.061621929140528664,0.0023719294695183635,0.10906593935578712
770048,1.4314543437212706,-0.620943244525492,-0.3044419491197914,-0.005617295244519482,-0.09639849566156045,-0.012579683669173392,-0.06946429956587963,0.008207899751141667,0.3302172544063069
786432,1.2872885232791305,-0.620943244525492,-0.3058889664243907,-0.0060092006060585845,-0.09057005593786016,-0.012584518110088538,-0.06772508198628202,-0.00491645943839103,0.17865099315531552
802816,1.2316109724342823,-0.620943244525492,-0.30357916303910315,-0.008765669364947826,-0.09963226917898282,-0.012203685655549634,-0.06713029227103107,0.0066654043039307,0.12602203424467007
819200,1.1973868543282151,-0.620943244525492,-0.3048661579377949,-0.009153757284366293,-0.10574385797372088,-0.01276206158217974,-0.07155033946037292,0.002037917962297797,0.07440535078785615
835584,1.2304927790537477,-0.620943244525492,-0.3033493326511234,-0.007920691004983382,-0.1012130223098211,-0.013562410313170403,-0.06470985503983684,0.0014336759923025966,0.12022790023183916
851968,1.414720419794321,-0.620943244525492,-0.3018347779288888,-0.005856266265254817,-0.09277884472976439,-0.011407907019020058,-0.06575114955194294,0.005546997184865177,0.32169521611649543
868352,1.2809099443256855,-0.620943244525492,-0.3045691647566855,-0.007058759969368111,-0.09740502160275355,-0.012512633002188522,-0.06482364449766465,0.005122908856719732,0.1787203793064691
884736,1.287017143331468,-0.620943244525492,-0.30513901729136705,-0.006356242207402829,-0.09186146588763222,-0.013458068809995893,-0.0673078550316859,0.0014787144027650356,0.18342995480634272
901120,1.2354020001366735,-0.620943244525492,-0.30631463462486863,-0.0071188866277225316,-0.09570172650273889,-0.013946205421234481,-0.06651232848525979,0.005592035595327616,0.1304569980566157
917504,1.2686221161857247,-0.620943244525492,-0.30417820112779737,-0.0075651150473277085,-0.09521566587500274,-0.012383089851937257,-0.06559581303736195,0.0035353749990463257,0.16627634824544657
933888,1.3614465910941362,-0.620943244525492,-0.30489022051915526,-0.00510164597108087,-0.09075847387430258,-0.012364871159661561,-0.06733863009139895,0.005546997184865177,0.26559649856062606
950272,1.265245876275003,-0.620943244525492,-0.3034937472548336,-0.007833944113372127,-0.09970756148686633,-0.012015900123515166,-0.0655744934338145,0.0035353749990463257,0.15921234129200457
966656,1.24757313542068,-0.620943244525492,-0.30375130800530314,-0.007766279366478557,-0.09112838917644694,-0.0129441799945198,-0.06546841989620589,0.00190280273091048,0.14747411414282396
983040,1.22730662394315,-0.620943244525492,-0.30608599446713924,-0.0076504161188495345,-0.0938614578335546,-0.013501348017598502,-0.06687885642168112,-0.0008481766562908888,0.1175371200661175
999424,1.2639216417446733,-0.620943244525492,-0.3054161802865565,-0.00813762319739908,-0.10154324467293918,-0.012058750420692377,-0.06690999417332932,0.006106200744397938,0.15501879430667032
1015808,1.4326721299439669,-0.620943244525492,-0.3039484666660428,-0.00418969468864816,-0.09555179605376907,-0.012518118746811524,-0.069052510894835,0.004897716804407537,0.3313660117564723
1032192,1.2998059876263142,-0.620943244525492,-0.30439927987754345,-0.005556580792472232,-0.09742789482697845,-0.010943502245936543,-0.06739789876155555,0.0031112866709008813,0.19624886062229052
1048576,1.2763700261712074,-0.620943244525492,-0.3067710711620748,-0.007500135849113576,-0.09635940991574898,-0.010291562357451767,-0.06735739769646898,0.005592035595327616,0.17273922378080897
1064960,1.2051730118691921,-0.620943244525492,-0.30785717302933335,-0.008906163937353995,-0.10228746966458857,-0.011788273724960163,-0.0665434540132992,0.0024169678799808025,0.08926419292401988
1081344,1.2452916176989675,-0.620943244525492,-0.30474911839701235,-0.007816930603439687,-0.10051947773899883,-0.012146059598308057,-0.06509678819566034,0.0073146846843883395,0.141334677755367
1097728,1.439082758501172,-0.620943244525492,-0.30375971714966,-0.005540125878724211,-0.10408905131043866,-0.010931819088000339,-0.0696195162308868,0.00601612392347306,0.3302154002012685
1114112,1.2495297454297543,-0.620943244525492,-0.3046564110554755,-0.006273025210248306,-0.09629871783545241,-0.01057758930255659,-0.06800174395903014,-1.874263398349285e-05,0.14276027445157524
1130496,1.2956828251481056,-0.620943244525492,-0.30217107106000185,-0.0066055747447535396,-0.08914228150388226,-0.011487980285892263,-0.0677306090365164,0.005077870446257293,0.20267992990557104
1146880,1.1726616648957133,-0.620943244525492,-0.30591914569959044,-0.008412801169470185,-0.08715992214274593,-0.012835054811148439,-0.06203091031056829,0.0023719294695183635,0.07773250931495568
1163264,1.2682183822616935,-0.620943244525492,-0.3032338162884116,-0.007768492912873626,-0.08803614956559613,-0.010654965393769089,-0.05961431146715768,0.0035353749990463257,0.18150277630775236
1179648,1.3595943860709667,-0.620943244525492,-0.30537916836328804,-0.0050803680151148,-0.09569210017798468,-0.012183198661659844,-0.07208212485420518,0.007179569453001022,0.2554137365950737
1196032,1.3432452259585261,-0.620943244525492,-0.30481568281538785,-0.006391206439730013,-0.09878565283725038,-0.011460828616691288,-0.06771263308473863,0.008388053392991424,0.24152402466279455
1212416,1.2684185318648815,-0.620943244525492,-0.30340129463002086,-0.007091887717251666,-0.10112893779296428,-0.012427235662471503,-0.07218675009789877,0.008902218542061746,0.16014138590253424
1228800,1.2012444157153368,-0.620943244525492,-0.3043493127916008,-0.006946959121705731,-0.09272143780253828,-0.012047108306433074,-0.06548010720871389,0.004563705297186971,0.10331993768340908
1245184,1.1930066356435418,-0.620943244525492,-0.30605934117920697,-0.0075717965337389614,-0.08882852212991565,-0.011255662961048074,-0.062367351521970704,0.00190280273091048,0.09788351127645001
1261568,1.4375834399834275,-0.620943244525492,-0.30507101817056537,-0.00534739719114441,-0.097318786138203,-0.010896083662373712,-0.06832589057739824,0.0017676874995231628,0.3314487102907151
1277952,1.1869239984080195,-0.620943244525492,-0.30387089028954506,-0.008272050563391531,-0.10593962308485061,-0.012579649788676761,-0.07000070626963861,0.001947841141372919,0.06726565500139259
1294336,1.3218569178134203,-0.620943244525492,-0.30540527449920774,-0.006701014339341782,-0.10699772363295779,-0.01201835399842821,-0.07160793387447484,-0.0017864301335066557,0.19639693514909595
1310720,1.2340828841552138,-0.620943244525492,-0.3055958489421755,-0.006174138132337248,-0.09844510559923947,-0.012035657608066685,-0.06744585855631158,0.013664820115081966,0.13710784901923034
1327104,1.294302455149591,-0.620943244525492,-0.303854385856539,-0.007107610956154531,-0.0982275796122849,-0.010367310642322991,-0.06330787064507604,0.005032832035794854,0.19552728295093402
1343488,1.4573072027415037,-0.620943244525492,-0.3040562861133367,-0.006260320307774236,-0.10532351324218325,-0.011448850036686053,-0.07056287111481652,0.0017676874995231628,0.3404797936673276
1359872,1.2703369399532676,-0.620943244525492,-0.30497391358949244,-0.008989434551040176,-0.11097366840112954,-0.011794128899055067,-0.07084874928114004,-0.0006680230144411325,0.1411457718204474
1376256,1.2519246274605393,-0.620943244525492,-0.3034180507529527,-0.006433685735828476,-0.09967104817042127,-0.01144760303577641,-0.06564980818075128,0.003625451819971204,0.14798663486726582
1392640,1.2158618997782469,-0.620943244525492,-0.30344079970382154,-0.006712215068546357,-0.09459180512931198,-0.01231459149857983,-0.0633933623903431,-0.00024393468629568815,0.11422193796897773
1409024,1.2759782737120986,-0.620943244525492,-0.30472146021202207,-0.00690793463945738,-0.10157380695454776,-0.01055826755327871,-0.06564113544300199,0.008297976455651224,0.17393040741444565
1425408,1.4771095616742969,-0.620943244525492,-0.3044703279156238,-0.006405210890079616,-0.12016637489432469,-0.01090217423188733,-0.07311106417910196,0.002976171439513564,0.3440873301587999
1441792,1.3236865270882845,-0.620943244525492,-0.30426737340167165,-0.00739749275817303,-0.1090084370225668,-0.01030002781044459,-0.07224199851043522,0.00586226605810225,0.2053902076149825
1458176,1.2434843583032489,-0.620943244525492,-0.30312904389575124,-0.0074837176653090864,-0.09935118583962321,-0.01218813319428591,-0.0720008464413695,0.0034002597676590085,0.13178843901550863
1474560,1.256642920896411,-0.620943244525492,-0.30908087408170104,-0.008253862451965688,-0.10756360332015902,-0.011389173108909745,-0.07009753200691193,-0.002300595282576978,0.127014020254137
1490944,1.3082732856273651,-0.620943244525492,-0.30412697535939515,-0.007687073051783955,-0.09897768090013415,-0.010091653050039895,-0.06517980486387387,0.0025971215218305588,0.20386396380490623
1507328,1.4595643496140838,-0.620943244525492,-0.30600710841827095,-0.005308814477757551,-0.10525548874284141,-0.0106961719757237,-0.07015499644330703,0.009236230049282312,0.35043474374106154
1523712,1.2410903396084905,-0.620943244525492,-0.30556183215230703,-0.007365090048551792,-0.10670024895807728,-0.01203142632584786,-0.07224533497355878,0.006755481124855578,0.1229986306061619
1540096,1.2773751076310873,-0.620943244525492,-0.30552068655379117,-0.007244616179377772,-0.11149147141259164,-0.010114907461684197,-0.06840444367844611,0.004139616969041526,0.1577953461674042
1556480,1.279353496618569,-0.620943244525492,-0.30303954775445163,-0.0073986470051750075,-0.1075417164247483,-0.00974028353812173,-0.06773809413425624,0.0014787144027650356,0.16443066866486333
1572864,1.3296780660748482,-0.620943244525492,-0.30450861947610974,-0.0072433026871294715,-0.0961383463582024,-0.009938319220964331,-0.06465289072366431,-0.0033289255807176232,0.22292441231547855
1589248,1.4540970902889967,-0.620943244525492,-0.30210790364071727,-0.004646923154723481,-0.10085225038346834,-0.011070383141486673,-0.07050412931130268,0.00601612392347306,0.3499883693875745
1605632,1.2469747103750706,-0.620943244525492,-0.30557922506704926,-0.005246977314527612,-0.09153361927019432,-0.01185493547382066,-0.06582679081475362,0.0034903365885838866,0.14948024410114158
1622016,1.2786954259499907,-0.620943244525492,-0.30458010151050985,-0.006014829748892225,-0.09576420282246545,-0.01129839839268243,-0.0636909454187844,0.0066654043039307,0.18306909379316494
1638400,1.264438402839005,-0.620943244525492,-0.30642440635710955,-0.006034597499819938,-0.08667112086550333,-0.00999980231426889,-0.06215004625846632,0.0009195108432322741,0.1731346940068761
1654784,1.3034205231815577,-0.620943244525492,-0.30638481420464814,-0.004869881153354072,-0.08464818782522343,-0.009455190862354357,-0.05872558607370593,0.007179569453001022,0.22557318546751048
1671168,1.4268735749647021,-0.620943244525492,-0.30666099209338427,-0.005039113542807172,-0.09604686431703158,-0.010066094386274926,-0.06713711560587399,0.009795433608815074,0.33077557414071634
1687552,1.2823515180498362,-0.620943244525492,-0.30688992561772466,-0.005761287880886812,-0.09880219533806667,-0.011129271362733562,-0.06359528741450049,0.009840472019277513,0.18507077399408445
1703936,1.2686782954260707,-0.620943244525492,-0.3042847700417042,-0.006595754875888815,-0.10179711732780561,-0.011342564794176724,-0.0644756933033932,0.004094578558579087,0.16333371665677987
1720320,1.242933222092688,-0.620943244525492,-0.30686479550786316,-0.005603450266789878,-0.0874681159039028,-0.010781962067994755,-0.059441667690407485,0.008207899751141667,0.1600378773873672
1736704,1.2577198036015034,-0.620943244525492,-0.30478268139995635,-0.005130775702127721,-0.08835965592879802,-0.011025111438357271,-0.06084928411291912,0.0013435991713777184,0.16797264041088056
1753088,1.391468639485538,-0.620943244525492,-0.30539541761390865,-0.004741277878565597,-0.10007575279450975,-0.010898227839788888,-0.06717347135418095,0.0033101829467341304,0.28555141942342743
1769472,1.246237832121551,-0.620943244525492,-0.30106704751960933,-0.005814581592858303,-0.09329773450735956,-0.010446125124872196,-0.060527394991368055,0.010534790810197592,0.16467649061814882
1785856,1.2223319532349706,-0.620943244525492,-0.3043404135387391,-0.006979743582633091,-0.09787460439838469,-0.010539251517911907,-0.06567497557261959,0.004473628476262093,0.12045334179128986
1802240,1.2492027105763555,-0.620943244525492,-0.3069268362596631,-0.007844603271223605,-0.10770756175043061,-0.011516127960931044,-0.06902794996858574,0.003625451819971204,0.12886182639340404
1818624,1.280544925481081,-0.620943244525492,-0.3064114721491933,-0.005694591993233189,-0.10351268033264205,-0.011591499773203395,-0.06793011547415517,0.004094578558579087,0.16855589501938084
1835008,1.4568286575376987,-0.620943244525492,-0.30401517846621573,-0.004957190750246809,-0.10286221149726771,-0.010922794379439438,-0.07041274828952737,0.0034002597676590085,0.34611553250579163
1851392,1.3016605079174042,-0.620943244525492,-0.3071357843000442,-0.008230330437072553,-0.11079599527874961,-0.01146679300290998,-0.0675015518500004,0.006800519535318017,0.18238732249301393
1867776,1.2905917894095182,-0.620943244525492,-0.3032077008392662,-0.0077796929035685025,-0.09992516925558448,-0.010134044918231666,-0.06251106175477616,0.002976171439513564,0.1890670390566811
1884160,1.254139025695622,-0.620943244525492,-0.3039980607572943,-0.00831581616148469,-0.10268799605546519,-0.011427655852457974,-0.06568165836506523,0.004094578558579087,0.1451791610015789
1900544,1.1994483470916748,-0.620943244525492,-0.301256149308756,-0.007723826071014628,-0.10212785383919254,-0.012796877897926606,-0.06433543772436678,0.0013435991713777184,0.0916085381686571
1916928,1.3716008216142654,-0.620943244525492,-0.3051991327665746,-0.005389088174524659,-0.11012611605110578,-0.01317800684046233,-0.06870394706493244,0.011337929056026042,0.2593991977046244
1933312,1.3513610921800137,-0.620943244525492,-0.30538100795820355,-0.006868401207611896,-0.12089596397709101,-0.012171931761258747,-0.07366788457147777,0.004788897349499166,0.21622154471697286
1949696,1.3228103118017316,-0.620943244525492,-0.30027284228708595,-0.0065766164516389836,-0.0992932795197703,-0.013285427266964689,-0.06973836099496111,0.011473044287413359,0.22417357354424894
1966080,1.2807725984603167,-0.620943244525492,-0.30249677202664316,-0.006620862874115119,-0.09881651273462921,-0.01190497080096975,-0.06381203231285326,0.001812725909985602,0.17799092644418124
1982464,1.237028687261045,-0.620943244525492,-0.30568525311537087,-0.006498884646134684,-0.09767831378849223,-0.011497110572236124,-0.06273050355957821,0.000874472432769835,0.13286984454316553
1998848,1.335366740822792,-0.620943244525492,-0.30348697770386934,-0.004476457878809015,-0.09404312158585526,-0.01169370295247063,-0.06477274405187927,0.005501958774402738,0.2414524499909021
2015232,1.3524066573008895,-0.620943244525492,-0.3049079580232501,-0.0060294333488855045,-0.10252350196242332,-0.012177047479781322,-0.06978914473438635,0.008297976572066545,0.2443342988844961
2031616,1.2718730429187417,-0.620943244525492,-0.30373537982814014,-0.007087440251780208,-0.1063850512728095,-0.01082971817231737,-0.0715597601083573,0.0052580240881070495,0.15659046318614855
2048000,1.2508758204057813,-0.620943244525492,-0.3048445857129991,-0.006682368832116481,-0.09778066864237189,-0.010819254952366464,-0.06632283405633643,0.007738773012533784,0.1512216363189509
2064384,1.2767056142911315,-0.620943244525492,-0.3075594885740429,-0.0072741827461868525,-0.10019193647895008,-0.010261041548801586,-0.06620309967547655,0.0063313927967101336,0.17060400723130442
2080768,1.3743810253217816,-0.620943244525492,-0.3041034776251763,-0.004971243990439689,-0.09653089227504097,-0.010446689171658363,-0.06548693461809307,-0.00033401150722056627,0.27156453439965844
2097152,1.345368447713554,-0.620943244525492,-0.30236251885071397,-0.006281386937189382,-0.10141576966270804,-0.010278173765982501,-0.06662838946795091,0.005772189237177372,0.24323114898288622
2113536,1.3087732000276446,-0.620943244525492,-0.3026971248909831,-0.007101279556081863,-0.09865036443807185,-0.011379255025531165,-0.06893480443977751,0.004563705297186971,0.20363082026597112
2129920,1.2413182742893696,-0.620943244525492,-0.30458788690157235,-0.007135025367460912,-0.10412336594890803,-0.011347858373483177,-0.06455023295711726,0.00997558725066483,0.13860623282380402
2146304,1.3060319358482957,-0.620943244525492,-0.30359087930992246,-0.006842460978077725,-0.10352557915030047,-0.011024437015294097,-0.06851583169191144,-0.0007130614249035716,0.19087643770035356
2162688,1.4541730601340532,-0.620943244525492,-0.30418456555344164,-0.005975058775220532,-0.10554727370617911,-0.009069405277841724,-0.06499841355253011,0.0034002597676590085,0.3468553493148647
2179072,1.3063598163425922,-0.620943244525492,-0.3033511049579829,-0.006802083800721448,-0.10154760407749563,-0.010552294494118541,-0.0646626254892908,0.007783811306580901,0.20628466753987595
2195456,1.254639538936317,-0.620943244525492,-0.3039855337701738,-0.00647660753747914,-0.0976080188411288,-0.011275455632130615,-0.063768057822017,0.013060578145086765,0.16364318580599502
2211840,1.2535802340134978,-0.620943244525492,-0.3052243394777179,-0.005563841223192867,-0.08826351739116944,-0.011167290474986658,-0.06175722903572023,0.010399675578810275,0.17106044250249397
2228224,1.2706705098971725,-0.620943244525492,-0.3023337391205132,-0.0049519689764565555,-0.08563493573456071,-0.011340085948177148,-0.06376317865215242,0.005546997184865177,0.18725034466478974
2244608,1.4346970515325665,-0.620943244525492,-0.3055714527145028,-0.006196637465109234,-0.1021890894335229,-0.010510099993553013,-0.06750289382762276,0.009236230049282312,0.3310198455292266
2260992,1.2932787733152509,-0.620943244525492,-0.3037876090966165,-0.00788025257861591,-0.10907592275179923,-0.011723694595275447,-0.07021932036150247,0.0015237528132274747,0.17117246706038713
2277376,1.24601140152663,-0.620943244525492,-0.3032428117003292,-0.007120233531168196,-0.09946624771691859,-0.010668248010915704,-0.06603350426303223,0.010444713989272714,0.1489818064874271
2293760,1.297290620394051,-0.620943244525492,-0.303850736701861,-0.005744540412706556,-0.08758370866416954,-0.010125173517735675,-0.062021019257372245,0.0004503841046243906,0.20747256837785244
2310144,1.3365361643955112,-0.620943244525492,-0.30359798995777965,-0.005291314233545563,-0.09603780746692792,-0.011334236878610682,-0.06558432435849681,0.002976171439513564,0.23672340213670395
2326528,1.4728236179798841,-0.620943244525492,-0.3063015730585903,-0.004089502972419723,-0.1015715217217803,-0.01141745709173847,-0.0765390133310575,0.002796017797663808,0.3547572991519701
2342912,1.3071022694930434,-0.620943244525492,-0.3056617947295308,-0.005628905499179382,-0.10092910006642342,-0.011181833659065887,-0.06984846998238936,0.011608159518800676,0.20451706918538548
2359296,1.3131498899310827,-0.620943244525492,-0.30386094097048044,-0.005511719715286745,-0.10178693075431511,-0.01034457903006114,-0.07084037340246141,0.007873888243921101,0.20773598464438692
2375680,1.1668714424595237,-0.620943244525492,-0.3035523728467524,-0.005876324532437138,-0.09371133032254875,-0.011794940422987565,-0.06551633021445014,0.006241315975785255,0.07171821341034956
2392064,1.2653720630332828,-0.620943244525492,-0.305148808285594,-0.006460917338699801,-0.0961358094937168,-0.010755306568171363,-0.06479011700139381,-0.0033739639911800623,0.15776388989615953
2408448,1.389566583558917,-0.620943244525492,-0.30376072879880667,-0.004891843551376951,-0.1010602694877889,-0.010723917850555154,-0.06841120604076423,0.007648696191608906,0.2874240581295453
2424832,1.2234866404905915,-0.620943244525492,-0.3040543748065829,-0.005870499539014418,-0.1032486105686985,-0.011139546862978023,-0.06647030712338164,0.008767103310674429,0.12052715587196872
2441216,1.2538216961547732,-0.620943244525492,-0.3035925936419517,-0.00685563722072402,-0.10395109897945076,-0.010036070198111702,-0.06601890569436364,0.0072696462739259005,0.1496937737101689
2457600,1.2597681526094675,-0.620943244525492,-0.3028219132684171,-0.0067000904673477635,-0.09957431664224714,-0.009712703380500898,-0.06718725425889716,0.010399675578810275,0.16322830080753192
2473984,1.2082180818542838,-0.620943244525492,-0.3060717135667801,-0.00557652370116557,-0.10102449846453965,-0.010557506619079504,-0.06832274908083491,0.015162277151830494,0.11088411811215337
2490368,1.4498098585754633,-0.620943244525492,-0.3039127658121288,-0.004509609781962354,-0.10190300428075716,-0.010437746106617851,-0.06865059930714779,0.007513580960221589,0.34696645752410404
2506752,1.252413660287857,-0.620943244525492,-0.30454346584156156,-0.006658933671133127,-0.10403931501787156,-0.010829355451278389,-0.06932419768418185,0.008478130213916302,0.14455326956522185
2523136,1.316067353822291,-0.620943244525492,-0.3024951587431133,-0.006526551893330179,-0.10581966093741357,-0.010370361058448907,-0.06755200403858908,0.008812141721136868,0.21117250923998654
2539520,1.2362086726352572,-0.620943244525492,-0.3029100871644914,-0.006171119872306008,-0.10574611043557525,-0.011620883269642945,-0.06847671492141671,0.00937134528066963,0.1297118482325459
2555904,1.2747811824083328,-0.620943244525492,-0.3043977189809084,-0.005896792968997033,-0.09592814755160362,-0.011654769477900118,-0.0636912239715457,0.0002251920523121953,0.17249446765345056
2572288,1.3731962656602263,-0.620943244525492,-0.3026494567748159,-0.004492900221521268,-0.10888591318507679,-0.011423300697060768,-0.06854215697967447,0.010868802317418158,0.2671280801296234
2588672,1.2853657910600305,-0.620943244525492,-0.3021359376143664,-0.00632862090060371,-0.10441659420030192,-0.011558632861124352,-0.0678383918129839,0.008947256952524185,0.18109161884058267
2605056,1.2692535473033786,-0.620943244525492,-0.30479073361493647,-0.005510566548764473,-0.10585183399962261,-0.011737376822566148,-0.06837420104420744,0.011093994369730353,0.16313957964302972
2621440,1.2895007645711303,-0.620943244525492,-0.30433655180968344,-0.0056206633198598865,-0.10063123842701316,-0.010974232769513037,-0.0648552956408821,0.008857180131599307,0.1909967190003954
2637824,1.3018496744334698,-0.620943244525492,-0.3033291243482381,-0.005277644635498291,-0.09959394513862208,-0.010001729773648549,-0.06509259826270863,0.0024169678799808025,0.20002834268962033
2654208,1.3434529909864068,-0.620943244525492,-0.3041183587629348,-0.005230089143879013,-0.09853123454377055,-0.01089234092796687,-0.06673981199855916,0.00872206490021199,0.24571996775921434
2670592,1.3197059985250235,-0.620943244525492,-0.30784653779119253,-0.005666984048730228,-0.10165218648035079,-0.01097671253955923,-0.06708009174326435,0.006196277565322816,0.21173651167191565
2686976,1.312559524551034,-0.620943244525492,-0.30485496623441577,-0.005596899274678435,-0.09910976170795038,-0.011691424442688003,-0.0681518052588217,0.009416383691132069,0.21162778820144013
2703360,1.2874492034316063,-0.620943244525492,-0.30250150384381413,-0.005921428779402049,-0.09214458125643432,-0.011176017564139329,-0.06506754862493835,0.004049540148116648,0.19374441460240632
2719744,1.3731825836002827,-0.620943244525492,-0.30352812865749,-0.005140101200595382,-0.09910513542126864,-0.010134676973393653,-0.06670121822389774,0.0014787144027650356,0.2691087767598219
2736128,1.4397313594818115,-0.620943244525492,-0.3048143775667995,-0.004403665301651927,-0.09921742268488742,-0.010140192265680525,-0.0687538989004679,0.007648696191608906,0.33910724171437323
2752512,1.2691286904737353,-0.620943244525492,-0.30384635576047003,-0.005804811749840155,-0.1013673801207915,-0.010872857121285051,-0.06746927439235151,0.0009195108432322741,0.1597442711063195
2768896,1.296829767525196,-0.620943244525492,-0.3034721980802715,-0.005894159290619427,-0.10364249954000115,-0.011277388388407417,-0.06833791476674378,0.009885510429739952,0.1931478704791516
2785280,1.3116347277536988,-0.620943244525492,-0.303374373819679,-0.00567283288546605,-0.10337147844256833,-0.011076617025537416,-0.06827139062806964,0.0052580240881070495,0.2041828137880657
2801664,1.3006536327302456,-0.620943244525492,-0.3041314478032291,-0.006492969099781476,-0.11188905982999131,-0.011627824751485605,-0.07328993087867275,0.0052580240881070495,0.17753718129824847
2818048,1.4511066349223256,-0.620943244525492,-0.3027145608793944,-0.004798112142452737,-0.09762476020841859,-0.01014146847592201,-0.06800185402971692,0.007134531042538583,0.3540171573404223
2834432,1.3337364327162504,-0.620943244525492,-0.30391582497395575,-0.0054743808941566385,-0.0960975707275793,-0.011739728099200875,-0.06518975508515723,0.007738773012533784,0.23811469139764085
2850816,1.2823408748954535,-0.620943244525492,-0.3023372779134661,-0.005181450113013852,-0.08773951599141583,-0.010549500861088745,-0.05996058971504681,-0.0027246836107224226,0.1929046044824645
2867200,1.277346432209015,-0.620943244525492,-0.30476330150850117,-0.005989202094497159,-0.09302691463381052,-0.011730185899068601,-0.06511284268344752,0.005077870446257293,0.1808586044353433
2883584,1.2799746878445148,-0.620943244525492,-0.3034553066827357,-0.005901840944716241,-0.09639985708054155,-0.01171119294303935,-0.06739514393848367,0.007179569453001022,0.1813476644747425
2899968,1.3895722953602672,-0.620943244525492,-0.3022600165568292,-0.0052466913184616715,-0.09961674260557629,-0.011977617134107277,-0.06882978233625181,0.0034002597676590085,0.2840984552167356
2916352,1.3230110751464963,-0.620943244525492,-0.30492665874771774,-0.006858835615275893,-0.09631068748421967,-0.010495196431293152,-0.06518537414376624,0.003625451819971204,0.22191651293542236
2932736,1.2849625200033188,-0.620943244525492,-0.30217287107370794,-0.006069558254239382,-0.0984472751733847,-0.011080677533755079,-0.06990721548208967,0.010444713989272714,0.18678638272103854
2949120,1.1933085452765226,-0.620943244525492,-0.3053339454345405,-0.005370994218537817,-0.09511102456599474,-0.011595734053116757,-0.06539690485806204,0.0008294340223073959,0.09038612847507466
2965504,1.229561872780323,-0.620943244525492,-0.30229856027290225,-0.0061646945505344775,-0.10218524682568386,-0.011700286813720595,-0.06894362077582628,0.0014336759923025966,0.11875986839004327
2981888,1.4377898871898651,-0.620943244525492,-0.30282004503533244,-0.004645070723199751,-0.09927762357983738,-0.010846947454410838,-0.07047094681183808,0.004518666886724532,0.3333046753832605
2998272,1.3632099302485585,-0.620943244525492,-0.30405871104449034,-0.006355943438393297,-0.10459732863819227,-0.011030517613107804,-0.07159604743355885,0.005727150826714933,0.2503552779380698
3014656,1.252398912794888,-0.620943244525492,-0.30198134388774633,-0.007806457779224729,-0.10435754671925679,-0.01271651936986018,-0.06715061579598114,0.010958879138343036,0.1484020474163117
3031040,1.1286884732544422,-0.620943244525492,-0.30276136309839785,-0.008420428090175847,-0.10375419014599174,-0.011927346873562783,-0.06349863315699622,0.0014336759923025966,0.01881693555333186
3047424,1.2641227217391133,-0.620943244525492,-0.30136691429652274,-0.006796505294914823,-0.09146196814253926,-0.011060370627092198,-0.0629106514970772,0.0014787144027650356,0.1710617797798477
3063808,1.4490570463240147,-0.620943244525492,-0.3037034475710243,-0.004585518785461318,-0.09982075361767784,-0.012270481907762587,-0.06906771438661963,0.005546997184865177,0.34421286048018374
3080192,1.3025381499901414,-0.620943244525492,-0.3046966982074082,-0.005744115267589223,-0.09325068222824484,-0.013094002082652878,-0.06673779650009237,0.0073146846843883395,0.2053862941393163
3096576,1.2757603777572513,-0.620943244525492,-0.304669069359079,-0.004906361014946015,-0.09057717100949958,-0.010873371946217958,-0.06431872872053646,0.004049540148116648,0.18352196970954537
3112960,1.3191923880949616,-0.620943244525492,-0.30183140747249126,-0.005009720462112455,-0.09173913847189397,-0.010800129537528846,-0.06397581414785236,0.0024169678799808025,0.22730989116826095
3129344,1.3028756771236658,-0.620943244525492,-0.3013130989857018,-0.0043221391842962475,-0.0831885501393117,-0.010003589071857277,-0.06197059212718159,0.004563705297186971,0.22569816096802242
3145728,1.4902813639491796,-0.620943244525492,-0.30220250808633864,-0.003934813324121933,-0.09359524678438902,-0.010891060748690506,-0.07062199970823713,0.014043870032764971,0.4021363529609516
3162112,1.3319374630227685,-0.620943244525492,-0.30084267165511847,-0.004538707009487553,-0.08638622268335894,-0.0112055850768229,-0.0640964254271239,0.007873888243921101,0.2517984876758419
3178496,1.3065580744296312,-0.620943244525492,-0.30276768119074404,-0.005038416533352574,-0.09295253618620336,-0.010699526916141622,-0.0653489762917161,0.0025070447009056807,0.21131473034620285
3194880,1.2367652179673314,-0.620943244525492,-0.30224348697811365,-0.0043915957776334835,-0.08459645800758153,-0.010841005045222118,-0.06390410620952025,0.010444713989272714,0.160290034575155
3211264,1.2892785239964724,-0.620943244525492,-0.3027141555212438,-0.006069541876058793,-0.08876551734283566,-0.010308471646567341,-0.06009051756700501,-0.00015385786537081003,0.2002332074334845
3227648,1.455633514560759,-0.620943244525492,-0.3028530045412481,-0.004981883166692569,-0.11474313115468249,-0.010825704910530476,-0.07782563721411861,0.0012084839399904013,0.3246693816035986
3244032,1.2181209493428469,-0.620943244525492,-0.3023089268244803,-0.005058095368440263,-0.10501608398044482,-0.009780914209841285,-0.0707238323520869,0.010200779302977026,0.11449061729945242
3260416,1.2645943565294147,-0.620943244525492,-0.301721247844398,-0.004060817866047728,-0.08544635231373832,-0.010253614920657128,-0.0676496415399015,0.005682112416252494,0.18020154457190074
3276800,1.2810135893523693,-0.620943244525492,-0.3035386230330914,-0.005854269320479943,-0.0911158398957923,-0.009826874935242813,-0.06705966361914761,0.003021209849976003,0.18569627180113457
3293184,1.2857869509607553,-0.620943244525492,-0.3035699080210179,-0.005662061339535285,-0.103421475389041,-0.010664981302397791,-0.06617625572835095,0.0034002597676590085,0.17874927609227598
3309568,1.484977931715548,-0.620943244525492,-0.3026489659678191,-0.00501330063889327,-0.10427453360171057,-0.009535665813018568,-0.06769736457499675,0.006530289072543383,0.38139512634370476
3325952,1.2532775336876512,-0.620943244525492,-0.3028785972855985,-0.0051652532965817954,-0.09546454745577648,-0.011633424888714217,-0.0678441226191353,0.0025070447009056807,0.15185536671197042
3342336,1.2696685045957565,-0.620943244525492,-0.3022603993304074,-0.005668564845109358,-0.08284323802217841,-0.011954020461416803,-0.05920780805172399,0.01623564586043358,0.2030268592061475
3358720,1.27527357917279,-0.620943244525492,-0.30165908788330853,-0.006730419318046188,-0.09373425703961402,-0.01147344949276885,-0.0636737429886125,0.0003152688732370734,0.1773746446997393
3375104,1.230543965473771,-0.620943244525492,-0.3016201846767217,-0.006927869046194246,-0.10644600406521931,-0.011775376558944117,-0.06595880497479811,0.004518666886724532,0.12139114383899141
3391488,1.4848533943295479,-0.620943244525492,-0.3035313163418323,-0.004517403516729246,-0.10873362194979563,-0.01059583743699477,-0.06974517097114585,0.0006492803804576397,0.36743607046082616
3407872,1.3369958130642772,-0.620943244525492,-0.3030311467591673,-0.005810299233417027,-0.11377111752517521,-0.010964374589093495,-0.07020142080727965,0.01122910960111767,0.22350331133930013
3424256,1.3104969840496778,-0.620943244525492,-0.30222539068199694,-0.006679929691017605,-0.10234626283636317,-0.01141980604006676,-0.06662181261344813,0.013619781704619527,0.21388030835078098
3440640,1.249012884683907,-0.620943244525492,-0.301244375994429,-0.005978301302093314,-0.09724140667822212,-0.011072950721427333,-0.06455809142789803,0.006710442714393139,0.1546849450096488
3457024,1.2573791397735476,-0.620943244525492,-0.3002973604016006,-0.0059322884953871835,-0.10318285541143268,-0.011408697668230161,-0.0682181951997336,-0.002300595282576978,0.14509589082445018
3473408,1.3985548047348857,-0.620943244525492,-0.3000321292784065,-0.005339826337149134,-0.10761167079908773,-0.010124418306077132,-0.06669578439323232,0.0033552213571965694,0.2911629209993407
3489792,1.3093051295727491,-0.620943244525492,-0.30315323802642524,-0.005230741740888334,-0.1013306513777934,-0.010455139003170189,-0.06755517519195564,0.002642159932292998,0.20327909459592775
3506176,1.3057258184999228,-0.620943244525492,-0.3019173485226929,-0.005308866260747891,-0.10103246156359091,-0.011404182187106926,-0.06597018087632023,0.004094578558579087,0.20324410626199096
3522560,1.2956788567826152,-0.620943244525492,-0.3022204930894077,-0.005373505198804196,-0.10841413453454152,-0.011016686490620486,-0.06642847499460913,0.007359723094850779,0.1886420343653299
3538944,1.3341069584712386,-0.620943244525492,-0.30371958995237947,-0.005543839426536579,-0.09978423471329734,-0.010848092279047705,-0.06350846638088115,0.001992879551835358,0.23175236280076206
3555328,1.4436181811615825,-0.620943244525492,-0.29928872850723565,-0.0042845379139180295,-0.10212040072656237,-0.011770609562518075,-0.06987880650558509,0.0023268910590559244,0.33765872986987233
3571712,1.2823088569566607,-0.620943244525492,-0.30121551314368844,-0.006112408220360521,-0.1070387966465205,-0.012385952461045235,-0.06502681484562345,0.008902218542061746,0.17848833365133032
3588096,1.2882466036826372,-0.620943244525492,-0.3045913812238723,-0.007183349687693408,-0.10642770555568859,-0.010821922529430594,-0.06668595745577477,0.006755481124855578,0.1783485059859231
3604480,1.2673980752006173,-0.620943244525492,-0.3023860426619649,-0.005845661282364745,-0.09976337430998683,-0.01042504282668233,-0.06496165625867434,0.005727150826714933,0.1688001986767631
3620864,1.3148976601660252,-0.620943244525492,-0.30137827759608626,-0.0061027222727716435,-0.1029572146362625,-0.009867165586911142,-0.06647099679685198,-0.0016963533125817776,0.20548168930690736
3637248,1.4183374913409352,-0.620943244525492,-0.3025581717956811,-0.004061809161612473,-0.09686002493253909,-0.009938374223565916,-0.06496504702954553,0.005501958774402738,0.324512773193419
3653632,1.3082969477400184,-0.620943244525492,-0.2996548207011074,-0.004585302331179264,-0.09168048750143498,-0.01106148658436723,-0.06283042856375687,0.0035804134095087647,0.22112159087555483
3670016,1.293765090405941,-0.620943244525492,-0.2998022681567818,-0.004881316308456007,-0.09270129102515057,-0.01076575063780183,-0.063854614214506,0.006196277565322816,0.20701286068651825
3686400,1.2522935308516026,-0.620943244525492,-0.300640377914533,-0.005757208178692963,-0.0939126824378036,-0.010505505102628376,-0.06256435450632125,0.005077870446257293,0.16304801870137453
3702784,1.281121974810958,-0.620943244525492,-0.3027426821645349,-0.005075979175671819,-0.09310556168202311,-0.010288448989740573,-0.06155018764548004,0.0072696462739259005,0.19468551134923473
3719168,1.5056897541508079,-0.620943244525492,-0.3018885317724198,-0.005111797820973152,-0.10126320621930063,-0.011452769798779627,-0.07228554817265831,0.0054569203639402986,0.39820156228961423
3735552,1.3352283965796232,-0.620943244525492,-0.3019706322811544,-0.005439628512249328,-0.10137277183821425,-0.012285217919270508,-0.07276814678334631,0.005772189237177372,0.22622094026883133
3751936,1.2496522199362516,-0.620943244525492,-0.3032425313722342,-0.00609145679482026,-0.09415704669663683,-0.010563352574536111,-0.06718136789277196,0.0031112866709008813,0.1505844968778547
3768320,1.2272763000801206,-0.620943244525492,-0.3021953690331429,-0.006279240715230117,-0.09414242894854397,-0.011370756445103325,-0.06445978773990646,0.007134531042538583,0.13501999629079364
3784704,1.2581874839961529,-0.620943244525492,-0.30310875829309225,-0.005500825962371891,-0.09282846673158929,-0.010667800124792848,-0.062233873148215935,0.006800519535318017,0.1697050217189826
3801088,1.517893459647894,-0.620943244525492,-0.30041854619048536,-0.0035754130212808377,-0.09519274393096566,-0.010929513657174539,-0.06846442556707188,0.0033552213571965694,0.4217247797641903
3817472,1.3583682589232922,-0.620943244525492,-0.3026064990554005,-0.004265846082489588,-0.0993450676323846,-0.011896674273884855,-0.07055304243112914,0.013799935346469283,0.2625578083388973
3833856,1.2999789267778397,-0.620943244525492,-0.30097727035172284,-0.005061875348474132,-0.09130029007792473,-0.010164434570469894,-0.0677474777912721,0.007783811422996223,0.21156813763082027
3850240,1.1748853968456388,-0.620943244525492,-0.30031890398822725,-0.00503146692426526,-0.08787429379299283,-0.011257849582761992,-0.06319060700479895,0.013664820115081966,0.09993384830886498
3866624,1.258643914014101,-0.620943244525492,-0.3026752935256809,-0.004643136335289455,-0.08629564775037579,-0.010439923389640171,-0.06396658011362888,0.003021209849976003,0.17270128818199737
3883008,1.4175661811605096,-0.620943244525492,-0.3007664594333619,-0.00398610724369064,-0.0903787299466785,-0.00953915124409832,-0.06400412577204406,0.0044285900657996535,0.33237694107810967
3899392,1.3483711536973715,-0.620943244525492,-0.30088920542038977,-0.004858809994402691,-0.08874745422508568,-0.010424663560115732,-0.06582128521404229,0.006845557945780456,0.26353204011684284
3915776,1.3371958285570145,-0.620943244525492,-0.30285343644209206,-0.005287637552100932,-0.09613488893955946,-0.01153385092766257,-0.06499386052018963,0.010444713989272714,0.24589360819663852
3932160,1.2531919619068503,-0.620943244525492,-0.30222596507519484,-0.005961817510979017,-0.09916108299512416,-0.010001196191296913,-0.06337469306890853,0.007738773012533784,0.15926272931392305
3948544,1.2354567749425769,-0.620943244525492,-0.30263786390423775,-0.005835234140249668,-0.0842263180820737,-0.011063383484724909,-0.059796639980049804,0.004004501737654209,0.15495857995119877
3964928,1.5052021257579327,-0.620943244525492,-0.30016191815957427,-0.004835402378375875,-0.1042288905591704,-0.009422897426702548,-0.06882321630837396,-0.0013623418053612113,0.39542419579811394
3981312,1.3659195872023702,-0.620943244525492,-0.3023195101413876,-0.005344283981685294,-0.09689281892497092,-0.009805028304981533,-0.06848130709840916,0.020619197515770793,0.28275258670328185
3997696,1.2547745266929269,-0.620943244525492,-0.30128465965390205,-0.0048372434175689705,-0.09615190949989483,-0.010169061868509743,-0.06403805242734961,0.007828849833458662,0.16517919866601005
4014080,1.2587548233568668,-0.620943244525492,-0.3019057719502598,-0.004969304543919861,-0.09086709990515374,-0.009929344116244465,-0.06264820534852333,0.0025520831113681197,0.17004393172101118
4030464,1.30136997718364,-0.620943244525492,-0.2993666031397879,-0.003932234798412537,-0.08372752903960645,-0.010556767032539938,-0.06209084510919638,0.007648696191608906,0.2284014473843854
4046848,1.4871490662917495,-0.620943244525492,-0.3003721085842699,-0.004605143549269997,-0.09752322756685317,-0.009382771342643537,-0.0660068548459094,0.007179569453001022,0.3954952851636335
4063232,1.3084436021745205,-0.620943244525492,-0.3023721273057163,-0.005121078349475283,-0.09668140613939613,-0.011536714497196954,-0.06526547329849564,0.008343014982528985,0.21486655221087858
4079616,1.2868228117004037,-0.620943244525492,-0.2993334976490587,-0.004956879212841159,-0.10557245963718742,-0.010805905410961714,-0.06667613628087565,0.012591451406478882,0.19112612283788621
4096000,1.2820635605603456,-0.620943244525492,-0.3019340541213751,-0.004483902015635977,-0.09447196807013825,-0.010689398761314806,-0.06370775995310396,0.004518666886724532,0.19035188981797546
4112384,1.3191600944846869,-0.620943244525492,-0.3013801136985421,-0.005510995299118804,-0.09641355316853151,-0.010618670137773734,-0.06490431234124117,0.0035353749990463257,0.22292457123694476
4128768,1.438979746773839,-0.620943244525492,-0.3032903515268117,-0.0038660260161123006,-0.09490730235120282,-0.010375081328675151,-0.06977915640163701,0.003914424916729331,0.3397329963045195
4145152,1.283074477687478,-0.620943244525492,-0.30220210226252675,-0.0042144602521148045,-0.0968513413099572,-0.010980357212247327,-0.06319908573641442,0.008433091803453863,0.19311697490047663
4161536,1.3004615614190698,-0.620943244525492,-0.29904495016671717,-0.005056899946794147,-0.0917879039188847,-0.00885869026024011,-0.06281920670880936,0.004653782118111849,0.21660444235021714
4177920,1.2887376751750708,-0.620943244525492,-0.30088121304288507,-0.005278535238176119,-0.08936963079031557,-0.00901306086598197,-0.06348528477246873,0.014738188707269728,0.21450488304253668
4194304,1.3415610576048493,-0.620943244525492,-0.3023222910705954,-0.004683906458012643,-0.08981472210143693,-0.009872052949503995,-0.06588944667601027,0.010958879138343036,0.2589942675549537
4210688,1.4943291787058115,-0.620943244525492,-0.29896190552972257,-0.004294478809242719,-0.08897658713976853,-0.01010144742394914,-0.06677793081325945,0.004942755214869976,0.4092163344612345
4227072,1.2954911859706044,-0.620943244525492,-0.29912922251969576,-0.0058157500679953955,-0.09657400363357738,-0.011178466520505026,-0.06688967018271796,0.009930548840202391,0.20489137404365465
4243456,1.2670467337593436,-0.620943244525492,-0.3002288497518748,-0.004586669718264602,-0.08155148511286825,-0.010523693199502304,-0.06493675932870246,0.009885510429739952,0.1941615233081393
4259840,1.2977587161585689,-0.620943244525492,-0.3002645105589181,-0.004928503114570049,-0.08318629767745733,-0.010485731028893497,-0.06523079454200342,0.001947841141372919,0.2146674664109014
4276224,1.2856367556378245,-0.620943244525492,-0.3010438960045576,-0.005049958108429564,-0.0967146314214915,-0.010564193056779914,-0.06626797161879949,0.01207728625740856,0.19713014049921185
4292608,1.4917798098176718,-0.620943244525492,-0.3005087119527161,-0.004665427282816381,-0.10530510079115629,-0.011487985157145886,-0.07283306398312561,0.008162861340679228,0.38419912953395396
4308992,1.3743253787979484,-0.620943244525492,-0.30365339457057416,-0.004638821184926201,-0.0910706571303308,-0.010138243771507405,-0.06936254116590135,0.00791892665438354,0.28243739053141326
4325376,1.2662482503801584,-0.620943244525492,-0.30070175451692194,-0.005139665361639345,-0.0789188064809423,-0.01037749246461317,-0.06447587331058457,0.011003917548805475,0.1966953216760885
4341760,1.2762917149811983,-0.620943244525492,-0.30211501149460673,-0.00553821759604034,-0.08817825818550773,-0.010929111303994432,-0.06392729101935402,0.01203224784694612,0.19669282381073572
4358144,1.3276604562997818,-0.620943244525492,-0.2985748201608658,-0.005108784413096146,-0.08900698239449412,-0.009076124682906084,-0.06092318403534591,0.005122908856719732,0.24915022119239438
4374528,1.3391029303893447,-0.620943244525492,-0.30327461822889745,-0.0038921969116927357,-0.08169731555972248,-0.008838486817694502,-0.05827478153514676,0.009750395198352635,0.2719326608348638
4390912,1.3856245977804065,-0.620943244525492,-0.29880740586668253,-0.003995349463366438,-0.0848033080692403,-0.010756878553365823,-0.06514783209422603,0.005637074005790055,0.30680765327997506
4407296,1.3292147060856223,-0.620943244525492,-0.3020477630198002,-0.003690792627821793,-0.08825674059335142,-0.01041327160783112,-0.06691588100511581,0.012591451406478882,0.24953845085110515
4423680,1.2699636602774262,-0.620943244525492,-0.29996501724235713,-0.004011480026747449,-0.08369206258794293,-0.0110182745338534,-0.06438132401672192,0.006620365893468261,0.19257261703023687
4440064,1.2985226763412356,-0.620943244525492,-0.3022449743002653,-0.004160988892181194,-0.08651976226246916,-0.010247365287796129,-0.06529296335065737,0.005122908856719732,0.21423627795593347
4456448,1.4012893913313746,-0.620943244525492,-0.29772254452109337,-0.0034337141423748108,-0.09291303207282908,-0.009889357832435053,-0.0663310410163831,0.00867702648974955,0.318733470980078
4472832,1.3351395279169083,-0.620943244525492,-0.3037320668809116,-0.0040635324257891625,-0.09302654134808108,-0.010410931186925154,-0.06607607097248547,0.015856595942750573,0.25274373561842367
4489216,1.3405912835150957,-0.620943244525492,-0.29823840176686645,-0.004983679275028408,-0.09752775827655569,-0.010582969262031838,-0.06796100377687253,0.008343014982528985,0.24869722613948397
4505600,1.2180500393733382,-0.620943244525492,-0.3018160490319133,-0.0045661209551326465,-0.09218768682330847,-0.010214936824922916,-0.06347753049340099,0.015811557532288134,0.1406560124596581
4521984,1.3375512640923262,-0.620943244525492,-0.29841813282109797,-0.004255228752299445,-0.08577993811923079,-0.01055083172104787,-0.06304913654457778,0.005637074005790055,0.2601918125292286
4538368,1.5171135431155562,-0.620943244525492,-0.30085181375034153,-0.004354192285973113,-0.1085416732239537,-0.009870372912700986,-0.0706336711300537,0.0012535223504528403,0.4031720799393952
4554752,1.3677072823047638,-0.620943244525492,-0.30222325259819627,-0.004855376831983449,-0.09617208765121177,-0.010705850210797507,-0.06609722279245034,0.014449215726926923,0.281159455771558
4571136,1.315267181955278,-0.620943244525492,-0.3014926484320313,-0.005045267167588463,-0.09853355278028175,-0.010971391478960868,-0.065977523336187,0.009281268459744751,0.22158482013037428
4587520,1.2773394836112857,-0.620943244525492,-0.2973361099138856,-0.005132993130246177,-0.08704990387195721,-0.010089164796227124,-0.062135748798027635,0.007783811422996223,0.20243611410842277
4603904,1.313054627738893,-0.620943244525492,-0.29963298654183745,-0.003974336555984337,-0.08212345786159858,-0.008753425903705647,-0.061263119481736794,0.00937134528066963,0.2457353904028423
4620288,1.532964683137834,-0.620943244525492,-0.2988791116513312,-0.003948659617890371,-0.09557799939648248,-0.009609007986000506,-0.07029007677920163,0.006530289072543383,0.44024686166085303
4636672,1.3110427018254995,-0.620943244525492,-0.29981762426905334,-0.004444950012839399,-0.0928077225398738,-0.010632049968990032,-0.06487104168627411,0.01739909138996154,0.2349251577979885
4653056,1.2379498789086938,-0.620943244525492,-0.30140333948656917,-0.005291599522024626,-0.09773233463056386,-0.010825043420481961,-0.06510396717931144,0.010958879138343036,0.14760922000277787
4669440,1.3308516182005405,-0.620943244525492,-0.296847045654431,-0.005006876812331029,-0.09230287635000423,-0.00950730675685918,-0.06548896740423515,0.012726566637866199,0.2534818561398424
4685824,1.3537818724289536,-0.620943244525492,-0.3000414405250922,-0.004528702284005703,-0.07809659940539859,-0.009149414152489044,-0.05994209731579758,0.014693150413222611,0.29577351617626846
4702208,1.424382540397346,-0.620943244525492,-0.2996255661128089,-0.0034051745215037954,-0.09367175164516084,-0.009272074781620177,-0.06560188543517143,0.008207899751141667,0.3400707357795909
4718592,1.3484135624021292,-0.620943244525492,-0.30098128877580166,-0.00476066597548197,-0.09410075779305771,-0.01015856213052757,-0.06275837251450866,0.006151239154860377,0.26086190016940236
4734976,1.3107267590239644,-0.620943244525492,-0.29998934734612703,-0.004913261902402155,-0.09071013715583831,-0.010095934187120292,-0.06668879452627152,0.006800519535318017,0.22418654983630404
4751360,1.3199551422148943,-0.620943244525492,-0.29767640796490014,-0.005222725823841756,-0.09662408143049106,-0.009738697102875449,-0.06517338388948701,0.012591451406478882,0.2371680487995036
4767744,1.3144223904237151,-0.620943244525492,-0.2995437711942941,-0.005200481591600692,-0.09272209962364286,-0.010283302079187706,-0.06287591514410451,0.007828849833458662,0.23068241868168116
4784128,1.4817210538312793,-0.620943244525492,-0.2985375199932605,-0.003902126056345878,-0.08832737963530235,-0.00956816384132253,-0.06480367042240687,0.011852094205096364,0.40749103273265064
4800512,1.33576191496104,-0.620943244525492,-0.29995681159198284,-0.004352314501375076,-0.08882787133916281,-0.00947331343559199,-0.0654759566532448,0.018986625247634947,0.26571901328861713
4816896,1.3128743069246411,-0.620943244525492,-0.3001461641397327,-0.0048516577644477366,-0.0919427964836359,-0.009789596842892934,-0.0651099777314812,0.008857180131599307,0.22894803248345852
4833280,1.2339497618377209,-0.620943244525492,-0.29846081882715225,-0.004780817878781818,-0.08765942568425089,-0.0120651318502496,-0.0665237192879431,0.01679484941996634,0.16031144181033596
4849664,1.2813195446506143,-0.620943244525492,-0.3000767811900005,-0.004973746599716833,-0.08958741842070594,-0.010768243766506203,-0.06314634750015102,0.01679484941996634,0.20861859552678652
4866048,1.4373384760692716,-0.620943244525492,-0.2976258823182434,-0.004508122916377033,-0.09415536711458117,-0.009802488370041829,-0.06815570459002629,0.004897716804407537,0.347045365779195
4882432,1.3969132415950298,-0.620943244525492,-0.29895450943149626,-0.005335692072549136,-0.09835487673990428,-0.010537645146541763,-0.07070247468072921,0.011139032780192792,0.3032238222658634
4898816,1.3122943127527833,-0.620943244525492,-0.29866326530463994,-0.00576478296352434,-0.0944840083247982,-0.00996645638224436,-0.06453639475512318,0.011987209436483681,0.22992336907191202
4915200,1.2162192929536104,-0.620943244525492,-0.3011670464184135,-0.004608311250194674,-0.07654099055798724,-0.011444264557212591,-0.06023604309302755,0.00932630687020719,0.1506056913494831
4931584,1.2188538536429405,-0.620943244525492,-0.29939467390067875,-0.00478263608601992,-0.08385156613076106,-0.010761716628621798,-0.06046189530752599,0.006061162333935499,0.14471927719569067
4947968,1.4237778233364224,-0.620943244525492,-0.29887107061222196,-0.0033758332110664924,-0.09480328200152144,-0.010285995129379444,-0.0671079758903943,0.006620365893468261,0.33501077053369954
4964352,1.3764524944126606,-0.620943244525492,-0.2986509562470019,-0.003537243541359203,-0.08494215417886153,-0.010716981007135473,-0.06693233441910706,0.015901634353213012,0.3066311985021457
4980736,1.3188899913802743,-0.620943244525492,-0.2987995974253863,-0.004076964420164586,-0.09281218377873302,-0.011653279892925639,-0.06985419261036441,0.013060578145086765,0.23381109809270129
4997120,1.272724005393684,-0.620943244525492,-0.29841856355778873,-0.004393707509734668,-0.0910098475869745,-0.010319344444724265,-0.06312173823243938,0.006800519535318017,0.19131806952646002
5013504,1.3239855840802193,-0.620943244525492,-0.2994222182314843,-0.004045709476486081,-0.08835739950882271,-0.010283671348588541,-0.0620610443293117,0.0035353749990463257,0.2424076628522016
5029888,1.4784631067886949,-0.620943244525492,-0.29902276769280434,-0.003485557598651212,-0.08812059738556854,-0.008914673220715486,-0.06462114566238597,0.008162861340679228,0.4015179621055722
5046272,1.335071382112801,-0.620943244525492,-0.3008738758508116,-0.004387291442981223,-0.08575771882897243,-0.009992495142796542,-0.06480138347251341,0.004653782118111849,0.2529691574163735
5062656,1.2944081109017134,-0.620943244525492,-0.2975534098222852,-0.005715908344427589,-0.09248742077033967,-0.010641179833328351,-0.06407871277770028,0.011942171026021242,0.2149303934420459
5079040,1.262199212796986,-0.620943244525492,-0.3010848215781152,-0.005720759010728216,-0.08687146962620318,-0.00963213461363921,-0.06030698120594025,0.00997558725066483,0.18761538597755134
5095424,1.2694126246497035,-0.620943244525492,-0.30000391718931496,-0.0045605058749060845,-0.0818008097121492,-0.010090015006426256,-0.0620846762903966,0.011518082697875798,0.2014475089381449
5111808,1.501578220166266,-0.620943244525492,-0.2988207978196442,-0.005060534926997207,-0.09535550393047743,-0.009857440611085622,-0.06941438134526834,0.005077870446257293,0.4072041721083224
5128192,1.3202017461881042,-0.620943244525492,-0.29971664538607,-0.00524540899641579,-0.09120956296101213,-0.01050140965526225,-0.0657781584886834,0.013709858525544405,0.24051717040129006
5144576,1.2629622835665941,-0.620943244525492,-0.3000799205619842,-0.00465292960871011,-0.07818332681199536,-0.01056579384021461,-0.06160242931218818,0.010354637168347836,0.19728926246170886
5160960,1.2536015827208757,-0.620943244525492,-0.30098545481450856,-0.003992048594227526,-0.07226492266636342,-0.010496748611330986,-0.05938246371806599,0.01408890844322741,0.19962560577550903
5177344,1.239103595726192,-0.620943244525492,-0.30017086025327444,-0.004486178637307603,-0.07904082885943353,-0.010226897829852533,-0.062347685743588954,0.008767103310674429,0.1706549896116485
5193728,1.5086250687018037,-0.620943244525492,-0.2980913375504315,-0.003571915523025382,-0.0931602235941682,-0.010135064061614685,-0.06952499321778305,0.010354637168347836,0.42355290544219315
5210112,1.2934977551922202,-0.620943244525492,-0.2980111031793058,-0.0047204969414451625,-0.10137082973960787,-0.009626380080590025,-0.06658875095308758,0.01207728625740856,0.20431422683759592
5226496,1.3118970738723874,-0.620943244525492,-0.2985278975684196,-0.003902762422512751,-0.0854916958778631,-0.009760022789123468,-0.061337507533608004,0.011563121108338237,0.24349704902851954
5242880,1.243577117100358,-0.620943244525492,-0.2990196126047522,-0.004472226077268715,-0.07571213113260455,-0.009730336860229727,-0.056004031823249534,0.010958879138343036,0.18865440919762477
